ID,Benchmark,Candidate work,Year,ArXiv / DOI,Parsed arXiv,Parsed DOI,Found via,Match reason,Initial status,Link / notes,Paper available on arXiv,Audited arXiv ID,ArXiv URL,ArXiv evidence,ArXiv confidence,Benchmark numbers reported,Benchmark usage,Evaluation protocol,Demos per task,Reported benchmark numbers,Reported numbers evidence,Reported numbers confidence,Audit notes,Audit batch
COLOS-001,THE COLOSSEUM,THE COLOSSEUM: A Benchmark for Evaluating Generalization for Robotic Manipulation,,arXiv `2402.08191`; arXiv DOI `10.48550/arXiv.2402.08191`,2402.08191,10.48550/arXiv.2402.08191,seed identity,Canonical benchmark seed work.,seed-work,URLs: https://arxiv.org/abs/2402.08191 | Provenance: seed identity: arXiv:2402.08191,yes,2402.08191,https://arxiv.org/abs/2402.08191,"arXiv abs page https://arxiv.org/abs/2402.08191 lists the exact title, authors Wilbert Pumacay, Ishika Singh, Jiafei Duan et al., and arXiv ID 2402.08191.",high,yes,reports-results,"THE COLOSSEUM challenge: 20 RLBench manipulation tasks, 14 perturbation factors, standard training dataset of 100 demonstrations per task without perturbations, evaluation over fixed 25 episodes for each perturbation-factor test set, task-averaged success rate.",100 demonstrations per task,"Abstract/Fig. 1: five SOTA policies degrade 30-50% across perturbation factors; multiple perturbations degrade success rate >=75%; simulation-real correlation Rbar^2 = 0.614. Appendix Tables IV-VIII report per-task/per-perturbation success rates for PerAct, R3M, MVP, RVT, and VoxPoser; Table II reports real-world ablation correlations 0.75, 0.01, and 0.83.","arXiv PDF https://arxiv.org/pdf/2402.08191, Abstract, Fig. 1 caption, Fig. 2 protocol description, Section IV/V, Appendix Tables II and IV-VIII.",high,Canonical benchmark paper; numeric status is for the benchmark's own baseline and ablation results.,arxiv_result_audit_2026-05-22_double:the_colossem_batch_01:A+B
COLOS-002,THE COLOSSEUM,SEVO: Semantic-Enhanced Virtual Observation for Robust VLA Manipulation via Active Illumination and Data-Centric Collection,2026,arXiv `2605.11114`,2605.11114,,Semantic Scholar citation graph,Semantic Scholar lists this work as citing seed arXiv:2402.08191.,indexed-citation,"URLs: https://www.semanticscholar.org/paper/c0ff2d3d452d077e431b1efaf75c1f499afec70c | Source IDs: SemanticScholarURL: https://www.semanticscholar.org/paper/c0ff2d3d452d077e431b1efaf75c1f499afec70c ; CorpusId: 288255772 | Provenance: Semantic Scholar citation endpoint for arXiv:2402.08191: citing paper record ; S2 context: Pumacay et al. [11] introduce a benchmark that evaluates manipulation generalization under systematic environment perturbations (including appearance and scene changes), and report substantial performance degradation across shifts.",yes,2605.11114,https://arxiv.org/abs/2605.11114,arXiv abs/API record https://arxiv.org/abs/2605.11114 lists this exact title and PDF arXiv:2605.11114v1.,high,no,citation-only,n/a,n/a,None,"The arXiv PDF mentions The Colosseum in related work as Pumacay et al. [11] and cites arXiv:2402.08191, but its numeric results are SEVO real-robot grasp/pick-and-place results, not THE COLOSSEUM benchmark results.",high,"No THE COLOSSEUM evaluation table, suite, or benchmark result found in paper text.",arxiv_result_audit_2026-05-22_double:the_colossem_batch_01:A+B
COLOS-003,THE COLOSSEUM,Test-Time Training for Visual Foresight Vision-Language-Action Models,2026,arXiv `2605.08215`,2605.08215,,Semantic Scholar citation graph,Semantic Scholar lists this work as citing seed arXiv:2402.08191.,indexed-citation,URLs: https://www.semanticscholar.org/paper/2e31b17448eb6ef9339b8adc2da27a0ac6ec106b | Source IDs: SemanticScholarURL: https://www.semanticscholar.org/paper/2e31b17448eb6ef9339b8adc2da27a0ac6ec106b ; CorpusId: 288260229 | Provenance: Semantic Scholar citation endpoint for arXiv:2402.08191: citing paper record,yes,2605.08215,https://arxiv.org/abs/2605.08215,arXiv abs/API record https://arxiv.org/abs/2605.08215 lists this exact title and PDF arXiv:2605.08215v1.,high,no,citation-only,n/a,n/a,None,"The PDF cites Pumacay et al. in the OOD/VLA discussion and reference list, but text search found no THE COLOSSEUM evaluation protocol, table, or numeric result; the cited COLOSSEUM work is background for OOD robustness.",high,"Pumacay/The Colosseum appears as related work, not as an evaluated benchmark.",arxiv_result_audit_2026-05-22_double:the_colossem_batch_01:A+B
COLOS-004,THE COLOSSEUM,Agent-Centric Observation Adaptation for Robust Visual Control under Dynamic Perturbations,2026,arXiv `2604.24661`,2604.24661,,Semantic Scholar citation graph,Semantic Scholar lists this work as citing seed arXiv:2402.08191.,indexed-citation,URLs: https://www.semanticscholar.org/paper/28258c8b006797ef95a2ffca27282fc89d9b087a | Source IDs: SemanticScholarURL: https://www.semanticscholar.org/paper/28258c8b006797ef95a2ffca27282fc89d9b087a ; CorpusId: 287783113 | Provenance: Semantic Scholar citation endpoint for arXiv:2402.08191: citing paper record,yes,2604.24661,https://arxiv.org/abs/2604.24661,arXiv abs/API record https://arxiv.org/abs/2604.24661 lists this exact title and latest PDF version v3.,high,no,citation-only,n/a,n/a,None,"The paper references The Colosseum/Pumacay et al. only in the visual-robustness related-work/reference context; its numeric experiments are on VDCS, DMC-GB, and RoboSuite, including 95.3% clean-input recovery, not THE COLOSSEUM.",high,COLOSSEUM is cited as prior visual/generalization benchmark; no row-benchmark results reported.,arxiv_result_audit_2026-05-22_double:the_colossem_batch_01:A+B
COLOS-005,THE COLOSSEUM,"Vision-Language-Action in Robotics: A Survey of Datasets, Benchmarks, and Data Engines",2026,arXiv `2604.23001`,2604.23001,,Semantic Scholar citation graph,Semantic Scholar lists this work as citing seed arXiv:2402.08191.,indexed-citation,"URLs: https://www.semanticscholar.org/paper/243c6e23d30f0da8f4a0579de16850f4a82eb2f2 | Source IDs: SemanticScholarURL: https://www.semanticscholar.org/paper/243c6e23d30f0da8f4a0579de16850f4a82eb2f2 ; CorpusId: 287777411 | Provenance: Semantic Scholar citation endpoint for arXiv:2402.08191: citing paper record ; S2 context: COLOS-SEUM further evaluates robustness under controlled table-top settings by introducing systematic visual and physical perturbations across 14 axes, demonstrating significant degradation when multiple perturbation factors are applied simultaneously(Pumacay",yes,2604.23001,https://arxiv.org/abs/2604.23001,arXiv abs/API record https://arxiv.org/abs/2604.23001 lists this exact title and PDF arXiv:2604.23001v1.,high,no,citation-only,n/a,n/a,None,"The survey discusses COLOSSEUM as an existing benchmark, mentioning 14 axes and qualitative performance degradation under multiple perturbations, but it does not run THE COLOSSEUM or report its own numeric benchmark results.",high,Survey/background mention; numeric protocol facts such as '14 axes' are not result reporting.,arxiv_result_audit_2026-05-22_double:the_colossem_batch_01:A+B
COLOS-006,THE COLOSSEUM,How VLAs (Really) Work In Open-World Environments,2026,arXiv `2604.21192`,2604.21192,,Semantic Scholar citation graph,Semantic Scholar lists this work as citing seed arXiv:2402.08191.,indexed-citation,"URLs: https://www.semanticscholar.org/paper/eede8741ae4131cfb15038b9bd96c9e655486ba0 | Source IDs: SemanticScholarURL: https://www.semanticscholar.org/paper/eede8741ae4131cfb15038b9bd96c9e655486ba0 ; CorpusId: 287701935 | Provenance: Semantic Scholar citation endpoint for arXiv:2402.08191: citing paper record ; S2 context: Their performance can degrade substantially when distractors are introduced [15], when non-target objects are modified [16], or when background factors, such as lighting, texture, or camera pose change [17].",yes,2604.21192,https://arxiv.org/abs/2604.21192,arXiv abs/API record https://arxiv.org/abs/2604.21192 lists this exact title and PDF arXiv:2604.21192v1.,high,no,citation-only,n/a,n/a,None,"The PDF cites Pumacay et al. [17] for VLA sensitivity to lighting, texture, and camera-pose changes; the paper's analysis and numeric results are on the BEHAVIOR1K/B1K Challenge, not THE COLOSSEUM.",high,COLOSSEUM appears as prior evidence for visual perturbation sensitivity only.,arxiv_result_audit_2026-05-22_double:the_colossem_batch_01:A+B
COLOS-007,THE COLOSSEUM,StarVLA-$\alpha$: Reducing Complexity in Vision-Language-Action Systems,2026,arXiv `2604.11757`,2604.11757,,Semantic Scholar citation graph,Semantic Scholar lists this work as citing seed arXiv:2402.08191.,indexed-citation,URLs: https://www.semanticscholar.org/paper/13790ee8d1cddc5102b22dcf78afeb01533f82c3 | Source IDs: SemanticScholarURL: https://www.semanticscholar.org/paper/13790ee8d1cddc5102b22dcf78afeb01533f82c3 ; CorpusId: 287433316 | Provenance: Semantic Scholar citation endpoint for arXiv:2402.08191: citing paper record,yes,2604.11757,https://arxiv.org/abs/2604.11757,arXiv abs/API record https://arxiv.org/abs/2604.11757 lists this work as StarVLA-$alpha$: Reducing Complexity in Vision-Language-Action Systems; the PDF header shows arXiv:2604.11757v1.,high,no,citation-only,n/a,n/a,None,"The PDF cites Pumacay et al. (2024) for robustness under distribution shifts and lists The Colosseum in references. Its numeric benchmark tables cover LIBERO, SimplerEnv, RoboTwin 2.0, RoboCasa-GR1, and RoboChallenge, not THE COLOSSEUM.",high,"The paper reports many benchmark numbers, but none are labeled as THE COLOSSEUM.",arxiv_result_audit_2026-05-22_double:the_colossem_batch_01:A+B
COLOS-008,THE COLOSSEUM,Action Images: End-to-End Policy Learning via Multiview Video Generation,2026,arXiv `2604.06168`,2604.06168,,Semantic Scholar citation graph,Semantic Scholar lists this work as citing seed arXiv:2402.08191.,indexed-citation,"URLs: https://www.semanticscholar.org/paper/ec32faed572525deb3d9dff4cdcf6e0881d881ec | Source IDs: SemanticScholarURL: https://www.semanticscholar.org/paper/ec32faed572525deb3d9dff4cdcf6e0881d881ec ; CorpusId: 287209378 | Provenance: Semantic Scholar citation endpoint for arXiv:2402.08191: citing paper record ; S2 context: RLBench, although more toy-like than real-world data, provides highly accurate action and camera signals from simulation; we improve its visual diversity with Robot-Colosseum [47] background augmentation.",yes,2604.06168,https://arxiv.org/abs/2604.06168,arXiv abs/API record https://arxiv.org/abs/2604.06168 lists this exact title and latest PDF version v2.,high,no,uses-data-no-results,n/a,n/a,None,"Section 3.3 says RLBench training data are visually diversified with Robot-Colosseum background augmentation, and the reference list cites arXiv:2402.08191. The reported numeric results are RLBench and real-world evaluations, not THE COLOSSEUM benchmark scores.",high,Counts as benchmark/resource usage without THE COLOSSEUM numeric-result reporting; do not merge as reports-results.,arxiv_result_audit_2026-05-22_double:the_colossem_batch_01:A+B
COLOS-009,THE COLOSSEUM,AnyUser: Translating Sketched User Intent Into Domestic Robots,2026,arXiv `2604.04811`; DOI `10.1109/TRO.2026.3686173`,2604.04811,10.1109/TRO.2026.3686173,Semantic Scholar citation graph,Semantic Scholar lists this work as citing seed arXiv:2402.08191.,indexed-citation,"URLs: https://www.semanticscholar.org/paper/41532cf8ea99cb54a6f751fcb7736be9150c234a | Source IDs: SemanticScholarURL: https://www.semanticscholar.org/paper/41532cf8ea99cb54a6f751fcb7736be9150c234a ; CorpusId: 287201759 | Provenance: Semantic Scholar citation endpoint for arXiv:2402.08191: citing paper record ; S2 context: However, end-to-end approaches often require large training sets, can be difﬁcult to interpret, and may struggle to generalize across tasks or environments that differ from the training distribution [44], [45].",yes,2604.04811,https://arxiv.org/abs/2604.04811,arXiv abs page https://arxiv.org/abs/2604.04811 lists the title AnyUser: Translating Sketched User Intent into Domestic Robots and arXiv ID 2604.04811.,high,no,citation-only,n/a,n/a,None,"The PDF cites Pumacay et al. [44] for end-to-end approaches struggling to generalize across tasks/environments. AnyUser's numeric results concern HouseholdSketch, real-robot trials, and a user study, not THE COLOSSEUM.",high,The DOI/publication metadata do not change the arXiv identity; no COLOSSEUM benchmark result found.,arxiv_result_audit_2026-05-22_double:the_colossem_batch_01:A+B
COLOS-010,THE COLOSSEUM,RoboPlayground: Democratizing Robotic Evaluation through Structured Physical Domains,2026,arXiv `2604.05226`,2604.05226,,Semantic Scholar citation graph,Semantic Scholar lists this work as citing seed arXiv:2402.08191.,indexed-citation,URLs: https://www.semanticscholar.org/paper/09d727edaf798bf654761c618fdc39d4c28ab965 | Source IDs: SemanticScholarURL: https://www.semanticscholar.org/paper/09d727edaf798bf654761c618fdc39d4c28ab965 ; CorpusId: 287208497 | Provenance: Semantic Scholar citation endpoint for arXiv:2402.08191: citing paper record ; S2 context: 27).,yes,2604.05226,https://arxiv.org/abs/2604.05226,arXiv abs/API record https://arxiv.org/abs/2604.05226 lists this exact title and PDF arXiv:2604.05226v1.,high,no,citation-only,n/a,n/a,None,"The arXiv PDF lists Colosseum among fixed robotic manipulation benchmarks in related work and cites the benchmark paper; RoboPlayground's numeric results are on its own structured block-domain/user-study evaluations, not THE COLOSSEUM.",high,COLOSSEUM is contextual prior work only.,arxiv_result_audit_2026-05-22_double:the_colossem_batch_01:A+B
COLOS-011,THE COLOSSEUM,From Video to Control: A Survey of Learning Manipulation Interfaces from Temporal Visual Data,2026,arXiv `2604.04974`,2604.04974,,Semantic Scholar citation graph,Semantic Scholar lists this work as citing seed arXiv:2402.08191.,indexed-citation,URLs: https://www.semanticscholar.org/paper/a83943c2978cc23be82bd28af5202e5088d19b1b | Source IDs: SemanticScholarURL: https://www.semanticscholar.org/paper/a83943c2978cc23be82bd28af5202e5088d19b1b ; CorpusId: 287208429 | Provenance: Semantic Scholar citation endpoint for arXiv:2402.08191: citing paper record ; S2 context: COLOSSEUM (Pumacay et al. 2024) is a robustness-focused benchmark designed to quantify sensitivity to distribution shift.,yes,2604.04974,https://arxiv.org/abs/2604.04974,arXiv API/abs page for 2604.04974 lists the exact title and authors; PDF is available at https://arxiv.org/pdf/2604.04974.,high,no,citation-only,n/a,n/a,None,"The arXiv PDF https://arxiv.org/pdf/2604.04974 discusses COLOSSEUM as a robustness-focused benchmark in a survey/background section and cites the benchmark paper in the references; no COLOSSEUM result table, figure, or numeric evaluation was found.",high,Survey article; benchmark mention is descriptive rather than an evaluation.,arxiv_result_audit_2026-05-22_double:the_colossem_batch_02:A+B
COLOS-012,THE COLOSSEUM,A survey of robotic manipulation: From bottom-up approaches to end-to-end paradigms with LLMs,2026,DOI `10.1016/j.neucom.2026.132921`,,10.1016/j.neucom.2026.132921,Semantic Scholar citation graph,Semantic Scholar lists this work as citing seed arXiv:2402.08191.,indexed-citation,URLs: https://www.semanticscholar.org/paper/9d817b67e14c94d4b0f3b98d5f2b035b7e00d84f | Source IDs: SemanticScholarURL: https://www.semanticscholar.org/paper/9d817b67e14c94d4b0f3b98d5f2b035b7e00d84f ; CorpusId: 285339821 ; DBLP: journals/ijon/PengLHZFLWCYP26 | Provenance: Semantic Scholar citation endpoint for arXiv:2402.08191: citing paper record,no,,,"Crossref confirms DOI 10.1016/j.neucom.2026.132921 and the Neurocomputing title at https://doi.org/10.1016/j.neucom.2026.132921. An exact-title arXiv API query returned totalResults=0, and exact-title web searches found no arXiv version.",high,no,citation-only,n/a,n/a,None,"The official DOI/ScienceDirect record identifies this as a survey article, and exact-title searches for COLOSSEUM result evidence found no public result table or benchmark-number page. Public full text was not available through ScienceDirect, so this is a no-result classification with residual paywall caveat.",medium,"No public arXiv/preprint located. ScienceDirect PDF access returned 403, so full-text verification was limited to public metadata, official page snippets, and exact-title web/arXiv searches.",arxiv_result_audit_2026-05-22_double:the_colossem_batch_02:A+B
COLOS-013,THE COLOSSEUM,Efficient Camera Pose Augmentation for View Generalization in Robotic Policy Learning,2026,arXiv `2603.29192`,2603.29192,,Semantic Scholar citation graph,Semantic Scholar lists this work as citing seed arXiv:2402.08191.,indexed-citation,"URLs: https://www.semanticscholar.org/paper/5f9e64e4d225e5730a0b30c2d0803aa4a366252a | Source IDs: SemanticScholarURL: https://www.semanticscholar.org/paper/5f9e64e4d225e5730a0b30c2d0803aa4a366252a ; CorpusId: 286977455 | Provenance: Semantic Scholar citation endpoint for arXiv:2402.08191: citing paper record ; S2 context: Specifically, because these models inherently rely on perspective-dependent visual representations, even minor extrinsic SE (3) perturbations disrupt the spatial grounding of action-relevant cues [1, 14, 32, 35].",yes,2603.29192,https://arxiv.org/abs/2603.29192,arXiv API/abs page for 2603.29192 lists the exact title and authors; PDF is available at https://arxiv.org/pdf/2603.29192.,high,no,citation-only,n/a,n/a,None,"The arXiv PDF https://arxiv.org/pdf/2603.29192 cites the COLOSSEUM paper in the references and discusses view generalization, but the experiments are real-world camera-pose evaluations; no COLOSSEUM benchmark evaluation or numeric COLOSSEUM result was found.",high,"COLOSSEUM appears as prior work for viewpoint/generalization motivation, not as the evaluated benchmark.",arxiv_result_audit_2026-05-22_double:the_colossem_batch_02:A+B
COLOS-014,THE COLOSSEUM,Cortical Policy: A Dual-Stream View Transformer for Robotic Manipulation,2026,arXiv `2603.21051`,2603.21051,,Semantic Scholar citation graph,Semantic Scholar lists this work as citing seed arXiv:2402.08191.,indexed-citation,"URLs: https://www.semanticscholar.org/paper/1b8b2262464256d8ab694deec01a3e32ad374f08 | Source IDs: SemanticScholarURL: https://www.semanticscholar.org/paper/1b8b2262464256d8ab694deec01a3e32ad374f08 ; CorpusId: 286766744 | Provenance: Semantic Scholar citation endpoint for arXiv:2402.08191: citing paper record ; S2 context: For a comprehensive comparison, we include results of RVT (Goyal et al., 2023) and PerAct (Shridhar et al., 2023) from the original COLOSSEUM paper (Pumacay et al., 2024).",yes,2603.21051,https://arxiv.org/abs/2603.21051,arXiv API/abs page for 2603.21051 lists the exact title and authors; PDF is available at https://arxiv.org/pdf/2603.21051.,high,yes,reports-results,"Official COLOSSEUM zero-shot generalization protocol on four tasks shared by RLBench and COLOSSEUM; models trained on original RLBench tasks, evaluated across unseen perturbations, and averaged over three independent trials.",not reported,"Table 3 average success (%): PerAct 7.7, RVT 37.7, RVT-2 60.5, Variant B 63.8, Variant D 66.4, Variant E 68.7, Ours 69.9. Appendix Table 6 Ours per-task average success: drag stick 80.3, place wine 89.0, stack cups 76.8, insert peg 32.6.","arXiv PDF https://arxiv.org/pdf/2603.21051 Section 4.4 reports robustness evaluation on COLOSSEUM; Table 3 is titled Results on THE COLOSSEUM, and Appendix G/Table 6 gives per-task success rates under COLOSSEUM perturbations.",high,The paper explicitly reports THE COLOSSEUM numbers and reuses PerAct/RVT baselines from the original benchmark paper.,arxiv_result_audit_2026-05-22_double:the_colossem_batch_02:A+B
COLOS-015,THE COLOSSEUM,StageCraft: Execution Aware Mitigation of Distractor and Obstruction Failures in VLA Models,2026,arXiv `2603.20659`,2603.20659,,Semantic Scholar citation graph,Semantic Scholar lists this work as citing seed arXiv:2402.08191.,indexed-citation,"URLs: https://www.semanticscholar.org/paper/2f699e58ac895a01e519b4d04058fa5f6b707b9d | Source IDs: SemanticScholarURL: https://www.semanticscholar.org/paper/2f699e58ac895a01e519b4d04058fa5f6b707b9d ; CorpusId: 286762368 | Provenance: Semantic Scholar citation endpoint for arXiv:2402.08191: citing paper record ; S2 context: To compensate for lack of distributional coverage in supervised learning [4], and in lieu of more accessible and foundational policies such as VLAs [1], several methods have been proposed to improve policy performance on down-stream tasks.",yes,2603.20659,https://arxiv.org/abs/2603.20659,arXiv API/abs page for 2603.20659 lists the exact title and authors; PDF is available at https://arxiv.org/pdf/2603.20659.,high,no,citation-only,n/a,n/a,None,"The arXiv PDF https://arxiv.org/pdf/2603.20659 cites THE COLOSSEUM only as reference [4] in related/background context; the reported experiments concern StageCraft distractor/obstruction mitigation, not THE COLOSSEUM benchmark.",high,No COLOSSEUM result table or protocol evidence found in the paper text.,arxiv_result_audit_2026-05-22_double:the_colossem_batch_02:A+B
COLOS-016,THE COLOSSEUM,Towards Generalizable Robotic Manipulation in Dynamic Environments,2026,arXiv `2603.15620`,2603.15620,,Semantic Scholar citation graph,Semantic Scholar lists this work as citing seed arXiv:2402.08191.,indexed-citation,"URLs: https://www.semanticscholar.org/paper/7c0b2b822d1da1f48f64314432f295193ae76543 | Source IDs: SemanticScholarURL: https://www.semanticscholar.org/paper/7c0b2b822d1da1f48f64314432f295193ae76543 ; CorpusId: 286572978 | Provenance: Semantic Scholar citation endpoint for arXiv:2402.08191: citing paper record ; S2 context: Furthermore, The Colosseum [41] and SIMPLER [27] evaluate out-of-distribution robustness, while RoboTwin2.",yes,2603.15620,https://arxiv.org/abs/2603.15620,arXiv API/abs page for 2603.15620 lists the exact title and authors; PDF is available at https://arxiv.org/pdf/2603.15620.,high,no,citation-only,n/a,n/a,None,"The arXiv PDF https://arxiv.org/pdf/2603.15620 mentions The Colosseum as an existing out-of-distribution robustness benchmark in related work; its evaluations are for dynamic-environment manipulation rather than THE COLOSSEUM, and no COLOSSEUM result numbers were found.",high,Benchmark is cited to position the new dynamic-environment benchmark/problem setting.,arxiv_result_audit_2026-05-22_double:the_colossem_batch_02:A+B
COLOS-017,THE COLOSSEUM,Beyond Binary Success: Sample-Efficient and Statistically Rigorous Robot Policy Comparison,2026,arXiv `2603.13616`,2603.13616,,Semantic Scholar citation graph,Semantic Scholar lists this work as citing seed arXiv:2402.08191.,indexed-citation,"URLs: https://www.semanticscholar.org/paper/545f75bcc3e74e1bc0e3d7ae020fcb0884869d72 | Source IDs: SemanticScholarURL: https://www.semanticscholar.org/paper/545f75bcc3e74e1bc0e3d7ae020fcb0884869d72 ; CorpusId: 286568388 | Provenance: Semantic Scholar citation endpoint for arXiv:2402.08191: citing paper record ; S2 context: Similarly, though policy evaluation via simulation [49, 52, 56, 63, 71] or via world models [28, 32, 50, 64, 69, 70, 72, 87] show promise, the sim-to-real gap [3] makes rigorous comparison difficult.",yes,2603.13616,https://arxiv.org/abs/2603.13616,arXiv API/abs page for 2603.13616 lists the exact title and authors; PDF is available at https://arxiv.org/pdf/2603.13616.,high,no,citation-only,n/a,n/a,None,"arXiv PDF reports policy-comparison/time-to-decision results on simulated/real-world evaluation data, RoboArena/LBM, and Mujoco; COLOSSEUM appears only in the references as Pumacay et al. 2024. URL: https://arxiv.org/pdf/2603.13616",high,Methodology paper cites COLOSSEUM but does not report COLOSSEUM benchmark numbers.,arxiv_result_audit_2026-05-22_double:the_colossem_batch_02:A+B
COLOS-018,THE COLOSSEUM,Overcoming Visual Clutter in Vision Language Action Models via Concept-Gated Visual Distillation,2026,arXiv `2603.10340`,2603.10340,,Semantic Scholar citation graph,Semantic Scholar lists this work as citing seed arXiv:2402.08191.,indexed-citation,"URLs: https://www.semanticscholar.org/paper/714e1aa8588d3abdb7c2386267b2bd4a464c7d3b | Source IDs: SemanticScholarURL: https://www.semanticscholar.org/paper/714e1aa8588d3abdb7c2386267b2bd4a464c7d3b ; CorpusId: 286457660 | Provenance: Semantic Scholar citation endpoint for arXiv:2402.08191: citing paper record ; S2 context: While modern VLAs leverage this internet-scale data for semantic generalization, they remain fragile to distributional shifts, particularly when distinguishing targets from high-frequency background noise [28], [29].",yes,2603.10340,https://arxiv.org/abs/2603.10340,arXiv API/abs page for 2603.10340 lists the exact title and authors; PDF is available at https://arxiv.org/pdf/2603.10340.,high,no,citation-only,n/a,n/a,None,The arXiv PDF https://arxiv.org/pdf/2603.10340 cites THE COLOSSEUM in the references/background on robustness benchmarks; the reported visual-clutter experiments are not labeled as THE COLOSSEUM and no COLOSSEUM benchmark numbers were found.,high,Do not count clutter/distractor experiments unless the paper explicitly labels them THE COLOSSEUM; this paper does not.,arxiv_result_audit_2026-05-22_double:the_colossem_batch_02:A+B
COLOS-019,THE COLOSSEUM,Choose What to Observe: Task-Aware Semantic-Geometric Representations for Visuomotor Policy,2026,arXiv `2603.07875`,2603.07875,,Semantic Scholar citation graph,Semantic Scholar lists this work as citing seed arXiv:2402.08191.,indexed-citation,"URLs: https://www.semanticscholar.org/paper/9e8f488f9a6d5b2e06453507bfb87628bbb35b57 | Source IDs: SemanticScholarURL: https://www.semanticscholar.org/paper/9e8f488f9a6d5b2e06453507bfb87628bbb35b57 ; CorpusId: 286377364 | Provenance: Semantic Scholar citation endpoint for arXiv:2402.08191: citing paper record ; S2 context: However, these policies often remain brittle when deployed outside the training visual context [4], [5].",yes,2603.07875,https://arxiv.org/abs/2603.07875,arXiv API/abs page for 2603.07875 lists the exact title and authors; PDF is available at https://arxiv.org/pdf/2603.07875.,high,no,citation-only,n/a,n/a,None,"The arXiv PDF https://arxiv.org/pdf/2603.07875 cites THE COLOSSEUM in prior-work/reference context, while its evaluations are on other visuomotor-policy tasks; no THE COLOSSEUM result table, figure, or metric was found.",high,"The COLOSSEUM reference is relevant prior work for generalization, not the benchmark used for reported results.",arxiv_result_audit_2026-05-22_double:the_colossem_batch_02:A+B
COLOS-020,THE COLOSSEUM,Hyperbolic Multiview Pretraining for Robotic Manipulation,2026,arXiv `2603.04848`,2603.04848,,Semantic Scholar citation graph,Semantic Scholar lists this work as citing seed arXiv:2402.08191.,indexed-citation,"URLs: https://www.semanticscholar.org/paper/a4971c3283ab62e3f4ac0d0b9e1c728178fbfa98 | Source IDs: SemanticScholarURL: https://www.semanticscholar.org/paper/a4971c3283ab62e3f4ac0d0b9e1c728178fbfa98 ; CorpusId: 286255593 | Provenance: Semantic Scholar citation endpoint for arXiv:2402.08191: citing paper record ; S2 context: We train the downstream models in both simulation (COLOSSEUM [32], RLBench [20]) and real-world environments using 8 NVIDIA RTX 4090 GPUs.",yes,2603.04848,https://arxiv.org/abs/2603.04848,arXiv API/abs page for 2603.04848 lists the exact title and authors; latest listed version is v2; PDF is available at https://arxiv.org/pdf/2603.04848.,high,yes,reports-results,"COLOSSEUM perturbation evaluation following 3D-MVP: 20 tasks, 12 single-perturbation settings plus one all-perturbation setting; HyperMVP results averaged over three evaluation runs.",100 demonstrations without perturbations for each task,"Section 4.2: HyperMVP improves previous SOTA average success from 35.6 to 47.5 across perturbation settings (+33.4%); in All Perturbations, 5.3 to 11.2 (2.1x). Figure 1b reports HyperMVP success rates including No Perturbation 60.4, All Perturbations 11.2, MO Color 49.7, RO Color 32.1, MO Texture 58.7, RO Texture 47.2, MO Size 47.6, RO Size 45.2, Light Color 42.4, Table Color 45.1, Table Texture 58.2, Distractor 45.7, Background Texture 61.5, Camera Pose 59.9.",arXiv PDF Figure 1b compares generalization performance on COLOSSEUM and Section 4.2 Results on COLOSSEUM reports the 35.6 -> 47.5 average and 5.3 -> 11.2 All Perturbations results. URL: https://arxiv.org/pdf/2603.04848,high,"arXiv metadata comment says the paper was withdrawn from CVPR findings consideration and is being revised, but the arXiv work remains available and contains COLOSSEUM numeric results.",arxiv_result_audit_2026-05-22_double:the_colossem_batch_02:A+B
COLOS-021,THE COLOSSEUM,TGM-VLA: Task-Guided Mixup for Sampling-Efficient and Robust Robotic Manipulation,2026,arXiv `2603.00615`; arXiv DOI `10.48550/arXiv.2603.00615`,2603.00615,10.48550/arXiv.2603.00615,Semantic Scholar citation graph,Semantic Scholar lists this work as citing seed arXiv:2402.08191.,indexed-citation,"URLs: https://www.semanticscholar.org/paper/03756890bfd7df98ee580d8605e2b463e5c40f55 | Source IDs: SemanticScholarURL: https://www.semanticscholar.org/paper/03756890bfd7df98ee580d8605e2b463e5c40f55 ; CorpusId: 286224139 ; DBLP: journals/corr/abs-2603-00615 | Provenance: Semantic Scholar citation endpoint for arXiv:2402.08191: citing paper record ; S2 context: To further evaluate the generalization capabilities of TGM-VLA, we perform experiments on COLOSSEUM benchmark [35].",yes,2603.00615,https://arxiv.org/abs/2603.00615,"arXiv abs/API entry 2603.00615v1 lists the exact title and first authors Fanqi Pu, Lei Jiang, Wenming Yang, matching the row; URL: https://arxiv.org/abs/2603.00615.",high,yes,reports-results,"COLOSSEUM benchmark, 14 generalization settings (12 unseen environmental perturbations plus All Perturbations and RLBench); trained on 20 RLBench tasks and tested over 25 trials per perturbation, repeated four times",100 demonstrations per task,"Table II: TGM-VLA Avg. SR 68.8%, Avg. Rank 1.14; All Perturbations 24.3 +/- 1.1; MO-COLOR 65.3 +/- 0.6; RO-COLOR 62.1 +/- 1.0; MO-TEXTURE 72.1 +/- 0.6; RO-TEXTURE 72.4 +/- 1.0; MO-SIZE 70.4 +/- 0.9; RO-SIZE 69.4 +/- 2.1; Light Color 71.4 +/- 0.7; Table Color 73.6 +/- 0.8; Table Texture 71.5 +/- 0.6; Distractor 74.3 +/- 0.8; Background Texture 78.9 +/- 1.2; RLBench 79.6 +/- 0.7; Camera Pose 78.7 +/- 0.9.",arXiv PDF Section IV / Table II is captioned 'Results on the COLOSSEUM Benchmark' and the text states the model is evaluated on COLOSSEUM; URL: https://arxiv.org/pdf/2603.00615.,high,Same-work identity is exact by title and arXiv ID. Counts as reports-results because the paper includes a COLOSSEUM result table with success rates.,arxiv_result_audit_2026-05-22_double:the_colossem_batch_03:A+B
COLOS-022,THE COLOSSEUM,SimToolReal: An Object-Centric Policy for Zero-Shot Dexterous Tool Manipulation,2026,arXiv `2602.16863`; arXiv DOI `10.48550/arXiv.2602.16863`,2602.16863,10.48550/arXiv.2602.16863,Semantic Scholar citation graph,Semantic Scholar lists this work as citing seed arXiv:2402.08191.,indexed-citation,"URLs: https://www.semanticscholar.org/paper/9242b2482f96cdc183ad9a46906d85b39b092172 | Source IDs: SemanticScholarURL: https://www.semanticscholar.org/paper/9242b2482f96cdc183ad9a46906d85b39b092172 ; CorpusId: 285787326 ; DBLP: journals/corr/abs-2602-16863 | Provenance: Semantic Scholar citation endpoint for arXiv:2402.08191: citing paper record ; S2 context: Existing robot manipulation benchmarks primarily focus on robots with parallel-jaw grippers [47, 31, 9, 61, 32, 23, 36] or dexterous grasping [84, 79, 89, 83, 76].",yes,2602.16863,https://arxiv.org/abs/2602.16863,"arXiv abs/API entry 2602.16863v2 lists the exact title and first authors Kushal Kedia, Tyler Ga Wei Lum, Jeannette Bohg, matching the row; URL: https://arxiv.org/abs/2602.16863.",high,no,citation-only,n/a,n/a,None,"arXiv PDF https://arxiv.org/pdf/2602.16863v2: experiments introduce/evaluate DexToolBench; COLOSSEUM appears in the related benchmark citation/reference, not as an evaluated benchmark with numeric COLOSSEUM results.",high,COLOSSEUM is cited as an existing manipulation benchmark; reported results are for DexToolBench and specialist/tool-use baselines.,arxiv_result_audit_2026-05-22_double:the_colossem_batch_03:A+B
COLOS-023,THE COLOSSEUM,"UniVTAC: A Unified Simulation Platform for Visuo-Tactile Manipulation Data Generation, Learning, and Benchmarking",2026,arXiv `2602.10093`; arXiv DOI `10.48550/arXiv.2602.10093`,2602.10093,10.48550/arXiv.2602.10093,Semantic Scholar citation graph,Semantic Scholar lists this work as citing seed arXiv:2402.08191.,indexed-citation,"URLs: https://www.semanticscholar.org/paper/ee6f6ab522882255a2c18ba08f0cfe082f7d346e | Source IDs: SemanticScholarURL: https://www.semanticscholar.org/paper/ee6f6ab522882255a2c18ba08f0cfe082f7d346e ; CorpusId: 285462592 ; DBLP: journals/corr/abs-2602-10093 | Provenance: Semantic Scholar citation endpoint for arXiv:2402.08191: citing paper record ; S2 context: Many simulation-based methods have been proposed for robotic policy learning [45, 12, 48, 31, 34, 10, 9, 37, 25, 19, 3, 33], providing scalable environments for training and evaluation.",yes,2602.10093,https://arxiv.org/abs/2602.10093,"arXiv abs/API entry 2602.10093v1 lists the exact title and first authors Baijun Chen, Weijie Wan, Tianxing Chen, matching the row; URL: https://arxiv.org/abs/2602.10093.",high,no,citation-only,n/a,n/a,None,"arXiv PDF introduces and evaluates the UniVTAC Benchmark; Table I reports UniVTAC task success rates, and no COLOSSEUM result section/table was found in the paper text. URL: https://arxiv.org/pdf/2602.10093.",high,No evidence that the paper evaluates on THE COLOSSEUM; its numeric benchmark results are for UniVTAC.,arxiv_result_audit_2026-05-22_double:the_colossem_batch_03:A+B
COLOS-024,THE COLOSSEUM,LIBERO-X: Robustness Litmus for Vision-Language-Action Models,2026,arXiv `2602.06556`; arXiv DOI `10.48550/arXiv.2602.06556`,2602.06556,10.48550/arXiv.2602.06556,Semantic Scholar citation graph,Semantic Scholar lists this work as citing seed arXiv:2402.08191.,indexed-citation,"URLs: https://www.semanticscholar.org/paper/a377f04f41cdefb7f9c61832e1f7d8a252102031 | Source IDs: SemanticScholarURL: https://www.semanticscholar.org/paper/a377f04f41cdefb7f9c61832e1f7d8a252102031 ; CorpusId: 285401842 ; DBLP: journals/corr/abs-2602-06556 | Provenance: Semantic Scholar citation endpoint for arXiv:2402.08191: citing paper record ; S2 context: Recent benchmarks [7, 33, 47, 46, 20] have explored specific facets of generalization.",yes,2602.06556,https://arxiv.org/abs/2602.06556,"arXiv abs/API entry 2602.06556v1 lists the exact title and first authors Guodong Wang, Chenkai Zhang, Qingjie Liu, matching the row; URL: https://arxiv.org/abs/2602.06556.",high,no,citation-only,n/a,n/a,None,"arXiv PDF https://arxiv.org/pdf/2602.06556v1: paper reports LIBERO-X results (Tables V-IX) and includes COLOSSEUM only in related benchmark comparison/reference context, not numeric COLOSSEUM method results.",high,"The COLOSSEUM row in LIBERO-X's benchmark-comparison table is metadata/checkmark comparison, not performance results on COLOSSEUM.",arxiv_result_audit_2026-05-22_double:the_colossem_batch_03:A+B
COLOS-025,THE COLOSSEUM,VLS: Steering Pretrained Robot Policies via Vision-Language Models,2026,arXiv `2602.03973`; arXiv DOI `10.48550/arXiv.2602.03973`,2602.03973,10.48550/arXiv.2602.03973,Semantic Scholar citation graph,Semantic Scholar lists this work as citing seed arXiv:2402.08191.,indexed-citation,"URLs: https://www.semanticscholar.org/paper/538d95bc5a0eb3a80c64644efd789cb5101119c0 | Source IDs: SemanticScholarURL: https://www.semanticscholar.org/paper/538d95bc5a0eb3a80c64644efd789cb5101119c0 ; CorpusId: 285285515 ; DBLP: journals/corr/abs-2602-03973 | Provenance: Semantic Scholar citation endpoint for arXiv:2402.08191: citing paper record ; S2 context: However, these generative policies remain brittle under out-of-distribution (OOD) observation– language inputs [40], where the required motor behaviors are already present in the training data but must be executed under altered spatial structure.",yes,2602.03973,https://arxiv.org/abs/2602.03973,"arXiv abs/API entry 2602.03973v1 lists the exact title and first authors Shuo Liu, Ishneet Sukhvinder Singh, Yiqing Xu, matching the row; URL: https://arxiv.org/abs/2602.03973.",high,no,citation-only,n/a,n/a,None,"arXiv PDF states the simulation benchmarks are CALVIN and LIBERO-PRO; COLOSSEUM appears only as cited prior work/reference, with no COLOSSEUM numeric result table found. URL: https://arxiv.org/pdf/2602.03973.",high,"Numeric results in the paper are for CALVIN, LIBERO-PRO, and real-world settings, not THE COLOSSEUM.",arxiv_result_audit_2026-05-22_double:the_colossem_batch_03:A+B
COLOS-026,THE COLOSSEUM,PALM: Enhanced Generalizability for Local Visuomotor Policies via Perception Alignment,2026,arXiv `2601.19514`; DOI `10.1109/LRA.2026.3664620`,2601.19514,10.1109/LRA.2026.3664620,Semantic Scholar citation graph,Semantic Scholar lists this work as citing seed arXiv:2402.08191.,indexed-citation,"URLs: https://www.semanticscholar.org/paper/34a97ccb8e3c3ee7a59685520dcafe9a112a162c | Source IDs: SemanticScholarURL: https://www.semanticscholar.org/paper/34a97ccb8e3c3ee7a59685520dcafe9a112a162c ; CorpusId: 285071406 ; DBLP: journals/corr/abs-2601-19514 | Provenance: Semantic Scholar citation endpoint for arXiv:2402.08191: citing paper record ; S2 context: These approaches often require intensive sampling of out-of-domain environments in simulation [13], the use of off-the-shelf models [16], or additional input modalities such as eye-in-hand cameras [17] or voxel-based representations [18], [19].",yes,2601.19514,https://arxiv.org/abs/2601.19514,"arXiv abs/API entry 2601.19514v1 lists the exact title and first authors Ruiyu Wang, Zheyu Zhuang, Danica Kragic, matching the row; URL: https://arxiv.org/abs/2601.19514.",high,no,citation-only,n/a,n/a,None,arXiv PDF https://arxiv.org/pdf/2601.19514v1: tables report PALM simulation/real-world OOD success/degradation; COLOSSEUM appears only in reference [3] to Pumacay et al. arXiv:2402.08191.,high,No COLOSSEUM benchmark results; paper uses its own simulated and real-world OOD setups.,arxiv_result_audit_2026-05-22_double:the_colossem_batch_03:A+B
COLOS-027,THE COLOSSEUM,ActiveVLA: Injecting Active Perception into Vision-Language-Action Models for Precise 3D Robotic Manipulation,2026,arXiv `2601.08325`; arXiv DOI `10.48550/arXiv.2601.08325`,2601.08325,10.48550/arXiv.2601.08325,Semantic Scholar citation graph,Semantic Scholar lists this work as citing seed arXiv:2402.08191.,indexed-citation,"URLs: https://www.semanticscholar.org/paper/00db5d4dcb6ed12275d1cc16403e8a75966901d4 | Source IDs: SemanticScholarURL: https://www.semanticscholar.org/paper/00db5d4dcb6ed12275d1cc16403e8a75966901d4 ; CorpusId: 284704513 ; DBLP: journals/corr/abs-2601-08325 | Provenance: Semantic Scholar citation endpoint for arXiv:2402.08191: citing paper record ; S2 context: On COLOSSEUM [48], it achieves the highest success rate of 78.3% in challenging generalization scenarios.",yes,2601.08325,https://arxiv.org/abs/2601.08325,"arXiv abs/API entry 2601.08325v1 lists the exact title and first authors Zhenyang Liu, Yongchong Gu, Yikai Wang, matching the row; URL: https://arxiv.org/abs/2601.08325.",high,yes,reports-results,"COLOSSEUM Benchmark, 14 generalization scenarios; COLOSSEUM extends RLBench with 12 perturbation types and evaluates the same task set under structured disturbances",100 demonstrations per task,"Table 2: ActiveVLA Avg. SR 65.9%, Avg. Rank 1.07; All Perturbations 21.4 +/- 1.8; MO-COLOR 64.2 +/- 1.5; RO-COLOR 64.4 +/- 1.2; MO-TEXTURE 65.7 +/- 2.1; RO-TEXTURE 69.3 +/- 2.6; MO-SIZE 72.4 +/- 0.8; RO-SIZE 64.4 +/- 1.3; Light Color 70.4 +/- 1.4; Table Color 78.3 +/- 1.1; Table Texture 72.5 +/- 0.9; Distractor 54.3 +/- 1.2; Background Texture 75.2 +/- 0.6; RLBench 74.4 +/- 0.6; Camera Pose 76.3 +/- 1.1. Table 4 ablation also reports COLOSSEUM 63.6/0.33, 64.5/0.51, and 65.9/0.62 success/time for component variants.",arXiv PDF Section 4.1 / Table 2 is captioned 'Results on the COLOSSEUM Benchmark' and the text says ActiveVLA achieves 65.9% average success rate and average rank 1.07 on COLOSSEUM. URL: https://arxiv.org/pdf/2601.08325.,high,"The abstract's 78.3% is a best scenario value (Table Color), while the aggregate Avg. SR in Table 2 is 65.9%. Counts as reports-results.",arxiv_result_audit_2026-05-22_double:the_colossem_batch_03:A+B
COLOS-028,THE COLOSSEUM,REALM: A Real-to-Sim Validated Benchmark for Generalization in Robotic Manipulation,2025,arXiv `2512.19562`; arXiv DOI `10.48550/arXiv.2512.19562`,2512.19562,10.48550/arXiv.2512.19562,Semantic Scholar citation graph,Semantic Scholar lists this work as citing seed arXiv:2402.08191.,indexed-citation,URLs: https://www.semanticscholar.org/paper/dd290457b11b0a2675b5baf80b72327e173ee475 | Source IDs: SemanticScholarURL: https://www.semanticscholar.org/paper/dd290457b11b0a2675b5baf80b72327e173ee475 ; CorpusId: 284077945 ; DBLP: journals/corr/abs-2512-19562 | Provenance: Semantic Scholar citation endpoint for arXiv:2402.08191: citing paper record,yes,2512.19562,https://arxiv.org/abs/2512.19562,"arXiv abs/API entry 2512.19562v1 lists the exact title and first authors Martin Sedlacek, Pavlo Yefanov, Georgy Ponimatkin, matching the row; URL: https://arxiv.org/abs/2512.19562.",high,no,citation-only,n/a,n/a,None,"arXiv PDF Table I compares properties of several benchmarks and includes COLOSSEUM, but the paper's reported experimental results are for REALM and real-to-sim validation, not COLOSSEUM benchmark performance. URL: https://arxiv.org/pdf/2512.19562.",high,"COLOSSEUM feature counts in a benchmark-comparison table are descriptive metadata, not numeric results on THE COLOSSEUM.",arxiv_result_audit_2026-05-22_double:the_colossem_batch_03:A+B
COLOS-029,THE COLOSSEUM,Evaluating Gemini Robotics Policies in a Veo World Simulator,2025,arXiv `2512.10675`; arXiv DOI `10.48550/arXiv.2512.10675`,2512.10675,10.48550/arXiv.2512.10675,Semantic Scholar citation graph,Semantic Scholar lists this work as citing seed arXiv:2402.08191.,indexed-citation,URLs: https://www.semanticscholar.org/paper/7631955f7d8a6b9f3ab1973a8dfd8504d9e6782b | Source IDs: SemanticScholarURL: https://www.semanticscholar.org/paper/7631955f7d8a6b9f3ab1973a8dfd8504d9e6782b ; CorpusId: 283737714 ; DBLP: journals/corr/abs-2512-10675 | Provenance: Semantic Scholar citation endpoint for arXiv:2402.08191: citing paper record,yes,2512.10675,https://arxiv.org/abs/2512.10675,"arXiv abs/API entry 2512.10675v2 lists the exact title and authors beginning Gemini Robotics Team, Krzysztof Choromanski, Coline Devin, matching the row; URL: https://arxiv.org/abs/2512.10675.",high,no,citation-only,n/a,n/a,None,"arXiv PDF https://arxiv.org/pdf/2512.10675v2: experiments report Veo-world-simulator predictions versus real-world ALOHA/Gemini Robotics evaluations; COLOSSEUM is cited as an example physics simulation benchmark and in references, not evaluated.",high,No COLOSSEUM benchmark numbers found; numeric results are for Veo/real-world evaluation correlations and OOD/safety scenarios.,arxiv_result_audit_2026-05-22_double:the_colossem_batch_03:A+B
COLOS-030,THE COLOSSEUM,Invariance Co-training for Robot Visual Generalization,2025,arXiv `2512.05230`; arXiv DOI `10.48550/arXiv.2512.05230`,2512.05230,10.48550/arXiv.2512.05230,Semantic Scholar citation graph,Semantic Scholar lists this work as citing seed arXiv:2402.08191.,indexed-citation,"URLs: https://www.semanticscholar.org/paper/e020ee2444cbff0a7aa5d5bdfa03856d52eb28b5 | Source IDs: SemanticScholarURL: https://www.semanticscholar.org/paper/e020ee2444cbff0a7aa5d5bdfa03856d52eb28b5 ; CorpusId: 283671895 ; DBLP: journals/corr/abs-2512-05230 | Provenance: Semantic Scholar citation endpoint for arXiv:2402.08191: citing paper record ; S2 context: To collect static data for invariance pretraining, we use three simulation environments: LIBERO [51], Simpler [10], and Unreal Engine-based scenes.",yes,2512.05230,https://arxiv.org/abs/2512.05230,"arXiv abs/API entry 2512.05230v1 lists the exact title and first authors Jonathan Yang, Chelsea Finn, Dorsa Sadigh, matching the row; URL: https://arxiv.org/abs/2512.05230.",high,no,citation-only,n/a,n/a,None,"arXiv PDF says static data for invariance pretraining uses LIBERO, Simpler, and Unreal Engine scenes, and the simulation evaluation is on LIBERO-10; no COLOSSEUM result table or figure was found. URL: https://arxiv.org/pdf/2512.05230.",high,"Numeric results are for the paper's own real/simulation setups and LIBERO-related evaluations, not THE COLOSSEUM.",arxiv_result_audit_2026-05-22_double:the_colossem_batch_03:A+B
COLOS-031,THE COLOSSEUM,Scaling Cross-Environment Failure Reasoning Data for Vision-Language Robotic Manipulation,2025,arXiv `2512.01946`,2512.01946,,Semantic Scholar citation graph,Semantic Scholar lists this work as citing seed arXiv:2402.08191.,indexed-citation,"URLs: https://www.semanticscholar.org/paper/13665810903d1c8102460525773e6ee8e6aaf641 | Source IDs: SemanticScholarURL: https://www.semanticscholar.org/paper/13665810903d1c8102460525773e6ee8e6aaf641 ; CorpusId: 283448847 | Provenance: Semantic Scholar citation endpoint for arXiv:2402.08191: citing paper record ; S2 context: Most robot learning datasets predominantly contain successful demonstrations [19], [20], [21], providing limited failure examples.",yes,2512.01946,https://arxiv.org/abs/2512.01946,"arXiv abs page lists arXiv:2512.01946 with the exact candidate title, matching authors Paul Pacaud, Ricardo Garcia, Shizhe Chen, and Cordelia Schmid, and an available PDF.",high,no,citation-only,n/a,n/a,None,"arXiv PDF full text checked; the only THE COLOSSEUM occurrence is reference [21]. The paper evaluates FailCoT/Guardian on RoboFail, RoboVQA, UR5-Fail, RLBench-derived simulation, and real-world deployment, not on THE COLOSSEUM.",high,Same-work arXiv identity is exact. Count as citation-only for THE COLOSSEUM.,arxiv_result_audit_2026-05-22_double:the_colossem_batch_04:A+B
COLOS-032,THE COLOSSEUM,Distracted Robot: How Visual Clutter Undermine Robotic Manipulation,2025,arXiv `2511.22780`; arXiv DOI `10.48550/arXiv.2511.22780`,2511.22780,10.48550/arXiv.2511.22780,Semantic Scholar citation graph,Semantic Scholar lists this work as citing seed arXiv:2402.08191.,indexed-citation,"URLs: https://www.semanticscholar.org/paper/4c5be63817f803fae1da25a9912361a5c4e60981 | Source IDs: SemanticScholarURL: https://www.semanticscholar.org/paper/4c5be63817f803fae1da25a9912361a5c4e60981 ; CorpusId: 283438430 ; DBLP: journals/corr/abs-2511-22780 | Provenance: Semantic Scholar citation endpoint for arXiv:2402.08191: citing paper record ; S2 context: A more recent work [1] analyzes the impact of environment factors, distractors, tar-gets’ characteristics, lighting, camera pose, and background texture on manipulation policies and concludes that each of these factors has different degrees of adverse effect.",yes,2511.22780,https://arxiv.org/abs/2511.22780,"arXiv abs page lists arXiv:2511.22780 with the exact candidate title, matching authors Amir Rasouli et al., and an available PDF.",high,no,citation-only,n/a,n/a,None,"arXiv PDF full text checked; Colosseum appears only in the references as Pumacay et al. The experiments report this paper's own clutter protocol in hyper-realistic simulation/real-world scenes, not THE COLOSSEUM results.",high,"The paper reports numeric clutter-study results, but they are not COLOSSEUM benchmark numbers.",arxiv_result_audit_2026-05-22_double:the_colossem_batch_04:A+B
COLOS-033,THE COLOSSEUM,Improving Robotic Manipulation Robustness via NICE Scene Surgery,2025,arXiv `2511.22777`; arXiv DOI `10.48550/arXiv.2511.22777`,2511.22777,10.48550/arXiv.2511.22777,Semantic Scholar citation graph,Semantic Scholar lists this work as citing seed arXiv:2402.08191.,indexed-citation,"URLs: https://www.semanticscholar.org/paper/e2b0529c28b29998854b356af634b855498a98eb | Source IDs: SemanticScholarURL: https://www.semanticscholar.org/paper/e2b0529c28b29998854b356af634b855498a98eb ; CorpusId: 283439207 ; DBLP: journals/corr/abs-2511-22777 | Provenance: Semantic Scholar citation endpoint for arXiv:2402.08191: citing paper record ; S2 context: Yet, learned policies, especially those trained via behavior cloning on demonstration datasets often suffer from significant performance and safety degradation when presented with visual distractors and scene variations to which they had no exposure during tra",yes,2511.22777,https://arxiv.org/abs/2511.22777,"arXiv abs page lists arXiv:2511.22777 with the exact candidate title, matching authors Sajjad Pakdamansavoji et al., and an available PDF.",high,no,citation-only,n/a,n/a,None,"The arXiv PDF text contains Colosseum only in reference [1] to Pumacay et al.; nearby success-rate/collision-rate tables are NICE policy results, not COLOSSEUM benchmark results.",high,"The PDF layout places Table III near the references, but the Colosseum occurrence itself is only the reference entry.",arxiv_result_audit_2026-05-22_double:the_colossem_batch_04:A+B
COLOS-034,THE COLOSSEUM,ArtiBench and ArtiBrain: Benchmarking Generalizable Vision-Language Articulated Object Manipulation,2025,arXiv `2511.20330`; arXiv DOI `10.48550/arXiv.2511.20330`,2511.20330,10.48550/arXiv.2511.20330,Semantic Scholar citation graph,Semantic Scholar lists this work as citing seed arXiv:2402.08191.,indexed-citation,URLs: https://www.semanticscholar.org/paper/ee512091facbc7daf252689c4854444cf4b37dc4 | Source IDs: SemanticScholarURL: https://www.semanticscholar.org/paper/ee512091facbc7daf252689c4854444cf4b37dc4 ; CorpusId: 283250994 ; DBLP: journals/corr/abs-2511-20330 | Provenance: Semantic Scholar citation endpoint for arXiv:2402.08191: citing paper record ; S2 context: Colosseum [38] targets robustness to environmental variations such as lighting and viewpoint changes rather than generalization across manipulable objects.,yes,2511.20330,https://arxiv.org/abs/2511.20330,"arXiv abs page lists arXiv:2511.20330 with the exact candidate title, matching authors Yuhan Wu et al., and an available PDF.",high,no,citation-only,n/a,n/a,None,"arXiv PDF full text checked. Section 2 and Table 1 compare benchmark scope and list Colosseum metadata such as train/test counts and variation counts, but the paper's performance results are on ArtiBench, not THE COLOSSEUM.",high,Do not count Table 1's benchmark-descriptive metadata as reported COLOSSEUM benchmark results.,arxiv_result_audit_2026-05-22_double:the_colossem_batch_04:A+B
COLOS-035,THE COLOSSEUM,RoboTidy : A 3D Gaussian Splatting Household Tidying Benchmark for Embodied Navigation and Action,2025,arXiv `2511.14161`; arXiv DOI `10.48550/arXiv.2511.14161`,2511.14161,10.48550/arXiv.2511.14161,Semantic Scholar citation graph,Semantic Scholar lists this work as citing seed arXiv:2402.08191.,indexed-citation,"URLs: https://www.semanticscholar.org/paper/89af06244358072dbbbece4c569512906d48540a | Source IDs: SemanticScholarURL: https://www.semanticscholar.org/paper/89af06244358072dbbbece4c569512906d48540a ; CorpusId: 283080481 ; DBLP: journals/corr/abs-2511-14161 | Provenance: Semantic Scholar citation endpoint for arXiv:2402.08191: citing paper record ; S2 context: Recent embodied AI benchmarks have explored household tasks from different perspectives, including semantic planning [27, 28, 35], multi-task manipulation [4, 5, 11, 12], and large-scale activity suites [20, 29].",yes,2511.14161,https://arxiv.org/abs/2511.14161,"arXiv abs page lists arXiv:2511.14161 with the exact candidate title, matching authors Xiaoquan Sun et al., and an available PDF.",high,no,citation-only,n/a,n/a,None,The arXiv HTML contains Colosseum only in reference [29] to Pumacay et al.; the paper introduces/evaluates RoboTidy rather than reporting THE COLOSSEUM results.,high,Direct arXiv HTML was used because the local PDF download was incomplete; the HTML is sufficient for the Colosseum/result check.,arxiv_result_audit_2026-05-22_double:the_colossem_batch_04:A+B
COLOS-036,THE COLOSSEUM,Audio-VLA: Adding Contact Audio Perception to Vision-Language-Action Model for Robotic Manipulation,2025,arXiv `2511.09958`; arXiv DOI `10.48550/arXiv.2511.09958`,2511.09958,10.48550/arXiv.2511.09958,Semantic Scholar citation graph,Semantic Scholar lists this work as citing seed arXiv:2402.08191.,indexed-citation,"URLs: https://www.semanticscholar.org/paper/293852a4878de3d3251fe8d80ad673114b8a327a | Source IDs: SemanticScholarURL: https://www.semanticscholar.org/paper/293852a4878de3d3251fe8d80ad673114b8a327a ; CorpusId: 282992217 ; DBLP: journals/corr/abs-2511-09958 | Provenance: Semantic Scholar citation endpoint for arXiv:2402.08191: citing paper record ; S2 context: Our proposed Audio-VLA achieves superior performance across both standard and domain shift [27] LIBERO [8] and five RLBench [9] task benchmarks, particularly excelling in contact-intensive tasks.",yes,2511.09958,https://arxiv.org/abs/2511.09958,"arXiv abs page lists arXiv:2511.09958 with the exact candidate title, matching authors Xiangyi Wei et al., and an available PDF.",high,no,citation-only,n/a,n/a,None,"The arXiv HTML reports LIBERO and RLBench success rates in Section IV/Table I under standard and domain-shift conditions; Colosseum appears only as reference [27]/domain-shift citation, with no THE COLOSSEUM results.",high,"Domain-shift experiments are on LIBERO and RLBench, so they do not satisfy the row benchmark requirement.",arxiv_result_audit_2026-05-22_double:the_colossem_batch_04:A+B
COLOS-037,THE COLOSSEUM,SpatialActor: Exploring Disentangled Spatial Representations for Robust Robotic Manipulation,2025,arXiv `2511.09555`; arXiv DOI `10.48550/arXiv.2511.09555`,2511.09555,10.48550/arXiv.2511.09555,Semantic Scholar citation graph,Semantic Scholar lists this work as citing seed arXiv:2402.08191.,indexed-citation,"URLs: https://www.semanticscholar.org/paper/ca63a7eb9588d4f7bd095e6a7031bbcd84854c26 | Source IDs: SemanticScholarURL: https://www.semanticscholar.org/paper/ca63a7eb9588d4f7bd095e6a7031bbcd84854c26 ; CorpusId: 282940198 ; DBLP: journals/corr/abs-2511-09555 | Provenance: Semantic Scholar citation endpoint for arXiv:2402.08191: citing paper record ; S2 context: We evaluate the robustness on the Colosseum benchmark (Pumacay et al. 2024), which assesses manipulation policies under environmental variations.",yes,2511.09555,https://arxiv.org/abs/2511.09555,"arXiv abs page lists arXiv:2511.09555 with the exact candidate title, matching authors Hao Shi et al., and an available PDF.",high,yes,reports-results,"ColosseumBench spatial perturbations on 20 tasks: No-Vars, MO-Size, RO-Size, and Camera-Perturb/Cam Pose",not reported,"Table 4 average success rates (%) on 20 ColosseumBench tasks. R3M: No-Vars 2.9, MO-Size 1.8, RO-Size 0.0, Cam Pose 0.8. MVP: 3.4, 4.4, 0.5, 2.6. VoxPoser: 5.4, 3.3, 6.5, 6.2. PerAct: 34.5, 35.6, 29.3, 36.3. RVT: 43.6, 35.3, 40.5, 42.2. SpatialActor: 57.4±3.0, 59.2±2.4, 62.0±3.2, 54.2±1.8.",arXiv PDF Section 4.4 'Spatial Perturbations on ColosseumBench' states evaluation on the Colosseum benchmark and Table 4 reports average success rates on 20 ColosseumBench tasks under the four conditions.,high,"The paper spells the evaluated suite as ColosseumBench and explicitly cites Pumacay et al. 2024, so this is the row benchmark.",arxiv_result_audit_2026-05-22_double:the_colossem_batch_04:A+B
COLOS-038,THE COLOSSEUM,How Do VLAs Effectively Inherit from VLMs?,2025,arXiv `2511.06619`; arXiv DOI `10.48550/arXiv.2511.06619`,2511.06619,10.48550/arXiv.2511.06619,Semantic Scholar citation graph,Semantic Scholar lists this work as citing seed arXiv:2402.08191.,indexed-citation,"URLs: https://www.semanticscholar.org/paper/36d038ad0b4fb8353529b50cc493bcd97297979c | Source IDs: SemanticScholarURL: https://www.semanticscholar.org/paper/36d038ad0b4fb8353529b50cc493bcd97297979c ; CorpusId: 282912912 ; DBLP: journals/corr/abs-2511-06619 | Provenance: Semantic Scholar citation endpoint for arXiv:2402.08191: citing paper record ; S2 context: Therefore, compared to previous studies that focus on different aspects of generalization (Zhou et al., 2025a; Liu et al., 2025b; Pumacay et al., 2024; Xing et al., 2021; Xie et al., 2024; Zheng et al., 2022; Gao et al., 2025), we focus on vision-semantic gene",yes,2511.06619,https://arxiv.org/abs/2511.06619,"arXiv abs page lists arXiv:2511.06619 with the exact candidate title, matching authors Chuheng Zhang et al., and an available PDF.",high,no,citation-only,n/a,n/a,None,"arXiv PDF full text checked; Pumacay et al./THE COLOSSEUM is cited as prior generalization work and in the references. Appendix Table 2 reports SIMPLER and LIBERO success rates only, not THE COLOSSEUM.",high,The paper introduces/evaluates GrinningFace and uses SIMPLER/LIBERO for code-base comparison; no COLOSSEUM numbers.,arxiv_result_audit_2026-05-22_double:the_colossem_batch_04:A+B
COLOS-039,THE COLOSSEUM,Embodied intelligence for robot manipulation: development and challenges,2025,DOI `10.1007/s44336-025-00020-1`,,10.1007/s44336-025-00020-1,Semantic Scholar citation graph,Semantic Scholar lists this work as citing seed arXiv:2402.08191.,indexed-citation,"URLs: https://www.semanticscholar.org/paper/a96dc7c1778b7e33a7e1bd15d2084e5789cfb888 | Source IDs: SemanticScholarURL: https://www.semanticscholar.org/paper/a96dc7c1778b7e33a7e1bd15d2084e5789cfb888 ; CorpusId: 282615956 | Provenance: Semantic Scholar citation endpoint for arXiv:2402.08191: citing paper record ; S2 context: …issues: firstly, during the execution of complex tasks, there is the difficulty of avoiding high-risk actions caused by agents’ erroneous planning [206]; secondly, the improvement of the safety performance of embodied manipulation policies has the characteris",no,,,"Springer DOI page identifies the open-access journal review article. Exact-title arXiv search returned no results, and exact-title web search found Springer/metadata pages but no same-work arxiv.org record.",high,no,citation-only,n/a,n/a,None,Springer full text checked; THE COLOSSEUM appears as reference 206 to Pumacay et al. in the bibliography. This is a survey/review article and does not report THE COLOSSEUM evaluation results.,high,Publisher-only journal article found; no arXiv same-work match.,arxiv_result_audit_2026-05-22_double:the_colossem_batch_04:A+B
COLOS-040,THE COLOSSEUM,Learning Generalizable Visuomotor Policy through Dynamics-Alignment,2025,arXiv `2510.27114`; arXiv DOI `10.48550/arXiv.2510.27114`,2510.27114,10.48550/arXiv.2510.27114,Semantic Scholar citation graph,Semantic Scholar lists this work as citing seed arXiv:2402.08191.,indexed-citation,"URLs: https://www.semanticscholar.org/paper/12a68550d350e746d89c65eb1fc9eeb93c245d18 | Source IDs: SemanticScholarURL: https://www.semanticscholar.org/paper/12a68550d350e746d89c65eb1fc9eeb93c245d18 ; CorpusId: 282719369 ; DBLP: journals/corr/abs-2510-27114 | Provenance: Semantic Scholar citation endpoint for arXiv:2402.08191: citing paper record ; S2 context: 3) Generalization in Robot Learning: Recent works [40], [41], [42] have established systematic frameworks for catego-rizing generalization in robot learning based on the level of OOD scenarios.",yes,2510.27114,https://arxiv.org/abs/2510.27114,"arXiv abs page lists arXiv:2510.27114 with the exact candidate title, matching authors Dohyeok Lee et al., and an available PDF.",high,no,citation-only,n/a,n/a,None,"arXiv PDF full text checked; Colosseum/Pumacay appears only in the references/generalization related work. The paper reports DAP results on its own real-world manipulation/OOD setup, not THE COLOSSEUM.",high,Cites THE COLOSSEUM as related work only.,arxiv_result_audit_2026-05-22_double:the_colossem_batch_04:A+B
COLOS-041,THE COLOSSEUM,DynaRend: Learning 3D Dynamics via Masked Future Rendering for Robotic Manipulation,2025,arXiv `2510.24261`; arXiv DOI `10.48550/arXiv.2510.24261`,2510.24261,10.48550/arXiv.2510.24261,Semantic Scholar citation graph,Semantic Scholar lists this work as citing seed arXiv:2402.08191.,indexed-citation,"URLs: https://www.semanticscholar.org/paper/6202c402d2ce6077bf584b8c4b9dfda213d7aa7f | Source IDs: SemanticScholarURL: https://www.semanticscholar.org/paper/6202c402d2ce6077bf584b8c4b9dfda213d7aa7f ; CorpusId: 282400997 ; DBLP: journals/corr/abs-2510-24261 | Provenance: Semantic Scholar citation endpoint for arXiv:2402.08191: citing paper record ; S2 context: Colosseum [32] is a benchmark for evaluating the generalization capabilities of manipulation policies under 12 types of environmental perturbations across 20 tasks, including changes in object color, texture, size, and lighting.",yes,2510.24261,https://arxiv.org/abs/2510.24261,arXiv abs page https://arxiv.org/abs/2510.24261 lists the exact title; the row DOI is the matching arXiv DOI 10.48550/arXiv.2510.24261.,high,yes,reports-results,"COLOSSEUM standard setting: 20 tasks, 12 perturbation factors, 25 rollout episodes per perturbation; reports average success rate across each perturbation category",100 expert demonstrations per task,"Table 10 average success rates: No Variations 64.2; MO Color 61.0; RO Color 53.0; MO Texture 67.6; RO Texture 54.2; MO Size 54.3; RO Size 51.5; Light Color 59.0; Table Color 63.2; Table Texture 63.6; Distractor 50.0; Background Texture 64.0; Camera Pose 63.4. Figure 4 compares DynaRend with PerAct, R3M, MVP, RVT, and 3D-MVP on Colosseum.","arXiv PDF Section 4.1 says the paper evaluates on RLBench and Colosseum, uses 100 demonstrations per task, applies 12 perturbation types with 25 episodes per perturbation, and reports average success rate; Figure 4 is 'Results on Colosseum' and Table 10 is captioned 'All results on Colosseum benchmark.' URL: https://arxiv.org/pdf/2510.24261.",high,"Counts as reports-results because the paper directly reports COLOSSEUM success rates, not just a citation.",arxiv_result_audit_2026-05-22_double:the_colossem_batch_05:A+B
COLOS-042,THE COLOSSEUM,RobotArena ∞: Scalable Robot Benchmarking via Real-to-Sim Translation,2025,arXiv `2510.23571`; arXiv DOI `10.48550/arXiv.2510.23571`,2510.23571,10.48550/arXiv.2510.23571,Semantic Scholar citation graph,Semantic Scholar lists this work as citing seed arXiv:2402.08191.,indexed-citation,"URLs: https://www.semanticscholar.org/paper/6b5cbef0ff7a62a2cee1fac8211774a37bd94ba2 | Source IDs: SemanticScholarURL: https://www.semanticscholar.org/paper/6b5cbef0ff7a62a2cee1fac8211774a37bd94ba2 ; CorpusId: 282389726 ; DBLP: journals/corr/abs-2510-23571 | Provenance: Semantic Scholar citation endpoint for arXiv:2402.08191: citing paper record ; S2 context: Evaluating Robot Policies in Simulation Simulation offers a scalable and safe alternative for evaluating robot policies, with numerous benchmarks like: RLBench James et al. (2020), Colos-seum (Pumacay et al., 2024), CALVIN (Mees et al., 2022), LIBERO (Liu et a",yes,2510.23571,https://arxiv.org/abs/2510.23571,"arXiv abs page 2510.23571 lists the title 'RobotArena $\infty$: Scalable Robot Benchmarking via Real-to-Sim Translation,' matching the row's infinity-symbol title; URL: https://arxiv.org/abs/2510.23571.",high,no,citation-only,n/a,n/a,None,"arXiv PDF https://arxiv.org/pdf/2510.23571 mentions Colosseum only in related work as one of several simulation benchmarks and references Pumacay et al.; experiments benchmark RobotArena ∞ environments such as BridgeSim, DROIDSim, and RH20TSim, not THE COLOSSEUM.",high,Background citation to THE COLOSSEUM; no row-benchmark numeric results found.,arxiv_result_audit_2026-05-22_double:the_colossem_batch_05:A+B
COLOS-043,THE COLOSSEUM,PathFormer: A Transformer with 3D Grid Constraints for Digital Twin Robot-Arm Trajectory Generation,2025,arXiv `2510.20161`; arXiv DOI `10.48550/arXiv.2510.20161`,2510.20161,10.48550/arXiv.2510.20161,Semantic Scholar citation graph,Semantic Scholar lists this work as citing seed arXiv:2402.08191.,indexed-citation,"URLs: https://www.semanticscholar.org/paper/0149c9297317ab8c3efa743670c21d67e207fbe4 | Source IDs: SemanticScholarURL: https://www.semanticscholar.org/paper/0149c9297317ab8c3efa743670c21d67e207fbe4 ; CorpusId: 282304301 ; DBLP: journals/corr/abs-2510-20161 | Provenance: Semantic Scholar citation endpoint for arXiv:2402.08191: citing paper record ; S2 context: Twins: Structured policies such as finite-state machines, task graphs, and option libraries offer interpretability but depend heavily on manual design [12], [13].",yes,2510.20161,https://arxiv.org/abs/2510.20161,"arXiv abs page 2510.20161 lists the exact title, matching the row; URL: https://arxiv.org/abs/2510.20161.",high,no,citation-only,n/a,n/a,None,"arXiv PDF https://arxiv.org/pdf/2510.20161 mentions COLOSSEUM in related work among manipulation benchmarks; its reported numbers are lattice-corpus accuracy/F1/legal paths and real-robot reach, pick, and 60-task cluttered-scene success rates, not THE COLOSSEUM.",high,Only a related-work benchmark mention; no THE COLOSSEUM evaluation protocol or table.,arxiv_result_audit_2026-05-22_double:the_colossem_batch_05:A+B
COLOS-044,THE COLOSSEUM,Learning 4D Embodied World Models,2025,DOI `10.1109/ICCV51701.2025.00507`,,10.1109/ICCV51701.2025.00507,Semantic Scholar citation graph,Semantic Scholar lists this work as citing seed arXiv:2402.08191.,indexed-citation,URLs: https://www.semanticscholar.org/paper/8eeeb0b6f1c42ff96a2623ae0c680b7a71be7803 | Source IDs: SemanticScholarURL: https://www.semanticscholar.org/paper/8eeeb0b6f1c42ff96a2623ae0c680b7a71be7803 ; CorpusId: 285474798 | Provenance: Semantic Scholar citation endpoint for arXiv:2402.08191: citing paper record,yes,2504.20995,https://arxiv.org/abs/2504.20995,arXiv abs page https://arxiv.org/abs/2504.20995 lists the title variant 'TesserAct: Learning 4D Embodied World Models'; the ICCV/CVF page lists the exact row title with the same authors and related arXiv link.,high,no,uses-data-no-results,n/a,n/a,None,"arXiv PDF https://arxiv.org/pdf/2504.20995 says the authors adopt scene randomization techniques from the COLOSSEUM data generation pipeline while generating RLBench synthetic data; experiments report 4D generation, novel-view synthesis, and RLBench action-planning success rates, not THE COLOSSEUM benchmark scores.",high,Double audit agreed no THE COLOSSEUM numbers; final usage is uses-data-no-results because the paper reuses COLOSSEUM-style data-generation/randomization rather than reporting COLOSSEUM results.,arxiv_result_audit_2026-05-22_double:the_colossem_batch_05:A+B
COLOS-045,THE COLOSSEUM,NEBULA: Do We Evaluate Vision-Language-Action Agents Correctly?,2025,arXiv `2510.16263`; arXiv DOI `10.48550/arXiv.2510.16263`,2510.16263,10.48550/arXiv.2510.16263,Semantic Scholar citation graph,Semantic Scholar lists this work as citing seed arXiv:2402.08191.,indexed-citation,"URLs: https://www.semanticscholar.org/paper/e132299c142efae5c0b2b89cb9bcdfcece99f81c | Source IDs: SemanticScholarURL: https://www.semanticscholar.org/paper/e132299c142efae5c0b2b89cb9bcdfcece99f81c ; CorpusId: 282209747 ; DBLP: journals/corr/abs-2510-16263 | Provenance: Semantic Scholar citation endpoint for arXiv:2402.08191: citing paper record ; S2 context: THE COLOSSEUM (Pumacay et al., 2024) systematically perturbs tasks along controlled axes and reports robustness degradation.",yes,2510.16263,https://arxiv.org/abs/2510.16263,"arXiv abs page 2510.16263 lists the exact title, matching the row; URL: https://arxiv.org/abs/2510.16263.",high,no,citation-only,n/a,n/a,None,"arXiv PDF https://arxiv.org/pdf/2510.16263 cites THE COLOSSEUM as a realism-focused platform and states that it perturbs tasks and reports robustness degradation; the paper's own reported results are NEBULA Alpha capability/stress-test figures and tables, not THE COLOSSEUM.",high,"The sentence about THE COLOSSEUM reporting robustness degradation describes the cited benchmark paper, not new row-work results.",arxiv_result_audit_2026-05-22_double:the_colossem_batch_05:A+B
COLOS-046,THE COLOSSEUM,RoboHiMan: A Hierarchical Evaluation Paradigm for Compositional Generalization in Long-Horizon Manipulation,2025,arXiv `2510.13149`; arXiv DOI `10.48550/arXiv.2510.13149`,2510.13149,10.48550/arXiv.2510.13149,Semantic Scholar citation graph,Semantic Scholar lists this work as citing seed arXiv:2402.08191.,indexed-citation,"URLs: https://www.semanticscholar.org/paper/3ee987751aeb8c02a7d4e1ea578d46e1f071374d | Source IDs: SemanticScholarURL: https://www.semanticscholar.org/paper/3ee987751aeb8c02a7d4e1ea578d46e1f071374d ; CorpusId: 282102541 ; DBLP: journals/corr/abs-2510-13149 | Provenance: Semantic Scholar citation endpoint for arXiv:2402.08191: citing paper record ; S2 context: However, in real-world applications, compositional generalization intensifies as robots must contend with various perturbations, such as changes in lighting, object appearance, or camera poses (Pumacay et al., 2024).",yes,2510.13149,https://arxiv.org/abs/2510.13149,"arXiv abs page 2510.13149 lists the exact title, matching the row; URL: https://arxiv.org/abs/2510.13149.",high,no,uses-data-no-results,n/a,n/a,None,"arXiv PDF says RoboHiMan/HiMan-Bench leverages the Colosseum API and adopts Colosseum perturbation factors, but the reported numeric experiments are for HiMan-Bench/RoboHiMan evaluation modes, not THE COLOSSEUM benchmark. URL: https://arxiv.org/pdf/2510.13149.",high,"Marked uses-data-no-results because the paper reuses Colosseum perturbation/API design to build HiMan-Bench, but does not report COLOSSEUM benchmark numbers.",arxiv_result_audit_2026-05-22_double:the_colossem_batch_05:A+B
COLOS-047,THE COLOSSEUM,LIBERO-Plus: In-depth Robustness Analysis of Vision-Language-Action Models,2025,arXiv `2510.13626`; arXiv DOI `10.48550/arXiv.2510.13626`,2510.13626,10.48550/arXiv.2510.13626,Semantic Scholar citation graph,Semantic Scholar lists this work as citing seed arXiv:2402.08191.,indexed-citation,"URLs: https://www.semanticscholar.org/paper/dfa5ba43d6df553bb3a8cf3fc1cf2d1210cc10c3 | Source IDs: SemanticScholarURL: https://www.semanticscholar.org/paper/dfa5ba43d6df553bb3a8cf3fc1cf2d1210cc10c3 ; CorpusId: 282102298 ; DBLP: journals/corr/abs-2510-13626 | Provenance: Semantic Scholar citation endpoint for arXiv:2402.08191: citing paper record ; S2 context: We conducted a comprehensive review of existing studies aimed at evaluating the generalization performance of VLA models, particularly those introducing new test suites such as COLOSSEUM (Pumacay et al., 2024), RL4VLA (Liu et al., 2025), AGNOSTOS (Zhou et al.,",yes,2510.13626,https://arxiv.org/abs/2510.13626,"arXiv abs page 2510.13626 lists the exact title, matching the row; URL: https://arxiv.org/abs/2510.13626.",high,no,citation-only,n/a,n/a,None,"arXiv PDF https://arxiv.org/pdf/2510.13626 mentions COLOSSEUM in a review of existing test suites used to choose perturbation dimensions; reported numbers are LIBERO/LIBERO-Plus success rates under perturbations, not THE COLOSSEUM.",high,Do not count LIBERO-Plus perturbation results as THE COLOSSEUM results.,arxiv_result_audit_2026-05-22_double:the_colossem_batch_05:A+B
COLOS-048,THE COLOSSEUM,Failure Prediction at Runtime for Generative Robot Policies,2025,arXiv `2510.09459`; arXiv DOI `10.48550/arXiv.2510.09459`,2510.09459,10.48550/arXiv.2510.09459,Semantic Scholar citation graph,Semantic Scholar lists this work as citing seed arXiv:2402.08191.,indexed-citation,"URLs: https://www.semanticscholar.org/paper/aa97f421e7c9aae87b347d2c7646951d72140a44 | Source IDs: SemanticScholarURL: https://www.semanticscholar.org/paper/aa97f421e7c9aae87b347d2c7646951d72140a44 ; CorpusId: 282056059 ; DBLP: journals/corr/abs-2510-09459 | Provenance: Semantic Scholar citation endpoint for arXiv:2402.08191: citing paper record ; S2 context: Some approaches rely on a priori access to OOD data [23, 16, 42, 70], which is, however, often unavailable or not comprehensive enough [53].",yes,2510.09459,https://arxiv.org/abs/2510.09459,"arXiv abs page 2510.09459 lists the exact title, matching the row; URL: https://arxiv.org/abs/2510.09459.",high,no,citation-only,n/a,n/a,None,"arXiv PDF https://arxiv.org/pdf/2510.09459 cites THE COLOSSEUM in the references and OOD/benchmark context; its experiments evaluate FIPER on Sorting, Stacking, PushT, Pretzel, and PushChair environments, with no THE COLOSSEUM numeric results.",high,Only citation/background use of THE COLOSSEUM.,arxiv_result_audit_2026-05-22_double:the_colossem_batch_05:A+B
COLOS-049,THE COLOSSEUM,Vision-Language-Action Models for Robotics: A Review Towards Real-World Applications,2025,arXiv `2510.07077`; DOI `10.1109/ACCESS.2025.3609980`,2510.07077,10.1109/ACCESS.2025.3609980,Semantic Scholar citation graph,Semantic Scholar lists this work as citing seed arXiv:2402.08191.,indexed-citation,"URLs: https://www.semanticscholar.org/paper/58b30fe15c8fe3603f3f032ed28de6df606aabe8 | Source IDs: SemanticScholarURL: https://www.semanticscholar.org/paper/58b30fe15c8fe3603f3f032ed28de6df606aabe8 ; CorpusId: 281371543 ; DBLP: journals/corr/abs-2510-07077 | Provenance: Semantic Scholar citation endpoint for arXiv:2402.08191: citing paper record ; S2 context: THE COLOSSEUM [397], built on top of RLBench, is a benchmark designed to systematically evaluate the generalization capabilities of robotic manipulation policies under environment variations.",yes,2510.07077,https://arxiv.org/abs/2510.07077,"arXiv abs page 2510.07077 lists the exact title and notes IEEE Access acceptance, matching the row; URL: https://arxiv.org/abs/2510.07077.",high,no,citation-only,n/a,n/a,None,"arXiv PDF is a survey/review; it describes THE COLOSSEUM as a benchmark with 20 manipulation tasks and environment perturbations and lists it in a simulator/benchmark table, but reports no candidate-work numeric THE COLOSSEUM evaluation results. URL: https://arxiv.org/pdf/2510.07077.",high,Descriptive benchmark counts in a survey table are not benchmark performance numbers.,arxiv_result_audit_2026-05-22_double:the_colossem_batch_05:A+B
COLOS-050,THE COLOSSEUM,Reliable and Scalable Robot Policy Evaluation with Imperfect Simulators,2025,arXiv `2510.04354`; arXiv DOI `10.48550/arXiv.2510.04354`,2510.04354,10.48550/arXiv.2510.04354,Semantic Scholar citation graph,Semantic Scholar lists this work as citing seed arXiv:2402.08191.,indexed-citation,"URLs: https://www.semanticscholar.org/paper/75eea17c71215435210f467ea63974a180d102cd | Source IDs: SemanticScholarURL: https://www.semanticscholar.org/paper/75eea17c71215435210f467ea63974a180d102cd ; CorpusId: 281844095 ; DBLP: journals/corr/abs-2510-04354 | Provenance: Semantic Scholar citation endpoint for arXiv:2402.08191: citing paper record ; S2 context: For example, simulation-based rankings—whether across different policies or for a given policy under diverse environmental factors—have been shown to correlate well with real-world performance [13, 14, 21, 38, 44].",yes,2510.04354,https://arxiv.org/abs/2510.04354,"arXiv abs page 2510.04354 lists the exact title, matching the row; URL: https://arxiv.org/abs/2510.04354.",high,no,citation-only,n/a,n/a,None,"arXiv PDF https://arxiv.org/pdf/2510.04354 cites The Colosseum among physics-based simulation benchmarks and as evidence about simulation-based rankings; the paper's experiments evaluate SureSim with diffusion policy and multi-task fine-tuned pi0 on its own real2sim object/initial-condition distribution, not THE COLOSSEUM.",high,Background citation to THE COLOSSEUM; no row-benchmark numeric results found.,arxiv_result_audit_2026-05-22_double:the_colossem_batch_05:A+B
COLOS-051,THE COLOSSEUM,UniPrototype: Humn-Robot Skill Learning with Uniform Prototypes,2025,arXiv `2509.23021`; arXiv DOI `10.48550/arXiv.2509.23021`,2509.23021,10.48550/arXiv.2509.23021,Semantic Scholar citation graph,Semantic Scholar lists this work as citing seed arXiv:2402.08191.,indexed-citation,"URLs: https://www.semanticscholar.org/paper/60b269c8961b77c1246651dc75420d083e9b3cd9 | Source IDs: SemanticScholarURL: https://www.semanticscholar.org/paper/60b269c8961b77c1246651dc75420d083e9b3cd9 ; CorpusId: 281674498 ; DBLP: journals/corr/abs-2509-23021 | Provenance: Semantic Scholar citation endpoint for arXiv:2402.08191: citing paper record ; S2 context: : We use RLBench [23], [26], a large-scale benchmark with 100 diverse manipulation tasks.",yes,2509.23021,https://arxiv.org/abs/2509.23021,"arXiv abs page https://arxiv.org/abs/2509.23021 identifies UniPrototype; the current record is withdrawn, but v1 PDF https://arxiv.org/pdf/2509.23021v1 was available for audit.",high,no,citation-only,n/a,n/a,None,"The available v1 PDF cites THE COLOSSEUM as reference [26] and says experiments use RLBench [23], [26], but the reported tables are cross-embodiment/RLBench/real-world UniPrototype results, not THE COLOSSEUM benchmark results. URL: https://arxiv.org/pdf/2509.23021v1.",high,"Adjudicated in favor of the reviewer who checked the withdrawn paper's v1 PDF. Current arXiv record is withdrawn, but v1 full text shows no COLOSSEUM result table or figure.",arxiv_result_audit_2026-05-22_double:the_colossem_batch_06:A+B
COLOS-052,THE COLOSSEUM,RoboView-Bias: Benchmarking Visual Bias in Embodied Agents for Robotic Manipulation,2025,arXiv `2509.22356`; arXiv DOI `10.48550/arXiv.2509.22356`,2509.22356,10.48550/arXiv.2509.22356,Semantic Scholar citation graph,Semantic Scholar lists this work as citing seed arXiv:2402.08191.,indexed-citation,URLs: https://www.semanticscholar.org/paper/168f026c3be5d5c884b0ba31112a25a7f05dd797 | Source IDs: SemanticScholarURL: https://www.semanticscholar.org/paper/168f026c3be5d5c884b0ba31112a25a7f05dd797 ; CorpusId: 281659460 ; DBLP: journals/corr/abs-2509-22356 | Provenance: Semantic Scholar citation endpoint for arXiv:2402.08191: citing paper record ; S2 context: Existing robot manipulation benchmarks primarily evaluate an algorithm’s generalization James et al. (2020); Zhu et al. (2020); Heo et al. (2023); Pumacay et al. (2024); Luo et al. (2025) and robustness Puig et al.; Xie et al. (2024); Li et al. (2024a); Liu et,yes,2509.22356,https://arxiv.org/abs/2509.22356,"arXiv abs page 2509.22356 lists the exact title, matching the row; URL: https://arxiv.org/abs/2509.22356.",high,no,citation-only,n/a,n/a,None,"arXiv PDF mentions THE COLOSSEUM/Pumacay et al. only as a prior robustness/generalization benchmark in related work and references; reported numeric results are for RoboView-Bias, not THE COLOSSEUM. URL: https://arxiv.org/pdf/2509.22356.",high,Do not count the paper's own RoboView-Bias success/bias numbers as COLOSSEUM results.,arxiv_result_audit_2026-05-22_double:the_colossem_batch_06:A+B
COLOS-053,THE COLOSSEUM,CORE: Full-Path Evaluation of LLM Agents Beyond Final State,2025,arXiv `2509.20998`; arXiv DOI `10.48550/arXiv.2509.20998`,2509.20998,10.48550/arXiv.2509.20998,Semantic Scholar citation graph,Semantic Scholar lists this work as citing seed arXiv:2402.08191.,indexed-citation,"URLs: https://www.semanticscholar.org/paper/ec4ed8d8db9b303ee1d8257364da7dbd87648aed | Source IDs: SemanticScholarURL: https://www.semanticscholar.org/paper/ec4ed8d8db9b303ee1d8257364da7dbd87648aed ; CorpusId: 281526017 ; DBLP: journals/corr/abs-2509-20998 | Provenance: Semantic Scholar citation endpoint for arXiv:2402.08191: citing paper record ; S2 context: For comprehensive comparison with prior work beyond BFCL, we are currently developing DFA-based implementations tailored to domain-specific benchmarks [1, 17, 20].",yes,2509.20998,https://arxiv.org/abs/2509.20998,"arXiv abs page 2509.20998 lists the exact title, matching the row; URL: https://arxiv.org/abs/2509.20998.",high,no,citation-only,n/a,n/a,None,"arXiv PDF reports CORE/BFCL metrics on simulated agentic worlds; THE COLOSSEUM appears as reference [20] and in a future-work sentence about domain-specific benchmarks, with no numeric THE COLOSSEUM evaluation. URL: https://arxiv.org/pdf/2509.20998.",high,"Robotics/COLOSSEUM is cited as possible domain-specific context, not evaluated.",arxiv_result_audit_2026-05-22_double:the_colossem_batch_06:A+B
COLOS-054,THE COLOSSEUM,"Score the Steps, Not Just the Goal: VLM-Based Subgoal Evaluation for Robotic Manipulation",2025,arXiv `2509.19524`; arXiv DOI `10.48550/arXiv.2509.19524`,2509.19524,10.48550/arXiv.2509.19524,Semantic Scholar citation graph,Semantic Scholar lists this work as citing seed arXiv:2402.08191.,indexed-citation,URLs: https://www.semanticscholar.org/paper/8ee238fecd12b2fb6704105ff59eee949964a937 | Source IDs: SemanticScholarURL: https://www.semanticscholar.org/paper/8ee238fecd12b2fb6704105ff59eee949964a937 ; CorpusId: 281505990 ; DBLP: journals/corr/abs-2509-19524 | Provenance: Semantic Scholar citation endpoint for arXiv:2402.08191: citing paper record ; S2 context: Benchmarks such as ARNOLD [25] probe language-grounded manipulation with continuous goal states and explicit generalization splits; The Colosseum [26] stresses systematic generalization across controlled perturbations with open leaderboards; SIMPLER [27] provi,yes,2509.19524,https://arxiv.org/abs/2509.19524,"arXiv abs page 2509.19524 lists the exact title, matching the row; URL: https://arxiv.org/abs/2509.19524.",high,no,citation-only,n/a,n/a,None,arXiv PDF describes THE COLOSSEUM in related work as stressing systematic generalization/open leaderboards and cites it as reference [26]; the paper is a StepEval blueprint and reports no numeric THE COLOSSEUM results. URL: https://arxiv.org/pdf/2509.19524.,high,Mentions COLOSSEUM only as existing benchmark context.,arxiv_result_audit_2026-05-22_double:the_colossem_batch_06:A+B
COLOS-055,THE COLOSSEUM,RoboManipBaselines: A Unified Framework for Imitation Learning in Robotic Manipulation across Real and Simulation Environments,2025,arXiv `2509.17057`; DOI `10.1109/access.2026.3691054`; arXiv DOI `10.48550/arXiv.2509.17057`,2509.17057,10.1109/access.2026.3691054; 10.48550/arXiv.2509.17057,Semantic Scholar citation graph,Semantic Scholar lists this work as citing seed arXiv:2402.08191.,indexed-citation,"URLs: https://www.semanticscholar.org/paper/a9506cf7ec99457a12b2810baf2e965c9413ae3d ; https://www.semanticscholar.org/paper/df0355f15532dc567db046ea0a7b4a706b08ed8b | Source IDs: SemanticScholarURL: https://www.semanticscholar.org/paper/a9506cf7ec99457a12b2810baf2e965c9413ae3d | https://www.semanticscholar.org/paper/df0355f15532dc567db046ea0a7b4a706b08ed8b ; CorpusId: 286975207 | 281420983 ; DBLP: journals/corr/abs-2509-17057 | Provenance: Semantic Scholar citation endpoint for arXiv:2402.08191: citing paper record ; S2 context: Table I summarizes representative software frameworks [1], [5], [6], [7], [8], [9], [10], [11], [12] that consistently support the main components of the imitation learning cycle shown in Fig. ; S2 context: A comparison with other open frameworks [1], [2], [3], [4], [5], [6], [7], [8], [9] is summarized in Table I. RoboManipBaselines offers a wide range of capabilities for robot imitation learning. | Merge notes: Merged duplicate candidate 'RoboManipBaselines: A Unified Framework for Imitation Learning in Robotic Manipulation across Real and Simulated Environments' by arxiv=2509.17057",yes,2509.17057,https://arxiv.org/abs/2509.17057,arXiv abs page 2509.17057 lists the exact title and arXiv ID; URL: https://arxiv.org/abs/2509.17057.,high,no,citation-only,n/a,n/a,None,arXiv PDF Table I is a qualitative comparison of open frameworks and lists COLOSSEUM with simulator/support checkmarks; it reports no THE COLOSSEUM performance numbers. URL: https://arxiv.org/pdf/2509.17057.,high,Framework feature checkmarks are not numeric benchmark results. The row title matches arXiv; DOI/published title variant uses the same work.,arxiv_result_audit_2026-05-22_double:the_colossem_batch_06:A+B
COLOS-056,THE COLOSSEUM,Learning Primitive Embodied World Models: Towards Scalable Robotic Learning,2025,arXiv `2508.20840`; arXiv DOI `10.48550/arXiv.2508.20840`,2508.20840,10.48550/arXiv.2508.20840,Semantic Scholar citation graph,Semantic Scholar lists this work as citing seed arXiv:2402.08191.,indexed-citation,"URLs: https://www.semanticscholar.org/paper/bc914243838b8863d0c1cc1128c23a296cca39bb | Source IDs: SemanticScholarURL: https://www.semanticscholar.org/paper/bc914243838b8863d0c1cc1128c23a296cca39bb ; CorpusId: 280949912 ; DBLP: journals/corr/abs-2508-20840 | Provenance: Semantic Scholar citation endpoint for arXiv:2402.08191: citing paper record ; S2 context: …Table 7, our approach achieves significantly higher success rates on both Close Box and Open Drawer tasks compared to the VLM-based method VoxPoser [39] and the action-tokenization approach PerAct [87], where the performance of VoxPoser and PerAct are both ex",yes,2508.20840,https://arxiv.org/abs/2508.20840,"arXiv abs page 2508.20840 lists the exact title, matching the row; URL: https://arxiv.org/abs/2508.20840.",high,no,citation-only,n/a,n/a,None,"arXiv PDF Appendix H.1/Table 8 reports RLBench success rates on Close Box/Open Drawer and says VoxPoser/PerAct values are extracted from the Colosseum paper; the table is labeled RLBench, not THE COLOSSEUM, and no COLOSSEUM benchmark result table/figure was found. URL: https://arxiv.org/pdf/2508.20840.",high,Do not count RLBench task success values sourced from the Colosseum paper as THE COLOSSEUM benchmark results.,arxiv_result_audit_2026-05-22_double:the_colossem_batch_06:A+B
COLOS-057,THE COLOSSEUM,"Robotic Manipulation via Imitation Learning: Taxonomy, Evolution, Benchmark, and Challenges",2025,arXiv `2508.17449`; arXiv DOI `10.48550/arXiv.2508.17449`,2508.17449,10.48550/arXiv.2508.17449,Semantic Scholar citation graph,Semantic Scholar lists this work as citing seed arXiv:2402.08191.,indexed-citation,"URLs: https://www.semanticscholar.org/paper/af2b6dd81d76c58775f06587ceb60d12a9421113 | Source IDs: SemanticScholarURL: https://www.semanticscholar.org/paper/af2b6dd81d76c58775f06587ceb60d12a9421113 ; CorpusId: 280711581 ; DBLP: journals/corr/abs-2508-17449 | Provenance: Semantic Scholar citation endpoint for arXiv:2402.08191: citing paper record ; S2 context: The COLOSSEUM [126] perturbs lighting, textures, distractors, camera, object properties, etc., and reports the average performance decrease from the base setting across perturbation axes ( ↓ is better).",yes,2508.17449,https://arxiv.org/abs/2508.17449,"arXiv abs page 2508.17449 lists the exact title, matching the row; URL: https://arxiv.org/abs/2508.17449.",high,yes,reports-results,"THE COLOSSEUM generalization benchmark; metric is average decrease across all perturbations, with the paper text describing 12 perturbation axes and 25 trials per perturbation",not reported,Table VIII average decrease across perturbations: SAM2Act -4.3; RVT -14.5; Diffuser -15.6; MVP -16.3; PerAct -17.3; RVT-2 -19.5; GENIMA -41.6; BridgeVLA -45.3; R3M -49.9; ACT -61.8.,arXiv PDF Table VIII is captioned 'Robot Manipulation Generalization on The COLOSSEUM' and states the metric is average decrease across all perturbations; the following paragraph says these are COLOSSEUM benchmark results with 25 trials per perturbation. URL: https://arxiv.org/pdf/2508.17449.,high,"This is a survey-style benchmark table, but it explicitly reports numeric THE COLOSSEUM results, so it counts as reports-results.",arxiv_result_audit_2026-05-22_double:the_colossem_batch_06:A+B
COLOS-058,THE COLOSSEUM,Mind and Motion Aligned: A Joint Evaluation IsaacSim Benchmark for Task Planning and Low-Level Policies in Mobile Manipulation,2025,arXiv `2508.15663`; arXiv DOI `10.48550/arXiv.2508.15663`,2508.15663,10.48550/arXiv.2508.15663,Semantic Scholar citation graph,Semantic Scholar lists this work as citing seed arXiv:2402.08191.,indexed-citation,"URLs: https://www.semanticscholar.org/paper/9286db3933c1115fe012c1341379482da398e4c8 | Source IDs: SemanticScholarURL: https://www.semanticscholar.org/paper/9286db3933c1115fe012c1341379482da398e4c8 ; CorpusId: 280699776 ; DBLP: journals/corr/abs-2508-15663 | Provenance: Semantic Scholar citation endpoint for arXiv:2402.08191: citing paper record ; S2 context: The COLOSSEUM [26] stresses robustness under environmental perturbations across diverse manipulation tasks, and BEHAVIOR-1K [24] defines a large suite of everyday activities and assets enabling long-horizon scenarios.",yes,2508.15663,https://arxiv.org/abs/2508.15663,"arXiv abs page 2508.15663 lists the exact title, matching the row; URL: https://arxiv.org/abs/2508.15663.",high,no,citation-only,n/a,n/a,None,"arXiv PDF lists COLOSSEUM in a qualitative benchmark comparison table and related-work text as a robustness benchmark; reported results are for the paper's Kitchen-R/IsaacSim task-planning and policy baselines, not THE COLOSSEUM. URL: https://arxiv.org/pdf/2508.15663.",high,Benchmark-feature table entries are not numeric COLOSSEUM results.,arxiv_result_audit_2026-05-22_double:the_colossem_batch_06:A+B
COLOS-059,THE COLOSSEUM,Large VLM-based Vision-Language-Action Models for Robotic Manipulation: A Survey,2025,arXiv `2508.13073`; arXiv DOI `10.48550/arXiv.2508.13073`,2508.13073,10.48550/arXiv.2508.13073,Semantic Scholar citation graph,Semantic Scholar lists this work as citing seed arXiv:2402.08191.,indexed-citation,"URLs: https://www.semanticscholar.org/paper/dce821cddbf6a3eb435de04d9353681925aaaecf | Source IDs: SemanticScholarURL: https://www.semanticscholar.org/paper/dce821cddbf6a3eb435de04d9353681925aaaecf ; CorpusId: 280677209 ; DBLP: journals/corr/abs-2508-13073 | Provenance: Semantic Scholar citation endpoint for arXiv:2402.08191: citing paper record ; S2 context: Beyond traditional simulation benchmarks, THE COLOSSEUM [221] and VLABench [222] extend simulation benchmarks by assessing robustness under distribution shifts and supporting universal language-conditioned manipulation, respectively.",yes,2508.13073,https://arxiv.org/abs/2508.13073,"arXiv abs page 2508.13073 lists the exact title, matching the row; URL: https://arxiv.org/abs/2508.13073.",high,no,citation-only,n/a,n/a,None,arXiv PDF Section 7 describes THE COLOSSEUM as a simulation benchmark assessing robustness under distribution shifts and cites it in the references; no numeric THE COLOSSEUM result table/figure was found. URL: https://arxiv.org/pdf/2508.13073.,high,Survey discussion of benchmark scope is descriptive only.,arxiv_result_audit_2026-05-22_double:the_colossem_batch_06:A+B
COLOS-060,THE COLOSSEUM,Robot Policy Evaluation for Sim-to-Real Transfer: A Benchmarking Perspective,2025,arXiv `2508.11117`; arXiv DOI `10.48550/arXiv.2508.11117`,2508.11117,10.48550/arXiv.2508.11117,Semantic Scholar citation graph,Semantic Scholar lists this work as citing seed arXiv:2402.08191.,indexed-citation,"URLs: https://www.semanticscholar.org/paper/1d2f0e99cd09dedbd6567ab7ea93950bb2e79906 | Source IDs: SemanticScholarURL: https://www.semanticscholar.org/paper/1d2f0e99cd09dedbd6567ab7ea93950bb2e79906 ; CorpusId: 280671067 ; DBLP: journals/corr/abs-2508-11117 | Provenance: Semantic Scholar citation endpoint for arXiv:2402.08191: citing paper record ; S2 context: Moreover, most benchmarks lack considerations for robustness in deploying robot policies in the real world, which have been shown to significantly degrade policy performance [18].",yes,2508.11117,https://arxiv.org/abs/2508.11117,"arXiv abs page 2508.11117 lists the exact title, matching the row; URL: https://arxiv.org/abs/2508.11117.",high,no,citation-only,n/a,n/a,None,"arXiv PDF cites THE COLOSSEUM/Pumacay et al. as reference [18] and includes a background sentence that scene variations can degrade success rate by 30-50%; it does not report a THE COLOSSEUM experiment, table, figure, or benchmark result for the row paper. URL: https://arxiv.org/pdf/2508.11117.",high,"The 30-50% statement is background attributed to prior work, not a reported COLOSSEUM result table/evaluation in this paper.",arxiv_result_audit_2026-05-22_double:the_colossem_batch_06:A+B
COLOS-061,THE COLOSSEUM,SegDAC: Visual Generalization in Reinforcement Learning via Dynamic Object Tokens,2025,arXiv `2508.09325`,2508.09325,,Semantic Scholar citation graph,Semantic Scholar lists this work as citing seed arXiv:2402.08191.,indexed-citation,URLs: https://www.semanticscholar.org/paper/ac37c016b8a2eae69c6626789e9f666e038b5ec1 | Source IDs: SemanticScholarURL: https://www.semanticscholar.org/paper/ac37c016b8a2eae69c6626789e9f666e038b5ec1 ; CorpusId: 280642456 | Provenance: Semantic Scholar citation endpoint for arXiv:2402.08191: citing paper record,yes,2508.09325,https://arxiv.org/abs/2508.09325,arXiv page https://arxiv.org/abs/2508.09325 lists arXiv:2508.09325 with the matching title and authors Alexandre Brown and Glen Berseth.,high,no,citation-only,n/a,n/a,None,"arXiv PDF https://arxiv.org/pdf/2508.09325 evaluates a new ManiSkill3 visual-generalization benchmark; COLOSSEUM/Pumacay et al. is cited only as inspiration/reference for perturbation taxonomy, with no THE COLOSSEUM result table, figure, success rate, or score.",high,Do not count ManiSkill3 perturbation IQM/return numbers as THE COLOSSEUM results.,arxiv_result_audit_2026-05-22_double:the_colossem_batch_07:A+B
COLOS-062,THE COLOSSEUM,MolmoAct: Action Reasoning Models that can Reason in Space,2025,arXiv `2508.07917`; arXiv DOI `10.48550/arXiv.2508.07917`,2508.07917,10.48550/arXiv.2508.07917,Semantic Scholar citation graph,Semantic Scholar lists this work as citing seed arXiv:2402.08191.,indexed-citation,"URLs: https://www.semanticscholar.org/paper/12d4e00d470d50701dceae24eacf616608c22ecd | Source IDs: SemanticScholarURL: https://www.semanticscholar.org/paper/12d4e00d470d50701dceae24eacf616608c22ecd ; CorpusId: 280566839 ; DBLP: journals/corr/abs-2508-07917 | Provenance: Semantic Scholar citation endpoint for arXiv:2402.08191: citing paper record ; S2 context: This shift has enabled policies that not only excel within their training distribution but also generalize to out-of-distribution scenes, environments, language instructions, and novel objects (Pumacay et al., 2024; Xie et al., 2024; Lin et al., 2024).",yes,2508.07917,https://arxiv.org/abs/2508.07917,arXiv page https://arxiv.org/abs/2508.07917 lists arXiv:2508.07917 with the matching title and authors.,high,no,citation-only,n/a,n/a,None,"arXiv PDF https://arxiv.org/pdf/2508.07917 reports SimplerEnv, LIBERO, real-world, and human-preference evaluations; THE COLOSSEUM/Pumacay et al. appears only in related work/references, not in a COLOSSEUM result table or figure.",high,Existing tracker fields for this row were consistent with the recheck.,arxiv_result_audit_2026-05-22_double:the_colossem_batch_07:A+B
COLOS-063,THE COLOSSEUM,Learning to See and Act: Task-Aware Virtual View Exploration for Robotic Manipulation,2025,arXiv `2508.05186`,2508.05186,,Semantic Scholar citation graph,Semantic Scholar lists this work as citing seed arXiv:2402.08191.,indexed-citation,"URLs: https://www.semanticscholar.org/paper/b79af713b2b7ca628c569c30f0a814a28f10086b | Source IDs: SemanticScholarURL: https://www.semanticscholar.org/paper/b79af713b2b7ca628c569c30f0a814a28f10086b ; CorpusId: 283244091 | Provenance: Semantic Scholar citation endpoint for arXiv:2402.08191: citing paper record ; S2 context: Following the pipeline from the COLOSSEUM [40], we specify variation types using yaml configuration files and data collection procedures via json metadata.",yes,2508.05186,https://arxiv.org/abs/2508.05186,arXiv page https://arxiv.org/abs/2508.05186 lists arXiv:2508.05186 with the matching title and authors.,high,no,uses-data-no-results,n/a,n/a,None,"arXiv PDF https://arxiv.org/pdf/2508.05186 says the authors construct RLBench-OG and, following the COLOSSEUM pipeline, specify variation types with yaml/json metadata; the numeric tables are for RLBench/RLBench-OG/real-robot tasks, not THE COLOSSEUM.",high,Double audit agreed no THE COLOSSEUM numbers; final usage is uses-data-no-results because the paper follows the COLOSSEUM pipeline for a custom suite rather than reporting COLOSSEUM benchmark scores.,arxiv_result_audit_2026-05-22_double:the_colossem_batch_07:A+B
COLOS-064,THE COLOSSEUM,SimLauncher: Launching Sample-Efficient Real-World Robotic Reinforcement Learning via Simulation Pre-Training,2025,arXiv `2507.04452`; DOI `10.1109/IROS60139.2025.11246668`,2507.04452,10.1109/IROS60139.2025.11246668,Semantic Scholar citation graph,Semantic Scholar lists this work as citing seed arXiv:2402.08191.,indexed-citation,"URLs: https://www.semanticscholar.org/paper/0028aa0972d80f1f6bd48b8c5dfa24e871ef3261 | Source IDs: SemanticScholarURL: https://www.semanticscholar.org/paper/0028aa0972d80f1f6bd48b8c5dfa24e871ef3261 ; CorpusId: 280049290 ; DBLP: conf/iros/WuWWHFHGLYYCD25 | Provenance: Semantic Scholar citation endpoint for arXiv:2402.08191: citing paper record ; S2 context: While significant strides have been made in generalizable learning [1], [2], [3], [4] and dexterous manipulation [5], [6], [7], the challenge of robust manipulation—ensuring consistent success across real-world conditions—remains an underexplored frontier, yet",yes,2507.04452,https://arxiv.org/abs/2507.04452,arXiv page https://arxiv.org/abs/2507.04452 lists arXiv:2507.04452 with the matching title and authors; Crossref/DOI also matches the row DOI.,high,no,citation-only,n/a,n/a,None,"arXiv PDF https://arxiv.org/pdf/2507.04452 contains THE COLOSSEUM only as reference [4] in related work; experiments are real-world RL/simulation pretraining tasks, with no THE COLOSSEUM protocol, table, figure, success rate, or score.",high,No row-benchmark use beyond citation/background.,arxiv_result_audit_2026-05-22_double:the_colossem_batch_07:A+B
COLOS-065,THE COLOSSEUM,VLM-TDP: VLM-guided Trajectory-conditioned Diffusion Policy for Robust Long-Horizon Manipulation,2025,arXiv `2507.04524`; arXiv DOI `10.48550/arXiv.2507.04524`,2507.04524,10.48550/arXiv.2507.04524,Semantic Scholar citation graph,Semantic Scholar lists this work as citing seed arXiv:2402.08191.,indexed-citation,"URLs: https://www.semanticscholar.org/paper/75bbd05310d8268a875d9daecb935abd99db5eb6 | Source IDs: SemanticScholarURL: https://www.semanticscholar.org/paper/75bbd05310d8268a875d9daecb935abd99db5eb6 ; CorpusId: 280079921 ; DBLP: journals/corr/abs-2507-04524 | Provenance: Semantic Scholar citation endpoint for arXiv:2402.08191: citing paper record ; S2 context: Next, we introduced more variants to the environment by leveraging the recent work Colosseum [21].",yes,2507.04524,https://arxiv.org/abs/2507.04524,arXiv page https://arxiv.org/abs/2507.04524 lists arXiv:2507.04524 with the matching title and authors.,high,yes,reports-results,"Colosseum variations on Stack 1 Block: background texture, object texture, smaller objects, larger objects",40 demonstrations as the training set,"Fig. 4 annotated success rates. Background texture: DP Pick 0.40, Place 1.00, Comb 0.17; TDP Pick 0.86, Place 1.00, Comb 0.41. Object texture: DP 0.44/0.99/0.20; TDP 0.81/0.99/0.47. Smaller objects: DP 0.35/1.00/0.18; TDP 0.73/0.98/0.38. Larger objects: DP 0.62/0.80/0.25; TDP 0.97/0.85/0.50.","arXiv PDF Section IV-C says it introduces variants by leveraging Colosseum and selected background texture, object texture, smaller objects, and larger objects; Fig. 4 is captioned 'Success Rates with Colosseum Variations' with the numeric bar annotations listed above.",high,"Numbers are reported as success-rate values in [0,1] for DP vs TDP on Colosseum-style variations.",arxiv_result_audit_2026-05-22_double:the_colossem_batch_07:A+B
COLOS-066,THE COLOSSEUM,RoboEval: Where Robotic Manipulation Meets Structured and Scalable Evaluation,2025,arXiv `2507.00435`; arXiv DOI `10.48550/arXiv.2507.00435`,2507.00435,10.48550/arXiv.2507.00435,Semantic Scholar citation graph,Semantic Scholar lists this work as citing seed arXiv:2402.08191.,indexed-citation,"URLs: https://www.semanticscholar.org/paper/fe25c6ceaabf4d9a6f87372841c7cf10f00acb3d | Source IDs: SemanticScholarURL: https://www.semanticscholar.org/paper/fe25c6ceaabf4d9a6f87372841c7cf10f00acb3d ; CorpusId: 280067730 ; DBLP: journals/corr/abs-2507-00435 | Provenance: Semantic Scholar citation endpoint for arXiv:2402.08191: citing paper record ; S2 context: Significant advances have been made in benchmarking single-arm manipulation [8, 9, 5, 10, 11].",yes,2507.00435,https://arxiv.org/abs/2507.00435,arXiv page https://arxiv.org/abs/2507.00435 lists arXiv:2507.00435 with the matching title and authors.,high,no,citation-only,n/a,n/a,None,"arXiv PDF https://arxiv.org/pdf/2507.00435 discusses Colosseum as a prior benchmark in related work/benchmark comparison and cites arXiv:2402.08191; numeric experiments and tables are for RoboEval, not THE COLOSSEUM.",high,No row-benchmark use beyond citation/background.,arxiv_result_audit_2026-05-22_double:the_colossem_batch_07:A+B
COLOS-067,THE COLOSSEUM,Robocskbench: Benchmarking Embodied Commonsense Capabilities of Large Language Models,2025,DOI `10.1109/UR65550.2025.11078036`,,10.1109/UR65550.2025.11078036,Semantic Scholar citation graph,Semantic Scholar lists this work as citing seed arXiv:2402.08191.,indexed-citation,"URLs: https://www.semanticscholar.org/paper/bb12f0a9a58fe27f5a16590ef209d06d3fae1876 | Source IDs: SemanticScholarURL: https://www.semanticscholar.org/paper/bb12f0a9a58fe27f5a16590ef209d06d3fae1876 ; CorpusId: 280129269 ; DBLP: conf/urai/TobergKC25 | Provenance: Semantic Scholar citation endpoint for arXiv:2402.08191: citing paper record ; S2 context: Related to our goal to benchmark the ability of systems to perform commonsense reasoning in household settings is The Colosseum , a simulation benchmark covering diverse household manipulation tasks and their different types of environmental perturbations [27]",no,,,No exact-title arXiv match found. DBLP and Crossref list the work as an IEEE UR 2025 paper with DOI 10.1109/UR65550.2025.11078036; OpenAlex reports closed access with no OA URL or repository full text.,high,no,citation-only,n/a,n/a,None,"DBLP/OpenAlex/Crossref metadata identify this as the RoboCSKBench paper; the public abstract says it builds and evaluates RoboCSKBench with LLMs. The row's Semantic Scholar context only uses The Colosseum as related work/background, and no public source checked shows THE COLOSSEUM numeric results.",medium,"Publisher full text appears closed, but public metadata/abstract and citation context support citation-only rather than THE COLOSSEUM result reporting.",arxiv_result_audit_2026-05-22_double:the_colossem_batch_07:A+B
COLOS-068,THE COLOSSEUM,Rethinking 3D Robotic Perception: Elastic Voxel Representation with Splatting Distillation,2025,DOI `10.1109/ICME59968.2025.11209070`,,10.1109/ICME59968.2025.11209070,Semantic Scholar citation graph,Semantic Scholar lists this work as citing seed arXiv:2402.08191.,indexed-citation,"URLs: https://www.semanticscholar.org/paper/0c134b28b2ab28a28bfabfbb4eae3dc7cd20ce2e | Source IDs: SemanticScholarURL: https://www.semanticscholar.org/paper/0c134b28b2ab28a28bfabfbb4eae3dc7cd20ce2e ; CorpusId: 282610968 ; DBLP: conf/icmcs/PanXXZWYC25 | Provenance: Semantic Scholar citation endpoint for arXiv:2402.08191: citing paper record ; S2 context: To evaluate environmental robustness, we conducted comparative experiments on the Colos-seum benchmark [28].",no,,,Exact-title/arXiv checks found no arXiv version; publication appears to be IEEE/publisher-only for this audit.,high,yes,reports-results,"Colosseum robustness analysis with perturbation factors normal type, light color, object color, object texture, table color; task A=open drawer and task B=reach target",20 episodes of demonstrations across 10 tasks; not stated per task,"IEEE PDF Table IV reports Colosseum success rates. Task A/open drawer: PerAct/GNFactor/Ours normal 36.0/64.0/80.0, light color 20.0/36.0/80.0, object color 20.0/36.0/80.0, object texture 12.0/32.0/76.0, table color 32.0/32.0/76.0. Task B/reach target: PerAct/GNFactor/Ours normal 32.0/28.0/92.0, light color 24.0/16.0/84.0, object color 24.0/16.0/64.0, object texture 16.0/8.0/56.0, table color 28.0/20.0/84.0.",IEEE full-text PDF page 5 Table IV is titled robustness analysis on Colosseum benchmark and gives the numeric success rates; the experiments section states the 10-task/166-variation setup.,high,Adjudicated in favor of the reviewer with IEEE full-text access. No arXiv version found; benchmark-result evidence comes from IEEE full text.,arxiv_result_audit_2026-05-22_double:the_colossem_batch_07:A+B
COLOS-069,THE COLOSSEUM,RoboPearls: Editable Video Simulation for Robot Manipulation,2025,arXiv `2506.22756`; DOI `10.1109/ICCV51701.2025.00943`,2506.22756,10.1109/ICCV51701.2025.00943,Semantic Scholar citation graph,Semantic Scholar lists this work as citing seed arXiv:2402.08191.,indexed-citation,"URLs: https://www.semanticscholar.org/paper/59c9e8b0c517796d61ce8cd8f308aea145769f58 | Source IDs: SemanticScholarURL: https://www.semanticscholar.org/paper/59c9e8b0c517796d61ce8cd8f308aea145769f58 ; CorpusId: 280011132 ; DBLP: journals/corr/abs-2506-22756 | Provenance: Semantic Scholar citation endpoint for arXiv:2402.08191: citing paper record ; S2 context: We conduct experiments on multiple datasets and scenes, i.e., RLBench [29], COLOSSEUM [55], Ego4D [22], Open X-Embodiment [52], and a real-world robot.",yes,2506.22756,https://arxiv.org/abs/2506.22756,arXiv page https://arxiv.org/abs/2506.22756 lists arXiv:2506.22756 with the matching title and authors.,high,yes,reports-results,"COLOSSEUM task-completion success rate over 13 perturbations, using a curated subset of 6 challenging language-conditioned manipulation tasks and the original COLOSSEUM setup.",96 demonstrations per task for training and 25 unseen demonstrations for testing,"Table 1. Avg Success: RVT 51.7+/-3.8, RVT-2 64.6+/-4.7, RoboPearls-RVT 69.2+/-3.4, RoboPearls-RVT2 75.4+/-3.5. All Perturbations: RVT 17.8+/-3.8, RVT-2 36.1+/-4.5, RoboPearls-RVT 50.8+/-3.6, RoboPearls-RVT2 54.7+/-4.6. Per-perturbation RoboPearls-RVT/RVT2 include MO-Color 67.6/76.5, RO-Color 71.7/80.9, MO-Texture 66.0/73.8, RO-Texture 70.9/77.8, MO-Size 83.3/86.8, RO-Size 68.0/74.9, Light Color 70.9/75.0, Table Color 72.0/77.8, Table Texture 69.7/74.8, Distractor 66.3/71.0, Background Texture 74.1/80.0, Camera Pose 68.2/77.1.",arXiv PDF https://arxiv.org/pdf/2506.22756 Table 1 is titled Results on Colosseum and reports success rates for 13 perturbations; Sec. 4.2 states RoboPearls gains 17.5% and 10.8% over RVT/RVT2. Appendix A.3.5 states the COLOSSEUM subset/protocol and demo count.,high,"Counts as reports-results; it explicitly evaluates on COLOSSEUM, not merely a derived benchmark.",arxiv_result_audit_2026-05-22_double:the_colossem_batch_07:A+B
COLOS-070,THE COLOSSEUM,RoboArena: Distributed Real-World Evaluation of Generalist Robot Policies,2025,arXiv `2506.18123`; arXiv DOI `10.48550/arXiv.2506.18123`,2506.18123,10.48550/arXiv.2506.18123,Semantic Scholar citation graph,Semantic Scholar lists this work as citing seed arXiv:2402.08191.,indexed-citation,"URLs: https://www.semanticscholar.org/paper/c03aab7c575d7c2218e4da7a12e13bfb03aa160a | Source IDs: SemanticScholarURL: https://www.semanticscholar.org/paper/c03aab7c575d7c2218e4da7a12e13bfb03aa160a ; CorpusId: 280000551 ; DBLP: journals/corr/abs-2506-18123 | Provenance: Semantic Scholar citation endpoint for arXiv:2402.08191: citing paper record ; S2 context: Thus, numerous simulated robot benchmarks have been proposed over the years [17, 18, 19, 20, 21, 22, 23, 24, 25, 26, 27, 28].",yes,2506.18123,https://arxiv.org/abs/2506.18123,arXiv page https://arxiv.org/abs/2506.18123 lists arXiv:2506.18123 with the matching title and authors.,high,no,citation-only,n/a,n/a,None,"arXiv PDF/HTML https://arxiv.org/pdf/2506.18123 cites THE COLOSSEUM in the simulated-benchmark related-work list/reference [27]. The paper's numeric experiments are RoboArena/DROID pairwise real-robot evaluations and rankings, not THE COLOSSEUM.",high,No row-benchmark use beyond citation/background.,arxiv_result_audit_2026-05-22_double:the_colossem_batch_07:A+B
COLOS-071,THE COLOSSEUM,VLA-OS: Structuring and Dissecting Planning Representations and Paradigms in Vision-Language-Action Models,2025,arXiv `2506.17561`; arXiv DOI `10.48550/arXiv.2506.17561`,2506.17561,10.48550/arXiv.2506.17561,Semantic Scholar citation graph; old CSV lead,Semantic Scholar lists this work as citing seed arXiv:2402.08191.,indexed-citation,"URLs: https://www.semanticscholar.org/paper/5a6047eb606a07ae564fe30f9af70ebc05f6cea1 | Source IDs: SemanticScholarURL: https://www.semanticscholar.org/paper/5a6047eb606a07ae564fe30f9af70ebc05f6cea1 ; CorpusId: 279999896 ; DBLP: journals/corr/abs-2506-17561 | Provenance: Semantic Scholar citation endpoint for arXiv:2402.08191: citing paper record ; S2 context: …three VLA paradigms on six benchmarks to answer the paradigm question, including rigid body manipulation tasks [51], visual generalization tasks [64], complex long-horizon tasks [32], real-world deformable manipulation tasks, dexterous manipulation tasks [3], ; old CSV row ID COL-CIT-008 | Adversarial note: Present in previous CSV but not in reconstructed primary candidate set, likely because it was a non-Semantic-Scholar/manual/term candidate or deduped under a different identifier. Needs reconciliation before tracker rewrite. | Merge notes: Merged duplicate candidate 'VLA-OS: Structuring and Dissecting Planning Representations and Paradigms in Vision-Language-Action Models' by title=vla os structuring and dissecting planning representations and paradigms in vision language action models",yes,2506.17561,https://arxiv.org/abs/2506.17561,arXiv page https://arxiv.org/abs/2506.17561 lists arXiv:2506.17561 with the matching title and authors; the PDF first page also shows arXiv:2506.17561v1.,high,yes,reports-results,THE COLOSSEUM 3D/no-perturbation train-test setting; THE COLOSSEUM generalization train on No-Perturbation and test on ALL-Perturbation; results averaged over 20 rollouts among the 3 best checkpoints.,100 demonstrations per task,"Figure 6(a): The COLOSSEUM (3D) success rates: VLA-OS-A 34.4, VLA-OS-I 35.7, VLA-OS-H 35.3. Generalization row using THE COLOSSEUM all-perturbation setting: VLA-OS-A 6.1, VLA-OS-I 6.2, VLA-OS-H 7.4.","arXiv PDF https://arxiv.org/pdf/2506.17561, Figure 6(a) reports The COLOSSEUM (3D) and Generalization success rates; Section 4.3 defines the no-perturbation and all-perturbation COLOSSEUM settings; Appendix A.3 states 20 tasks and 100 demonstrations per task.",high,Same benchmark as row; generalization row is a COLOSSEUM all-perturbation evaluation.,arxiv_result_audit_2026-05-22_double:the_colossem_batch_08:A+B
COLOS-072,THE COLOSSEUM,What Matters in Learning from Large-Scale Datasets for Robot Manipulation,2025,arXiv `2506.13536`; arXiv DOI `10.48550/arXiv.2506.13536`,2506.13536,10.48550/arXiv.2506.13536,Semantic Scholar citation graph,Semantic Scholar lists this work as citing seed arXiv:2402.08191.,indexed-citation,"URLs: https://www.semanticscholar.org/paper/4b407a3f30a08b75df24707f3b8440cfe0d8f7f0 | Source IDs: SemanticScholarURL: https://www.semanticscholar.org/paper/4b407a3f30a08b75df24707f3b8440cfe0d8f7f0 ; CorpusId: 274510777 ; DBLP: journals/corr/abs-2506-13536 | Provenance: Semantic Scholar citation endpoint for arXiv:2402.08191: citing paper record ; S2 context: Notably, Xie et al. (2023) and Pumacay et al. (2024) study policy performance under distribution shifts across different data distributions.",yes,2506.13536,https://arxiv.org/abs/2506.13536,arXiv page https://arxiv.org/abs/2506.13536 lists arXiv:2506.13536 with the matching title and authors; the PDF first page shows arXiv:2506.13536v1.,high,no,citation-only,n/a,n/a,None,"arXiv PDF https://arxiv.org/pdf/2506.13536 contains The COLOSSEUM only as the Pumacay et al. 2024 reference; the experiments report MimicLabs dataset-composition and DROID retrieval results, not THE COLOSSEUM benchmark results.",high,"COLOSSEUM is cited as related prior work on generalization/data distributions; no COLOSSEUM table, figure, or success-rate result found.",arxiv_result_audit_2026-05-22_double:the_colossem_batch_08:A+B
COLOS-073,THE COLOSSEUM,Gondola: Grounded Vision Language Planning for Generalizable Robotic Manipulation,2025,arXiv `2506.11261`; arXiv DOI `10.48550/arXiv.2506.11261`,2506.11261,10.48550/arXiv.2506.11261,Semantic Scholar citation graph,Semantic Scholar lists this work as citing seed arXiv:2402.08191.,indexed-citation,"URLs: https://www.semanticscholar.org/paper/669122c533fbae1722ca57b7e1c5d557c544a241 | Source IDs: SemanticScholarURL: https://www.semanticscholar.org/paper/669122c533fbae1722ca57b7e1c5d557c544a241 ; CorpusId: 279391992 ; DBLP: journals/corr/abs-2506-11261 | Provenance: Semantic Scholar citation endpoint for arXiv:2402.08191: citing paper record ; S2 context: However, due to the scarcity and limited diversity of available robot datasets [9, 10, 11], these models still struggle to generalize beyond their training conditions, facing difficulties with novel objects, unfamiliar environments, and especially unseen long-",yes,2506.11261,https://arxiv.org/abs/2506.11261,arXiv page https://arxiv.org/abs/2506.11261 lists arXiv:2506.11261 with the matching title and authors; the PDF first page shows arXiv:2506.11261v1.,high,no,citation-only,n/a,n/a,None,"The PDF discusses Colosseum in related work as a benchmark with 14 perturbation axes and cites it in the references, but the experiments and tables report Gondola results on GemBench and real-robot tasks, not THE COLOSSEUM.",high,No COLOSSEUM result table or figure found; GemBench numbers do not count for this row benchmark.,arxiv_result_audit_2026-05-22_double:the_colossem_batch_08:A+B
COLOS-074,THE COLOSSEUM,GenManip: LLM-driven Simulation for Generalizable Instruction-Following Manipulation,2025,arXiv `2506.10966`; DOI `10.1109/CVPR52734.2025.01138`,2506.10966,10.1109/CVPR52734.2025.01138,Semantic Scholar citation graph,Semantic Scholar lists this work as citing seed arXiv:2402.08191.,indexed-citation,"URLs: https://www.semanticscholar.org/paper/d29c715b0cfa25fb5c34eb91a3af8de871efd901 | Source IDs: SemanticScholarURL: https://www.semanticscholar.org/paper/d29c715b0cfa25fb5c34eb91a3af8de871efd901 ; CorpusId: 279318373 ; DBLP: conf/cvpr/GaoCYCTLHWWP25 | Provenance: Semantic Scholar citation endpoint for arXiv:2402.08191: citing paper record ; S2 context: Many simulation frameworks [19, 22, 35, 48, 55, 61, 78, 80] have been built for robotics based on these simulators.",yes,2506.10966,https://arxiv.org/abs/2506.10966,arXiv abs page lists arXiv:2506.10966 with the same work under title capitalization 'GENMANIP: LLM-driven Simulation for Generalizable Instruction-Following Manipulation'.,high,no,citation-only,n/a,n/a,None,"arXiv PDF https://arxiv.org/pdf/2506.10966 cites The COLOSSEUM only as prior benchmark work; Section 5 reports results on the paper's own GenManip-Bench with MOKA/CoPA and learning-based policies, not THE COLOSSEUM.",high,"Numeric benchmark results are for GenManip-Bench, so they do not count for the row benchmark.",arxiv_result_audit_2026-05-22_double:the_colossem_batch_08:A+B
COLOS-075,THE COLOSSEUM,BridgeVLA: Input-Output Alignment for Efficient 3D Manipulation Learning with Vision-Language Models,2025,arXiv `2506.07961`; arXiv DOI `10.48550/arXiv.2506.07961`,2506.07961,10.48550/arXiv.2506.07961,Semantic Scholar citation graph; old CSV lead,Semantic Scholar lists this work as citing seed arXiv:2402.08191.,indexed-citation,"URLs: https://www.semanticscholar.org/paper/9101b19eb9aea4c3308bb7c76dbcd7765d127744 | Source IDs: SemanticScholarURL: https://www.semanticscholar.org/paper/9101b19eb9aea4c3308bb7c76dbcd7765d127744 ; CorpusId: 279250831 ; DBLP: journals/corr/abs-2506-07961 | Provenance: Semantic Scholar citation endpoint for arXiv:2402.08191: citing paper record ; S2 context: In COLOSSEUM [18], it showcases strong performance in challenging generalization settings, boosting the success rate from 56.7% to 64.0%. ; old CSV row ID COL-CIT-004 | Adversarial note: Present in previous CSV but not in reconstructed primary candidate set, likely because it was a non-Semantic-Scholar/manual/term candidate or deduped under a different identifier. Needs reconciliation before tracker rewrite. | Merge notes: Merged duplicate candidate 'BridgeVLA: Input-Output Alignment for Efficient 3D Manipulation Learning with Vision-Language Models' by title=bridgevla input output alignment for efficient 3d manipulation learning with vision language models",yes,2506.07961,https://arxiv.org/abs/2506.07961,arXiv page https://arxiv.org/abs/2506.07961 lists arXiv:2506.07961 with the matching title and authors; the PDF first page shows arXiv:2506.07961v2.,high,yes,reports-results,COLOSSEUM: train on original RLBench/no-perturbation data for 20 tasks with 100 trajectories per task; evaluate 25 trials per task for each perturbation across 12 perturbation axes plus RLBench and All Perturbations.,100 trajectories per task,"Table 2 success rates: Avg SR BridgeVLA 64.0, RVT-2 56.7, RVT 35.4, PerAct 27.9, MVP-MLP 1.6, R3M-MLP 0.8. BridgeVLA also reports All Perturbations 18.7 +/- 2.2, RLBench 73.1 +/- 0.2, and Camera Pose 73.8 +/- 0.3.","arXiv PDF https://arxiv.org/pdf/2506.07961, Section 4.1.2 and Table 2 are titled/results on the COLOSSEUM Benchmark and report success rates across 14 generalization settings; Appendix B.3 says Tables 6 and 7 contain detailed COLOSSEUM results.",high,Same benchmark as row; the paper reuses some original COLOSSEUM baselines and performs its own RVT-2/BridgeVLA training and evaluation.,arxiv_result_audit_2026-05-22_double:the_colossem_batch_08:A+B
COLOS-076,THE COLOSSEUM,Exploring the Limits of Vision-Language-Action Manipulations in Cross-task Generalization,2025,arXiv `2505.15660`; arXiv DOI `10.48550/arXiv.2505.15660`,2505.15660,10.48550/arXiv.2505.15660,Semantic Scholar citation graph,Semantic Scholar lists this work as citing seed arXiv:2402.08191.,indexed-citation,URLs: https://www.semanticscholar.org/paper/69ae66a0bcb49a2a74b29b6e79191f2d6680cf61 | Source IDs: SemanticScholarURL: https://www.semanticscholar.org/paper/69ae66a0bcb49a2a74b29b6e79191f2d6680cf61 ; CorpusId: 278782319 ; DBLP: journals/corr/abs-2505-15660 | Provenance: Semantic Scholar citation endpoint for arXiv:2402.08191: citing paper record,yes,2505.15660,https://arxiv.org/abs/2505.15660,arXiv page https://arxiv.org/abs/2505.15660 lists arXiv:2505.15660 with the matching title and authors; the PDF first page shows the same work.,high,no,citation-only,n/a,n/a,None,"arXiv PDF https://arxiv.org/pdf/2505.15660 mentions Colosseum in related-work text and Table 1 as a comparison benchmark; experiments and numeric results are on the proposed AGNOSTOS benchmark and real-world tasks, not THE COLOSSEUM.",high,Table 1 lists benchmark properties for Colosseum but no policy performance numbers on THE COLOSSEUM.,arxiv_result_audit_2026-05-22_double:the_colossem_batch_08:A+B
COLOS-077,THE COLOSSEUM,SkillMimic-V2: Learning Robust and Generalizable Interaction Skills from Sparse and Noisy Demonstrations,2025,arXiv `2505.02094`; DOI `10.1145/3721238.3730640`,2505.02094,10.1145/3721238.3730640,Semantic Scholar citation graph; old CSV lead,Semantic Scholar lists this work as citing seed arXiv:2402.08191.,indexed-citation,"URLs: https://www.semanticscholar.org/paper/dbab85d314d87802981b26135e16e91132ce89d2 | Source IDs: SemanticScholarURL: https://www.semanticscholar.org/paper/dbab85d314d87802981b26135e16e91132ce89d2 ; CorpusId: 278327769 ; DBLP: conf/siggraph/0003WZT00025 | Provenance: Semantic Scholar citation endpoint for arXiv:2402.08191: citing paper record ; S2 context: Recent works have attempted to extend the success of imitation learning in locomotion to interactive skill acquisition, forming an emerging paradigm we term as Reinforcement Learning from Interaction Demonstration (RLID). ; old CSV row ID COL-CIT-015 | Adversarial note: Present in previous CSV but not in reconstructed primary candidate set, likely because it was a non-Semantic-Scholar/manual/term candidate or deduped under a different identifier. Needs reconciliation before tracker rewrite. | Merge notes: Merged duplicate candidate 'SkillMimic-V2: Learning Robust and Generalizable Interaction Skills from Sparse and Noisy Demonstrations' by doi=10.1145/3721238.3730640",yes,2505.02094,https://arxiv.org/abs/2505.02094,arXiv page https://arxiv.org/abs/2505.02094 lists arXiv:2505.02094 with the matching title; the PDF first page shows arXiv:2505.02094v1.,high,no,citation-only,n/a,n/a,None,"arXiv PDF https://arxiv.org/pdf/2505.02094 includes The COLOSSEUM only in the references/prior-work context; Section 5 reports interaction-skill experiments such as BallPlay, multi-skill transitions, and household object reorientation, not THE COLOSSEUM.",high,"No COLOSSEUM benchmark section, table, or success-rate result found.",arxiv_result_audit_2026-05-22_double:the_colossem_batch_08:A+B
COLOS-078,THE COLOSSEUM,TesserAct: Learning 4D Embodied World Models,2025,arXiv `2504.20995`; arXiv DOI `10.48550/arXiv.2504.20995`,2504.20995,10.48550/arXiv.2504.20995,Semantic Scholar citation graph,Semantic Scholar lists this work as citing seed arXiv:2402.08191.,indexed-citation,"URLs: https://www.semanticscholar.org/paper/bdb7f4493f9f4729c56bf28fb982c686d33681bb | Source IDs: SemanticScholarURL: https://www.semanticscholar.org/paper/bdb7f4493f9f4729c56bf28fb982c686d33681bb ; CorpusId: 278171781 ; DBLP: journals/corr/abs-2504-20995 | Provenance: Semantic Scholar citation endpoint for arXiv:2402.08191: citing paper record ; S2 context: To enhance the generalization, we adopt the scene randomization techniques from the Colos-seum data generation pipeline [48], which alters the background, table texture and light of the scene.",yes,2504.20995,https://arxiv.org/abs/2504.20995,arXiv page https://arxiv.org/abs/2504.20995 lists arXiv:2504.20995 with the matching title and authors; the PDF first page shows arXiv:2504.20995v1.,high,no,uses-data-no-results,n/a,n/a,None,"arXiv PDF https://arxiv.org/pdf/2504.20995 says the authors adopt scene-randomization techniques from the Colosseum data generation pipeline, but Section 5 reports 4D scene generation and action-planning results on RT-1/Bridge/RLBench samples and 9 RLBench tasks, not THE COLOSSEUM benchmark.",high,"The paper uses Colosseum-style data-generation/randomization as a method lead, but does not report numeric THE COLOSSEUM evaluation results.",arxiv_result_audit_2026-05-22_double:the_colossem_batch_08:A+B
COLOS-079,THE COLOSSEUM,Multimodal Fusion and Vision-Language Models: A Survey for Robot Vision,2025,arXiv `2504.02477`; DOI `10.1016/j.inffus.2025.103652`,2504.02477,10.1016/j.inffus.2025.103652,Semantic Scholar citation graph,Semantic Scholar lists this work as citing seed arXiv:2402.08191.,indexed-citation,"URLs: https://www.semanticscholar.org/paper/b601ae26f7c7c0bcd81a64a781475bb16e6c5502 | Source IDs: SemanticScholarURL: https://www.semanticscholar.org/paper/b601ae26f7c7c0bcd81a64a781475bb16e6c5502 ; CorpusId: 277510513 ; DBLP: journals/inffus/HanCFFFAWGMZXX26 | Provenance: Semantic Scholar citation endpoint for arXiv:2402.08191: citing paper record ; S2 context: However, existing large-scale visual language datasets (e.g., Visual Genome [331], Conceptual Cap-tions [332], and LAION-400m [333]) generally suffer from limited size, high annotation noise, insufficient semantic diversity, and expensive annotation.",yes,2504.02477,https://arxiv.org/abs/2504.02477,arXiv page https://arxiv.org/abs/2504.02477 lists arXiv:2504.02477 with the matching title and authors; the PDF first page shows arXiv:2504.02477v3.,high,no,citation-only,n/a,n/a,None,"arXiv PDF https://arxiv.org/pdf/2504.02477 describes COLOSSEUM in a survey table/text as an RLBench-based benchmark with 20 tasks and discusses its purpose, but reports no policy success rates or numeric results on THE COLOSSEUM.",high,Survey/background use only; benchmark metadata such as task count was not treated as a reported benchmark result.,arxiv_result_audit_2026-05-22_double:the_colossem_batch_08:A+B
COLOS-080,THE COLOSSEUM,Sim-and-Real Co-Training: A Simple Recipe for Vision-Based Robotic Manipulation,2025,arXiv `2503.24361`; arXiv DOI `10.48550/arXiv.2503.24361`,2503.24361,10.48550/arXiv.2503.24361,Semantic Scholar citation graph,Semantic Scholar lists this work as citing seed arXiv:2402.08191.,indexed-citation,"URLs: https://www.semanticscholar.org/paper/bfa056f5ca17a56113b88845e0fce15dda3d983e | Source IDs: SemanticScholarURL: https://www.semanticscholar.org/paper/bfa056f5ca17a56113b88845e0fce15dda3d983e ; CorpusId: 277467951 ; DBLP: journals/corr/abs-2503-24361 | Provenance: Semantic Scholar citation endpoint for arXiv:2402.08191: citing paper record ; S2 context: Recent research [58], [59] has highlighted the importance of dataset composition in robot learning, particularly in understanding how variations in data quality and diversity influence policy generalization [60], [61].",yes,2503.24361,https://arxiv.org/abs/2503.24361,arXiv page https://arxiv.org/abs/2503.24361 lists arXiv:2503.24361 with the matching title and authors; the PDF first page shows arXiv:2503.24361v2.,high,no,citation-only,n/a,n/a,None,"The PDF cites Pumacay et al. 2024 / The Colosseum in related work/reference context. Its numeric experiments are sim-and-real co-training on Panda Kitchen and Humanoid Tabletop/RoboCasa prior data, not THE COLOSSEUM.",high,No COLOSSEUM benchmark evaluation found in the paper text.,arxiv_result_audit_2026-05-22_double:the_colossem_batch_08:A+B
COLOS-081,THE COLOSSEUM,GraspCorrect: Robotic Grasp Correction via Vision-Language Model-Guided Feedback,2025,arXiv `2503.15035`; arXiv DOI `10.48550/arXiv.2503.15035`,2503.15035,10.48550/arXiv.2503.15035,Semantic Scholar citation graph,Semantic Scholar lists this work as citing seed arXiv:2402.08191.,indexed-citation,"URLs: https://www.semanticscholar.org/paper/0854deb74c74781d643069a592d4bca4c47d25fb | Source IDs: SemanticScholarURL: https://www.semanticscholar.org/paper/0854deb74c74781d643069a592d4bca4c47d25fb ; CorpusId: 277112927 ; DBLP: journals/corr/abs-2503-15035 | Provenance: Semantic Scholar citation endpoint for arXiv:2402.08191: citing paper record ; S2 context: However, such approaches are resource-intensive, requiring substantial computational power for retraining, and are often limited by scope of the datasets (Pumacay et al., 2024).",yes,2503.15035,https://arxiv.org/abs/2503.15035,https://arxiv.org/pdf/2503.15035 shows the matching title and arXiv:2503.15035 on the first page.,high,no,citation-only,n/a,n/a,None,"arXiv PDF https://arxiv.org/pdf/2503.15035 cites Pumacay et al. 2024/THE COLOSSEUM in the introduction and references only; the reported experiments and tables are on RLBench and CALVIN, not THE COLOSSEUM.",high,"No THE COLOSSEUM evaluation table, figure, success rate, or score found in the arXiv paper text.",arxiv_result_audit_2026-05-22_double:the_colossem_batch_09:A+B
COLOS-082,THE COLOSSEUM,Adversarial Data Collection: Human-Collaborative Perturbations for Efficient and Robust Robotic Imitation Learning,2025,arXiv `2503.11646`; arXiv DOI `10.48550/arXiv.2503.11646`,2503.11646,10.48550/arXiv.2503.11646,Semantic Scholar citation graph,Semantic Scholar lists this work as citing seed arXiv:2402.08191.,indexed-citation,"URLs: https://www.semanticscholar.org/paper/0a3d767faa13c08ac6a8e0e8bf0f7af86de151ab | Source IDs: SemanticScholarURL: https://www.semanticscholar.org/paper/0a3d767faa13c08ac6a8e0e8bf0f7af86de151ab ; CorpusId: 277043558 ; DBLP: journals/corr/abs-2503-11646 | Provenance: Semantic Scholar citation endpoint for arXiv:2402.08191: citing paper record ; S2 context: Additionally, while compositional generaliza-tion—reasoning about unseen combinations of environmental factors—has been studied [25], [28], prior work primarily examines small-scale policies.",yes,2503.11646,https://arxiv.org/abs/2503.11646,https://arxiv.org/pdf/2503.11646 shows the matching title and arXiv:2503.11646 on the first page.,high,no,citation-only,n/a,n/a,None,"arXiv PDF https://arxiv.org/pdf/2503.11646 cites The Colosseum as reference [28] in related work; Tables I-IV report ADC data-collection and real-robot/static/dynamic evaluation results, not THE COLOSSEUM.",high,Mentions compositional generalization work but does not run or score THE COLOSSEUM.,arxiv_result_audit_2026-05-22_double:the_colossem_batch_09:A+B
COLOS-083,THE COLOSSEUM,Is Your Imitation Learning Policy Better than Mine? Policy Comparison with Near-Optimal Stopping,2025,arXiv `2503.10966`; arXiv DOI `10.48550/arXiv.2503.10966`,2503.10966,10.48550/arXiv.2503.10966,Semantic Scholar citation graph,Semantic Scholar lists this work as citing seed arXiv:2402.08191.,indexed-citation,URLs: https://www.semanticscholar.org/paper/2a917967c33f83bf4bf93163af0cb742254ec5bb | Source IDs: SemanticScholarURL: https://www.semanticscholar.org/paper/2a917967c33f83bf4bf93163af0cb742254ec5bb ; CorpusId: 277043771 ; DBLP: journals/corr/abs-2503-10966 | Provenance: Semantic Scholar citation endpoint for arXiv:2402.08191: citing paper record,yes,2503.10966,https://arxiv.org/abs/2503.10966,https://arxiv.org/pdf/2503.10966 shows the matching title and arXiv:2503.10966 on the first page.,high,no,citation-only,n/a,n/a,None,"The arXiv PDF cites THE COLOSSEUM as reference [42] in the context of high-fidelity simulators/evaluation, while the reported experiments concern the STEP policy-comparison method and do not include Colosseum benchmark numbers.",high,"The paper reports simulation/statistical and robot policy-comparison savings, not THE COLOSSEUM scores.",arxiv_result_audit_2026-05-22_double:the_colossem_batch_09:A+B
COLOS-084,THE COLOSSEUM,AgiBot World Colosseo: A Large-Scale Manipulation Platform for Scalable and Intelligent Embodied Systems,2025,arXiv `2503.06669`; DOI `10.1109/IROS60139.2025.11247088`,2503.06669,10.1109/IROS60139.2025.11247088,Semantic Scholar citation graph,Semantic Scholar lists this work as citing seed arXiv:2402.08191.,indexed-citation,URLs: https://www.semanticscholar.org/paper/9d60da11b2af826310882f1a81e0b125c0600a00 | Source IDs: SemanticScholarURL: https://www.semanticscholar.org/paper/9d60da11b2af826310882f1a81e0b125c0600a00 ; CorpusId: 276902669 ; DBLP: journals/corr/abs-2503-06669 | Provenance: Semantic Scholar citation endpoint for arXiv:2402.08191: citing paper record,yes,2503.06669,https://arxiv.org/abs/2503.06669,"arXiv abs page https://arxiv.org/abs/2503.06669 lists the matching title, with only capitalization/hyphenation differences.",high,no,citation-only,n/a,n/a,None,"The arXiv PDF explicitly contrasts AgiBot World Colosseo with Pumacay et al.'s simulation benchmark and lists THE COLOSSEUM as reference [20]; the reported platform/results are for AgiBot World/Colosseo, not THE COLOSSEUM.",high,Title/name collision: AgiBot World Colosseo is a different platform from THE COLOSSEUM benchmark.,arxiv_result_audit_2026-05-22_double:the_colossem_batch_09:A+B
COLOS-085,THE COLOSSEUM,A Taxonomy for Evaluating Generalist Robot Manipulation Policies,2025,arXiv `2503.01238`; DOI `10.1109/LRA.2026.3656785`; arXiv DOI `10.48550/arXiv.2503.01238`,2503.01238,10.1109/LRA.2026.3656785; 10.48550/arXiv.2503.01238,Semantic Scholar citation graph,Semantic Scholar lists this work as citing seed arXiv:2402.08191.,indexed-citation,"URLs: https://www.semanticscholar.org/paper/b3647d2216051140585c11694f67d1d6b4045efb ; https://www.semanticscholar.org/paper/d76e8972e98e3bf7bff90d938fdea8af15b1671f | Source IDs: SemanticScholarURL: https://www.semanticscholar.org/paper/b3647d2216051140585c11694f67d1d6b4045efb | https://www.semanticscholar.org/paper/d76e8972e98e3bf7bff90d938fdea8af15b1671f ; CorpusId: 284737614 | 276741611 ; DBLP: journals/ral/GaoBDBSS26 | journals/corr/abs-2503-01238 | Provenance: Semantic Scholar citation endpoint for arXiv:2402.08191: citing paper record ; S2 context: Forexample,Colosseum[31]considers“ReceiverObject” (RO)perturbations(e.g.,the“rack”in“putwineinrack”),which doesnotapplytotaskswithoutsuchobjects. ; S2 context: …a perturbation for the semantic axis Object Properties , to create a compositional perturbation. i m l a o n D a FactorWorld [34] KitchenShift [32] Colosseum [35] Eff-Comp [23] CALVIN [33] VLABench [38] R e a l D a t a Scaling [24] BridgeV2 [17] DROID [19] P | Merge notes: Merged duplicate candidate 'A Taxonomy for Evaluating Generalist Robot Policies' by arxiv=2503.01238",yes,2503.01238,https://arxiv.org/abs/2503.01238,https://arxiv.org/pdf/2503.01238 shows the matching title on the first page; the input arXiv ID resolves with HTTP 200.,high,no,citation-only,n/a,n/a,None,"arXiv PDF https://arxiv.org/pdf/2503.01238 includes Colosseum in Table II as a prior benchmark/dataset taxonomy row with checkmark axes and discusses its Receiver Object perturbations; these are categorical comparisons, not numeric THE COLOSSEUM results.",high,"The paper reports BridgeV2-* case-study results, but not numeric results on THE COLOSSEUM.",arxiv_result_audit_2026-05-22_double:the_colossem_batch_09:A+B
COLOS-086,THE COLOSSEUM,FLAME: A Federated Learning Benchmark for Robotic Manipulation,2025,arXiv `2503.01729`; DOI `10.1109/IROS60139.2025.11245937`,2503.01729,10.1109/IROS60139.2025.11245937,Semantic Scholar citation graph,Semantic Scholar lists this work as citing seed arXiv:2402.08191.,indexed-citation,URLs: https://www.semanticscholar.org/paper/cabf8fa5eee0dec84b6db6dba6fa4023c05758e2 | Source IDs: SemanticScholarURL: https://www.semanticscholar.org/paper/cabf8fa5eee0dec84b6db6dba6fa4023c05758e2 ; CorpusId: 276766887 ; DBLP: conf/iros/BetranLVZK25 | Provenance: Semantic Scholar citation endpoint for arXiv:2402.08191: citing paper record ; S2 context: Our work builds upon Colosseum by introducing a federation-compatible dataset and codebase specifically designed for FL-based imitation learning in robotic manipulation.,yes,2503.01729,https://arxiv.org/abs/2503.01729,https://arxiv.org/pdf/2503.01729 shows the matching title and arXiv:2503.01729 on the first page.,high,no,uses-data-no-results,n/a,n/a,None,"arXiv PDF https://arxiv.org/pdf/2503.01729 says FLAME is built upon/extends the Colosseum benchmark, but Table II reports RMSE and normalized success rates for the new FLAME benchmark across four tasks, not THE COLOSSEUM results.",high,"Conservative classification: uses Colosseum as a basis, but the numeric table is labeled FLAME and should not be merged as THE COLOSSEUM benchmark results.",arxiv_result_audit_2026-05-22_double:the_colossem_batch_09:A+B
COLOS-087,THE COLOSSEUM,Robust Gymnasium: A Unified Modular Benchmark for Robust Reinforcement Learning,2025,arXiv `2502.19652`; arXiv DOI `10.48550/arXiv.2502.19652`,2502.19652,10.48550/arXiv.2502.19652,Semantic Scholar citation graph,Semantic Scholar lists this work as citing seed arXiv:2402.08191.,indexed-citation,"URLs: https://www.semanticscholar.org/paper/0eb4656d4b4ccbb10ab3a4fadd3f97c71ac5dab6 | Source IDs: SemanticScholarURL: https://www.semanticscholar.org/paper/0eb4656d4b4ccbb10ab3a4fadd3f97c71ac5dab6 ; CorpusId: 276647104 ; DBLP: journals/corr/abs-2502-19652 | Provenance: Semantic Scholar citation endpoint for arXiv:2402.08191: citing paper record ; S2 context: …benchmark in offline RL (Mediratta et al., 2023), Meta-World for meta-RL (Yu et al., 2020), a generalization benchmark for robot manipulation (Pumacay et al., 2024), SustainGym — generalization for sustainable energy systems (Yeh et al., 2024), continual robo",yes,2502.19652,https://arxiv.org/abs/2502.19652,https://arxiv.org/pdf/2502.19652 shows the matching Robust Gymnasium title and arXiv:2502.19652 on the first page.,high,no,citation-only,n/a,n/a,None,"arXiv PDF https://arxiv.org/pdf/2502.19652 cites Pumacay et al. 2024 as a generalization benchmark for robot manipulation; the reported benchmark results are for Robust-Gymnasium tasks, not THE COLOSSEUM.",high,"No THE COLOSSEUM-specific success rate, score, table, or figure found.",arxiv_result_audit_2026-05-22_double:the_colossem_batch_09:A+B
COLOS-088,THE COLOSSEUM,BOSS: Benchmark for Observation Space Shift in Long-Horizon Task,2025,arXiv `2502.15679`; DOI `10.1109/LRA.2025.3585390`,2502.15679,10.1109/LRA.2025.3585390,Semantic Scholar citation graph; old CSV lead,Semantic Scholar lists this work as citing seed arXiv:2402.08191.,indexed-citation,"URLs: https://www.semanticscholar.org/paper/20ddca71e0cf3df0d41c850d0b9e3ea4b4c3f536 | Source IDs: SemanticScholarURL: https://www.semanticscholar.org/paper/20ddca71e0cf3df0d41c850d0b9e3ea4b4c3f536 ; CorpusId: 276557719 ; DBLP: journals/corr/abs-2502-15679 | Provenance: Semantic Scholar citation endpoint for arXiv:2402.08191: citing paper record ; S2 context: Some recent benchmarks also evaluate policy robustness under changes in the observation space, but these variations are externally introduced, rather than arising from prior skill executions, and thus are likewise not tailored for long-horizon tasks [29], [30] ; old CSV row ID COL-CIT-014 | Adversarial note: Present in previous CSV but not in reconstructed primary candidate set, likely because it was a non-Semantic-Scholar/manual/term candidate or deduped under a different identifier. Needs reconciliation before tracker rewrite. | Merge notes: Merged duplicate candidate 'BOSS: Benchmark for Observation Space Shift in Long-Horizon Task' by doi=10.1109/lra.2025.3585390",yes,2502.15679,https://arxiv.org/abs/2502.15679,https://arxiv.org/pdf/2502.15679 shows the matching BOSS title and arXiv:2502.15679 on the first page.,high,no,citation-only,n/a,n/a,None,arXiv PDF https://arxiv.org/pdf/2502.15679 was checked for Colosseum/Pumacay/arXiv:2402.08191 and did not expose THE COLOSSEUM results; experiments report BOSS observation-space-shift evaluations instead.,medium,"Semantic Scholar/DOI metadata led this row, but the arXiv full text did not show a direct Colosseum mention; no benchmark numbers found.",arxiv_result_audit_2026-05-22_double:the_colossem_batch_09:A+B
COLOS-089,THE COLOSSEUM,Efficient Evaluation of Multi-Task Robot Policies With Active Experiment Selection,2025,arXiv `2502.09829`; arXiv DOI `10.48550/arXiv.2502.09829`,2502.09829,10.48550/arXiv.2502.09829,Semantic Scholar citation graph,Semantic Scholar lists this work as citing seed arXiv:2402.08191.,indexed-citation,"URLs: https://www.semanticscholar.org/paper/95a594aabfd8c225b8b1b9615df2383ee61ebe8e | Source IDs: SemanticScholarURL: https://www.semanticscholar.org/paper/95a594aabfd8c225b8b1b9615df2383ee61ebe8e ; CorpusId: 276394880 ; DBLP: journals/corr/abs-2502-09829 | Provenance: Semantic Scholar citation endpoint for arXiv:2402.08191: citing paper record ; S2 context: There exist correlations between simulation and real-world performance even if they do not exactly match [37, 28]; however there are no guarantees about real-world performance.",yes,2502.09829,https://arxiv.org/abs/2502.09829,https://arxiv.org/pdf/2502.09829 shows the matching title and arXiv:2502.09829 on the first page.,high,no,citation-only,n/a,n/a,None,"The arXiv PDF lists THE COLOSSEUM as reference [37]; the paper's experiments use existing robot-policy evaluation data and active experiment selection, with no THE COLOSSEUM benchmark numbers.",high,"No Colosseum protocol, suite, or numeric result was found beyond the bibliography citation.",arxiv_result_audit_2026-05-22_double:the_colossem_batch_09:A+B
COLOS-090,THE COLOSSEUM,YRC-Bench: A Benchmark for Learning to Coordinate with Experts,2025,arXiv `2502.09583`,2502.09583,,Semantic Scholar citation graph,Semantic Scholar lists this work as citing seed arXiv:2402.08191.,indexed-citation,"URLs: https://www.semanticscholar.org/paper/28764330279abffa6ee02a26e581232918be2c12 | Source IDs: SemanticScholarURL: https://www.semanticscholar.org/paper/28764330279abffa6ee02a26e581232918be2c12 ; CorpusId: 276317342 ; DBLP: journals/tmlr/DaneshNTP25 | Provenance: Semantic Scholar citation endpoint for arXiv:2402.08191: citing paper record ; S2 context: The latter factor adds a zero-shot coordination challenge to the problem, distinguishing it from RL generalization challenges that focus only on environmental changes Cobbe et al. (2020); Yuan et al. (2023); Pumacay et al. (2024).",yes,2502.09583,https://arxiv.org/abs/2502.09583,https://arxiv.org/pdf/2502.09583 shows the matching title and arXiv:2502.09583 on the first page.,high,no,citation-only,n/a,n/a,None,"The arXiv PDF cites Pumacay et al. as an RL/generalization challenge focused on environmental changes and lists THE COLOSSEUM in the references; reported evaluations are YRC-Bench/YRC-0, not THE COLOSSEUM.",high,"No Colosseum task suite, protocol, or numeric benchmark result found.",arxiv_result_audit_2026-05-22_double:the_colossem_batch_09:A+B
COLOS-091,THE COLOSSEUM,HAMSTER: Hierarchical Action Models For Open-World Robot Manipulation,2025,arXiv `2502.05485`; arXiv DOI `10.48550/arXiv.2502.05485`,2502.05485,10.48550/arXiv.2502.05485,Semantic Scholar citation graph,Semantic Scholar lists this work as citing seed arXiv:2402.08191.,indexed-citation,"URLs: https://www.semanticscholar.org/paper/f7fda04c653b44b043735cb4a3c108c84131e067 | Source IDs: SemanticScholarURL: https://www.semanticscholar.org/paper/f7fda04c653b44b043735cb4a3c108c84131e067 ; CorpusId: 275949793 ; DBLP: journals/corr/abs-2502-05485 | Provenance: Semantic Scholar citation endpoint for arXiv:2402.08191: citing paper record ; S2 context: We refer readers to Colosseum (Pumacay et al., 2024) for details on the variations.",yes,2502.05485,https://arxiv.org/abs/2502.05485,arXiv abs page lists arXiv:2502.05485 with citation_title exactly 'HAMSTER: Hierarchical Action Models For Open-World Robot Manipulation' and matching authors.,high,yes,reports-results,"Colosseum simulation evaluation; Appendix F says 14 of 20 Colosseum tasks, front camera only, 25 evaluation episodes per variation; Table 3 reports variation averages over 5 seeds, and Table 1 reports a 5-task Colosseum data-efficiency subset.",100 training episodes per Colosseum task; Table 1 also reports a 50% data condition on a 5-task subset,"Table 3 average success across Colosseum variations: 3D-DA 0.35 +/- 0.04; HAMSTER (w 3D-DA) 0.46 +/- 0.04. Table 1 5-task Colosseum success: 3D-DA 0.18 +/- 0.10; HAMSTER+3D-DA (50%) 0.36 +/- 0.04; HAMSTER+3D-DA 0.43 +/- 0.05. Table 3 also reports per-variation success, e.g. no var 0.43 vs 0.57, background texture 0.34 vs 0.48, camera pose 0.35 vs 0.39, rlb and col 0.07 vs 0.11, table texture 0.23 vs 0.35 for 3D-DA vs HAMSTER.","arXiv PDF https://arxiv.org/pdf/2502.05485, Section 5.2 says the controlled simulation evaluation uses Colosseum and reports Table 3 over 5 seeds; Table 1 is captioned as Colosseum results; Appendix F states the Colosseum task/evaluation setup.",high,Counts as THE COLOSSEUM results despite the paper using 'Colosseum' capitalization. The paper modifies the official setup by using only the front camera and omitting tasks with poor camera visibility.,arxiv_result_audit_2026-05-22_double:the_colossem_batch_10:A+B
COLOS-092,THE COLOSSEUM,IRIS: An Immersive Robot Interaction System,2025,arXiv `2502.03297`; arXiv DOI `10.48550/arXiv.2502.03297`,2502.03297,10.48550/arXiv.2502.03297,Semantic Scholar citation graph,Semantic Scholar lists this work as citing seed arXiv:2402.08191.,indexed-citation,"URLs: https://www.semanticscholar.org/paper/406fb47155714ee76a8750d11f526852c8299043 | Source IDs: SemanticScholarURL: https://www.semanticscholar.org/paper/406fb47155714ee76a8750d11f526852c8299043 ; CorpusId: 276116696 ; DBLP: journals/corr/abs-2502-03297 | Provenance: Semantic Scholar citation endpoint for arXiv:2402.08191: citing paper record ; S2 context: IRIS has been tested in some MuJoCo-based benchmarks including Meta World [44], LIBERO [45], RoboCasa [46], robosuite [47], Fancy Gym [48], and CoppeliaSim-based benchmark like PyRep [49], Colosseum [50].",yes,2502.03297,https://arxiv.org/abs/2502.03297,arXiv abs page lists arXiv:2502.03297 with citation_title exactly 'IRIS: An Immersive Robot Interaction System' and matching authors.,high,no,uses-data-no-results,n/a,n/a,None,"arXiv PDF https://arxiv.org/pdf/2502.03297 says IRIS has been tested with PyRep/Colosseum as a supported benchmark/simulator, but its numeric tables and figures report LIBERO user/data-collection and policy evaluations, not THE COLOSSEUM.",high,Colosseum appears only as a supported/tested benchmark for the IRIS system; no Colosseum success rates or scores were found.,arxiv_result_audit_2026-05-22_double:the_colossem_batch_10:A+B
COLOS-093,THE COLOSSEUM,SAM2Act: Integrating Visual Foundation Model with A Memory Architecture for Robotic Manipulation,2025,arXiv `2501.18564`; arXiv DOI `10.48550/arXiv.2501.18564`,2501.18564,10.48550/arXiv.2501.18564,Semantic Scholar citation graph,Semantic Scholar lists this work as citing seed arXiv:2402.08191.,indexed-citation,"URLs: https://www.semanticscholar.org/paper/e23287fb545329df6391e486bd9eda816c0c492e | Source IDs: SemanticScholarURL: https://www.semanticscholar.org/paper/e23287fb545329df6391e486bd9eda816c0c492e ; CorpusId: 275994108 ; DBLP: conf/icml/FangGPWFKD25 | Provenance: Semantic Scholar citation endpoint for arXiv:2402.08191: citing paper record ; S2 context: Furthermore, we assess the generalization capabilities of SAM2Act on The Colosseum [6], a benchmark designed to test robotic manipulation under various environmental perturbations.",yes,2501.18564,https://arxiv.org/abs/2501.18564,arXiv abs page lists arXiv:2501.18564 with citation_title exactly 'SAM2Act: Integrating Visual Foundation Model with A Memory Architecture for Robotic Manipulation' and matching authors.,high,yes,reports-results,"The Colosseum semantic generalization evaluation; Section 5.3 says models are trained on 20 tasks from The Colosseum and tested under 13 perturbation categories over 3 runs, with task-average success-rate percentage change relative to no perturbation.",not reported for The Colosseum,"Abstract/Section 5.3 report SAM2Act has a 4.3% performance gap/drop on The Colosseum. Table 2 average percentage change across perturbations: RVT-2 -19.5 +/- 2.8, SAM2Act (SAM2 -> SAM) -20.7 +/- 1.2, SAM2Act (w/o Multi-res Input) -19.1 +/- 4.5, SAM2Act (Ours) -4.3 +/- 3.6. Table 2 All Perturbations column: -77.9 +/- 1.7, -79.5 +/- 2.5, -73.8 +/- 2.2, -58.3 +/- 4.4 respectively. Appendix Table 8 gives full per-task success rates, e.g. basketball_in_hoop no variations 100.0 +/- 0.0 and all variations 30.7 +/- 2.3; close_box no variations 89.3 +/- 6.1 and all variations 61.3 +/- 6.1.","arXiv PDF https://arxiv.org/pdf/2501.18564, abstract and Section 5.3 state robust generalization on The Colosseum; Table 2 is titled 'The Colosseum results'; Appendix D says full Colosseum results are in Table 8.",high,Counts because the paper explicitly labels the benchmark as The Colosseum and reports numeric perturbation results.,arxiv_result_audit_2026-05-22_double:the_colossem_batch_10:A+B
COLOS-094,THE COLOSSEUM,The One RING: a Robotic Indoor Navigation Generalist,2024,arXiv `2412.14401`; arXiv DOI `10.48550/arXiv.2412.14401`,2412.14401,10.48550/arXiv.2412.14401,Semantic Scholar citation graph,Semantic Scholar lists this work as citing seed arXiv:2402.08191.,indexed-citation,"URLs: https://www.semanticscholar.org/paper/bc5e31e0d0e1f26809a55997b09f0c21c5f5dd07 | Source IDs: SemanticScholarURL: https://www.semanticscholar.org/paper/bc5e31e0d0e1f26809a55997b09f0c21c5f5dd07 ; CorpusId: 274859386 ; DBLP: journals/corr/abs-2412-14401 | Provenance: Semantic Scholar citation endpoint for arXiv:2402.08191: citing paper record ; S2 context: While these methods demonstrate some transfer to unseen embodiments, they still suffer from performance degradation with relatively small changes in embodiment (e.g., camera pose modification on the same robot) [6, 7].",yes,2412.14401,https://arxiv.org/abs/2412.14401,arXiv abs page lists arXiv:2412.14401 with citation_title exactly 'The One RING: a Robotic Indoor Navigation Generalist' and matching authors.,high,no,citation-only,n/a,n/a,None,"arXiv PDF https://arxiv.org/pdf/2412.14401 cites Pumacay et al./The Colosseum in background about embodiment/camera-pose changes, but the numeric evaluations are on CHORES-S/custom navigation benchmarks and real robot navigation, not THE COLOSSEUM.",high,Robotic indoor navigation paper; no manipulation benchmark evaluation on THE COLOSSEUM was found.,arxiv_result_audit_2026-05-22_double:the_colossem_batch_10:A+B
COLOS-095,THE COLOSSEUM,RoboTron-Mani: All-in-One Multimodal Large Model for Robotic Manipulation,2024,arXiv `2412.07215`; DOI `10.1109/ICCV51701.2025.01272`; arXiv DOI `10.48550/arXiv.2412.07215`,2412.07215,10.1109/ICCV51701.2025.01272; 10.48550/arXiv.2412.07215,Semantic Scholar citation graph,Semantic Scholar lists this work as citing seed arXiv:2402.08191.,indexed-citation,"URLs: https://www.semanticscholar.org/paper/f56993ee4e024fdea9052bda0f677ea8b75942c9 ; https://www.semanticscholar.org/paper/e520836218312a33a32cc92c11e16dd006c2a251 | Source IDs: SemanticScholarURL: https://www.semanticscholar.org/paper/f56993ee4e024fdea9052bda0f677ea8b75942c9 | https://www.semanticscholar.org/paper/e520836218312a33a32cc92c11e16dd006c2a251 ; CorpusId: 274610552 | 285048619 ; DBLP: journals/corr/abs-2412-07215 | Provenance: Semantic Scholar citation endpoint for arXiv:2402.08191: citing paper record ; S2 context: For example, the RLBench [27] and Colosseum [55] reference the robot’s body, setting the X-axis to point forward, the Y-axis to point left, and the Z-axis to point upward; whereas ManiSkill2 [22] orient the X-axis forward, the Y-axis right, and the Z-axis down ; S2 context: For example, the RLBench [26] and Colosseum [52] reference the robot’s body, setting the X-axis to point forward, the Y-axis to point left , and the Z-axis to point upward ; whereas ManiSkill2 [21] orient the X-axis forward, the Y-axis right , and the Z-axis d | Merge notes: Merged duplicate candidate 'RoboMM: All-in-One Multimodal Large Model for Robotic Manipulation' by arxiv=2412.07215",yes,2412.07215,https://arxiv.org/abs/2412.07215,arXiv abs page lists arXiv:2412.07215 with citation_title exactly 'RoboTron-Mani: All-in-One Multimodal Large Model for Robotic Manipulation' and matching authors.,high,no,uses-data-no-results,n/a,n/a,None,"arXiv PDF https://arxiv.org/pdf/2412.07215 mentions Colosseum as part of RoboData, lists Colosseum dataset properties in dataset tables, and describes the Colosseum dataset in Section 10.9. The numeric result tables cover datasets such as CALVIN, Meta-World, LIBERO, RoboCasa, RT-1/SIMPLER, and Robomimic; no THE COLOSSEUM result table was found.",high,Colosseum dataset statistics such as task/demo counts and coordinate-system details were not counted as benchmark results.,arxiv_result_audit_2026-05-22_double:the_colossem_batch_10:A+B
COLOS-096,THE COLOSSEUM,Perception Tokens Enhance Visual Reasoning in Multimodal Language Models,2024,arXiv `2412.03548`; DOI `10.1109/CVPR52734.2025.00363`,2412.03548,10.1109/CVPR52734.2025.00363,Semantic Scholar citation graph,Semantic Scholar lists this work as citing seed arXiv:2402.08191.,indexed-citation,URLs: https://www.semanticscholar.org/paper/b940d65aabe04876349c75498487d83db66a4081 | Source IDs: SemanticScholarURL: https://www.semanticscholar.org/paper/b940d65aabe04876349c75498487d83db66a4081 ; CorpusId: 274464813 ; DBLP: journals/corr/abs-2412-03548 | Provenance: Semantic Scholar citation endpoint for arXiv:2402.08191: citing paper record,yes,2412.03548,https://arxiv.org/abs/2412.03548,arXiv abs page lists arXiv:2412.03548 with citation_title exactly 'Perception Tokens Enhance Visual Reasoning in Multimodal Language Models' and matching authors.,high,no,not-a-paper-or-false-positive,n/a,n/a,None,"arXiv PDF https://arxiv.org/pdf/2412.03548 text search found no matches for Colosseum, Pumacay, or arXiv:2402.08191. The reported numeric results are on visual reasoning benchmarks such as BLINK, CVBench, SEED-Bench, and HardBLINK, not THE COLOSSEUM.",high,"The arXiv paper is real, but the COLOSSEUM citation/usage lead was not confirmed in the paper text checked.",arxiv_result_audit_2026-05-22_double:the_colossem_batch_10:A+B
COLOS-097,THE COLOSSEUM,RoboMD: Uncovering Robot Vulnerabilities through Semantic Potential Fields,2024,arXiv `2412.02818`,2412.02818,,Semantic Scholar citation graph,Semantic Scholar lists this work as citing seed arXiv:2402.08191.,indexed-citation,URLs: https://www.semanticscholar.org/paper/20f4f9d048aab5e88ca9598617253489fd6a2cbf | Source IDs: SemanticScholarURL: https://www.semanticscholar.org/paper/20f4f9d048aab5e88ca9598617253489fd6a2cbf ; CorpusId: 274464969 | Provenance: Semantic Scholar citation endpoint for arXiv:2402.08191: citing paper record,yes,2412.02818,https://arxiv.org/abs/2412.02818,arXiv abs page lists arXiv:2412.02818 with citation_title exactly 'RoboMD: Uncovering Robot Vulnerabilities through Semantic Potential Fields' and matching authors.,high,no,citation-only,n/a,n/a,None,"arXiv PDF https://arxiv.org/pdf/2412.02818 cites Pumacay et al. 2024 for manipulation variations/generalization and lists The Colosseum in references, but its numeric experiments are vulnerability-discovery results on lift, stack, threading, pick-and-place simulation/robot tasks, not THE COLOSSEUM.",high,No COLOSSEUM evaluation table or metric was found.,arxiv_result_audit_2026-05-22_double:the_colossem_batch_10:A+B
COLOS-098,THE COLOSSEUM,Data Scaling Laws in Imitation Learning for Robotic Manipulation,2024,arXiv `2410.18647`; arXiv DOI `10.48550/arXiv.2410.18647`,2410.18647,10.48550/arXiv.2410.18647,Semantic Scholar citation graph; old CSV lead,Semantic Scholar lists this work as citing seed arXiv:2402.08191.,indexed-citation,"URLs: https://www.semanticscholar.org/paper/e9ae8e12ba18430ab501c8b1f70ec5c66a92ba98 | Source IDs: SemanticScholarURL: https://www.semanticscholar.org/paper/e9ae8e12ba18430ab501c8b1f70ec5c66a92ba98 ; CorpusId: 273549927 ; DBLP: conf/iclr/LinHSWY025 | Provenance: Semantic Scholar citation endpoint for arXiv:2402.08191: citing paper record ; S2 context: Prior research in this area has attempted to isolate the variations within each dimension by controlling specific factors independently (Xie et al., 2024; Pumacay et al., 2024). ; old CSV row ID COL-CIT-003 | Adversarial note: Present in previous CSV but not in reconstructed primary candidate set, likely because it was a non-Semantic-Scholar/manual/term candidate or deduped under a different identifier. Needs reconciliation before tracker rewrite. | Merge notes: Merged duplicate candidate 'Data Scaling Laws in Imitation Learning for Robotic Manipulation' by title=data scaling laws in imitation learning for robotic manipulation",yes,2410.18647,https://arxiv.org/abs/2410.18647,arXiv abs page lists arXiv:2410.18647 with citation_title exactly 'Data Scaling Laws in Imitation Learning for Robotic Manipulation' and matching authors.,high,no,citation-only,n/a,n/a,None,"arXiv PDF https://arxiv.org/pdf/2410.18647 mentions Pumacay et al. 2024 as prior work isolating variation factors and includes The Colosseum in references; the numeric results are on the paper's real-world data-scaling manipulation tasks, not THE COLOSSEUM.",high,No THE COLOSSEUM evaluation or result number found.,arxiv_result_audit_2026-05-22_double:the_colossem_batch_10:A+B
COLOS-099,THE COLOSSEUM,AugInsert: Learning Robust Visual-Force Policies via Data Augmentation for Object Assembly Tasks,2024,arXiv `2410.14968`; DOI `10.1109/IROS60139.2025.11247210`,2410.14968,10.1109/IROS60139.2025.11247210,Semantic Scholar citation graph,Semantic Scholar lists this work as citing seed arXiv:2402.08191.,indexed-citation,"URLs: https://www.semanticscholar.org/paper/6f2bf73739092331f8fa49a14827b84dd54e2558 | Source IDs: SemanticScholarURL: https://www.semanticscholar.org/paper/6f2bf73739092331f8fa49a14827b84dd54e2558 ; CorpusId: 273502377 ; DBLP: conf/iros/DiazIVD25 | Provenance: Semantic Scholar citation endpoint for arXiv:2402.08191: citing paper record ; S2 context: Lee et al. [3], [4] developed a self-supervised learning method to learn a multisensory representation using vision and F/T that can transfer across different peg and hole shapes, and Wu et al. [5] created a reward learning framework for the peg-in-hole task b",yes,2410.14968,https://arxiv.org/abs/2410.14968,arXiv abs page lists arXiv:2410.14968 with citation_title exactly 'AugInsert: Learning Robust Visual-Force Policies via Data Augmentation for Object Assembly Tasks' and matching authors.,high,no,citation-only,n/a,n/a,None,"arXiv PDF https://arxiv.org/pdf/2410.14968 cites Pumacay et al./The Colosseum in reference [13] and background about factor-based robustness evaluation, but the reported experiments are the paper's peg-in-hole/object-assembly benchmark and real-world validation, not THE COLOSSEUM.",high,Reference-only use; no COLOSSEUM result table or metric found.,arxiv_result_audit_2026-05-22_double:the_colossem_batch_10:A+B
COLOS-100,THE COLOSSEUM,Towards Generalizable Vision-Language Robotic Manipulation: A Benchmark and LLM-Guided 3D Policy,2024,arXiv `2410.01345`; DOI `10.1109/ICRA55743.2025.11127315`,2410.01345,10.1109/ICRA55743.2025.11127315,Semantic Scholar citation graph,Semantic Scholar lists this work as citing seed arXiv:2402.08191.,indexed-citation,URLs: https://www.semanticscholar.org/paper/aa28e62a1bb93154a3623e8cdfa049d7b5882f1c | Source IDs: SemanticScholarURL: https://www.semanticscholar.org/paper/aa28e62a1bb93154a3623e8cdfa049d7b5882f1c ; CorpusId: 273025962 ; DBLP: journals/corr/abs-2410-01345 | Provenance: Semantic Scholar citation endpoint for arXiv:2402.08191: citing paper record ; S2 context: GemBench covers more complex actions and generalizes to entirely new tasks instead of seen task perturbations.,yes,2410.01345,https://arxiv.org/abs/2410.01345,arXiv abs page lists arXiv:2410.01345 with citation_title exactly 'Towards Generalizable Vision-Language Robotic Manipulation: A Benchmark and LLM-guided 3D Policy' and matching authors.,high,no,citation-only,n/a,n/a,None,"arXiv PDF https://arxiv.org/pdf/2410.01345 includes Colosseum in Table I as a benchmark comparison row and discusses it in related work, but the numeric performance results are on RLBench-18Task and GemBench levels, not THE COLOSSEUM.",high,Table I benchmark task/variation counts for Colosseum were not counted as reported benchmark results.,arxiv_result_audit_2026-05-22_double:the_colossem_batch_10:A+B
COLOS-101,THE COLOSSEUM,AHA: A Vision-Language-Model for Detecting and Reasoning Over Failures in Robotic Manipulation,2024,arXiv `2410.00371`; arXiv DOI `10.48550/arXiv.2410.00371`,2410.00371,10.48550/arXiv.2410.00371,Semantic Scholar citation graph,Semantic Scholar lists this work as citing seed arXiv:2402.08191.,indexed-citation,"URLs: https://www.semanticscholar.org/paper/076f35d58d26ac74c71e6e849dfffc0707aa8a6f | Source IDs: SemanticScholarURL: https://www.semanticscholar.org/paper/076f35d58d26ac74c71e6e849dfffc0707aa8a6f ; CorpusId: 273022765 ; DBLP: conf/iclr/DuanPKWTYKFMG25 | Provenance: Semantic Scholar citation endpoint for arXiv:2402.08191: citing paper record ; S2 context: Unlike previous works [47, 28, 22] that primarily focus on detecting task success as binary classifica-167 tion problem, we approach failure reasoning by first predicting a binary success condition (""Yes"" or ""No"") of the given sub-task based on a language spec",yes,2410.00371,https://arxiv.org/abs/2410.00371,The arXiv abs page lists arXiv:2410.00371 with the exact title and DOI https://doi.org/10.48550/arXiv.2410.00371.,high,no,citation-only,n/a,n/a,None,"The arXiv HTML text mentions The Colosseum only in related work as a system for automated benchmark/data generation and in the Pumacay et al. reference; no THE COLOSSEUM evaluation table, figure, or numeric result is reported.",high,Colosseum is cited as background; AHA's reported experiments concern failure detection/reasoning rather than THE COLOSSEUM benchmark.,arxiv_result_audit_2026-05-22_double:the_colossem_batch_11:A+B
COLOS-102,THE COLOSSEUM,iTeach: In the Wild Interactive Teaching for Failure-Driven Adaptation of Robot Perception,2024,arXiv `2410.09072`,2410.09072,,Semantic Scholar citation graph,Semantic Scholar lists this work as citing seed arXiv:2402.08191.,indexed-citation,URLs: https://www.semanticscholar.org/paper/1106dcd7053d63852b6c3b06f9dca1a593d27e7d | Source IDs: SemanticScholarURL: https://www.semanticscholar.org/paper/1106dcd7053d63852b6c3b06f9dca1a593d27e7d ; CorpusId: 273346771 | Provenance: Semantic Scholar citation endpoint for arXiv:2402.08191: citing paper record ; S2 context: Benchmarks such as The Colosseum [35] highlight the degradation of performance under real-world perturbations.,yes,2410.09072,https://arxiv.org/abs/2410.09072,The arXiv abs page lists arXiv:2410.09072 with the exact title and DOI https://doi.org/10.48550/arXiv.2410.09072.,high,no,citation-only,n/a,n/a,None,"The arXiv PDF states that benchmarks such as The Colosseum highlight degradation under real-world perturbations and cites it as reference [35], but the reported numeric evaluations are for UOIS/SceneReplica and real robot experiments, not THE COLOSSEUM.",high,The latest arXiv version is still the same work; Colosseum appears as background only.,arxiv_result_audit_2026-05-22_double:the_colossem_batch_11:A+B
COLOS-103,THE COLOSSEUM,DMC-VB: A Benchmark for Representation Learning for Control with Visual Distractors,2024,arXiv `2409.18330`; arXiv DOI `10.48550/arXiv.2409.18330`,2409.18330,10.48550/arXiv.2409.18330,Semantic Scholar citation graph,Semantic Scholar lists this work as citing seed arXiv:2402.08191.,indexed-citation,"URLs: https://www.semanticscholar.org/paper/65de4136b6e84cd4fa0d278679c05b4f1255f10d | Source IDs: SemanticScholarURL: https://www.semanticscholar.org/paper/65de4136b6e84cd4fa0d278679c05b4f1255f10d ; CorpusId: 272969487 ; DBLP: conf/nips/OrtizDLGWHSZLM24 | Provenance: Semantic Scholar citation endpoint for arXiv:2402.08191: citing paper record ; S2 context: Despite these advances, recent research indicates that agents trained on offline visual data often exhibit poor generalization to novel visual domains, and can fail under minor visual variations in the background or camera viewpoint [9, 41].",yes,2409.18330,https://arxiv.org/abs/2409.18330,The arXiv abs page lists arXiv:2409.18330 with the exact title and DOI https://doi.org/10.48550/arXiv.2409.18330.,high,no,citation-only,n/a,n/a,None,"The PDF text discusses Colosseum as prior work on 20 manipulation tasks and 14 axes of variation, and compares dataset properties, but the numeric experiments are for the DMC-VB benchmark rather than THE COLOSSEUM.",high,"Colosseum appears in related-work/dataset-comparison context, not as an evaluated benchmark in this work.",arxiv_result_audit_2026-05-22_double:the_colossem_batch_11:A+B
COLOS-104,THE COLOSSEUM,View-Invariant Policy Learning via Zero-Shot Novel View Synthesis,2024,arXiv `2409.03685`; arXiv DOI `10.48550/arXiv.2409.03685`,2409.03685,10.48550/arXiv.2409.03685,Semantic Scholar citation graph,Semantic Scholar lists this work as citing seed arXiv:2402.08191.,indexed-citation,"URLs: https://www.semanticscholar.org/paper/c866254bfe950f0921b5cf8acda01fde4f2c667f | Source IDs: SemanticScholarURL: https://www.semanticscholar.org/paper/c866254bfe950f0921b5cf8acda01fde4f2c667f ; CorpusId: 272424209 ; DBLP: conf/corl/TianWSLZG024 | Provenance: Semantic Scholar citation endpoint for arXiv:2402.08191: citing paper record ; S2 context: While these approaches have been shown to be robust to novel camera views [3], they require well-calibrated camera extrinsics, which can be practically challenging and time-consuming to collect, and are not present in all existing datasets (for example, the ma",yes,2409.03685,https://arxiv.org/abs/2409.03685,The arXiv abs page lists arXiv:2409.03685 with the exact title and DOI https://doi.org/10.48550/arXiv.2409.03685.,high,no,citation-only,n/a,n/a,None,"The arXiv PDF cites THE COLOSSEUM as reference [3]. Its numeric policy-success tables are for perturbed/novel viewpoint experiments in the authors' VISTA setup, not THE COLOSSEUM benchmark.",high,"The paper reports viewpoint-robustness numbers, but they are not labeled as Colosseum results.",arxiv_result_audit_2026-05-22_double:the_colossem_batch_11:A+B
COLOS-105,THE COLOSSEUM,A Biologically Inspired Design Principle for Building Robust Robotic Systems,2024,arXiv `2408.10192`; arXiv DOI `10.48550/arXiv.2408.10192`,2408.10192,10.48550/arXiv.2408.10192,Semantic Scholar citation graph,Semantic Scholar lists this work as citing seed arXiv:2402.08191.,indexed-citation,URLs: https://www.semanticscholar.org/paper/4ea596ace4722873166f1ede81eb0c8a1f14c755 | Source IDs: SemanticScholarURL: https://www.semanticscholar.org/paper/4ea596ace4722873166f1ede81eb0c8a1f14c755 ; CorpusId: 271903373 ; DBLP: journals/corr/abs-2408-10192 | Provenance: Semantic Scholar citation endpoint for arXiv:2402.08191: citing paper record,yes,2408.10192,https://arxiv.org/abs/2408.10192,The arXiv abs page lists arXiv:2408.10192 with the exact title and DOI https://doi.org/10.48550/arXiv.2408.10192.,high,no,citation-only,n/a,n/a,None,"The arXiv PDF includes The Colosseum only in the references as Pumacay et al. [55]; the reported experiments are for the paper's robustness/design-principle tasks, not THE COLOSSEUM.",high,"PDF text extraction had minor syntax warnings, but the Colosseum hit was in the reference list only.",arxiv_result_audit_2026-05-22_double:the_colossem_batch_11:A+B
COLOS-106,THE COLOSSEUM,Learning to Manipulate Anywhere: A Visual Generalizable Framework For Reinforcement Learning,2024,arXiv `2407.15815`; arXiv DOI `10.48550/arXiv.2407.15815`,2407.15815,10.48550/arXiv.2407.15815,Semantic Scholar citation graph,Semantic Scholar lists this work as citing seed arXiv:2402.08191.,indexed-citation,"URLs: https://www.semanticscholar.org/paper/6d32eb3a43594c723e1435dcbdad9cf4a5c78a61 | Source IDs: SemanticScholarURL: https://www.semanticscholar.org/paper/6d32eb3a43594c723e1435dcbdad9cf4a5c78a61 ; CorpusId: 271328326 ; DBLP: conf/corl/YuanWCZCX24 | Provenance: Semantic Scholar citation endpoint for arXiv:2402.08191: citing paper record ; S2 context: In recent years, multiple works have resorted to addressing the critical issue of generalization [6, 33, 34, 35, 36, 37, 38, 39, 40, 41].",yes,2407.15815,https://arxiv.org/abs/2407.15815,The arXiv abs page lists arXiv:2407.15815 with the exact title and DOI https://doi.org/10.48550/arXiv.2407.15815.,high,no,citation-only,n/a,n/a,None,"The arXiv PDF cites The Colosseum as reference [34] in related work on visual generalization. Its numeric success-rate tables are Maniwhere/manipulation experiments, not THE COLOSSEUM.",high,"No Colosseum protocol, perturbation table, or Colosseum result figure found.",arxiv_result_audit_2026-05-22_double:the_colossem_batch_11:A+B
COLOS-107,THE COLOSSEUM,Generative Image as Action Models,2024,arXiv `2407.07875`; arXiv DOI `10.48550/arXiv.2407.07875`,2407.07875,10.48550/arXiv.2407.07875,Semantic Scholar citation graph,Semantic Scholar lists this work as citing seed arXiv:2402.08191.,indexed-citation,URLs: https://www.semanticscholar.org/paper/2078500a4e897f48a370f8d458f71d19864a4f25 | Source IDs: SemanticScholarURL: https://www.semanticscholar.org/paper/2078500a4e897f48a370f8d458f71d19864a4f25 ; CorpusId: 271088942 ; DBLP: journals/corr/abs-2407-07875 | Provenance: Semantic Scholar citation endpoint for arXiv:2402.08191: citing paper record ; S2 context: Performance drops from Colosseum [46] perturbations.,yes,2407.07875,https://arxiv.org/abs/2407.07875,The arXiv abs page lists arXiv:2407.07875 with the exact title and DOI https://doi.org/10.48550/arXiv.2407.07875.,high,yes,reports-results,"Colosseum perturbation evaluation on six categories: randomized object/part colors, distractor objects, lighting color/brightness, table textures, scene backgrounds, and camera pose; success rates from 150 evaluation episodes per task with perturbations randomly sampled episodically.","50 training demos per task; 50 evaluation episodes per task across the last three checkpoints, i.e. 150 episodes per task","Figure 4 reports Colosseum perturbation performance drops: Genima object color -35%, distractors -14%, lighting -18%, table texture -77%, background texture -10%, camera pose -96%; ACT object color -74%, distractors -72%, lighting -39%, table texture -92%, background texture 0%, camera pose -94%.",The arXiv HTML Figure 4 caption reports performance drops from Colosseum perturbations and 150 evaluation episodes per task; the arXiv source file figures/perturb_v3.pdf contains the printed percentage drops listed above.,high,"Counts as reports-results for THE COLOSSEUM, although the paper evaluates a six-category subset of perturbations rather than a full canonical 12-axis table.",arxiv_result_audit_2026-05-22_double:the_colossem_batch_11:A+B
COLOS-108,THE COLOSSEUM,Green Screen Augmentation Enables Scene Generalisation in Robotic Manipulation,2024,arXiv `2407.07868`; arXiv DOI `10.48550/arXiv.2407.07868`,2407.07868,10.48550/arXiv.2407.07868,Semantic Scholar citation graph,Semantic Scholar lists this work as citing seed arXiv:2402.08191.,indexed-citation,"URLs: https://www.semanticscholar.org/paper/256ff3d45f69cceec7bc100552fed9def405026d | Source IDs: SemanticScholarURL: https://www.semanticscholar.org/paper/256ff3d45f69cceec7bc100552fed9def405026d ; CorpusId: 271088825 ; DBLP: journals/corr/abs-2407-07868 | Provenance: Semantic Scholar citation endpoint for arXiv:2402.08191: citing paper record ; S2 context: Prior works [20, 39] have confirmed the effectiveness of background and texture randomisation in simulation.",yes,2407.07868,https://arxiv.org/abs/2407.07868,The arXiv abs page lists arXiv:2407.07868 with the exact title and DOI https://doi.org/10.48550/arXiv.2407.07868.,high,no,citation-only,n/a,n/a,None,"The arXiv PDF includes The Colosseum only as reference [39]. The numeric success-rate tables are GreenAug scene/object/generalisation experiments, not THE COLOSSEUM benchmark.",high,No Colosseum benchmark evaluation protocol or numbers found.,arxiv_result_audit_2026-05-22_double:the_colossem_batch_11:A+B
COLOS-109,THE COLOSSEUM,Unfolding the Literature: A Review of Robotic Cloth Manipulation,2024,arXiv `2407.01361`; arXiv DOI `10.48550/arXiv.2407.01361`,2407.01361,10.48550/arXiv.2407.01361,Semantic Scholar citation graph,Semantic Scholar lists this work as citing seed arXiv:2402.08191.,indexed-citation,"URLs: https://www.semanticscholar.org/paper/3972d28bc30ad1691d727d1a953762a6ff46f449 | Source IDs: SemanticScholarURL: https://www.semanticscholar.org/paper/3972d28bc30ad1691d727d1a953762a6ff46f449 ; CorpusId: 270869397 ; DBLP: journals/corr/abs-2407-01361 | Provenance: Semantic Scholar citation endpoint for arXiv:2402.08191: citing paper record ; S2 context: This idea goes in line with the one proposed for rigid objects in (111), where generalization is measured similarly but also adds other aspects of variability in background, table color, etc. Variability in the starting configurations and scene properties of c",yes,2407.01361,https://arxiv.org/abs/2407.01361,The arXiv abs page lists arXiv:2407.01361 with the exact title and DOI https://doi.org/10.48550/arXiv.2407.01361.,high,no,citation-only,n/a,n/a,None,"The arXiv PDF is a review paper; it cites Pumacay et al. 2024 The Colosseum in the benchmarks/datasets discussion and reference list, but reports no numeric THE COLOSSEUM evaluation by this work.",high,The Colosseum is mentioned as a rigid-object/generalization benchmark reference in a cloth-manipulation literature review.,arxiv_result_audit_2026-05-22_double:the_colossem_batch_11:A+B
COLOS-110,THE COLOSSEUM,3D-MVP: 3D Multiview Pretraining for Manipulation,2024,arXiv `2406.18158`; DOI `10.1109/CVPR52734.2025.02098`; arXiv DOI `10.48550/arXiv.2406.18158`,2406.18158,10.1109/CVPR52734.2025.02098; 10.48550/arXiv.2406.18158,Semantic Scholar citation graph,Semantic Scholar lists this work as citing seed arXiv:2402.08191.,indexed-citation,URLs: https://www.semanticscholar.org/paper/5dabf78d4b3144f7ccf61d0e69babca759ab67c5 ; https://www.semanticscholar.org/paper/4d1832d3ff59b1ce1de7f3713789b5b73fc40ccd | Source IDs: SemanticScholarURL: https://www.semanticscholar.org/paper/5dabf78d4b3144f7ccf61d0e69babca759ab67c5 | https://www.semanticscholar.org/paper/4d1832d3ff59b1ce1de7f3713789b5b73fc40ccd ; CorpusId: 280655474 | 281529383 ; DBLP: conf/cvpr/0001MBFF025 | journals/corr/abs-2406-18158 | Provenance: Semantic Scholar citation endpoint for arXiv:2402.08191: citing paper record ; S2 context: Results on COLOSSEUM [32]. ; S2 context: Figure 3: Results on COLOSSEUM [31]. | Merge notes: Merged duplicate candidate '3D-MVP: 3D Multiview Pretraining for Robotic Manipulation' by arxiv=2406.18158,yes,2406.18158,https://arxiv.org/abs/2406.18158,The arXiv abs page lists arXiv:2406.18158 with the title '3D-MVP: 3D Multiview Pretraining for Robotic Manipulation'; this is the same work as the row's shortened title variant.,high,yes,reports-results,"Original COLOSSEUM setup: 20 tasks, 12 environmental perturbations plus no perturbation, average task-completion success rate reported by perturbation for MVP, R3M, RVT, and 3D-MVP.",100 demonstrations for each task during training; 25 demonstrations for each environmental perturbation during test-time generation,"Figure 4 reports numeric average task-completion success-rate curves for MVP, R3M, RVT, and 3D-MVP across no perturbation plus 12 COLOSSEUM perturbation axes; exact per-axis values are plotted but not tabulated in the HTML or TeX source.","The arXiv HTML Section 4.3 is titled Results on COLOSSEUM; Figure 4 caption says it reports average task-completion success rate for 12 environmental perturbations and no perturbation, and the surrounding text says 3D-MVP is more robust than RVT on most perturbations.",medium,"Input title omits 'Robotic' but the arXiv ID/DOI and title variant refer to the same work. Counts as reports-results because Figure 4 is a numeric COLOSSEUM success-rate plot, though exact values are not printed as a table.",arxiv_result_audit_2026-05-22_double:the_colossem_batch_11:A+B
COLOS-111,THE COLOSSEUM,Contrast Sets for Evaluating Language-Guided Robot Policies,2024,arXiv `2406.13636`; arXiv DOI `10.48550/arXiv.2406.13636`,2406.13636,10.48550/arXiv.2406.13636,Semantic Scholar citation graph,Semantic Scholar lists this work as citing seed arXiv:2402.08191.,indexed-citation,"URLs: https://www.semanticscholar.org/paper/291edae6aed9c0d7c5c38b1f0c17ccdc70fa593b | Source IDs: SemanticScholarURL: https://www.semanticscholar.org/paper/291edae6aed9c0d7c5c38b1f0c17ccdc70fa593b ; CorpusId: 270620563 ; DBLP: journals/corr/abs-2406-13636 | Provenance: Semantic Scholar citation endpoint for arXiv:2402.08191: citing paper record ; S2 context: There exist correlations between simulation and real-world performance even if they do not exactly match [29, 11]; however there are no guarantees about real-world performance.",yes,2406.13636,https://arxiv.org/abs/2406.13636,"arXiv metadata at https://arxiv.org/abs/2406.13636 lists citation_title ""Contrast Sets for Evaluating Language-Guided Robot Policies"" and arXiv ID 2406.13636.",high,no,citation-only,n/a,n/a,None,"The arXiv PDF mentions THE COLOSSEUM only in reference [29]; the paper's numeric experiments are contrast-set evaluations on its own simulated manipulation and real navigation tasks, not THE COLOSSEUM.",high,Reference-only Colosseum usage.,arxiv_result_audit_2026-05-22_double:the_colossem_batch_12:A+B
COLOS-112,THE COLOSSEUM,Recasting Generic Pretrained Vision Transformers As Object-Centric Scene Encoders For Manipulation Policies,2024,arXiv `2405.15916`; DOI `10.1109/ICRA57147.2024.10610131`,2405.15916,10.1109/ICRA57147.2024.10610131,Semantic Scholar citation graph; old CSV lead,Semantic Scholar lists this work as citing seed arXiv:2402.08191.,indexed-citation,"URLs: https://www.semanticscholar.org/paper/4be1aca441f22566dc602064905b01aa3a833e55 | Source IDs: SemanticScholarURL: https://www.semanticscholar.org/paper/4be1aca441f22566dc602064905b01aa3a833e55 ; CorpusId: 270064253 ; DBLP: conf/icra/QianPJ24 | Provenance: Semantic Scholar citation endpoint for arXiv:2402.08191: citing paper record ; S2 context: Recent works [32], [33] come up with different benchmarks to study the effectiveness of pre-trained representations. ; old CSV row ID COL-CIT-016 | Adversarial note: Present in previous CSV but not in reconstructed primary candidate set, likely because it was a non-Semantic-Scholar/manual/term candidate or deduped under a different identifier. Needs reconciliation before tracker rewrite. | Merge notes: Merged duplicate candidate 'Recasting Generic Pretrained Vision Transformers As Object-Centric Scene Encoders For Manipulation Policies' by doi=10.1109/icra57147.2024.10610131",yes,2405.15916,https://arxiv.org/abs/2405.15916,arXiv abs page lists arXiv:2405.15916 with citation_title exactly matching the candidate title and PDF URL https://arxiv.org/pdf/2405.15916.,high,no,citation-only,n/a,n/a,None,"The arXiv PDF contains The Colosseum only in bibliography reference [33]. Its experiments report SOFT/object-centric representation results on the paper's own manipulation settings, not THE COLOSSEUM.",high,"No Colosseum protocol, table, figure, or success-rate result found.",arxiv_result_audit_2026-05-22_double:the_colossem_batch_12:A+B
COLOS-113,THE COLOSSEUM,Towards Generalist Robot Learning from Internet Video: A Survey,2024,arXiv `2404.19664`; DOI `10.1613/jair.1.17400`,2404.19664,10.1613/jair.1.17400,Semantic Scholar citation graph,Semantic Scholar lists this work as citing seed arXiv:2402.08191.,indexed-citation,"URLs: https://www.semanticscholar.org/paper/79226d4525fd88264b78a9e2fc2061c081824ff0 | Source IDs: SemanticScholarURL: https://www.semanticscholar.org/paper/79226d4525fd88264b78a9e2fc2061c081824ff0 ; CorpusId: 269457413 ; DBLP: journals/corr/abs-2404-19664 | Provenance: Semantic Scholar citation endpoint for arXiv:2402.08191: citing paper record ; S2 context: (2) Robotics simulators: Robotics-relevant simulated environments include benchmarks focused on low-level motor control and object interaction [179, 314, 89, 162, 141, 175, 209].",yes,2404.19664,https://arxiv.org/abs/2404.19664,"arXiv metadata at https://arxiv.org/abs/2404.19664 lists the exact candidate title, the JAIR DOI 10.1613/jair.1.17400, and arXiv ID 2404.19664.",high,no,citation-only,n/a,n/a,None,"The survey PDF discusses Pumacay et al. [209] as a benchmark/data-generation example and lists The Colosseum in the references, but it is a survey and does not report THE COLOSSEUM evaluation numbers.",high,"Input omitted the arXiv audit fields, but the parsed arXiv ID is a confirmed exact-title match.",arxiv_result_audit_2026-05-22_double:the_colossem_batch_12:A+B
COLOS-114,THE COLOSSEUM,A Convex Formulation of Frictional Contact for the Material Point Method and Rigid Bodies,2024,arXiv `2403.13783`; DOI `10.1109/IROS58592.2024.10801598`,2403.13783,10.1109/IROS58592.2024.10801598,Semantic Scholar citation graph,Semantic Scholar lists this work as citing seed arXiv:2402.08191.,indexed-citation,"URLs: https://www.semanticscholar.org/paper/ffe218157edd15e40f7ac2b4e8895b50c9fe87cc | Source IDs: SemanticScholarURL: https://www.semanticscholar.org/paper/ffe218157edd15e40f7ac2b4e8895b50c9fe87cc ; CorpusId: 268537019 ; DBLP: journals/corr/abs-2403-13783 | Provenance: Semantic Scholar citation endpoint for arXiv:2402.08191: citing paper record ; S2 context: In this context, simulation emerges as a pivotal tool, not only facilitating the provision of such expansive datasets [2], but also playing a critical role in the verification and evaluation of policies generated by these advanced models [3], [4].",yes,2403.13783,https://arxiv.org/abs/2403.13783,arXiv abs page lists arXiv:2403.13783 with citation_title exactly matching the candidate title and PDF URL https://arxiv.org/pdf/2403.13783.,high,no,citation-only,n/a,n/a,None,"The PDF cites THE COLOSSEUM only as reference [4] while reporting friction/contact simulation experiments; no Colosseum benchmark table, figure, or success rate was found.",high,Off-topic contact mechanics paper for this benchmark audit.,arxiv_result_audit_2026-05-22_double:the_colossem_batch_12:A+B
COLOS-115,THE COLOSSEUM,ViSaRL: Visual Reinforcement Learning Guided by Human Saliency,2024,arXiv `2403.10940`; DOI `10.1109/IROS58592.2024.10801388`,2403.10940,10.1109/IROS58592.2024.10801388,Semantic Scholar citation graph,Semantic Scholar lists this work as citing seed arXiv:2402.08191.,indexed-citation,URLs: https://www.semanticscholar.org/paper/a0e66fc2a4270dcd8d9ed00f59d3030c978fb7a5 | Source IDs: SemanticScholarURL: https://www.semanticscholar.org/paper/a0e66fc2a4270dcd8d9ed00f59d3030c978fb7a5 ; CorpusId: 259305918 ; DBLP: journals/corr/abs-2403-10940 | Provenance: Semantic Scholar citation endpoint for arXiv:2402.08191: citing paper record ; S2 context: We then use the trained PiCANet model to pseudo-label an offline dataset of RGB observations collected from the environment.,yes,2403.10940,https://arxiv.org/abs/2403.10940,arXiv abs page lists arXiv:2403.10940 with citation_title exactly matching ViSaRL: Visual Reinforcement Learning Guided by Human Saliency.,high,no,citation-only,n/a,n/a,None,"The PDF says ViSaRL could be further evaluated on The Colosseum and cites it as reference [35]; this is future-work/background language, not a reported Colosseum result.",high,No benchmark-number or checkpoint audit beyond the requested scope.,arxiv_result_audit_2026-05-22_double:the_colossem_batch_12:A+B
COLOS-116,THE COLOSSEUM,Efficient Data Collection for Robotic Manipulation via Compositional Generalization,2024,arXiv `2403.05110`; arXiv DOI `10.48550/arXiv.2403.05110`,2403.05110,10.48550/arXiv.2403.05110,Semantic Scholar citation graph,Semantic Scholar lists this work as citing seed arXiv:2402.08191.,indexed-citation,"URLs: https://www.semanticscholar.org/paper/6a51686adfb418b6e1a7c84954f821729fc65ce2 | Source IDs: SemanticScholarURL: https://www.semanticscholar.org/paper/6a51686adfb418b6e1a7c84954f821729fc65ce2 ; CorpusId: 268297366 ; DBLP: conf/rss/GaoXXFS24 | Provenance: Semantic Scholar citation endpoint for arXiv:2402.08191: citing paper record ; S2 context: Some prior works have similarly studied the robustness of visual imitation learning models to different environmental factor shifts [47, 46, 8].",yes,2403.05110,https://arxiv.org/abs/2403.05110,arXiv abs page lists arXiv:2403.05110 with citation_title exactly matching the candidate title and PDF URL https://arxiv.org/pdf/2403.05110.,high,no,citation-only,n/a,n/a,None,"The PDF contains The Colosseum only in reference [39]. The reported experiments are the paper's own compositional data-collection simulation/real-robot studies, not THE COLOSSEUM.",high,"Input omitted the arXiv audit fields, but the parsed arXiv ID is a confirmed exact-title match.",arxiv_result_audit_2026-05-22_double:the_colossem_batch_12:A+B
COLOS-117,THE COLOSSEUM,Generalizable Imitation Learning Through Pre-Trained Representations,2023,arXiv `2311.09350`; DOI `10.1109/ICRA55743.2025.11127800`,2311.09350,10.1109/ICRA55743.2025.11127800,Semantic Scholar citation graph; old CSV lead,Semantic Scholar lists this work as citing seed arXiv:2402.08191.,indexed-citation,"URLs: https://www.semanticscholar.org/paper/794fbee87765a8c2bdef78e0330b125bba5db919 | Source IDs: SemanticScholarURL: https://www.semanticscholar.org/paper/794fbee87765a8c2bdef78e0330b125bba5db919 ; CorpusId: 265221058 ; DBLP: conf/icra/ChangHFMD25 | Provenance: Semantic Scholar citation endpoint for arXiv:2402.08191: citing paper record ; S2 context: Previous benchmarks focus on policy generalization be-tween different tasks [46], manipulation of abstract 3D printed objects [47], intra-class generalization [48], or large-scale variations in object appearance only, without variations in object morphology [4 ; old CSV row ID COL-CIT-013 | Adversarial note: Present in previous CSV but not in reconstructed primary candidate set, likely because it was a non-Semantic-Scholar/manual/term candidate or deduped under a different identifier. Needs reconciliation before tracker rewrite. | Merge notes: Merged duplicate candidate 'Generalizable Imitation Learning Through Pre-Trained Representations' by doi=10.1109/icra55743.2025.11127800",yes,2311.09350,https://arxiv.org/abs/2311.09350,arXiv metadata at https://arxiv.org/abs/2311.09350 lists the exact candidate title and arXiv ID 2311.09350.,high,no,citation-only,n/a,n/a,None,"The arXiv PDF reports intra-class and inter-class object-generalization success rates for DVK and baselines; THE COLOSSEUM appears only in reference [49], with no COLOSSEUM benchmark numbers.",high,The 2025 IEEE DOI appears to be a later publication of the same titled arXiv work.,arxiv_result_audit_2026-05-22_double:the_colossem_batch_12:A+B
COLOS-118,THE COLOSSEUM,MAP-THOR: Benchmarking Long-Horizon Multi-Agent Planning Frameworks in Partially Observable Environments,,,,,Semantic Scholar citation graph,Semantic Scholar lists this work as citing seed arXiv:2402.08191.,indexed-citation,"URLs: https://www.semanticscholar.org/paper/129c529cf0164f1f2b99a00c37312bac50992f98 | Source IDs: SemanticScholarURL: https://www.semanticscholar.org/paper/129c529cf0164f1f2b99a00c37312bac50992f98 ; CorpusId: 274523374 | Provenance: Semantic Scholar citation endpoint for arXiv:2402.08191: citing paper record ; S2 context: For instance, FactorWorld (Xie et al., 2023), KitchenShift (Xing et al., 2021) and Colosseum (Pumacay et al., 2024) focus on policy generalization for manipulation tasks by evaluating all potential perturbations.",no,,,Direct OpenReview workshop upload; no same-title arXiv version found in exact-title checks. A possible related LLaMAR arXiv version was not treated as the same work without stronger title/version evidence.,medium,no,citation-only,n/a,n/a,None,"The OpenReview PDF mentions COLOSSEUM in related work as a single-agent manipulation generalization benchmark and cites Pumacay et al.; its tables report MAP-THOR metrics, not THE COLOSSEUM results.",high,Double audit agreed no COLOSSEUM numbers; arXiv status adjudicated to no exact same-title arXiv match found.,arxiv_result_audit_2026-05-22_double:the_colossem_batch_12:A+B
COLOS-119,THE COLOSSEUM,GRASP to GemBench Challenge at CVPR 2025 Workshop GRAIL,,,,,Semantic Scholar citation graph,Semantic Scholar lists this work as citing seed arXiv:2402.08191.,indexed-citation,"URLs: https://www.semanticscholar.org/paper/58be0a7d5618ead3932e02130cdf1ebc0b10c393 | Source IDs: SemanticScholarURL: https://www.semanticscholar.org/paper/58be0a7d5618ead3932e02130cdf1ebc0b10c393 ; CorpusId: 281304293 | Provenance: Semantic Scholar citation endpoint for arXiv:2402.08191: citing paper record ; S2 context: While several simulators and benchmarks [7, 15, 16, 21, 23, 30] have been developed to support this research area, RL-Bench [15] has emerged as the most widely adopted platform.",no,,,Exact-title arXiv search produced no results. The available paper source found is the CVPR/GRAIL workshop PDF at https://robomani-grail.github.io/submissions/RUC-AIM3-GRAIL2025_GemBenchChallenge.pdf.,high,no,citation-only,n/a,n/a,None,"The official PDF reports GemBench public/private test-set success rates and ablations; THE COLOSSEUM appears only as reference [23], with no COLOSSEUM evaluation protocol or numbers.",high,"Challenge report evaluates GemBench, not THE COLOSSEUM.",arxiv_result_audit_2026-05-22_double:the_colossem_batch_12:A+B
COLOS-120,THE COLOSSEUM,R OBO V ERSE : A Unified Benchmark for Scalable and Generalizable Vision-Language Robotic Manipulation,,,,,Semantic Scholar citation graph,Semantic Scholar lists this work as citing seed arXiv:2402.08191.,indexed-citation,URLs: https://www.semanticscholar.org/paper/dc1af7f05970e6d528f153c24756e548248c1edf | Source IDs: SemanticScholarURL: https://www.semanticscholar.org/paper/dc1af7f05970e6d528f153c24756e548248c1edf ; CorpusId: 281387648 | Provenance: Semantic Scholar citation endpoint for arXiv:2402.08191: citing paper record,unclear,,,"Semantic Scholar links the exact candidate title to an anonymous Embodied AI/CVPR 2024 PDF and has no arXiv external ID. arXiv:2504.18904 is a related RoboVerse paper with a different title, ""RoboVerse: Towards a Unified Platform, Dataset and Benchmark for Scalable and Generalizable Robot Learning""; because the candidate PDF is anonymous and title/version identity is not defensible from the checked sources, I did not merge it as a definite arXiv match.",medium,no,uses-data-no-results,n/a,n/a,None,"The CVPR 2024 RoboVerse PDF says the benchmark incorporates tasks/benchmarks/demonstrations from COLOSSEUM, but it presents no numeric Colosseum result table or figure; its future-work section says quantitative evaluation is planned.",high,Counts as uses-data-no-results rather than citation-only because the paper explicitly says RoboVerse incorporates COLOSSEUM tasks/demonstrations. The possible relationship to arXiv:2504.18904 remains ambiguous.,arxiv_result_audit_2026-05-22_double:the_colossem_batch_12:A+B
COLOS-121,THE COLOSSEUM,Adapting Large Pre-Trained Models for Generalized Robot Reasoning and Control,,,,,Semantic Scholar citation graph,Semantic Scholar lists this work as citing seed arXiv:2402.08191.,indexed-citation,"URLs: https://www.semanticscholar.org/paper/5f61d030e72dfc22c7cda5caf63dadf2301983ec | Source IDs: SemanticScholarURL: https://www.semanticscholar.org/paper/5f61d030e72dfc22c7cda5caf63dadf2301983ec ; CorpusId: 281412202 | Provenance: Semantic Scholar citation endpoint for arXiv:2402.08191: citing paper record ; S2 context: We introduce a novel simulation benchmark [24] featuring 20 diverse manipulation tasks and 14 axes of systematic environmental perturbations, such as variations in color, texture, size, lighting, and camera pose.",no,,,OpenReview page/PDF https://openreview.net/forum?id=zdIZrtDciQ and https://openreview.net/pdf?id=zdIZrtDciQ list this exact RSS Pioneers 2025 work; exact-title web searches found OpenReview copies but no arxiv.org/abs page for this work.,medium,yes,reports-results,THE COLOSSEUM perturbation/generalization evaluation,not reported,"The paper summarizes THE COLOSSEUM results as comparing five manipulation models, with a 30-50% success-rate decrease across perturbations versus unperturbed conditions, degradation exceeding 75% when multiple perturbations are combined, and simulation-real correlation R^2 = 0.614.","OpenReview PDF section II.B says the benchmark has 20 manipulation tasks and 14 perturbation axes and reports the 30-50%, >75%, and R^2 = 0.614 numbers; its reference [24] identifies that benchmark as The Colosseum.",high,"This is a short RSS Pioneers/research-summary paper rather than the original COLOSSEUM benchmark paper, but it clearly reports numeric COLOSSEUM benchmark results.",arxiv_result_audit_2026-05-22_double:the_colossem_batch_13:A+B
COLOS-122,THE COLOSSEUM,Exploring the Limits of Vision-Language-Action Manipulation in Cross-Task Generalization,2026,,,,old CSV lead,"Present in previous CSV but not in reconstructed primary candidate set, likely because it was a non-Semantic-Scholar/manual/term candidate or deduped under a different identifier. Needs reconciliation before tracker rewrite.",indexed-citation,"Provenance: old CSV row ID COL-CIT-007 | Adversarial note: Present in previous CSV but not in reconstructed primary candidate set, likely because it was a non-Semantic-Scholar/manual/term candidate or deduped under a different identifier. Needs reconciliation before tracker rewrite.",yes,2505.15660,https://arxiv.org/abs/2505.15660,"arXiv metadata at https://arxiv.org/abs/2505.15660 lists the same work as ""Exploring the Limits of Vision-Language-Action Manipulations in Cross-task Generalization"" by Jiaming Zhou et al.; the row title has only minor singular/plural/capitalization variants.",high,no,citation-only,n/a,n/a,None,"arXiv PDF https://arxiv.org/pdf/2505.15660 cites Colosseum in Related Work as an existing benchmark across 14 perturbation axes and Table 1 lists benchmark attributes, but Sections 3-5 and the numeric result tables evaluate AGNOSTOS, not THE COLOSSEUM.",high,"Candidate title uses singular Manipulation; arXiv title uses Manipulations. Same-work identity is clear from title/authors. Colosseum table entries are benchmark metadata, not performance results on THE COLOSSEUM.",arxiv_result_audit_2026-05-22_double:the_colossem_batch_13:A+B
COLOS-123,THE COLOSSEUM,"Benchmarking Vision, Language, & Action Models on Robotic Learning Tasks",2024,arXiv `2411.05821`; arXiv DOI `10.48550/arXiv.2411.05821`,2411.05821,10.48550/arXiv.2411.05821,old CSV lead,"Present in previous CSV but not in reconstructed primary candidate set, likely because it was a non-Semantic-Scholar/manual/term candidate or deduped under a different identifier. Needs reconciliation before tracker rewrite.",indexed-citation,"Provenance: old CSV row ID COL-CIT-023 | Adversarial note: Present in previous CSV but not in reconstructed primary candidate set, likely because it was a non-Semantic-Scholar/manual/term candidate or deduped under a different identifier. Needs reconciliation before tracker rewrite.",yes,2411.05821,https://arxiv.org/abs/2411.05821,"arXiv metadata at https://arxiv.org/abs/2411.05821 lists the exact candidate title, arXiv ID 2411.05821, and DOI 10.48550/arXiv.2411.05821.",high,no,citation-only,n/a,n/a,None,"arXiv PDF https://arxiv.org/pdf/2411.05821 mentions THE COLOSSEUM in Related Work as a robustness/generalization benchmark and cites arXiv:2402.08191 in the references; the numeric tables report this paper's Open-X/MultiNet-style dataset metrics, not THE COLOSSEUM results.",high,Do not count this row as reporting THE COLOSSEUM numbers; THE COLOSSEUM is contextual related work only.,arxiv_result_audit_2026-05-22_double:the_colossem_batch_13:A+B
COLOS-124,THE COLOSSEUM,GSWorld: Closed-Loop Photo-Realistic Simulation Suite for Robotic Manipulation,2025,,,,old CSV lead,"Present in previous CSV but not in reconstructed primary candidate set, likely because it was a non-Semantic-Scholar/manual/term candidate or deduped under a different identifier. Needs reconciliation before tracker rewrite.",term-only,"Provenance: old CSV row ID COL-TERM-001 | Adversarial note: Present in previous CSV but not in reconstructed primary candidate set, likely because it was a non-Semantic-Scholar/manual/term candidate or deduped under a different identifier. Needs reconciliation before tracker rewrite.",yes,2510.20813,https://arxiv.org/abs/2510.20813,arXiv abs page https://arxiv.org/abs/2510.20813 lists arXiv:2510.20813 with the exact GSWorld title and matching authors.,high,no,not-a-paper-or-false-positive,n/a,n/a,None,"arXiv HTML/PDF https://arxiv.org/html/2510.20813 and https://arxiv.org/pdf/2510.20813 contain no Colosseum/2402.08191 match in the checked text. The paper reports GSWorld visual benchmarking, DAgger, and sim2real results, not THE COLOSSEUM.",high,"The original term-only lead appears noisy for THE COLOSSEUM. GSWorld is a real paper, but not a THE COLOSSEUM citation/result row from the checked full text.",arxiv_result_audit_2026-05-22_double:the_colossem_batch_13:A+B
COLOS-125,THE COLOSSEUM,"Data-Centric Generalization for Robot Manipulation: Simulation, Augmentation, and Adaptation",2025,,,,old CSV lead,"Present in previous CSV but not in reconstructed primary candidate set, likely because it was a non-Semantic-Scholar/manual/term candidate or deduped under a different identifier. Needs reconciliation before tracker rewrite.",term-only,"Provenance: old CSV row ID COL-TERM-002 | Adversarial note: Present in previous CSV but not in reconstructed primary candidate set, likely because it was a non-Semantic-Scholar/manual/term candidate or deduped under a different identifier. Needs reconciliation before tracker rewrite.",no,,,"Exact-title checks found no arXiv record; resolved full text was a CORE-hosted UC Berkeley dissertation PDF, not arXiv.",medium,no,citation-only,n/a,n/a,None,CORE PDF https://core.ac.uk/download/665178545.pdf contains THE COLOSSEUM only as bibliography entry [322] for arXiv:2402.08191; text search found no substantive COLOSSEUM discussion or numeric THE COLOSSEUM results.,high,Adjudicated from the reviewer who resolved the CORE full text. Bibliography-only COLOSSEUM reference; no benchmark results.,arxiv_result_audit_2026-05-22_double:the_colossem_batch_13:A+B
