policy,fresh_seed,manifest_id,global_index,tasks_completed,chain_success
X-VLA,2026052601,abc_d_fresh_sequence_1000seq_seed2026052601,0,5,1
X-VLA,2026052601,abc_d_fresh_sequence_1000seq_seed2026052601,1,5,1
X-VLA,2026052601,abc_d_fresh_sequence_1000seq_seed2026052601,2,5,1
X-VLA,2026052601,abc_d_fresh_sequence_1000seq_seed2026052601,3,5,1
X-VLA,2026052601,abc_d_fresh_sequence_1000seq_seed2026052601,4,5,1
X-VLA,2026052601,abc_d_fresh_sequence_1000seq_seed2026052601,5,4,0
X-VLA,2026052601,abc_d_fresh_sequence_1000seq_seed2026052601,6,5,1
X-VLA,2026052601,abc_d_fresh_sequence_1000seq_seed2026052601,7,5,1
X-VLA,2026052601,abc_d_fresh_sequence_1000seq_seed2026052601,8,1,0
X-VLA,2026052601,abc_d_fresh_sequence_1000seq_seed2026052601,9,5,1
X-VLA,2026052601,abc_d_fresh_sequence_1000seq_seed2026052601,10,4,0
X-VLA,2026052601,abc_d_fresh_sequence_1000seq_seed2026052601,11,5,1
X-VLA,2026052601,abc_d_fresh_sequence_1000seq_seed2026052601,12,2,0
X-VLA,2026052601,abc_d_fresh_sequence_1000seq_seed2026052601,13,5,1
X-VLA,2026052601,abc_d_fresh_sequence_1000seq_seed2026052601,14,3,0
X-VLA,2026052601,abc_d_fresh_sequence_1000seq_seed2026052601,15,1,0
X-VLA,2026052601,abc_d_fresh_sequence_1000seq_seed2026052601,16,3,0
X-VLA,2026052601,abc_d_fresh_sequence_1000seq_seed2026052601,17,5,1
X-VLA,2026052601,abc_d_fresh_sequence_1000seq_seed2026052601,18,4,0
X-VLA,2026052601,abc_d_fresh_sequence_1000seq_seed2026052601,19,5,1
X-VLA,2026052601,abc_d_fresh_sequence_1000seq_seed2026052601,20,5,1
X-VLA,2026052601,abc_d_fresh_sequence_1000seq_seed2026052601,21,5,1
X-VLA,2026052601,abc_d_fresh_sequence_1000seq_seed2026052601,22,1,0
X-VLA,2026052601,abc_d_fresh_sequence_1000seq_seed2026052601,23,5,1
X-VLA,2026052601,abc_d_fresh_sequence_1000seq_seed2026052601,24,5,1
X-VLA,2026052601,abc_d_fresh_sequence_1000seq_seed2026052601,25,2,0
X-VLA,2026052601,abc_d_fresh_sequence_1000seq_seed2026052601,26,5,1
X-VLA,2026052601,abc_d_fresh_sequence_1000seq_seed2026052601,27,5,1
X-VLA,2026052601,abc_d_fresh_sequence_1000seq_seed2026052601,28,4,0
X-VLA,2026052601,abc_d_fresh_sequence_1000seq_seed2026052601,29,0,0
X-VLA,2026052601,abc_d_fresh_sequence_1000seq_seed2026052601,30,0,0
X-VLA,2026052601,abc_d_fresh_sequence_1000seq_seed2026052601,31,5,1
X-VLA,2026052601,abc_d_fresh_sequence_1000seq_seed2026052601,32,5,1
X-VLA,2026052601,abc_d_fresh_sequence_1000seq_seed2026052601,33,0,0
X-VLA,2026052601,abc_d_fresh_sequence_1000seq_seed2026052601,34,5,1
X-VLA,2026052601,abc_d_fresh_sequence_1000seq_seed2026052601,35,5,1
X-VLA,2026052601,abc_d_fresh_sequence_1000seq_seed2026052601,36,5,1
X-VLA,2026052601,abc_d_fresh_sequence_1000seq_seed2026052601,37,5,1
X-VLA,2026052601,abc_d_fresh_sequence_1000seq_seed2026052601,38,0,0
X-VLA,2026052601,abc_d_fresh_sequence_1000seq_seed2026052601,39,5,1
X-VLA,2026052601,abc_d_fresh_sequence_1000seq_seed2026052601,40,2,0
X-VLA,2026052601,abc_d_fresh_sequence_1000seq_seed2026052601,41,5,1
X-VLA,2026052601,abc_d_fresh_sequence_1000seq_seed2026052601,42,5,1
X-VLA,2026052601,abc_d_fresh_sequence_1000seq_seed2026052601,43,4,0
X-VLA,2026052601,abc_d_fresh_sequence_1000seq_seed2026052601,44,3,0
X-VLA,2026052601,abc_d_fresh_sequence_1000seq_seed2026052601,45,5,1
X-VLA,2026052601,abc_d_fresh_sequence_1000seq_seed2026052601,46,5,1
X-VLA,2026052601,abc_d_fresh_sequence_1000seq_seed2026052601,47,5,1
X-VLA,2026052601,abc_d_fresh_sequence_1000seq_seed2026052601,48,5,1
X-VLA,2026052601,abc_d_fresh_sequence_1000seq_seed2026052601,49,5,1
X-VLA,2026052601,abc_d_fresh_sequence_1000seq_seed2026052601,50,5,1
X-VLA,2026052601,abc_d_fresh_sequence_1000seq_seed2026052601,51,5,1
X-VLA,2026052601,abc_d_fresh_sequence_1000seq_seed2026052601,52,5,1
X-VLA,2026052601,abc_d_fresh_sequence_1000seq_seed2026052601,53,5,1
X-VLA,2026052601,abc_d_fresh_sequence_1000seq_seed2026052601,54,5,1
X-VLA,2026052601,abc_d_fresh_sequence_1000seq_seed2026052601,55,5,1
X-VLA,2026052601,abc_d_fresh_sequence_1000seq_seed2026052601,56,5,1
X-VLA,2026052601,abc_d_fresh_sequence_1000seq_seed2026052601,57,5,1
X-VLA,2026052601,abc_d_fresh_sequence_1000seq_seed2026052601,58,3,0
X-VLA,2026052601,abc_d_fresh_sequence_1000seq_seed2026052601,59,3,0
X-VLA,2026052601,abc_d_fresh_sequence_1000seq_seed2026052601,60,0,0
X-VLA,2026052601,abc_d_fresh_sequence_1000seq_seed2026052601,61,5,1
X-VLA,2026052601,abc_d_fresh_sequence_1000seq_seed2026052601,62,2,0
X-VLA,2026052601,abc_d_fresh_sequence_1000seq_seed2026052601,63,5,1
X-VLA,2026052601,abc_d_fresh_sequence_1000seq_seed2026052601,64,5,1
X-VLA,2026052601,abc_d_fresh_sequence_1000seq_seed2026052601,65,3,0
X-VLA,2026052601,abc_d_fresh_sequence_1000seq_seed2026052601,66,5,1
X-VLA,2026052601,abc_d_fresh_sequence_1000seq_seed2026052601,67,3,0
X-VLA,2026052601,abc_d_fresh_sequence_1000seq_seed2026052601,68,5,1
X-VLA,2026052601,abc_d_fresh_sequence_1000seq_seed2026052601,69,0,0
X-VLA,2026052601,abc_d_fresh_sequence_1000seq_seed2026052601,70,5,1
X-VLA,2026052601,abc_d_fresh_sequence_1000seq_seed2026052601,71,5,1
X-VLA,2026052601,abc_d_fresh_sequence_1000seq_seed2026052601,72,3,0
X-VLA,2026052601,abc_d_fresh_sequence_1000seq_seed2026052601,73,5,1
X-VLA,2026052601,abc_d_fresh_sequence_1000seq_seed2026052601,74,5,1
X-VLA,2026052601,abc_d_fresh_sequence_1000seq_seed2026052601,75,5,1
X-VLA,2026052601,abc_d_fresh_sequence_1000seq_seed2026052601,76,5,1
X-VLA,2026052601,abc_d_fresh_sequence_1000seq_seed2026052601,77,4,0
X-VLA,2026052601,abc_d_fresh_sequence_1000seq_seed2026052601,78,4,0
X-VLA,2026052601,abc_d_fresh_sequence_1000seq_seed2026052601,79,1,0
X-VLA,2026052601,abc_d_fresh_sequence_1000seq_seed2026052601,80,5,1
X-VLA,2026052601,abc_d_fresh_sequence_1000seq_seed2026052601,81,5,1
X-VLA,2026052601,abc_d_fresh_sequence_1000seq_seed2026052601,82,5,1
X-VLA,2026052601,abc_d_fresh_sequence_1000seq_seed2026052601,83,5,1
X-VLA,2026052601,abc_d_fresh_sequence_1000seq_seed2026052601,84,4,0
X-VLA,2026052601,abc_d_fresh_sequence_1000seq_seed2026052601,85,5,1
X-VLA,2026052601,abc_d_fresh_sequence_1000seq_seed2026052601,86,5,1
X-VLA,2026052601,abc_d_fresh_sequence_1000seq_seed2026052601,87,5,1
X-VLA,2026052601,abc_d_fresh_sequence_1000seq_seed2026052601,88,2,0
X-VLA,2026052601,abc_d_fresh_sequence_1000seq_seed2026052601,89,5,1
X-VLA,2026052601,abc_d_fresh_sequence_1000seq_seed2026052601,90,0,0
X-VLA,2026052601,abc_d_fresh_sequence_1000seq_seed2026052601,91,2,0
X-VLA,2026052601,abc_d_fresh_sequence_1000seq_seed2026052601,92,5,1
X-VLA,2026052601,abc_d_fresh_sequence_1000seq_seed2026052601,93,5,1
X-VLA,2026052601,abc_d_fresh_sequence_1000seq_seed2026052601,94,5,1
X-VLA,2026052601,abc_d_fresh_sequence_1000seq_seed2026052601,95,1,0
X-VLA,2026052601,abc_d_fresh_sequence_1000seq_seed2026052601,96,5,1
X-VLA,2026052601,abc_d_fresh_sequence_1000seq_seed2026052601,97,4,0
X-VLA,2026052601,abc_d_fresh_sequence_1000seq_seed2026052601,98,5,1
X-VLA,2026052601,abc_d_fresh_sequence_1000seq_seed2026052601,99,3,0
X-VLA,2026052601,abc_d_fresh_sequence_1000seq_seed2026052601,100,5,1
X-VLA,2026052601,abc_d_fresh_sequence_1000seq_seed2026052601,101,5,1
X-VLA,2026052601,abc_d_fresh_sequence_1000seq_seed2026052601,102,5,1
X-VLA,2026052601,abc_d_fresh_sequence_1000seq_seed2026052601,103,5,1
X-VLA,2026052601,abc_d_fresh_sequence_1000seq_seed2026052601,104,5,1
X-VLA,2026052601,abc_d_fresh_sequence_1000seq_seed2026052601,105,5,1
X-VLA,2026052601,abc_d_fresh_sequence_1000seq_seed2026052601,106,5,1
X-VLA,2026052601,abc_d_fresh_sequence_1000seq_seed2026052601,107,5,1
X-VLA,2026052601,abc_d_fresh_sequence_1000seq_seed2026052601,108,4,0
X-VLA,2026052601,abc_d_fresh_sequence_1000seq_seed2026052601,109,5,1
X-VLA,2026052601,abc_d_fresh_sequence_1000seq_seed2026052601,110,2,0
X-VLA,2026052601,abc_d_fresh_sequence_1000seq_seed2026052601,111,2,0
X-VLA,2026052601,abc_d_fresh_sequence_1000seq_seed2026052601,112,5,1
X-VLA,2026052601,abc_d_fresh_sequence_1000seq_seed2026052601,113,5,1
X-VLA,2026052601,abc_d_fresh_sequence_1000seq_seed2026052601,114,5,1
X-VLA,2026052601,abc_d_fresh_sequence_1000seq_seed2026052601,115,5,1
X-VLA,2026052601,abc_d_fresh_sequence_1000seq_seed2026052601,116,5,1
X-VLA,2026052601,abc_d_fresh_sequence_1000seq_seed2026052601,117,5,1
X-VLA,2026052601,abc_d_fresh_sequence_1000seq_seed2026052601,118,5,1
X-VLA,2026052601,abc_d_fresh_sequence_1000seq_seed2026052601,119,3,0
X-VLA,2026052601,abc_d_fresh_sequence_1000seq_seed2026052601,120,5,1
X-VLA,2026052601,abc_d_fresh_sequence_1000seq_seed2026052601,121,4,0
X-VLA,2026052601,abc_d_fresh_sequence_1000seq_seed2026052601,122,0,0
X-VLA,2026052601,abc_d_fresh_sequence_1000seq_seed2026052601,123,5,1
X-VLA,2026052601,abc_d_fresh_sequence_1000seq_seed2026052601,124,5,1
X-VLA,2026052601,abc_d_fresh_sequence_1000seq_seed2026052601,125,5,1
X-VLA,2026052601,abc_d_fresh_sequence_1000seq_seed2026052601,126,5,1
X-VLA,2026052601,abc_d_fresh_sequence_1000seq_seed2026052601,127,5,1
X-VLA,2026052601,abc_d_fresh_sequence_1000seq_seed2026052601,128,5,1
X-VLA,2026052601,abc_d_fresh_sequence_1000seq_seed2026052601,129,2,0
X-VLA,2026052601,abc_d_fresh_sequence_1000seq_seed2026052601,130,5,1
X-VLA,2026052601,abc_d_fresh_sequence_1000seq_seed2026052601,131,5,1
X-VLA,2026052601,abc_d_fresh_sequence_1000seq_seed2026052601,132,5,1
X-VLA,2026052601,abc_d_fresh_sequence_1000seq_seed2026052601,133,5,1
X-VLA,2026052601,abc_d_fresh_sequence_1000seq_seed2026052601,134,2,0
X-VLA,2026052601,abc_d_fresh_sequence_1000seq_seed2026052601,135,5,1
X-VLA,2026052601,abc_d_fresh_sequence_1000seq_seed2026052601,136,1,0
X-VLA,2026052601,abc_d_fresh_sequence_1000seq_seed2026052601,137,3,0
X-VLA,2026052601,abc_d_fresh_sequence_1000seq_seed2026052601,138,3,0
X-VLA,2026052601,abc_d_fresh_sequence_1000seq_seed2026052601,139,5,1
X-VLA,2026052601,abc_d_fresh_sequence_1000seq_seed2026052601,140,5,1
X-VLA,2026052601,abc_d_fresh_sequence_1000seq_seed2026052601,141,5,1
X-VLA,2026052601,abc_d_fresh_sequence_1000seq_seed2026052601,142,3,0
X-VLA,2026052601,abc_d_fresh_sequence_1000seq_seed2026052601,143,5,1
X-VLA,2026052601,abc_d_fresh_sequence_1000seq_seed2026052601,144,5,1
X-VLA,2026052601,abc_d_fresh_sequence_1000seq_seed2026052601,145,5,1
X-VLA,2026052601,abc_d_fresh_sequence_1000seq_seed2026052601,146,5,1
X-VLA,2026052601,abc_d_fresh_sequence_1000seq_seed2026052601,147,5,1
X-VLA,2026052601,abc_d_fresh_sequence_1000seq_seed2026052601,148,5,1
X-VLA,2026052601,abc_d_fresh_sequence_1000seq_seed2026052601,149,5,1
X-VLA,2026052601,abc_d_fresh_sequence_1000seq_seed2026052601,150,5,1
X-VLA,2026052601,abc_d_fresh_sequence_1000seq_seed2026052601,151,5,1
X-VLA,2026052601,abc_d_fresh_sequence_1000seq_seed2026052601,152,5,1
X-VLA,2026052601,abc_d_fresh_sequence_1000seq_seed2026052601,153,5,1
X-VLA,2026052601,abc_d_fresh_sequence_1000seq_seed2026052601,154,5,1
X-VLA,2026052601,abc_d_fresh_sequence_1000seq_seed2026052601,155,2,0
X-VLA,2026052601,abc_d_fresh_sequence_1000seq_seed2026052601,156,5,1
X-VLA,2026052601,abc_d_fresh_sequence_1000seq_seed2026052601,157,5,1
X-VLA,2026052601,abc_d_fresh_sequence_1000seq_seed2026052601,158,5,1
X-VLA,2026052601,abc_d_fresh_sequence_1000seq_seed2026052601,159,5,1
X-VLA,2026052601,abc_d_fresh_sequence_1000seq_seed2026052601,160,5,1
X-VLA,2026052601,abc_d_fresh_sequence_1000seq_seed2026052601,161,4,0
X-VLA,2026052601,abc_d_fresh_sequence_1000seq_seed2026052601,162,2,0
X-VLA,2026052601,abc_d_fresh_sequence_1000seq_seed2026052601,163,5,1
X-VLA,2026052601,abc_d_fresh_sequence_1000seq_seed2026052601,164,5,1
X-VLA,2026052601,abc_d_fresh_sequence_1000seq_seed2026052601,165,5,1
X-VLA,2026052601,abc_d_fresh_sequence_1000seq_seed2026052601,166,5,1
X-VLA,2026052601,abc_d_fresh_sequence_1000seq_seed2026052601,167,5,1
X-VLA,2026052601,abc_d_fresh_sequence_1000seq_seed2026052601,168,5,1
X-VLA,2026052601,abc_d_fresh_sequence_1000seq_seed2026052601,169,5,1
X-VLA,2026052601,abc_d_fresh_sequence_1000seq_seed2026052601,170,5,1
X-VLA,2026052601,abc_d_fresh_sequence_1000seq_seed2026052601,171,5,1
X-VLA,2026052601,abc_d_fresh_sequence_1000seq_seed2026052601,172,0,0
X-VLA,2026052601,abc_d_fresh_sequence_1000seq_seed2026052601,173,5,1
X-VLA,2026052601,abc_d_fresh_sequence_1000seq_seed2026052601,174,1,0
X-VLA,2026052601,abc_d_fresh_sequence_1000seq_seed2026052601,175,5,1
X-VLA,2026052601,abc_d_fresh_sequence_1000seq_seed2026052601,176,5,1
X-VLA,2026052601,abc_d_fresh_sequence_1000seq_seed2026052601,177,5,1
X-VLA,2026052601,abc_d_fresh_sequence_1000seq_seed2026052601,178,5,1
X-VLA,2026052601,abc_d_fresh_sequence_1000seq_seed2026052601,179,5,1
X-VLA,2026052601,abc_d_fresh_sequence_1000seq_seed2026052601,180,5,1
X-VLA,2026052601,abc_d_fresh_sequence_1000seq_seed2026052601,181,5,1
X-VLA,2026052601,abc_d_fresh_sequence_1000seq_seed2026052601,182,5,1
X-VLA,2026052601,abc_d_fresh_sequence_1000seq_seed2026052601,183,5,1
X-VLA,2026052601,abc_d_fresh_sequence_1000seq_seed2026052601,184,5,1
X-VLA,2026052601,abc_d_fresh_sequence_1000seq_seed2026052601,185,4,0
X-VLA,2026052601,abc_d_fresh_sequence_1000seq_seed2026052601,186,4,0
X-VLA,2026052601,abc_d_fresh_sequence_1000seq_seed2026052601,187,5,1
X-VLA,2026052601,abc_d_fresh_sequence_1000seq_seed2026052601,188,5,1
X-VLA,2026052601,abc_d_fresh_sequence_1000seq_seed2026052601,189,5,1
X-VLA,2026052601,abc_d_fresh_sequence_1000seq_seed2026052601,190,5,1
X-VLA,2026052601,abc_d_fresh_sequence_1000seq_seed2026052601,191,5,1
X-VLA,2026052601,abc_d_fresh_sequence_1000seq_seed2026052601,192,5,1
X-VLA,2026052601,abc_d_fresh_sequence_1000seq_seed2026052601,193,2,0
X-VLA,2026052601,abc_d_fresh_sequence_1000seq_seed2026052601,194,0,0
X-VLA,2026052601,abc_d_fresh_sequence_1000seq_seed2026052601,195,5,1
X-VLA,2026052601,abc_d_fresh_sequence_1000seq_seed2026052601,196,5,1
X-VLA,2026052601,abc_d_fresh_sequence_1000seq_seed2026052601,197,5,1
X-VLA,2026052601,abc_d_fresh_sequence_1000seq_seed2026052601,198,5,1
X-VLA,2026052601,abc_d_fresh_sequence_1000seq_seed2026052601,199,3,0
X-VLA,2026052601,abc_d_fresh_sequence_1000seq_seed2026052601,200,5,1
X-VLA,2026052601,abc_d_fresh_sequence_1000seq_seed2026052601,201,5,1
X-VLA,2026052601,abc_d_fresh_sequence_1000seq_seed2026052601,202,5,1
X-VLA,2026052601,abc_d_fresh_sequence_1000seq_seed2026052601,203,4,0
X-VLA,2026052601,abc_d_fresh_sequence_1000seq_seed2026052601,204,5,1
X-VLA,2026052601,abc_d_fresh_sequence_1000seq_seed2026052601,205,5,1
X-VLA,2026052601,abc_d_fresh_sequence_1000seq_seed2026052601,206,5,1
X-VLA,2026052601,abc_d_fresh_sequence_1000seq_seed2026052601,207,4,0
X-VLA,2026052601,abc_d_fresh_sequence_1000seq_seed2026052601,208,5,1
X-VLA,2026052601,abc_d_fresh_sequence_1000seq_seed2026052601,209,3,0
X-VLA,2026052601,abc_d_fresh_sequence_1000seq_seed2026052601,210,1,0
X-VLA,2026052601,abc_d_fresh_sequence_1000seq_seed2026052601,211,5,1
X-VLA,2026052601,abc_d_fresh_sequence_1000seq_seed2026052601,212,1,0
X-VLA,2026052601,abc_d_fresh_sequence_1000seq_seed2026052601,213,5,1
X-VLA,2026052601,abc_d_fresh_sequence_1000seq_seed2026052601,214,5,1
X-VLA,2026052601,abc_d_fresh_sequence_1000seq_seed2026052601,215,0,0
X-VLA,2026052601,abc_d_fresh_sequence_1000seq_seed2026052601,216,4,0
X-VLA,2026052601,abc_d_fresh_sequence_1000seq_seed2026052601,217,5,1
X-VLA,2026052601,abc_d_fresh_sequence_1000seq_seed2026052601,218,5,1
X-VLA,2026052601,abc_d_fresh_sequence_1000seq_seed2026052601,219,5,1
X-VLA,2026052601,abc_d_fresh_sequence_1000seq_seed2026052601,220,5,1
X-VLA,2026052601,abc_d_fresh_sequence_1000seq_seed2026052601,221,5,1
X-VLA,2026052601,abc_d_fresh_sequence_1000seq_seed2026052601,222,5,1
X-VLA,2026052601,abc_d_fresh_sequence_1000seq_seed2026052601,223,5,1
X-VLA,2026052601,abc_d_fresh_sequence_1000seq_seed2026052601,224,4,0
X-VLA,2026052601,abc_d_fresh_sequence_1000seq_seed2026052601,225,5,1
X-VLA,2026052601,abc_d_fresh_sequence_1000seq_seed2026052601,226,5,1
X-VLA,2026052601,abc_d_fresh_sequence_1000seq_seed2026052601,227,5,1
X-VLA,2026052601,abc_d_fresh_sequence_1000seq_seed2026052601,228,5,1
X-VLA,2026052601,abc_d_fresh_sequence_1000seq_seed2026052601,229,5,1
X-VLA,2026052601,abc_d_fresh_sequence_1000seq_seed2026052601,230,5,1
X-VLA,2026052601,abc_d_fresh_sequence_1000seq_seed2026052601,231,1,0
X-VLA,2026052601,abc_d_fresh_sequence_1000seq_seed2026052601,232,5,1
X-VLA,2026052601,abc_d_fresh_sequence_1000seq_seed2026052601,233,5,1
X-VLA,2026052601,abc_d_fresh_sequence_1000seq_seed2026052601,234,5,1
X-VLA,2026052601,abc_d_fresh_sequence_1000seq_seed2026052601,235,5,1
X-VLA,2026052601,abc_d_fresh_sequence_1000seq_seed2026052601,236,4,0
X-VLA,2026052601,abc_d_fresh_sequence_1000seq_seed2026052601,237,5,1
X-VLA,2026052601,abc_d_fresh_sequence_1000seq_seed2026052601,238,5,1
X-VLA,2026052601,abc_d_fresh_sequence_1000seq_seed2026052601,239,5,1
X-VLA,2026052601,abc_d_fresh_sequence_1000seq_seed2026052601,240,5,1
X-VLA,2026052601,abc_d_fresh_sequence_1000seq_seed2026052601,241,3,0
X-VLA,2026052601,abc_d_fresh_sequence_1000seq_seed2026052601,242,5,1
X-VLA,2026052601,abc_d_fresh_sequence_1000seq_seed2026052601,243,5,1
X-VLA,2026052601,abc_d_fresh_sequence_1000seq_seed2026052601,244,5,1
X-VLA,2026052601,abc_d_fresh_sequence_1000seq_seed2026052601,245,5,1
X-VLA,2026052601,abc_d_fresh_sequence_1000seq_seed2026052601,246,5,1
X-VLA,2026052601,abc_d_fresh_sequence_1000seq_seed2026052601,247,5,1
X-VLA,2026052601,abc_d_fresh_sequence_1000seq_seed2026052601,248,5,1
X-VLA,2026052601,abc_d_fresh_sequence_1000seq_seed2026052601,249,5,1
X-VLA,2026052601,abc_d_fresh_sequence_1000seq_seed2026052601,250,5,1
X-VLA,2026052601,abc_d_fresh_sequence_1000seq_seed2026052601,251,5,1
X-VLA,2026052601,abc_d_fresh_sequence_1000seq_seed2026052601,252,5,1
X-VLA,2026052601,abc_d_fresh_sequence_1000seq_seed2026052601,253,2,0
X-VLA,2026052601,abc_d_fresh_sequence_1000seq_seed2026052601,254,4,0
X-VLA,2026052601,abc_d_fresh_sequence_1000seq_seed2026052601,255,2,0
X-VLA,2026052601,abc_d_fresh_sequence_1000seq_seed2026052601,256,5,1
X-VLA,2026052601,abc_d_fresh_sequence_1000seq_seed2026052601,257,3,0
X-VLA,2026052601,abc_d_fresh_sequence_1000seq_seed2026052601,258,5,1
X-VLA,2026052601,abc_d_fresh_sequence_1000seq_seed2026052601,259,5,1
X-VLA,2026052601,abc_d_fresh_sequence_1000seq_seed2026052601,260,5,1
X-VLA,2026052601,abc_d_fresh_sequence_1000seq_seed2026052601,261,3,0
X-VLA,2026052601,abc_d_fresh_sequence_1000seq_seed2026052601,262,5,1
X-VLA,2026052601,abc_d_fresh_sequence_1000seq_seed2026052601,263,5,1
X-VLA,2026052601,abc_d_fresh_sequence_1000seq_seed2026052601,264,2,0
X-VLA,2026052601,abc_d_fresh_sequence_1000seq_seed2026052601,265,5,1
X-VLA,2026052601,abc_d_fresh_sequence_1000seq_seed2026052601,266,5,1
X-VLA,2026052601,abc_d_fresh_sequence_1000seq_seed2026052601,267,5,1
X-VLA,2026052601,abc_d_fresh_sequence_1000seq_seed2026052601,268,5,1
X-VLA,2026052601,abc_d_fresh_sequence_1000seq_seed2026052601,269,5,1
X-VLA,2026052601,abc_d_fresh_sequence_1000seq_seed2026052601,270,5,1
X-VLA,2026052601,abc_d_fresh_sequence_1000seq_seed2026052601,271,3,0
X-VLA,2026052601,abc_d_fresh_sequence_1000seq_seed2026052601,272,0,0
X-VLA,2026052601,abc_d_fresh_sequence_1000seq_seed2026052601,273,5,1
X-VLA,2026052601,abc_d_fresh_sequence_1000seq_seed2026052601,274,0,0
X-VLA,2026052601,abc_d_fresh_sequence_1000seq_seed2026052601,275,5,1
X-VLA,2026052601,abc_d_fresh_sequence_1000seq_seed2026052601,276,5,1
X-VLA,2026052601,abc_d_fresh_sequence_1000seq_seed2026052601,277,5,1
X-VLA,2026052601,abc_d_fresh_sequence_1000seq_seed2026052601,278,2,0
X-VLA,2026052601,abc_d_fresh_sequence_1000seq_seed2026052601,279,5,1
X-VLA,2026052601,abc_d_fresh_sequence_1000seq_seed2026052601,280,1,0
X-VLA,2026052601,abc_d_fresh_sequence_1000seq_seed2026052601,281,5,1
X-VLA,2026052601,abc_d_fresh_sequence_1000seq_seed2026052601,282,5,1
X-VLA,2026052601,abc_d_fresh_sequence_1000seq_seed2026052601,283,1,0
X-VLA,2026052601,abc_d_fresh_sequence_1000seq_seed2026052601,284,3,0
X-VLA,2026052601,abc_d_fresh_sequence_1000seq_seed2026052601,285,4,0
X-VLA,2026052601,abc_d_fresh_sequence_1000seq_seed2026052601,286,5,1
X-VLA,2026052601,abc_d_fresh_sequence_1000seq_seed2026052601,287,2,0
X-VLA,2026052601,abc_d_fresh_sequence_1000seq_seed2026052601,288,0,0
X-VLA,2026052601,abc_d_fresh_sequence_1000seq_seed2026052601,289,5,1
X-VLA,2026052601,abc_d_fresh_sequence_1000seq_seed2026052601,290,5,1
X-VLA,2026052601,abc_d_fresh_sequence_1000seq_seed2026052601,291,5,1
X-VLA,2026052601,abc_d_fresh_sequence_1000seq_seed2026052601,292,4,0
X-VLA,2026052601,abc_d_fresh_sequence_1000seq_seed2026052601,293,1,0
X-VLA,2026052601,abc_d_fresh_sequence_1000seq_seed2026052601,294,5,1
X-VLA,2026052601,abc_d_fresh_sequence_1000seq_seed2026052601,295,4,0
X-VLA,2026052601,abc_d_fresh_sequence_1000seq_seed2026052601,296,5,1
X-VLA,2026052601,abc_d_fresh_sequence_1000seq_seed2026052601,297,5,1
X-VLA,2026052601,abc_d_fresh_sequence_1000seq_seed2026052601,298,5,1
X-VLA,2026052601,abc_d_fresh_sequence_1000seq_seed2026052601,299,5,1
X-VLA,2026052601,abc_d_fresh_sequence_1000seq_seed2026052601,300,1,0
X-VLA,2026052601,abc_d_fresh_sequence_1000seq_seed2026052601,301,5,1
X-VLA,2026052601,abc_d_fresh_sequence_1000seq_seed2026052601,302,1,0
X-VLA,2026052601,abc_d_fresh_sequence_1000seq_seed2026052601,303,5,1
X-VLA,2026052601,abc_d_fresh_sequence_1000seq_seed2026052601,304,5,1
X-VLA,2026052601,abc_d_fresh_sequence_1000seq_seed2026052601,305,2,0
X-VLA,2026052601,abc_d_fresh_sequence_1000seq_seed2026052601,306,5,1
X-VLA,2026052601,abc_d_fresh_sequence_1000seq_seed2026052601,307,0,0
X-VLA,2026052601,abc_d_fresh_sequence_1000seq_seed2026052601,308,5,1
X-VLA,2026052601,abc_d_fresh_sequence_1000seq_seed2026052601,309,5,1
X-VLA,2026052601,abc_d_fresh_sequence_1000seq_seed2026052601,310,4,0
X-VLA,2026052601,abc_d_fresh_sequence_1000seq_seed2026052601,311,1,0
X-VLA,2026052601,abc_d_fresh_sequence_1000seq_seed2026052601,312,5,1
X-VLA,2026052601,abc_d_fresh_sequence_1000seq_seed2026052601,313,5,1
X-VLA,2026052601,abc_d_fresh_sequence_1000seq_seed2026052601,314,5,1
X-VLA,2026052601,abc_d_fresh_sequence_1000seq_seed2026052601,315,5,1
X-VLA,2026052601,abc_d_fresh_sequence_1000seq_seed2026052601,316,3,0
X-VLA,2026052601,abc_d_fresh_sequence_1000seq_seed2026052601,317,5,1
X-VLA,2026052601,abc_d_fresh_sequence_1000seq_seed2026052601,318,5,1
X-VLA,2026052601,abc_d_fresh_sequence_1000seq_seed2026052601,319,5,1
X-VLA,2026052601,abc_d_fresh_sequence_1000seq_seed2026052601,320,5,1
X-VLA,2026052601,abc_d_fresh_sequence_1000seq_seed2026052601,321,5,1
X-VLA,2026052601,abc_d_fresh_sequence_1000seq_seed2026052601,322,5,1
X-VLA,2026052601,abc_d_fresh_sequence_1000seq_seed2026052601,323,5,1
X-VLA,2026052601,abc_d_fresh_sequence_1000seq_seed2026052601,324,2,0
X-VLA,2026052601,abc_d_fresh_sequence_1000seq_seed2026052601,325,5,1
X-VLA,2026052601,abc_d_fresh_sequence_1000seq_seed2026052601,326,0,0
X-VLA,2026052601,abc_d_fresh_sequence_1000seq_seed2026052601,327,1,0
X-VLA,2026052601,abc_d_fresh_sequence_1000seq_seed2026052601,328,5,1
X-VLA,2026052601,abc_d_fresh_sequence_1000seq_seed2026052601,329,5,1
X-VLA,2026052601,abc_d_fresh_sequence_1000seq_seed2026052601,330,5,1
X-VLA,2026052601,abc_d_fresh_sequence_1000seq_seed2026052601,331,5,1
X-VLA,2026052601,abc_d_fresh_sequence_1000seq_seed2026052601,332,2,0
X-VLA,2026052601,abc_d_fresh_sequence_1000seq_seed2026052601,333,5,1
X-VLA,2026052601,abc_d_fresh_sequence_1000seq_seed2026052601,334,3,0
X-VLA,2026052601,abc_d_fresh_sequence_1000seq_seed2026052601,335,0,0
X-VLA,2026052601,abc_d_fresh_sequence_1000seq_seed2026052601,336,5,1
X-VLA,2026052601,abc_d_fresh_sequence_1000seq_seed2026052601,337,5,1
X-VLA,2026052601,abc_d_fresh_sequence_1000seq_seed2026052601,338,5,1
X-VLA,2026052601,abc_d_fresh_sequence_1000seq_seed2026052601,339,5,1
X-VLA,2026052601,abc_d_fresh_sequence_1000seq_seed2026052601,340,4,0
X-VLA,2026052601,abc_d_fresh_sequence_1000seq_seed2026052601,341,5,1
X-VLA,2026052601,abc_d_fresh_sequence_1000seq_seed2026052601,342,5,1
X-VLA,2026052601,abc_d_fresh_sequence_1000seq_seed2026052601,343,5,1
X-VLA,2026052601,abc_d_fresh_sequence_1000seq_seed2026052601,344,5,1
X-VLA,2026052601,abc_d_fresh_sequence_1000seq_seed2026052601,345,3,0
X-VLA,2026052601,abc_d_fresh_sequence_1000seq_seed2026052601,346,5,1
X-VLA,2026052601,abc_d_fresh_sequence_1000seq_seed2026052601,347,5,1
X-VLA,2026052601,abc_d_fresh_sequence_1000seq_seed2026052601,348,5,1
X-VLA,2026052601,abc_d_fresh_sequence_1000seq_seed2026052601,349,1,0
X-VLA,2026052601,abc_d_fresh_sequence_1000seq_seed2026052601,350,1,0
X-VLA,2026052601,abc_d_fresh_sequence_1000seq_seed2026052601,351,5,1
X-VLA,2026052601,abc_d_fresh_sequence_1000seq_seed2026052601,352,3,0
X-VLA,2026052601,abc_d_fresh_sequence_1000seq_seed2026052601,353,2,0
X-VLA,2026052601,abc_d_fresh_sequence_1000seq_seed2026052601,354,5,1
X-VLA,2026052601,abc_d_fresh_sequence_1000seq_seed2026052601,355,4,0
X-VLA,2026052601,abc_d_fresh_sequence_1000seq_seed2026052601,356,4,0
X-VLA,2026052601,abc_d_fresh_sequence_1000seq_seed2026052601,357,5,1
X-VLA,2026052601,abc_d_fresh_sequence_1000seq_seed2026052601,358,5,1
X-VLA,2026052601,abc_d_fresh_sequence_1000seq_seed2026052601,359,0,0
X-VLA,2026052601,abc_d_fresh_sequence_1000seq_seed2026052601,360,3,0
X-VLA,2026052601,abc_d_fresh_sequence_1000seq_seed2026052601,361,3,0
X-VLA,2026052601,abc_d_fresh_sequence_1000seq_seed2026052601,362,5,1
X-VLA,2026052601,abc_d_fresh_sequence_1000seq_seed2026052601,363,5,1
X-VLA,2026052601,abc_d_fresh_sequence_1000seq_seed2026052601,364,0,0
X-VLA,2026052601,abc_d_fresh_sequence_1000seq_seed2026052601,365,5,1
X-VLA,2026052601,abc_d_fresh_sequence_1000seq_seed2026052601,366,5,1
X-VLA,2026052601,abc_d_fresh_sequence_1000seq_seed2026052601,367,5,1
X-VLA,2026052601,abc_d_fresh_sequence_1000seq_seed2026052601,368,5,1
X-VLA,2026052601,abc_d_fresh_sequence_1000seq_seed2026052601,369,2,0
X-VLA,2026052601,abc_d_fresh_sequence_1000seq_seed2026052601,370,5,1
X-VLA,2026052601,abc_d_fresh_sequence_1000seq_seed2026052601,371,5,1
X-VLA,2026052601,abc_d_fresh_sequence_1000seq_seed2026052601,372,5,1
X-VLA,2026052601,abc_d_fresh_sequence_1000seq_seed2026052601,373,5,1
X-VLA,2026052601,abc_d_fresh_sequence_1000seq_seed2026052601,374,4,0
X-VLA,2026052601,abc_d_fresh_sequence_1000seq_seed2026052601,375,5,1
X-VLA,2026052601,abc_d_fresh_sequence_1000seq_seed2026052601,376,5,1
X-VLA,2026052601,abc_d_fresh_sequence_1000seq_seed2026052601,377,1,0
X-VLA,2026052601,abc_d_fresh_sequence_1000seq_seed2026052601,378,5,1
X-VLA,2026052601,abc_d_fresh_sequence_1000seq_seed2026052601,379,3,0
X-VLA,2026052601,abc_d_fresh_sequence_1000seq_seed2026052601,380,5,1
X-VLA,2026052601,abc_d_fresh_sequence_1000seq_seed2026052601,381,3,0
X-VLA,2026052601,abc_d_fresh_sequence_1000seq_seed2026052601,382,5,1
X-VLA,2026052601,abc_d_fresh_sequence_1000seq_seed2026052601,383,5,1
X-VLA,2026052601,abc_d_fresh_sequence_1000seq_seed2026052601,384,0,0
X-VLA,2026052601,abc_d_fresh_sequence_1000seq_seed2026052601,385,5,1
X-VLA,2026052601,abc_d_fresh_sequence_1000seq_seed2026052601,386,5,1
X-VLA,2026052601,abc_d_fresh_sequence_1000seq_seed2026052601,387,5,1
X-VLA,2026052601,abc_d_fresh_sequence_1000seq_seed2026052601,388,5,1
X-VLA,2026052601,abc_d_fresh_sequence_1000seq_seed2026052601,389,5,1
X-VLA,2026052601,abc_d_fresh_sequence_1000seq_seed2026052601,390,5,1
X-VLA,2026052601,abc_d_fresh_sequence_1000seq_seed2026052601,391,5,1
X-VLA,2026052601,abc_d_fresh_sequence_1000seq_seed2026052601,392,5,1
X-VLA,2026052601,abc_d_fresh_sequence_1000seq_seed2026052601,393,0,0
X-VLA,2026052601,abc_d_fresh_sequence_1000seq_seed2026052601,394,5,1
X-VLA,2026052601,abc_d_fresh_sequence_1000seq_seed2026052601,395,5,1
X-VLA,2026052601,abc_d_fresh_sequence_1000seq_seed2026052601,396,5,1
X-VLA,2026052601,abc_d_fresh_sequence_1000seq_seed2026052601,397,5,1
X-VLA,2026052601,abc_d_fresh_sequence_1000seq_seed2026052601,398,5,1
X-VLA,2026052601,abc_d_fresh_sequence_1000seq_seed2026052601,399,3,0
X-VLA,2026052601,abc_d_fresh_sequence_1000seq_seed2026052601,400,5,1
X-VLA,2026052601,abc_d_fresh_sequence_1000seq_seed2026052601,401,5,1
X-VLA,2026052601,abc_d_fresh_sequence_1000seq_seed2026052601,402,1,0
X-VLA,2026052601,abc_d_fresh_sequence_1000seq_seed2026052601,403,5,1
X-VLA,2026052601,abc_d_fresh_sequence_1000seq_seed2026052601,404,5,1
X-VLA,2026052601,abc_d_fresh_sequence_1000seq_seed2026052601,405,3,0
X-VLA,2026052601,abc_d_fresh_sequence_1000seq_seed2026052601,406,0,0
X-VLA,2026052601,abc_d_fresh_sequence_1000seq_seed2026052601,407,5,1
X-VLA,2026052601,abc_d_fresh_sequence_1000seq_seed2026052601,408,0,0
X-VLA,2026052601,abc_d_fresh_sequence_1000seq_seed2026052601,409,5,1
X-VLA,2026052601,abc_d_fresh_sequence_1000seq_seed2026052601,410,5,1
X-VLA,2026052601,abc_d_fresh_sequence_1000seq_seed2026052601,411,5,1
X-VLA,2026052601,abc_d_fresh_sequence_1000seq_seed2026052601,412,0,0
X-VLA,2026052601,abc_d_fresh_sequence_1000seq_seed2026052601,413,5,1
X-VLA,2026052601,abc_d_fresh_sequence_1000seq_seed2026052601,414,4,0
X-VLA,2026052601,abc_d_fresh_sequence_1000seq_seed2026052601,415,5,1
X-VLA,2026052601,abc_d_fresh_sequence_1000seq_seed2026052601,416,5,1
X-VLA,2026052601,abc_d_fresh_sequence_1000seq_seed2026052601,417,4,0
X-VLA,2026052601,abc_d_fresh_sequence_1000seq_seed2026052601,418,0,0
X-VLA,2026052601,abc_d_fresh_sequence_1000seq_seed2026052601,419,4,0
X-VLA,2026052601,abc_d_fresh_sequence_1000seq_seed2026052601,420,5,1
X-VLA,2026052601,abc_d_fresh_sequence_1000seq_seed2026052601,421,5,1
X-VLA,2026052601,abc_d_fresh_sequence_1000seq_seed2026052601,422,5,1
X-VLA,2026052601,abc_d_fresh_sequence_1000seq_seed2026052601,423,4,0
X-VLA,2026052601,abc_d_fresh_sequence_1000seq_seed2026052601,424,1,0
X-VLA,2026052601,abc_d_fresh_sequence_1000seq_seed2026052601,425,5,1
X-VLA,2026052601,abc_d_fresh_sequence_1000seq_seed2026052601,426,5,1
X-VLA,2026052601,abc_d_fresh_sequence_1000seq_seed2026052601,427,5,1
X-VLA,2026052601,abc_d_fresh_sequence_1000seq_seed2026052601,428,5,1
X-VLA,2026052601,abc_d_fresh_sequence_1000seq_seed2026052601,429,5,1
X-VLA,2026052601,abc_d_fresh_sequence_1000seq_seed2026052601,430,5,1
X-VLA,2026052601,abc_d_fresh_sequence_1000seq_seed2026052601,431,5,1
X-VLA,2026052601,abc_d_fresh_sequence_1000seq_seed2026052601,432,3,0
X-VLA,2026052601,abc_d_fresh_sequence_1000seq_seed2026052601,433,5,1
X-VLA,2026052601,abc_d_fresh_sequence_1000seq_seed2026052601,434,0,0
X-VLA,2026052601,abc_d_fresh_sequence_1000seq_seed2026052601,435,3,0
X-VLA,2026052601,abc_d_fresh_sequence_1000seq_seed2026052601,436,5,1
X-VLA,2026052601,abc_d_fresh_sequence_1000seq_seed2026052601,437,5,1
X-VLA,2026052601,abc_d_fresh_sequence_1000seq_seed2026052601,438,5,1
X-VLA,2026052601,abc_d_fresh_sequence_1000seq_seed2026052601,439,5,1
X-VLA,2026052601,abc_d_fresh_sequence_1000seq_seed2026052601,440,5,1
X-VLA,2026052601,abc_d_fresh_sequence_1000seq_seed2026052601,441,4,0
X-VLA,2026052601,abc_d_fresh_sequence_1000seq_seed2026052601,442,5,1
X-VLA,2026052601,abc_d_fresh_sequence_1000seq_seed2026052601,443,5,1
X-VLA,2026052601,abc_d_fresh_sequence_1000seq_seed2026052601,444,5,1
X-VLA,2026052601,abc_d_fresh_sequence_1000seq_seed2026052601,445,5,1
X-VLA,2026052601,abc_d_fresh_sequence_1000seq_seed2026052601,446,5,1
X-VLA,2026052601,abc_d_fresh_sequence_1000seq_seed2026052601,447,1,0
X-VLA,2026052601,abc_d_fresh_sequence_1000seq_seed2026052601,448,5,1
X-VLA,2026052601,abc_d_fresh_sequence_1000seq_seed2026052601,449,5,1
X-VLA,2026052601,abc_d_fresh_sequence_1000seq_seed2026052601,450,5,1
X-VLA,2026052601,abc_d_fresh_sequence_1000seq_seed2026052601,451,5,1
X-VLA,2026052601,abc_d_fresh_sequence_1000seq_seed2026052601,452,5,1
X-VLA,2026052601,abc_d_fresh_sequence_1000seq_seed2026052601,453,1,0
X-VLA,2026052601,abc_d_fresh_sequence_1000seq_seed2026052601,454,5,1
X-VLA,2026052601,abc_d_fresh_sequence_1000seq_seed2026052601,455,5,1
X-VLA,2026052601,abc_d_fresh_sequence_1000seq_seed2026052601,456,5,1
X-VLA,2026052601,abc_d_fresh_sequence_1000seq_seed2026052601,457,5,1
X-VLA,2026052601,abc_d_fresh_sequence_1000seq_seed2026052601,458,5,1
X-VLA,2026052601,abc_d_fresh_sequence_1000seq_seed2026052601,459,5,1
X-VLA,2026052601,abc_d_fresh_sequence_1000seq_seed2026052601,460,5,1
X-VLA,2026052601,abc_d_fresh_sequence_1000seq_seed2026052601,461,5,1
X-VLA,2026052601,abc_d_fresh_sequence_1000seq_seed2026052601,462,2,0
X-VLA,2026052601,abc_d_fresh_sequence_1000seq_seed2026052601,463,2,0
X-VLA,2026052601,abc_d_fresh_sequence_1000seq_seed2026052601,464,5,1
X-VLA,2026052601,abc_d_fresh_sequence_1000seq_seed2026052601,465,5,1
X-VLA,2026052601,abc_d_fresh_sequence_1000seq_seed2026052601,466,5,1
X-VLA,2026052601,abc_d_fresh_sequence_1000seq_seed2026052601,467,4,0
X-VLA,2026052601,abc_d_fresh_sequence_1000seq_seed2026052601,468,5,1
X-VLA,2026052601,abc_d_fresh_sequence_1000seq_seed2026052601,469,5,1
X-VLA,2026052601,abc_d_fresh_sequence_1000seq_seed2026052601,470,5,1
X-VLA,2026052601,abc_d_fresh_sequence_1000seq_seed2026052601,471,0,0
X-VLA,2026052601,abc_d_fresh_sequence_1000seq_seed2026052601,472,2,0
X-VLA,2026052601,abc_d_fresh_sequence_1000seq_seed2026052601,473,5,1
X-VLA,2026052601,abc_d_fresh_sequence_1000seq_seed2026052601,474,5,1
X-VLA,2026052601,abc_d_fresh_sequence_1000seq_seed2026052601,475,5,1
X-VLA,2026052601,abc_d_fresh_sequence_1000seq_seed2026052601,476,5,1
X-VLA,2026052601,abc_d_fresh_sequence_1000seq_seed2026052601,477,5,1
X-VLA,2026052601,abc_d_fresh_sequence_1000seq_seed2026052601,478,5,1
X-VLA,2026052601,abc_d_fresh_sequence_1000seq_seed2026052601,479,5,1
X-VLA,2026052601,abc_d_fresh_sequence_1000seq_seed2026052601,480,5,1
X-VLA,2026052601,abc_d_fresh_sequence_1000seq_seed2026052601,481,5,1
X-VLA,2026052601,abc_d_fresh_sequence_1000seq_seed2026052601,482,5,1
X-VLA,2026052601,abc_d_fresh_sequence_1000seq_seed2026052601,483,5,1
X-VLA,2026052601,abc_d_fresh_sequence_1000seq_seed2026052601,484,5,1
X-VLA,2026052601,abc_d_fresh_sequence_1000seq_seed2026052601,485,5,1
X-VLA,2026052601,abc_d_fresh_sequence_1000seq_seed2026052601,486,4,0
X-VLA,2026052601,abc_d_fresh_sequence_1000seq_seed2026052601,487,5,1
X-VLA,2026052601,abc_d_fresh_sequence_1000seq_seed2026052601,488,5,1
X-VLA,2026052601,abc_d_fresh_sequence_1000seq_seed2026052601,489,5,1
X-VLA,2026052601,abc_d_fresh_sequence_1000seq_seed2026052601,490,5,1
X-VLA,2026052601,abc_d_fresh_sequence_1000seq_seed2026052601,491,3,0
X-VLA,2026052601,abc_d_fresh_sequence_1000seq_seed2026052601,492,5,1
X-VLA,2026052601,abc_d_fresh_sequence_1000seq_seed2026052601,493,5,1
X-VLA,2026052601,abc_d_fresh_sequence_1000seq_seed2026052601,494,1,0
X-VLA,2026052601,abc_d_fresh_sequence_1000seq_seed2026052601,495,5,1
X-VLA,2026052601,abc_d_fresh_sequence_1000seq_seed2026052601,496,5,1
X-VLA,2026052601,abc_d_fresh_sequence_1000seq_seed2026052601,497,4,0
X-VLA,2026052601,abc_d_fresh_sequence_1000seq_seed2026052601,498,5,1
X-VLA,2026052601,abc_d_fresh_sequence_1000seq_seed2026052601,499,5,1
X-VLA,2026052601,abc_d_fresh_sequence_1000seq_seed2026052601,500,5,1
X-VLA,2026052601,abc_d_fresh_sequence_1000seq_seed2026052601,501,4,0
X-VLA,2026052601,abc_d_fresh_sequence_1000seq_seed2026052601,502,5,1
X-VLA,2026052601,abc_d_fresh_sequence_1000seq_seed2026052601,503,2,0
X-VLA,2026052601,abc_d_fresh_sequence_1000seq_seed2026052601,504,2,0
X-VLA,2026052601,abc_d_fresh_sequence_1000seq_seed2026052601,505,5,1
X-VLA,2026052601,abc_d_fresh_sequence_1000seq_seed2026052601,506,5,1
X-VLA,2026052601,abc_d_fresh_sequence_1000seq_seed2026052601,507,5,1
X-VLA,2026052601,abc_d_fresh_sequence_1000seq_seed2026052601,508,1,0
X-VLA,2026052601,abc_d_fresh_sequence_1000seq_seed2026052601,509,5,1
X-VLA,2026052601,abc_d_fresh_sequence_1000seq_seed2026052601,510,1,0
X-VLA,2026052601,abc_d_fresh_sequence_1000seq_seed2026052601,511,5,1
X-VLA,2026052601,abc_d_fresh_sequence_1000seq_seed2026052601,512,5,1
X-VLA,2026052601,abc_d_fresh_sequence_1000seq_seed2026052601,513,5,1
X-VLA,2026052601,abc_d_fresh_sequence_1000seq_seed2026052601,514,5,1
X-VLA,2026052601,abc_d_fresh_sequence_1000seq_seed2026052601,515,3,0
X-VLA,2026052601,abc_d_fresh_sequence_1000seq_seed2026052601,516,4,0
X-VLA,2026052601,abc_d_fresh_sequence_1000seq_seed2026052601,517,5,1
X-VLA,2026052601,abc_d_fresh_sequence_1000seq_seed2026052601,518,5,1
X-VLA,2026052601,abc_d_fresh_sequence_1000seq_seed2026052601,519,5,1
X-VLA,2026052601,abc_d_fresh_sequence_1000seq_seed2026052601,520,0,0
X-VLA,2026052601,abc_d_fresh_sequence_1000seq_seed2026052601,521,1,0
X-VLA,2026052601,abc_d_fresh_sequence_1000seq_seed2026052601,522,0,0
X-VLA,2026052601,abc_d_fresh_sequence_1000seq_seed2026052601,523,5,1
X-VLA,2026052601,abc_d_fresh_sequence_1000seq_seed2026052601,524,2,0
X-VLA,2026052601,abc_d_fresh_sequence_1000seq_seed2026052601,525,2,0
X-VLA,2026052601,abc_d_fresh_sequence_1000seq_seed2026052601,526,5,1
X-VLA,2026052601,abc_d_fresh_sequence_1000seq_seed2026052601,527,5,1
X-VLA,2026052601,abc_d_fresh_sequence_1000seq_seed2026052601,528,5,1
X-VLA,2026052601,abc_d_fresh_sequence_1000seq_seed2026052601,529,4,0
X-VLA,2026052601,abc_d_fresh_sequence_1000seq_seed2026052601,530,5,1
X-VLA,2026052601,abc_d_fresh_sequence_1000seq_seed2026052601,531,5,1
X-VLA,2026052601,abc_d_fresh_sequence_1000seq_seed2026052601,532,5,1
X-VLA,2026052601,abc_d_fresh_sequence_1000seq_seed2026052601,533,5,1
X-VLA,2026052601,abc_d_fresh_sequence_1000seq_seed2026052601,534,5,1
X-VLA,2026052601,abc_d_fresh_sequence_1000seq_seed2026052601,535,5,1
X-VLA,2026052601,abc_d_fresh_sequence_1000seq_seed2026052601,536,3,0
X-VLA,2026052601,abc_d_fresh_sequence_1000seq_seed2026052601,537,3,0
X-VLA,2026052601,abc_d_fresh_sequence_1000seq_seed2026052601,538,5,1
X-VLA,2026052601,abc_d_fresh_sequence_1000seq_seed2026052601,539,3,0
X-VLA,2026052601,abc_d_fresh_sequence_1000seq_seed2026052601,540,5,1
X-VLA,2026052601,abc_d_fresh_sequence_1000seq_seed2026052601,541,5,1
X-VLA,2026052601,abc_d_fresh_sequence_1000seq_seed2026052601,542,5,1
X-VLA,2026052601,abc_d_fresh_sequence_1000seq_seed2026052601,543,3,0
X-VLA,2026052601,abc_d_fresh_sequence_1000seq_seed2026052601,544,0,0
X-VLA,2026052601,abc_d_fresh_sequence_1000seq_seed2026052601,545,1,0
X-VLA,2026052601,abc_d_fresh_sequence_1000seq_seed2026052601,546,2,0
X-VLA,2026052601,abc_d_fresh_sequence_1000seq_seed2026052601,547,5,1
X-VLA,2026052601,abc_d_fresh_sequence_1000seq_seed2026052601,548,5,1
X-VLA,2026052601,abc_d_fresh_sequence_1000seq_seed2026052601,549,3,0
X-VLA,2026052601,abc_d_fresh_sequence_1000seq_seed2026052601,550,2,0
X-VLA,2026052601,abc_d_fresh_sequence_1000seq_seed2026052601,551,5,1
X-VLA,2026052601,abc_d_fresh_sequence_1000seq_seed2026052601,552,5,1
X-VLA,2026052601,abc_d_fresh_sequence_1000seq_seed2026052601,553,5,1
X-VLA,2026052601,abc_d_fresh_sequence_1000seq_seed2026052601,554,2,0
X-VLA,2026052601,abc_d_fresh_sequence_1000seq_seed2026052601,555,5,1
X-VLA,2026052601,abc_d_fresh_sequence_1000seq_seed2026052601,556,5,1
X-VLA,2026052601,abc_d_fresh_sequence_1000seq_seed2026052601,557,2,0
X-VLA,2026052601,abc_d_fresh_sequence_1000seq_seed2026052601,558,5,1
X-VLA,2026052601,abc_d_fresh_sequence_1000seq_seed2026052601,559,4,0
X-VLA,2026052601,abc_d_fresh_sequence_1000seq_seed2026052601,560,5,1
X-VLA,2026052601,abc_d_fresh_sequence_1000seq_seed2026052601,561,2,0
X-VLA,2026052601,abc_d_fresh_sequence_1000seq_seed2026052601,562,5,1
X-VLA,2026052601,abc_d_fresh_sequence_1000seq_seed2026052601,563,2,0
X-VLA,2026052601,abc_d_fresh_sequence_1000seq_seed2026052601,564,5,1
X-VLA,2026052601,abc_d_fresh_sequence_1000seq_seed2026052601,565,5,1
X-VLA,2026052601,abc_d_fresh_sequence_1000seq_seed2026052601,566,0,0
X-VLA,2026052601,abc_d_fresh_sequence_1000seq_seed2026052601,567,5,1
X-VLA,2026052601,abc_d_fresh_sequence_1000seq_seed2026052601,568,4,0
X-VLA,2026052601,abc_d_fresh_sequence_1000seq_seed2026052601,569,5,1
X-VLA,2026052601,abc_d_fresh_sequence_1000seq_seed2026052601,570,5,1
X-VLA,2026052601,abc_d_fresh_sequence_1000seq_seed2026052601,571,1,0
X-VLA,2026052601,abc_d_fresh_sequence_1000seq_seed2026052601,572,5,1
X-VLA,2026052601,abc_d_fresh_sequence_1000seq_seed2026052601,573,4,0
X-VLA,2026052601,abc_d_fresh_sequence_1000seq_seed2026052601,574,5,1
X-VLA,2026052601,abc_d_fresh_sequence_1000seq_seed2026052601,575,4,0
X-VLA,2026052601,abc_d_fresh_sequence_1000seq_seed2026052601,576,5,1
X-VLA,2026052601,abc_d_fresh_sequence_1000seq_seed2026052601,577,5,1
X-VLA,2026052601,abc_d_fresh_sequence_1000seq_seed2026052601,578,5,1
X-VLA,2026052601,abc_d_fresh_sequence_1000seq_seed2026052601,579,5,1
X-VLA,2026052601,abc_d_fresh_sequence_1000seq_seed2026052601,580,0,0
X-VLA,2026052601,abc_d_fresh_sequence_1000seq_seed2026052601,581,5,1
X-VLA,2026052601,abc_d_fresh_sequence_1000seq_seed2026052601,582,5,1
X-VLA,2026052601,abc_d_fresh_sequence_1000seq_seed2026052601,583,2,0
X-VLA,2026052601,abc_d_fresh_sequence_1000seq_seed2026052601,584,5,1
X-VLA,2026052601,abc_d_fresh_sequence_1000seq_seed2026052601,585,3,0
X-VLA,2026052601,abc_d_fresh_sequence_1000seq_seed2026052601,586,5,1
X-VLA,2026052601,abc_d_fresh_sequence_1000seq_seed2026052601,587,4,0
X-VLA,2026052601,abc_d_fresh_sequence_1000seq_seed2026052601,588,5,1
X-VLA,2026052601,abc_d_fresh_sequence_1000seq_seed2026052601,589,5,1
X-VLA,2026052601,abc_d_fresh_sequence_1000seq_seed2026052601,590,5,1
X-VLA,2026052601,abc_d_fresh_sequence_1000seq_seed2026052601,591,5,1
X-VLA,2026052601,abc_d_fresh_sequence_1000seq_seed2026052601,592,4,0
X-VLA,2026052601,abc_d_fresh_sequence_1000seq_seed2026052601,593,5,1
X-VLA,2026052601,abc_d_fresh_sequence_1000seq_seed2026052601,594,5,1
X-VLA,2026052601,abc_d_fresh_sequence_1000seq_seed2026052601,595,5,1
X-VLA,2026052601,abc_d_fresh_sequence_1000seq_seed2026052601,596,2,0
X-VLA,2026052601,abc_d_fresh_sequence_1000seq_seed2026052601,597,5,1
X-VLA,2026052601,abc_d_fresh_sequence_1000seq_seed2026052601,598,5,1
X-VLA,2026052601,abc_d_fresh_sequence_1000seq_seed2026052601,599,5,1
X-VLA,2026052601,abc_d_fresh_sequence_1000seq_seed2026052601,600,5,1
X-VLA,2026052601,abc_d_fresh_sequence_1000seq_seed2026052601,601,5,1
X-VLA,2026052601,abc_d_fresh_sequence_1000seq_seed2026052601,602,5,1
X-VLA,2026052601,abc_d_fresh_sequence_1000seq_seed2026052601,603,5,1
X-VLA,2026052601,abc_d_fresh_sequence_1000seq_seed2026052601,604,1,0
X-VLA,2026052601,abc_d_fresh_sequence_1000seq_seed2026052601,605,5,1
X-VLA,2026052601,abc_d_fresh_sequence_1000seq_seed2026052601,606,5,1
X-VLA,2026052601,abc_d_fresh_sequence_1000seq_seed2026052601,607,0,0
X-VLA,2026052601,abc_d_fresh_sequence_1000seq_seed2026052601,608,4,0
X-VLA,2026052601,abc_d_fresh_sequence_1000seq_seed2026052601,609,5,1
X-VLA,2026052601,abc_d_fresh_sequence_1000seq_seed2026052601,610,5,1
X-VLA,2026052601,abc_d_fresh_sequence_1000seq_seed2026052601,611,4,0
X-VLA,2026052601,abc_d_fresh_sequence_1000seq_seed2026052601,612,5,1
X-VLA,2026052601,abc_d_fresh_sequence_1000seq_seed2026052601,613,5,1
X-VLA,2026052601,abc_d_fresh_sequence_1000seq_seed2026052601,614,0,0
X-VLA,2026052601,abc_d_fresh_sequence_1000seq_seed2026052601,615,5,1
X-VLA,2026052601,abc_d_fresh_sequence_1000seq_seed2026052601,616,5,1
X-VLA,2026052601,abc_d_fresh_sequence_1000seq_seed2026052601,617,2,0
X-VLA,2026052601,abc_d_fresh_sequence_1000seq_seed2026052601,618,2,0
X-VLA,2026052601,abc_d_fresh_sequence_1000seq_seed2026052601,619,5,1
X-VLA,2026052601,abc_d_fresh_sequence_1000seq_seed2026052601,620,5,1
X-VLA,2026052601,abc_d_fresh_sequence_1000seq_seed2026052601,621,4,0
X-VLA,2026052601,abc_d_fresh_sequence_1000seq_seed2026052601,622,5,1
X-VLA,2026052601,abc_d_fresh_sequence_1000seq_seed2026052601,623,5,1
X-VLA,2026052601,abc_d_fresh_sequence_1000seq_seed2026052601,624,1,0
X-VLA,2026052601,abc_d_fresh_sequence_1000seq_seed2026052601,625,5,1
X-VLA,2026052601,abc_d_fresh_sequence_1000seq_seed2026052601,626,5,1
X-VLA,2026052601,abc_d_fresh_sequence_1000seq_seed2026052601,627,1,0
X-VLA,2026052601,abc_d_fresh_sequence_1000seq_seed2026052601,628,5,1
X-VLA,2026052601,abc_d_fresh_sequence_1000seq_seed2026052601,629,5,1
X-VLA,2026052601,abc_d_fresh_sequence_1000seq_seed2026052601,630,5,1
X-VLA,2026052601,abc_d_fresh_sequence_1000seq_seed2026052601,631,5,1
X-VLA,2026052601,abc_d_fresh_sequence_1000seq_seed2026052601,632,5,1
X-VLA,2026052601,abc_d_fresh_sequence_1000seq_seed2026052601,633,4,0
X-VLA,2026052601,abc_d_fresh_sequence_1000seq_seed2026052601,634,5,1
X-VLA,2026052601,abc_d_fresh_sequence_1000seq_seed2026052601,635,5,1
X-VLA,2026052601,abc_d_fresh_sequence_1000seq_seed2026052601,636,2,0
X-VLA,2026052601,abc_d_fresh_sequence_1000seq_seed2026052601,637,5,1
X-VLA,2026052601,abc_d_fresh_sequence_1000seq_seed2026052601,638,5,1
X-VLA,2026052601,abc_d_fresh_sequence_1000seq_seed2026052601,639,1,0
X-VLA,2026052601,abc_d_fresh_sequence_1000seq_seed2026052601,640,5,1
X-VLA,2026052601,abc_d_fresh_sequence_1000seq_seed2026052601,641,5,1
X-VLA,2026052601,abc_d_fresh_sequence_1000seq_seed2026052601,642,5,1
X-VLA,2026052601,abc_d_fresh_sequence_1000seq_seed2026052601,643,3,0
X-VLA,2026052601,abc_d_fresh_sequence_1000seq_seed2026052601,644,5,1
X-VLA,2026052601,abc_d_fresh_sequence_1000seq_seed2026052601,645,5,1
X-VLA,2026052601,abc_d_fresh_sequence_1000seq_seed2026052601,646,2,0
X-VLA,2026052601,abc_d_fresh_sequence_1000seq_seed2026052601,647,5,1
X-VLA,2026052601,abc_d_fresh_sequence_1000seq_seed2026052601,648,5,1
X-VLA,2026052601,abc_d_fresh_sequence_1000seq_seed2026052601,649,5,1
X-VLA,2026052601,abc_d_fresh_sequence_1000seq_seed2026052601,650,5,1
X-VLA,2026052601,abc_d_fresh_sequence_1000seq_seed2026052601,651,5,1
X-VLA,2026052601,abc_d_fresh_sequence_1000seq_seed2026052601,652,5,1
X-VLA,2026052601,abc_d_fresh_sequence_1000seq_seed2026052601,653,4,0
X-VLA,2026052601,abc_d_fresh_sequence_1000seq_seed2026052601,654,5,1
X-VLA,2026052601,abc_d_fresh_sequence_1000seq_seed2026052601,655,5,1
X-VLA,2026052601,abc_d_fresh_sequence_1000seq_seed2026052601,656,5,1
X-VLA,2026052601,abc_d_fresh_sequence_1000seq_seed2026052601,657,5,1
X-VLA,2026052601,abc_d_fresh_sequence_1000seq_seed2026052601,658,4,0
X-VLA,2026052601,abc_d_fresh_sequence_1000seq_seed2026052601,659,5,1
X-VLA,2026052601,abc_d_fresh_sequence_1000seq_seed2026052601,660,5,1
X-VLA,2026052601,abc_d_fresh_sequence_1000seq_seed2026052601,661,3,0
X-VLA,2026052601,abc_d_fresh_sequence_1000seq_seed2026052601,662,5,1
X-VLA,2026052601,abc_d_fresh_sequence_1000seq_seed2026052601,663,0,0
X-VLA,2026052601,abc_d_fresh_sequence_1000seq_seed2026052601,664,3,0
X-VLA,2026052601,abc_d_fresh_sequence_1000seq_seed2026052601,665,3,0
X-VLA,2026052601,abc_d_fresh_sequence_1000seq_seed2026052601,666,5,1
X-VLA,2026052601,abc_d_fresh_sequence_1000seq_seed2026052601,667,5,1
X-VLA,2026052601,abc_d_fresh_sequence_1000seq_seed2026052601,668,5,1
X-VLA,2026052601,abc_d_fresh_sequence_1000seq_seed2026052601,669,0,0
X-VLA,2026052601,abc_d_fresh_sequence_1000seq_seed2026052601,670,5,1
X-VLA,2026052601,abc_d_fresh_sequence_1000seq_seed2026052601,671,5,1
X-VLA,2026052601,abc_d_fresh_sequence_1000seq_seed2026052601,672,3,0
X-VLA,2026052601,abc_d_fresh_sequence_1000seq_seed2026052601,673,5,1
X-VLA,2026052601,abc_d_fresh_sequence_1000seq_seed2026052601,674,5,1
X-VLA,2026052601,abc_d_fresh_sequence_1000seq_seed2026052601,675,5,1
X-VLA,2026052601,abc_d_fresh_sequence_1000seq_seed2026052601,676,5,1
X-VLA,2026052601,abc_d_fresh_sequence_1000seq_seed2026052601,677,5,1
X-VLA,2026052601,abc_d_fresh_sequence_1000seq_seed2026052601,678,5,1
X-VLA,2026052601,abc_d_fresh_sequence_1000seq_seed2026052601,679,1,0
X-VLA,2026052601,abc_d_fresh_sequence_1000seq_seed2026052601,680,4,0
X-VLA,2026052601,abc_d_fresh_sequence_1000seq_seed2026052601,681,5,1
X-VLA,2026052601,abc_d_fresh_sequence_1000seq_seed2026052601,682,5,1
X-VLA,2026052601,abc_d_fresh_sequence_1000seq_seed2026052601,683,3,0
X-VLA,2026052601,abc_d_fresh_sequence_1000seq_seed2026052601,684,5,1
X-VLA,2026052601,abc_d_fresh_sequence_1000seq_seed2026052601,685,5,1
X-VLA,2026052601,abc_d_fresh_sequence_1000seq_seed2026052601,686,5,1
X-VLA,2026052601,abc_d_fresh_sequence_1000seq_seed2026052601,687,5,1
X-VLA,2026052601,abc_d_fresh_sequence_1000seq_seed2026052601,688,5,1
X-VLA,2026052601,abc_d_fresh_sequence_1000seq_seed2026052601,689,5,1
X-VLA,2026052601,abc_d_fresh_sequence_1000seq_seed2026052601,690,5,1
X-VLA,2026052601,abc_d_fresh_sequence_1000seq_seed2026052601,691,5,1
X-VLA,2026052601,abc_d_fresh_sequence_1000seq_seed2026052601,692,5,1
X-VLA,2026052601,abc_d_fresh_sequence_1000seq_seed2026052601,693,3,0
X-VLA,2026052601,abc_d_fresh_sequence_1000seq_seed2026052601,694,1,0
X-VLA,2026052601,abc_d_fresh_sequence_1000seq_seed2026052601,695,5,1
X-VLA,2026052601,abc_d_fresh_sequence_1000seq_seed2026052601,696,3,0
X-VLA,2026052601,abc_d_fresh_sequence_1000seq_seed2026052601,697,5,1
X-VLA,2026052601,abc_d_fresh_sequence_1000seq_seed2026052601,698,5,1
X-VLA,2026052601,abc_d_fresh_sequence_1000seq_seed2026052601,699,5,1
X-VLA,2026052601,abc_d_fresh_sequence_1000seq_seed2026052601,700,4,0
X-VLA,2026052601,abc_d_fresh_sequence_1000seq_seed2026052601,701,5,1
X-VLA,2026052601,abc_d_fresh_sequence_1000seq_seed2026052601,702,5,1
X-VLA,2026052601,abc_d_fresh_sequence_1000seq_seed2026052601,703,5,1
X-VLA,2026052601,abc_d_fresh_sequence_1000seq_seed2026052601,704,5,1
X-VLA,2026052601,abc_d_fresh_sequence_1000seq_seed2026052601,705,5,1
X-VLA,2026052601,abc_d_fresh_sequence_1000seq_seed2026052601,706,2,0
X-VLA,2026052601,abc_d_fresh_sequence_1000seq_seed2026052601,707,5,1
X-VLA,2026052601,abc_d_fresh_sequence_1000seq_seed2026052601,708,5,1
X-VLA,2026052601,abc_d_fresh_sequence_1000seq_seed2026052601,709,2,0
X-VLA,2026052601,abc_d_fresh_sequence_1000seq_seed2026052601,710,5,1
X-VLA,2026052601,abc_d_fresh_sequence_1000seq_seed2026052601,711,5,1
X-VLA,2026052601,abc_d_fresh_sequence_1000seq_seed2026052601,712,5,1
X-VLA,2026052601,abc_d_fresh_sequence_1000seq_seed2026052601,713,5,1
X-VLA,2026052601,abc_d_fresh_sequence_1000seq_seed2026052601,714,5,1
X-VLA,2026052601,abc_d_fresh_sequence_1000seq_seed2026052601,715,5,1
X-VLA,2026052601,abc_d_fresh_sequence_1000seq_seed2026052601,716,5,1
X-VLA,2026052601,abc_d_fresh_sequence_1000seq_seed2026052601,717,5,1
X-VLA,2026052601,abc_d_fresh_sequence_1000seq_seed2026052601,718,5,1
X-VLA,2026052601,abc_d_fresh_sequence_1000seq_seed2026052601,719,5,1
X-VLA,2026052601,abc_d_fresh_sequence_1000seq_seed2026052601,720,5,1
X-VLA,2026052601,abc_d_fresh_sequence_1000seq_seed2026052601,721,3,0
X-VLA,2026052601,abc_d_fresh_sequence_1000seq_seed2026052601,722,5,1
X-VLA,2026052601,abc_d_fresh_sequence_1000seq_seed2026052601,723,2,0
X-VLA,2026052601,abc_d_fresh_sequence_1000seq_seed2026052601,724,5,1
X-VLA,2026052601,abc_d_fresh_sequence_1000seq_seed2026052601,725,5,1
X-VLA,2026052601,abc_d_fresh_sequence_1000seq_seed2026052601,726,3,0
X-VLA,2026052601,abc_d_fresh_sequence_1000seq_seed2026052601,727,5,1
X-VLA,2026052601,abc_d_fresh_sequence_1000seq_seed2026052601,728,5,1
X-VLA,2026052601,abc_d_fresh_sequence_1000seq_seed2026052601,729,5,1
X-VLA,2026052601,abc_d_fresh_sequence_1000seq_seed2026052601,730,5,1
X-VLA,2026052601,abc_d_fresh_sequence_1000seq_seed2026052601,731,0,0
X-VLA,2026052601,abc_d_fresh_sequence_1000seq_seed2026052601,732,5,1
X-VLA,2026052601,abc_d_fresh_sequence_1000seq_seed2026052601,733,0,0
X-VLA,2026052601,abc_d_fresh_sequence_1000seq_seed2026052601,734,3,0
X-VLA,2026052601,abc_d_fresh_sequence_1000seq_seed2026052601,735,5,1
X-VLA,2026052601,abc_d_fresh_sequence_1000seq_seed2026052601,736,5,1
X-VLA,2026052601,abc_d_fresh_sequence_1000seq_seed2026052601,737,5,1
X-VLA,2026052601,abc_d_fresh_sequence_1000seq_seed2026052601,738,5,1
X-VLA,2026052601,abc_d_fresh_sequence_1000seq_seed2026052601,739,5,1
X-VLA,2026052601,abc_d_fresh_sequence_1000seq_seed2026052601,740,5,1
X-VLA,2026052601,abc_d_fresh_sequence_1000seq_seed2026052601,741,3,0
X-VLA,2026052601,abc_d_fresh_sequence_1000seq_seed2026052601,742,5,1
X-VLA,2026052601,abc_d_fresh_sequence_1000seq_seed2026052601,743,1,0
X-VLA,2026052601,abc_d_fresh_sequence_1000seq_seed2026052601,744,3,0
X-VLA,2026052601,abc_d_fresh_sequence_1000seq_seed2026052601,745,5,1
X-VLA,2026052601,abc_d_fresh_sequence_1000seq_seed2026052601,746,5,1
X-VLA,2026052601,abc_d_fresh_sequence_1000seq_seed2026052601,747,5,1
X-VLA,2026052601,abc_d_fresh_sequence_1000seq_seed2026052601,748,5,1
X-VLA,2026052601,abc_d_fresh_sequence_1000seq_seed2026052601,749,5,1
X-VLA,2026052601,abc_d_fresh_sequence_1000seq_seed2026052601,750,5,1
X-VLA,2026052601,abc_d_fresh_sequence_1000seq_seed2026052601,751,2,0
X-VLA,2026052601,abc_d_fresh_sequence_1000seq_seed2026052601,752,5,1
X-VLA,2026052601,abc_d_fresh_sequence_1000seq_seed2026052601,753,5,1
X-VLA,2026052601,abc_d_fresh_sequence_1000seq_seed2026052601,754,5,1
X-VLA,2026052601,abc_d_fresh_sequence_1000seq_seed2026052601,755,5,1
X-VLA,2026052601,abc_d_fresh_sequence_1000seq_seed2026052601,756,5,1
X-VLA,2026052601,abc_d_fresh_sequence_1000seq_seed2026052601,757,5,1
X-VLA,2026052601,abc_d_fresh_sequence_1000seq_seed2026052601,758,5,1
X-VLA,2026052601,abc_d_fresh_sequence_1000seq_seed2026052601,759,0,0
X-VLA,2026052601,abc_d_fresh_sequence_1000seq_seed2026052601,760,5,1
X-VLA,2026052601,abc_d_fresh_sequence_1000seq_seed2026052601,761,5,1
X-VLA,2026052601,abc_d_fresh_sequence_1000seq_seed2026052601,762,4,0
X-VLA,2026052601,abc_d_fresh_sequence_1000seq_seed2026052601,763,1,0
X-VLA,2026052601,abc_d_fresh_sequence_1000seq_seed2026052601,764,5,1
X-VLA,2026052601,abc_d_fresh_sequence_1000seq_seed2026052601,765,4,0
X-VLA,2026052601,abc_d_fresh_sequence_1000seq_seed2026052601,766,5,1
X-VLA,2026052601,abc_d_fresh_sequence_1000seq_seed2026052601,767,5,1
X-VLA,2026052601,abc_d_fresh_sequence_1000seq_seed2026052601,768,2,0
X-VLA,2026052601,abc_d_fresh_sequence_1000seq_seed2026052601,769,1,0
X-VLA,2026052601,abc_d_fresh_sequence_1000seq_seed2026052601,770,5,1
X-VLA,2026052601,abc_d_fresh_sequence_1000seq_seed2026052601,771,1,0
X-VLA,2026052601,abc_d_fresh_sequence_1000seq_seed2026052601,772,5,1
X-VLA,2026052601,abc_d_fresh_sequence_1000seq_seed2026052601,773,5,1
X-VLA,2026052601,abc_d_fresh_sequence_1000seq_seed2026052601,774,5,1
X-VLA,2026052601,abc_d_fresh_sequence_1000seq_seed2026052601,775,3,0
X-VLA,2026052601,abc_d_fresh_sequence_1000seq_seed2026052601,776,5,1
X-VLA,2026052601,abc_d_fresh_sequence_1000seq_seed2026052601,777,5,1
X-VLA,2026052601,abc_d_fresh_sequence_1000seq_seed2026052601,778,3,0
X-VLA,2026052601,abc_d_fresh_sequence_1000seq_seed2026052601,779,1,0
X-VLA,2026052601,abc_d_fresh_sequence_1000seq_seed2026052601,780,5,1
X-VLA,2026052601,abc_d_fresh_sequence_1000seq_seed2026052601,781,2,0
X-VLA,2026052601,abc_d_fresh_sequence_1000seq_seed2026052601,782,5,1
X-VLA,2026052601,abc_d_fresh_sequence_1000seq_seed2026052601,783,4,0
X-VLA,2026052601,abc_d_fresh_sequence_1000seq_seed2026052601,784,5,1
X-VLA,2026052601,abc_d_fresh_sequence_1000seq_seed2026052601,785,5,1
X-VLA,2026052601,abc_d_fresh_sequence_1000seq_seed2026052601,786,1,0
X-VLA,2026052601,abc_d_fresh_sequence_1000seq_seed2026052601,787,5,1
X-VLA,2026052601,abc_d_fresh_sequence_1000seq_seed2026052601,788,5,1
X-VLA,2026052601,abc_d_fresh_sequence_1000seq_seed2026052601,789,2,0
X-VLA,2026052601,abc_d_fresh_sequence_1000seq_seed2026052601,790,5,1
X-VLA,2026052601,abc_d_fresh_sequence_1000seq_seed2026052601,791,5,1
X-VLA,2026052601,abc_d_fresh_sequence_1000seq_seed2026052601,792,5,1
X-VLA,2026052601,abc_d_fresh_sequence_1000seq_seed2026052601,793,5,1
X-VLA,2026052601,abc_d_fresh_sequence_1000seq_seed2026052601,794,5,1
X-VLA,2026052601,abc_d_fresh_sequence_1000seq_seed2026052601,795,1,0
X-VLA,2026052601,abc_d_fresh_sequence_1000seq_seed2026052601,796,5,1
X-VLA,2026052601,abc_d_fresh_sequence_1000seq_seed2026052601,797,5,1
X-VLA,2026052601,abc_d_fresh_sequence_1000seq_seed2026052601,798,5,1
X-VLA,2026052601,abc_d_fresh_sequence_1000seq_seed2026052601,799,2,0
X-VLA,2026052601,abc_d_fresh_sequence_1000seq_seed2026052601,800,4,0
X-VLA,2026052601,abc_d_fresh_sequence_1000seq_seed2026052601,801,5,1
X-VLA,2026052601,abc_d_fresh_sequence_1000seq_seed2026052601,802,5,1
X-VLA,2026052601,abc_d_fresh_sequence_1000seq_seed2026052601,803,5,1
X-VLA,2026052601,abc_d_fresh_sequence_1000seq_seed2026052601,804,2,0
X-VLA,2026052601,abc_d_fresh_sequence_1000seq_seed2026052601,805,5,1
X-VLA,2026052601,abc_d_fresh_sequence_1000seq_seed2026052601,806,5,1
X-VLA,2026052601,abc_d_fresh_sequence_1000seq_seed2026052601,807,5,1
X-VLA,2026052601,abc_d_fresh_sequence_1000seq_seed2026052601,808,5,1
X-VLA,2026052601,abc_d_fresh_sequence_1000seq_seed2026052601,809,5,1
X-VLA,2026052601,abc_d_fresh_sequence_1000seq_seed2026052601,810,5,1
X-VLA,2026052601,abc_d_fresh_sequence_1000seq_seed2026052601,811,5,1
X-VLA,2026052601,abc_d_fresh_sequence_1000seq_seed2026052601,812,5,1
X-VLA,2026052601,abc_d_fresh_sequence_1000seq_seed2026052601,813,1,0
X-VLA,2026052601,abc_d_fresh_sequence_1000seq_seed2026052601,814,5,1
X-VLA,2026052601,abc_d_fresh_sequence_1000seq_seed2026052601,815,5,1
X-VLA,2026052601,abc_d_fresh_sequence_1000seq_seed2026052601,816,5,1
X-VLA,2026052601,abc_d_fresh_sequence_1000seq_seed2026052601,817,2,0
X-VLA,2026052601,abc_d_fresh_sequence_1000seq_seed2026052601,818,5,1
X-VLA,2026052601,abc_d_fresh_sequence_1000seq_seed2026052601,819,3,0
X-VLA,2026052601,abc_d_fresh_sequence_1000seq_seed2026052601,820,5,1
X-VLA,2026052601,abc_d_fresh_sequence_1000seq_seed2026052601,821,1,0
X-VLA,2026052601,abc_d_fresh_sequence_1000seq_seed2026052601,822,5,1
X-VLA,2026052601,abc_d_fresh_sequence_1000seq_seed2026052601,823,4,0
X-VLA,2026052601,abc_d_fresh_sequence_1000seq_seed2026052601,824,5,1
X-VLA,2026052601,abc_d_fresh_sequence_1000seq_seed2026052601,825,5,1
X-VLA,2026052601,abc_d_fresh_sequence_1000seq_seed2026052601,826,5,1
X-VLA,2026052601,abc_d_fresh_sequence_1000seq_seed2026052601,827,5,1
X-VLA,2026052601,abc_d_fresh_sequence_1000seq_seed2026052601,828,0,0
X-VLA,2026052601,abc_d_fresh_sequence_1000seq_seed2026052601,829,5,1
X-VLA,2026052601,abc_d_fresh_sequence_1000seq_seed2026052601,830,3,0
X-VLA,2026052601,abc_d_fresh_sequence_1000seq_seed2026052601,831,5,1
X-VLA,2026052601,abc_d_fresh_sequence_1000seq_seed2026052601,832,5,1
X-VLA,2026052601,abc_d_fresh_sequence_1000seq_seed2026052601,833,0,0
X-VLA,2026052601,abc_d_fresh_sequence_1000seq_seed2026052601,834,3,0
X-VLA,2026052601,abc_d_fresh_sequence_1000seq_seed2026052601,835,5,1
X-VLA,2026052601,abc_d_fresh_sequence_1000seq_seed2026052601,836,5,1
X-VLA,2026052601,abc_d_fresh_sequence_1000seq_seed2026052601,837,5,1
X-VLA,2026052601,abc_d_fresh_sequence_1000seq_seed2026052601,838,5,1
X-VLA,2026052601,abc_d_fresh_sequence_1000seq_seed2026052601,839,5,1
X-VLA,2026052601,abc_d_fresh_sequence_1000seq_seed2026052601,840,5,1
X-VLA,2026052601,abc_d_fresh_sequence_1000seq_seed2026052601,841,5,1
X-VLA,2026052601,abc_d_fresh_sequence_1000seq_seed2026052601,842,5,1
X-VLA,2026052601,abc_d_fresh_sequence_1000seq_seed2026052601,843,5,1
X-VLA,2026052601,abc_d_fresh_sequence_1000seq_seed2026052601,844,1,0
X-VLA,2026052601,abc_d_fresh_sequence_1000seq_seed2026052601,845,5,1
X-VLA,2026052601,abc_d_fresh_sequence_1000seq_seed2026052601,846,5,1
X-VLA,2026052601,abc_d_fresh_sequence_1000seq_seed2026052601,847,5,1
X-VLA,2026052601,abc_d_fresh_sequence_1000seq_seed2026052601,848,5,1
X-VLA,2026052601,abc_d_fresh_sequence_1000seq_seed2026052601,849,4,0
X-VLA,2026052601,abc_d_fresh_sequence_1000seq_seed2026052601,850,5,1
X-VLA,2026052601,abc_d_fresh_sequence_1000seq_seed2026052601,851,2,0
X-VLA,2026052601,abc_d_fresh_sequence_1000seq_seed2026052601,852,5,1
X-VLA,2026052601,abc_d_fresh_sequence_1000seq_seed2026052601,853,3,0
X-VLA,2026052601,abc_d_fresh_sequence_1000seq_seed2026052601,854,5,1
X-VLA,2026052601,abc_d_fresh_sequence_1000seq_seed2026052601,855,5,1
X-VLA,2026052601,abc_d_fresh_sequence_1000seq_seed2026052601,856,5,1
X-VLA,2026052601,abc_d_fresh_sequence_1000seq_seed2026052601,857,3,0
X-VLA,2026052601,abc_d_fresh_sequence_1000seq_seed2026052601,858,4,0
X-VLA,2026052601,abc_d_fresh_sequence_1000seq_seed2026052601,859,5,1
X-VLA,2026052601,abc_d_fresh_sequence_1000seq_seed2026052601,860,5,1
X-VLA,2026052601,abc_d_fresh_sequence_1000seq_seed2026052601,861,5,1
X-VLA,2026052601,abc_d_fresh_sequence_1000seq_seed2026052601,862,2,0
X-VLA,2026052601,abc_d_fresh_sequence_1000seq_seed2026052601,863,0,0
X-VLA,2026052601,abc_d_fresh_sequence_1000seq_seed2026052601,864,5,1
X-VLA,2026052601,abc_d_fresh_sequence_1000seq_seed2026052601,865,5,1
X-VLA,2026052601,abc_d_fresh_sequence_1000seq_seed2026052601,866,2,0
X-VLA,2026052601,abc_d_fresh_sequence_1000seq_seed2026052601,867,5,1
X-VLA,2026052601,abc_d_fresh_sequence_1000seq_seed2026052601,868,5,1
X-VLA,2026052601,abc_d_fresh_sequence_1000seq_seed2026052601,869,5,1
X-VLA,2026052601,abc_d_fresh_sequence_1000seq_seed2026052601,870,5,1
X-VLA,2026052601,abc_d_fresh_sequence_1000seq_seed2026052601,871,1,0
X-VLA,2026052601,abc_d_fresh_sequence_1000seq_seed2026052601,872,5,1
X-VLA,2026052601,abc_d_fresh_sequence_1000seq_seed2026052601,873,5,1
X-VLA,2026052601,abc_d_fresh_sequence_1000seq_seed2026052601,874,5,1
X-VLA,2026052601,abc_d_fresh_sequence_1000seq_seed2026052601,875,5,1
X-VLA,2026052601,abc_d_fresh_sequence_1000seq_seed2026052601,876,4,0
X-VLA,2026052601,abc_d_fresh_sequence_1000seq_seed2026052601,877,5,1
X-VLA,2026052601,abc_d_fresh_sequence_1000seq_seed2026052601,878,5,1
X-VLA,2026052601,abc_d_fresh_sequence_1000seq_seed2026052601,879,5,1
X-VLA,2026052601,abc_d_fresh_sequence_1000seq_seed2026052601,880,2,0
X-VLA,2026052601,abc_d_fresh_sequence_1000seq_seed2026052601,881,5,1
X-VLA,2026052601,abc_d_fresh_sequence_1000seq_seed2026052601,882,4,0
X-VLA,2026052601,abc_d_fresh_sequence_1000seq_seed2026052601,883,1,0
X-VLA,2026052601,abc_d_fresh_sequence_1000seq_seed2026052601,884,5,1
X-VLA,2026052601,abc_d_fresh_sequence_1000seq_seed2026052601,885,5,1
X-VLA,2026052601,abc_d_fresh_sequence_1000seq_seed2026052601,886,5,1
X-VLA,2026052601,abc_d_fresh_sequence_1000seq_seed2026052601,887,5,1
X-VLA,2026052601,abc_d_fresh_sequence_1000seq_seed2026052601,888,5,1
X-VLA,2026052601,abc_d_fresh_sequence_1000seq_seed2026052601,889,5,1
X-VLA,2026052601,abc_d_fresh_sequence_1000seq_seed2026052601,890,5,1
X-VLA,2026052601,abc_d_fresh_sequence_1000seq_seed2026052601,891,5,1
X-VLA,2026052601,abc_d_fresh_sequence_1000seq_seed2026052601,892,5,1
X-VLA,2026052601,abc_d_fresh_sequence_1000seq_seed2026052601,893,5,1
X-VLA,2026052601,abc_d_fresh_sequence_1000seq_seed2026052601,894,5,1
X-VLA,2026052601,abc_d_fresh_sequence_1000seq_seed2026052601,895,5,1
X-VLA,2026052601,abc_d_fresh_sequence_1000seq_seed2026052601,896,5,1
X-VLA,2026052601,abc_d_fresh_sequence_1000seq_seed2026052601,897,5,1
X-VLA,2026052601,abc_d_fresh_sequence_1000seq_seed2026052601,898,5,1
X-VLA,2026052601,abc_d_fresh_sequence_1000seq_seed2026052601,899,5,1
X-VLA,2026052601,abc_d_fresh_sequence_1000seq_seed2026052601,900,4,0
X-VLA,2026052601,abc_d_fresh_sequence_1000seq_seed2026052601,901,5,1
X-VLA,2026052601,abc_d_fresh_sequence_1000seq_seed2026052601,902,4,0
X-VLA,2026052601,abc_d_fresh_sequence_1000seq_seed2026052601,903,5,1
X-VLA,2026052601,abc_d_fresh_sequence_1000seq_seed2026052601,904,4,0
X-VLA,2026052601,abc_d_fresh_sequence_1000seq_seed2026052601,905,5,1
X-VLA,2026052601,abc_d_fresh_sequence_1000seq_seed2026052601,906,5,1
X-VLA,2026052601,abc_d_fresh_sequence_1000seq_seed2026052601,907,4,0
X-VLA,2026052601,abc_d_fresh_sequence_1000seq_seed2026052601,908,5,1
X-VLA,2026052601,abc_d_fresh_sequence_1000seq_seed2026052601,909,5,1
X-VLA,2026052601,abc_d_fresh_sequence_1000seq_seed2026052601,910,1,0
X-VLA,2026052601,abc_d_fresh_sequence_1000seq_seed2026052601,911,5,1
X-VLA,2026052601,abc_d_fresh_sequence_1000seq_seed2026052601,912,5,1
X-VLA,2026052601,abc_d_fresh_sequence_1000seq_seed2026052601,913,5,1
X-VLA,2026052601,abc_d_fresh_sequence_1000seq_seed2026052601,914,2,0
X-VLA,2026052601,abc_d_fresh_sequence_1000seq_seed2026052601,915,5,1
X-VLA,2026052601,abc_d_fresh_sequence_1000seq_seed2026052601,916,5,1
X-VLA,2026052601,abc_d_fresh_sequence_1000seq_seed2026052601,917,5,1
X-VLA,2026052601,abc_d_fresh_sequence_1000seq_seed2026052601,918,5,1
X-VLA,2026052601,abc_d_fresh_sequence_1000seq_seed2026052601,919,0,0
X-VLA,2026052601,abc_d_fresh_sequence_1000seq_seed2026052601,920,5,1
X-VLA,2026052601,abc_d_fresh_sequence_1000seq_seed2026052601,921,5,1
X-VLA,2026052601,abc_d_fresh_sequence_1000seq_seed2026052601,922,5,1
X-VLA,2026052601,abc_d_fresh_sequence_1000seq_seed2026052601,923,5,1
X-VLA,2026052601,abc_d_fresh_sequence_1000seq_seed2026052601,924,5,1
X-VLA,2026052601,abc_d_fresh_sequence_1000seq_seed2026052601,925,5,1
X-VLA,2026052601,abc_d_fresh_sequence_1000seq_seed2026052601,926,5,1
X-VLA,2026052601,abc_d_fresh_sequence_1000seq_seed2026052601,927,5,1
X-VLA,2026052601,abc_d_fresh_sequence_1000seq_seed2026052601,928,5,1
X-VLA,2026052601,abc_d_fresh_sequence_1000seq_seed2026052601,929,5,1
X-VLA,2026052601,abc_d_fresh_sequence_1000seq_seed2026052601,930,5,1
X-VLA,2026052601,abc_d_fresh_sequence_1000seq_seed2026052601,931,4,0
X-VLA,2026052601,abc_d_fresh_sequence_1000seq_seed2026052601,932,5,1
X-VLA,2026052601,abc_d_fresh_sequence_1000seq_seed2026052601,933,5,1
X-VLA,2026052601,abc_d_fresh_sequence_1000seq_seed2026052601,934,5,1
X-VLA,2026052601,abc_d_fresh_sequence_1000seq_seed2026052601,935,5,1
X-VLA,2026052601,abc_d_fresh_sequence_1000seq_seed2026052601,936,5,1
X-VLA,2026052601,abc_d_fresh_sequence_1000seq_seed2026052601,937,5,1
X-VLA,2026052601,abc_d_fresh_sequence_1000seq_seed2026052601,938,5,1
X-VLA,2026052601,abc_d_fresh_sequence_1000seq_seed2026052601,939,1,0
X-VLA,2026052601,abc_d_fresh_sequence_1000seq_seed2026052601,940,5,1
X-VLA,2026052601,abc_d_fresh_sequence_1000seq_seed2026052601,941,4,0
X-VLA,2026052601,abc_d_fresh_sequence_1000seq_seed2026052601,942,5,1
X-VLA,2026052601,abc_d_fresh_sequence_1000seq_seed2026052601,943,1,0
X-VLA,2026052601,abc_d_fresh_sequence_1000seq_seed2026052601,944,5,1
X-VLA,2026052601,abc_d_fresh_sequence_1000seq_seed2026052601,945,1,0
X-VLA,2026052601,abc_d_fresh_sequence_1000seq_seed2026052601,946,5,1
X-VLA,2026052601,abc_d_fresh_sequence_1000seq_seed2026052601,947,5,1
X-VLA,2026052601,abc_d_fresh_sequence_1000seq_seed2026052601,948,5,1
X-VLA,2026052601,abc_d_fresh_sequence_1000seq_seed2026052601,949,4,0
X-VLA,2026052601,abc_d_fresh_sequence_1000seq_seed2026052601,950,1,0
X-VLA,2026052601,abc_d_fresh_sequence_1000seq_seed2026052601,951,1,0
X-VLA,2026052601,abc_d_fresh_sequence_1000seq_seed2026052601,952,5,1
X-VLA,2026052601,abc_d_fresh_sequence_1000seq_seed2026052601,953,4,0
X-VLA,2026052601,abc_d_fresh_sequence_1000seq_seed2026052601,954,4,0
X-VLA,2026052601,abc_d_fresh_sequence_1000seq_seed2026052601,955,5,1
X-VLA,2026052601,abc_d_fresh_sequence_1000seq_seed2026052601,956,1,0
X-VLA,2026052601,abc_d_fresh_sequence_1000seq_seed2026052601,957,5,1
X-VLA,2026052601,abc_d_fresh_sequence_1000seq_seed2026052601,958,5,1
X-VLA,2026052601,abc_d_fresh_sequence_1000seq_seed2026052601,959,5,1
X-VLA,2026052601,abc_d_fresh_sequence_1000seq_seed2026052601,960,5,1
X-VLA,2026052601,abc_d_fresh_sequence_1000seq_seed2026052601,961,5,1
X-VLA,2026052601,abc_d_fresh_sequence_1000seq_seed2026052601,962,5,1
X-VLA,2026052601,abc_d_fresh_sequence_1000seq_seed2026052601,963,3,0
X-VLA,2026052601,abc_d_fresh_sequence_1000seq_seed2026052601,964,5,1
X-VLA,2026052601,abc_d_fresh_sequence_1000seq_seed2026052601,965,5,1
X-VLA,2026052601,abc_d_fresh_sequence_1000seq_seed2026052601,966,3,0
X-VLA,2026052601,abc_d_fresh_sequence_1000seq_seed2026052601,967,5,1
X-VLA,2026052601,abc_d_fresh_sequence_1000seq_seed2026052601,968,2,0
X-VLA,2026052601,abc_d_fresh_sequence_1000seq_seed2026052601,969,3,0
X-VLA,2026052601,abc_d_fresh_sequence_1000seq_seed2026052601,970,5,1
X-VLA,2026052601,abc_d_fresh_sequence_1000seq_seed2026052601,971,5,1
X-VLA,2026052601,abc_d_fresh_sequence_1000seq_seed2026052601,972,4,0
X-VLA,2026052601,abc_d_fresh_sequence_1000seq_seed2026052601,973,5,1
X-VLA,2026052601,abc_d_fresh_sequence_1000seq_seed2026052601,974,5,1
X-VLA,2026052601,abc_d_fresh_sequence_1000seq_seed2026052601,975,4,0
X-VLA,2026052601,abc_d_fresh_sequence_1000seq_seed2026052601,976,4,0
X-VLA,2026052601,abc_d_fresh_sequence_1000seq_seed2026052601,977,5,1
X-VLA,2026052601,abc_d_fresh_sequence_1000seq_seed2026052601,978,5,1
X-VLA,2026052601,abc_d_fresh_sequence_1000seq_seed2026052601,979,0,0
X-VLA,2026052601,abc_d_fresh_sequence_1000seq_seed2026052601,980,1,0
X-VLA,2026052601,abc_d_fresh_sequence_1000seq_seed2026052601,981,5,1
X-VLA,2026052601,abc_d_fresh_sequence_1000seq_seed2026052601,982,5,1
X-VLA,2026052601,abc_d_fresh_sequence_1000seq_seed2026052601,983,5,1
X-VLA,2026052601,abc_d_fresh_sequence_1000seq_seed2026052601,984,4,0
X-VLA,2026052601,abc_d_fresh_sequence_1000seq_seed2026052601,985,5,1
X-VLA,2026052601,abc_d_fresh_sequence_1000seq_seed2026052601,986,1,0
X-VLA,2026052601,abc_d_fresh_sequence_1000seq_seed2026052601,987,1,0
X-VLA,2026052601,abc_d_fresh_sequence_1000seq_seed2026052601,988,4,0
X-VLA,2026052601,abc_d_fresh_sequence_1000seq_seed2026052601,989,5,1
X-VLA,2026052601,abc_d_fresh_sequence_1000seq_seed2026052601,990,1,0
X-VLA,2026052601,abc_d_fresh_sequence_1000seq_seed2026052601,991,5,1
X-VLA,2026052601,abc_d_fresh_sequence_1000seq_seed2026052601,992,5,1
X-VLA,2026052601,abc_d_fresh_sequence_1000seq_seed2026052601,993,5,1
X-VLA,2026052601,abc_d_fresh_sequence_1000seq_seed2026052601,994,5,1
X-VLA,2026052601,abc_d_fresh_sequence_1000seq_seed2026052601,995,5,1
X-VLA,2026052601,abc_d_fresh_sequence_1000seq_seed2026052601,996,5,1
X-VLA,2026052601,abc_d_fresh_sequence_1000seq_seed2026052601,997,5,1
X-VLA,2026052601,abc_d_fresh_sequence_1000seq_seed2026052601,998,5,1
X-VLA,2026052601,abc_d_fresh_sequence_1000seq_seed2026052601,999,5,1
X-VLA,2026052602,abc_d_fresh_sequence_1000seq_seed2026052602,0,5,1
X-VLA,2026052602,abc_d_fresh_sequence_1000seq_seed2026052602,1,4,0
X-VLA,2026052602,abc_d_fresh_sequence_1000seq_seed2026052602,2,5,1
X-VLA,2026052602,abc_d_fresh_sequence_1000seq_seed2026052602,3,5,1
X-VLA,2026052602,abc_d_fresh_sequence_1000seq_seed2026052602,4,5,1
X-VLA,2026052602,abc_d_fresh_sequence_1000seq_seed2026052602,5,1,0
X-VLA,2026052602,abc_d_fresh_sequence_1000seq_seed2026052602,6,5,1
X-VLA,2026052602,abc_d_fresh_sequence_1000seq_seed2026052602,7,4,0
X-VLA,2026052602,abc_d_fresh_sequence_1000seq_seed2026052602,8,0,0
X-VLA,2026052602,abc_d_fresh_sequence_1000seq_seed2026052602,9,5,1
X-VLA,2026052602,abc_d_fresh_sequence_1000seq_seed2026052602,10,5,1
X-VLA,2026052602,abc_d_fresh_sequence_1000seq_seed2026052602,11,2,0
X-VLA,2026052602,abc_d_fresh_sequence_1000seq_seed2026052602,12,5,1
X-VLA,2026052602,abc_d_fresh_sequence_1000seq_seed2026052602,13,5,1
X-VLA,2026052602,abc_d_fresh_sequence_1000seq_seed2026052602,14,5,1
X-VLA,2026052602,abc_d_fresh_sequence_1000seq_seed2026052602,15,2,0
X-VLA,2026052602,abc_d_fresh_sequence_1000seq_seed2026052602,16,3,0
X-VLA,2026052602,abc_d_fresh_sequence_1000seq_seed2026052602,17,5,1
X-VLA,2026052602,abc_d_fresh_sequence_1000seq_seed2026052602,18,5,1
X-VLA,2026052602,abc_d_fresh_sequence_1000seq_seed2026052602,19,5,1
X-VLA,2026052602,abc_d_fresh_sequence_1000seq_seed2026052602,20,4,0
X-VLA,2026052602,abc_d_fresh_sequence_1000seq_seed2026052602,21,5,1
X-VLA,2026052602,abc_d_fresh_sequence_1000seq_seed2026052602,22,5,1
X-VLA,2026052602,abc_d_fresh_sequence_1000seq_seed2026052602,23,5,1
X-VLA,2026052602,abc_d_fresh_sequence_1000seq_seed2026052602,24,0,0
X-VLA,2026052602,abc_d_fresh_sequence_1000seq_seed2026052602,25,5,1
X-VLA,2026052602,abc_d_fresh_sequence_1000seq_seed2026052602,26,5,1
X-VLA,2026052602,abc_d_fresh_sequence_1000seq_seed2026052602,27,5,1
X-VLA,2026052602,abc_d_fresh_sequence_1000seq_seed2026052602,28,5,1
X-VLA,2026052602,abc_d_fresh_sequence_1000seq_seed2026052602,29,5,1
X-VLA,2026052602,abc_d_fresh_sequence_1000seq_seed2026052602,30,5,1
X-VLA,2026052602,abc_d_fresh_sequence_1000seq_seed2026052602,31,4,0
X-VLA,2026052602,abc_d_fresh_sequence_1000seq_seed2026052602,32,5,1
X-VLA,2026052602,abc_d_fresh_sequence_1000seq_seed2026052602,33,3,0
X-VLA,2026052602,abc_d_fresh_sequence_1000seq_seed2026052602,34,1,0
X-VLA,2026052602,abc_d_fresh_sequence_1000seq_seed2026052602,35,5,1
X-VLA,2026052602,abc_d_fresh_sequence_1000seq_seed2026052602,36,5,1
X-VLA,2026052602,abc_d_fresh_sequence_1000seq_seed2026052602,37,2,0
X-VLA,2026052602,abc_d_fresh_sequence_1000seq_seed2026052602,38,5,1
X-VLA,2026052602,abc_d_fresh_sequence_1000seq_seed2026052602,39,5,1
X-VLA,2026052602,abc_d_fresh_sequence_1000seq_seed2026052602,40,2,0
X-VLA,2026052602,abc_d_fresh_sequence_1000seq_seed2026052602,41,5,1
X-VLA,2026052602,abc_d_fresh_sequence_1000seq_seed2026052602,42,0,0
X-VLA,2026052602,abc_d_fresh_sequence_1000seq_seed2026052602,43,1,0
X-VLA,2026052602,abc_d_fresh_sequence_1000seq_seed2026052602,44,2,0
X-VLA,2026052602,abc_d_fresh_sequence_1000seq_seed2026052602,45,0,0
X-VLA,2026052602,abc_d_fresh_sequence_1000seq_seed2026052602,46,5,1
X-VLA,2026052602,abc_d_fresh_sequence_1000seq_seed2026052602,47,2,0
X-VLA,2026052602,abc_d_fresh_sequence_1000seq_seed2026052602,48,5,1
X-VLA,2026052602,abc_d_fresh_sequence_1000seq_seed2026052602,49,3,0
X-VLA,2026052602,abc_d_fresh_sequence_1000seq_seed2026052602,50,5,1
X-VLA,2026052602,abc_d_fresh_sequence_1000seq_seed2026052602,51,4,0
X-VLA,2026052602,abc_d_fresh_sequence_1000seq_seed2026052602,52,5,1
X-VLA,2026052602,abc_d_fresh_sequence_1000seq_seed2026052602,53,5,1
X-VLA,2026052602,abc_d_fresh_sequence_1000seq_seed2026052602,54,5,1
X-VLA,2026052602,abc_d_fresh_sequence_1000seq_seed2026052602,55,5,1
X-VLA,2026052602,abc_d_fresh_sequence_1000seq_seed2026052602,56,4,0
X-VLA,2026052602,abc_d_fresh_sequence_1000seq_seed2026052602,57,5,1
X-VLA,2026052602,abc_d_fresh_sequence_1000seq_seed2026052602,58,5,1
X-VLA,2026052602,abc_d_fresh_sequence_1000seq_seed2026052602,59,4,0
X-VLA,2026052602,abc_d_fresh_sequence_1000seq_seed2026052602,60,5,1
X-VLA,2026052602,abc_d_fresh_sequence_1000seq_seed2026052602,61,5,1
X-VLA,2026052602,abc_d_fresh_sequence_1000seq_seed2026052602,62,3,0
X-VLA,2026052602,abc_d_fresh_sequence_1000seq_seed2026052602,63,5,1
X-VLA,2026052602,abc_d_fresh_sequence_1000seq_seed2026052602,64,5,1
X-VLA,2026052602,abc_d_fresh_sequence_1000seq_seed2026052602,65,5,1
X-VLA,2026052602,abc_d_fresh_sequence_1000seq_seed2026052602,66,5,1
X-VLA,2026052602,abc_d_fresh_sequence_1000seq_seed2026052602,67,4,0
X-VLA,2026052602,abc_d_fresh_sequence_1000seq_seed2026052602,68,5,1
X-VLA,2026052602,abc_d_fresh_sequence_1000seq_seed2026052602,69,5,1
X-VLA,2026052602,abc_d_fresh_sequence_1000seq_seed2026052602,70,5,1
X-VLA,2026052602,abc_d_fresh_sequence_1000seq_seed2026052602,71,5,1
X-VLA,2026052602,abc_d_fresh_sequence_1000seq_seed2026052602,72,3,0
X-VLA,2026052602,abc_d_fresh_sequence_1000seq_seed2026052602,73,5,1
X-VLA,2026052602,abc_d_fresh_sequence_1000seq_seed2026052602,74,5,1
X-VLA,2026052602,abc_d_fresh_sequence_1000seq_seed2026052602,75,1,0
X-VLA,2026052602,abc_d_fresh_sequence_1000seq_seed2026052602,76,2,0
X-VLA,2026052602,abc_d_fresh_sequence_1000seq_seed2026052602,77,5,1
X-VLA,2026052602,abc_d_fresh_sequence_1000seq_seed2026052602,78,5,1
X-VLA,2026052602,abc_d_fresh_sequence_1000seq_seed2026052602,79,2,0
X-VLA,2026052602,abc_d_fresh_sequence_1000seq_seed2026052602,80,5,1
X-VLA,2026052602,abc_d_fresh_sequence_1000seq_seed2026052602,81,5,1
X-VLA,2026052602,abc_d_fresh_sequence_1000seq_seed2026052602,82,5,1
X-VLA,2026052602,abc_d_fresh_sequence_1000seq_seed2026052602,83,5,1
X-VLA,2026052602,abc_d_fresh_sequence_1000seq_seed2026052602,84,5,1
X-VLA,2026052602,abc_d_fresh_sequence_1000seq_seed2026052602,85,0,0
X-VLA,2026052602,abc_d_fresh_sequence_1000seq_seed2026052602,86,3,0
X-VLA,2026052602,abc_d_fresh_sequence_1000seq_seed2026052602,87,4,0
X-VLA,2026052602,abc_d_fresh_sequence_1000seq_seed2026052602,88,1,0
X-VLA,2026052602,abc_d_fresh_sequence_1000seq_seed2026052602,89,5,1
X-VLA,2026052602,abc_d_fresh_sequence_1000seq_seed2026052602,90,4,0
X-VLA,2026052602,abc_d_fresh_sequence_1000seq_seed2026052602,91,2,0
X-VLA,2026052602,abc_d_fresh_sequence_1000seq_seed2026052602,92,5,1
X-VLA,2026052602,abc_d_fresh_sequence_1000seq_seed2026052602,93,5,1
X-VLA,2026052602,abc_d_fresh_sequence_1000seq_seed2026052602,94,5,1
X-VLA,2026052602,abc_d_fresh_sequence_1000seq_seed2026052602,95,5,1
X-VLA,2026052602,abc_d_fresh_sequence_1000seq_seed2026052602,96,4,0
X-VLA,2026052602,abc_d_fresh_sequence_1000seq_seed2026052602,97,1,0
X-VLA,2026052602,abc_d_fresh_sequence_1000seq_seed2026052602,98,5,1
X-VLA,2026052602,abc_d_fresh_sequence_1000seq_seed2026052602,99,0,0
X-VLA,2026052602,abc_d_fresh_sequence_1000seq_seed2026052602,100,2,0
X-VLA,2026052602,abc_d_fresh_sequence_1000seq_seed2026052602,101,0,0
X-VLA,2026052602,abc_d_fresh_sequence_1000seq_seed2026052602,102,4,0
X-VLA,2026052602,abc_d_fresh_sequence_1000seq_seed2026052602,103,5,1
X-VLA,2026052602,abc_d_fresh_sequence_1000seq_seed2026052602,104,5,1
X-VLA,2026052602,abc_d_fresh_sequence_1000seq_seed2026052602,105,5,1
X-VLA,2026052602,abc_d_fresh_sequence_1000seq_seed2026052602,106,0,0
X-VLA,2026052602,abc_d_fresh_sequence_1000seq_seed2026052602,107,5,1
X-VLA,2026052602,abc_d_fresh_sequence_1000seq_seed2026052602,108,5,1
X-VLA,2026052602,abc_d_fresh_sequence_1000seq_seed2026052602,109,5,1
X-VLA,2026052602,abc_d_fresh_sequence_1000seq_seed2026052602,110,5,1
X-VLA,2026052602,abc_d_fresh_sequence_1000seq_seed2026052602,111,5,1
X-VLA,2026052602,abc_d_fresh_sequence_1000seq_seed2026052602,112,5,1
X-VLA,2026052602,abc_d_fresh_sequence_1000seq_seed2026052602,113,5,1
X-VLA,2026052602,abc_d_fresh_sequence_1000seq_seed2026052602,114,5,1
X-VLA,2026052602,abc_d_fresh_sequence_1000seq_seed2026052602,115,5,1
X-VLA,2026052602,abc_d_fresh_sequence_1000seq_seed2026052602,116,1,0
X-VLA,2026052602,abc_d_fresh_sequence_1000seq_seed2026052602,117,5,1
X-VLA,2026052602,abc_d_fresh_sequence_1000seq_seed2026052602,118,2,0
X-VLA,2026052602,abc_d_fresh_sequence_1000seq_seed2026052602,119,2,0
X-VLA,2026052602,abc_d_fresh_sequence_1000seq_seed2026052602,120,1,0
X-VLA,2026052602,abc_d_fresh_sequence_1000seq_seed2026052602,121,4,0
X-VLA,2026052602,abc_d_fresh_sequence_1000seq_seed2026052602,122,3,0
X-VLA,2026052602,abc_d_fresh_sequence_1000seq_seed2026052602,123,0,0
X-VLA,2026052602,abc_d_fresh_sequence_1000seq_seed2026052602,124,5,1
X-VLA,2026052602,abc_d_fresh_sequence_1000seq_seed2026052602,125,1,0
X-VLA,2026052602,abc_d_fresh_sequence_1000seq_seed2026052602,126,5,1
X-VLA,2026052602,abc_d_fresh_sequence_1000seq_seed2026052602,127,4,0
X-VLA,2026052602,abc_d_fresh_sequence_1000seq_seed2026052602,128,5,1
X-VLA,2026052602,abc_d_fresh_sequence_1000seq_seed2026052602,129,5,1
X-VLA,2026052602,abc_d_fresh_sequence_1000seq_seed2026052602,130,3,0
X-VLA,2026052602,abc_d_fresh_sequence_1000seq_seed2026052602,131,5,1
X-VLA,2026052602,abc_d_fresh_sequence_1000seq_seed2026052602,132,5,1
X-VLA,2026052602,abc_d_fresh_sequence_1000seq_seed2026052602,133,5,1
X-VLA,2026052602,abc_d_fresh_sequence_1000seq_seed2026052602,134,5,1
X-VLA,2026052602,abc_d_fresh_sequence_1000seq_seed2026052602,135,5,1
X-VLA,2026052602,abc_d_fresh_sequence_1000seq_seed2026052602,136,5,1
X-VLA,2026052602,abc_d_fresh_sequence_1000seq_seed2026052602,137,5,1
X-VLA,2026052602,abc_d_fresh_sequence_1000seq_seed2026052602,138,5,1
X-VLA,2026052602,abc_d_fresh_sequence_1000seq_seed2026052602,139,4,0
X-VLA,2026052602,abc_d_fresh_sequence_1000seq_seed2026052602,140,4,0
X-VLA,2026052602,abc_d_fresh_sequence_1000seq_seed2026052602,141,5,1
X-VLA,2026052602,abc_d_fresh_sequence_1000seq_seed2026052602,142,1,0
X-VLA,2026052602,abc_d_fresh_sequence_1000seq_seed2026052602,143,5,1
X-VLA,2026052602,abc_d_fresh_sequence_1000seq_seed2026052602,144,5,1
X-VLA,2026052602,abc_d_fresh_sequence_1000seq_seed2026052602,145,5,1
X-VLA,2026052602,abc_d_fresh_sequence_1000seq_seed2026052602,146,5,1
X-VLA,2026052602,abc_d_fresh_sequence_1000seq_seed2026052602,147,5,1
X-VLA,2026052602,abc_d_fresh_sequence_1000seq_seed2026052602,148,5,1
X-VLA,2026052602,abc_d_fresh_sequence_1000seq_seed2026052602,149,5,1
X-VLA,2026052602,abc_d_fresh_sequence_1000seq_seed2026052602,150,4,0
X-VLA,2026052602,abc_d_fresh_sequence_1000seq_seed2026052602,151,5,1
X-VLA,2026052602,abc_d_fresh_sequence_1000seq_seed2026052602,152,5,1
X-VLA,2026052602,abc_d_fresh_sequence_1000seq_seed2026052602,153,5,1
X-VLA,2026052602,abc_d_fresh_sequence_1000seq_seed2026052602,154,5,1
X-VLA,2026052602,abc_d_fresh_sequence_1000seq_seed2026052602,155,5,1
X-VLA,2026052602,abc_d_fresh_sequence_1000seq_seed2026052602,156,4,0
X-VLA,2026052602,abc_d_fresh_sequence_1000seq_seed2026052602,157,5,1
X-VLA,2026052602,abc_d_fresh_sequence_1000seq_seed2026052602,158,1,0
X-VLA,2026052602,abc_d_fresh_sequence_1000seq_seed2026052602,159,5,1
X-VLA,2026052602,abc_d_fresh_sequence_1000seq_seed2026052602,160,5,1
X-VLA,2026052602,abc_d_fresh_sequence_1000seq_seed2026052602,161,5,1
X-VLA,2026052602,abc_d_fresh_sequence_1000seq_seed2026052602,162,5,1
X-VLA,2026052602,abc_d_fresh_sequence_1000seq_seed2026052602,163,5,1
X-VLA,2026052602,abc_d_fresh_sequence_1000seq_seed2026052602,164,5,1
X-VLA,2026052602,abc_d_fresh_sequence_1000seq_seed2026052602,165,5,1
X-VLA,2026052602,abc_d_fresh_sequence_1000seq_seed2026052602,166,5,1
X-VLA,2026052602,abc_d_fresh_sequence_1000seq_seed2026052602,167,3,0
X-VLA,2026052602,abc_d_fresh_sequence_1000seq_seed2026052602,168,5,1
X-VLA,2026052602,abc_d_fresh_sequence_1000seq_seed2026052602,169,5,1
X-VLA,2026052602,abc_d_fresh_sequence_1000seq_seed2026052602,170,5,1
X-VLA,2026052602,abc_d_fresh_sequence_1000seq_seed2026052602,171,3,0
X-VLA,2026052602,abc_d_fresh_sequence_1000seq_seed2026052602,172,5,1
X-VLA,2026052602,abc_d_fresh_sequence_1000seq_seed2026052602,173,3,0
X-VLA,2026052602,abc_d_fresh_sequence_1000seq_seed2026052602,174,4,0
X-VLA,2026052602,abc_d_fresh_sequence_1000seq_seed2026052602,175,5,1
X-VLA,2026052602,abc_d_fresh_sequence_1000seq_seed2026052602,176,5,1
X-VLA,2026052602,abc_d_fresh_sequence_1000seq_seed2026052602,177,5,1
X-VLA,2026052602,abc_d_fresh_sequence_1000seq_seed2026052602,178,5,1
X-VLA,2026052602,abc_d_fresh_sequence_1000seq_seed2026052602,179,0,0
X-VLA,2026052602,abc_d_fresh_sequence_1000seq_seed2026052602,180,5,1
X-VLA,2026052602,abc_d_fresh_sequence_1000seq_seed2026052602,181,5,1
X-VLA,2026052602,abc_d_fresh_sequence_1000seq_seed2026052602,182,5,1
X-VLA,2026052602,abc_d_fresh_sequence_1000seq_seed2026052602,183,5,1
X-VLA,2026052602,abc_d_fresh_sequence_1000seq_seed2026052602,184,5,1
X-VLA,2026052602,abc_d_fresh_sequence_1000seq_seed2026052602,185,1,0
X-VLA,2026052602,abc_d_fresh_sequence_1000seq_seed2026052602,186,2,0
X-VLA,2026052602,abc_d_fresh_sequence_1000seq_seed2026052602,187,5,1
X-VLA,2026052602,abc_d_fresh_sequence_1000seq_seed2026052602,188,5,1
X-VLA,2026052602,abc_d_fresh_sequence_1000seq_seed2026052602,189,5,1
X-VLA,2026052602,abc_d_fresh_sequence_1000seq_seed2026052602,190,5,1
X-VLA,2026052602,abc_d_fresh_sequence_1000seq_seed2026052602,191,5,1
X-VLA,2026052602,abc_d_fresh_sequence_1000seq_seed2026052602,192,5,1
X-VLA,2026052602,abc_d_fresh_sequence_1000seq_seed2026052602,193,5,1
X-VLA,2026052602,abc_d_fresh_sequence_1000seq_seed2026052602,194,5,1
X-VLA,2026052602,abc_d_fresh_sequence_1000seq_seed2026052602,195,4,0
X-VLA,2026052602,abc_d_fresh_sequence_1000seq_seed2026052602,196,5,1
X-VLA,2026052602,abc_d_fresh_sequence_1000seq_seed2026052602,197,5,1
X-VLA,2026052602,abc_d_fresh_sequence_1000seq_seed2026052602,198,5,1
X-VLA,2026052602,abc_d_fresh_sequence_1000seq_seed2026052602,199,4,0
X-VLA,2026052602,abc_d_fresh_sequence_1000seq_seed2026052602,200,5,1
X-VLA,2026052602,abc_d_fresh_sequence_1000seq_seed2026052602,201,5,1
X-VLA,2026052602,abc_d_fresh_sequence_1000seq_seed2026052602,202,5,1
X-VLA,2026052602,abc_d_fresh_sequence_1000seq_seed2026052602,203,5,1
X-VLA,2026052602,abc_d_fresh_sequence_1000seq_seed2026052602,204,5,1
X-VLA,2026052602,abc_d_fresh_sequence_1000seq_seed2026052602,205,5,1
X-VLA,2026052602,abc_d_fresh_sequence_1000seq_seed2026052602,206,5,1
X-VLA,2026052602,abc_d_fresh_sequence_1000seq_seed2026052602,207,5,1
X-VLA,2026052602,abc_d_fresh_sequence_1000seq_seed2026052602,208,5,1
X-VLA,2026052602,abc_d_fresh_sequence_1000seq_seed2026052602,209,3,0
X-VLA,2026052602,abc_d_fresh_sequence_1000seq_seed2026052602,210,0,0
X-VLA,2026052602,abc_d_fresh_sequence_1000seq_seed2026052602,211,5,1
X-VLA,2026052602,abc_d_fresh_sequence_1000seq_seed2026052602,212,5,1
X-VLA,2026052602,abc_d_fresh_sequence_1000seq_seed2026052602,213,5,1
X-VLA,2026052602,abc_d_fresh_sequence_1000seq_seed2026052602,214,4,0
X-VLA,2026052602,abc_d_fresh_sequence_1000seq_seed2026052602,215,0,0
X-VLA,2026052602,abc_d_fresh_sequence_1000seq_seed2026052602,216,0,0
X-VLA,2026052602,abc_d_fresh_sequence_1000seq_seed2026052602,217,5,1
X-VLA,2026052602,abc_d_fresh_sequence_1000seq_seed2026052602,218,5,1
X-VLA,2026052602,abc_d_fresh_sequence_1000seq_seed2026052602,219,4,0
X-VLA,2026052602,abc_d_fresh_sequence_1000seq_seed2026052602,220,5,1
X-VLA,2026052602,abc_d_fresh_sequence_1000seq_seed2026052602,221,5,1
X-VLA,2026052602,abc_d_fresh_sequence_1000seq_seed2026052602,222,1,0
X-VLA,2026052602,abc_d_fresh_sequence_1000seq_seed2026052602,223,5,1
X-VLA,2026052602,abc_d_fresh_sequence_1000seq_seed2026052602,224,2,0
X-VLA,2026052602,abc_d_fresh_sequence_1000seq_seed2026052602,225,5,1
X-VLA,2026052602,abc_d_fresh_sequence_1000seq_seed2026052602,226,5,1
X-VLA,2026052602,abc_d_fresh_sequence_1000seq_seed2026052602,227,3,0
X-VLA,2026052602,abc_d_fresh_sequence_1000seq_seed2026052602,228,5,1
X-VLA,2026052602,abc_d_fresh_sequence_1000seq_seed2026052602,229,5,1
X-VLA,2026052602,abc_d_fresh_sequence_1000seq_seed2026052602,230,2,0
X-VLA,2026052602,abc_d_fresh_sequence_1000seq_seed2026052602,231,2,0
X-VLA,2026052602,abc_d_fresh_sequence_1000seq_seed2026052602,232,2,0
X-VLA,2026052602,abc_d_fresh_sequence_1000seq_seed2026052602,233,5,1
X-VLA,2026052602,abc_d_fresh_sequence_1000seq_seed2026052602,234,5,1
X-VLA,2026052602,abc_d_fresh_sequence_1000seq_seed2026052602,235,5,1
X-VLA,2026052602,abc_d_fresh_sequence_1000seq_seed2026052602,236,5,1
X-VLA,2026052602,abc_d_fresh_sequence_1000seq_seed2026052602,237,5,1
X-VLA,2026052602,abc_d_fresh_sequence_1000seq_seed2026052602,238,0,0
X-VLA,2026052602,abc_d_fresh_sequence_1000seq_seed2026052602,239,5,1
X-VLA,2026052602,abc_d_fresh_sequence_1000seq_seed2026052602,240,5,1
X-VLA,2026052602,abc_d_fresh_sequence_1000seq_seed2026052602,241,5,1
X-VLA,2026052602,abc_d_fresh_sequence_1000seq_seed2026052602,242,5,1
X-VLA,2026052602,abc_d_fresh_sequence_1000seq_seed2026052602,243,3,0
X-VLA,2026052602,abc_d_fresh_sequence_1000seq_seed2026052602,244,5,1
X-VLA,2026052602,abc_d_fresh_sequence_1000seq_seed2026052602,245,5,1
X-VLA,2026052602,abc_d_fresh_sequence_1000seq_seed2026052602,246,5,1
X-VLA,2026052602,abc_d_fresh_sequence_1000seq_seed2026052602,247,5,1
X-VLA,2026052602,abc_d_fresh_sequence_1000seq_seed2026052602,248,2,0
X-VLA,2026052602,abc_d_fresh_sequence_1000seq_seed2026052602,249,3,0
X-VLA,2026052602,abc_d_fresh_sequence_1000seq_seed2026052602,250,5,1
X-VLA,2026052602,abc_d_fresh_sequence_1000seq_seed2026052602,251,5,1
X-VLA,2026052602,abc_d_fresh_sequence_1000seq_seed2026052602,252,0,0
X-VLA,2026052602,abc_d_fresh_sequence_1000seq_seed2026052602,253,5,1
X-VLA,2026052602,abc_d_fresh_sequence_1000seq_seed2026052602,254,5,1
X-VLA,2026052602,abc_d_fresh_sequence_1000seq_seed2026052602,255,5,1
X-VLA,2026052602,abc_d_fresh_sequence_1000seq_seed2026052602,256,0,0
X-VLA,2026052602,abc_d_fresh_sequence_1000seq_seed2026052602,257,0,0
X-VLA,2026052602,abc_d_fresh_sequence_1000seq_seed2026052602,258,5,1
X-VLA,2026052602,abc_d_fresh_sequence_1000seq_seed2026052602,259,5,1
X-VLA,2026052602,abc_d_fresh_sequence_1000seq_seed2026052602,260,5,1
X-VLA,2026052602,abc_d_fresh_sequence_1000seq_seed2026052602,261,4,0
X-VLA,2026052602,abc_d_fresh_sequence_1000seq_seed2026052602,262,5,1
X-VLA,2026052602,abc_d_fresh_sequence_1000seq_seed2026052602,263,1,0
X-VLA,2026052602,abc_d_fresh_sequence_1000seq_seed2026052602,264,4,0
X-VLA,2026052602,abc_d_fresh_sequence_1000seq_seed2026052602,265,5,1
X-VLA,2026052602,abc_d_fresh_sequence_1000seq_seed2026052602,266,5,1
X-VLA,2026052602,abc_d_fresh_sequence_1000seq_seed2026052602,267,5,1
X-VLA,2026052602,abc_d_fresh_sequence_1000seq_seed2026052602,268,5,1
X-VLA,2026052602,abc_d_fresh_sequence_1000seq_seed2026052602,269,3,0
X-VLA,2026052602,abc_d_fresh_sequence_1000seq_seed2026052602,270,4,0
X-VLA,2026052602,abc_d_fresh_sequence_1000seq_seed2026052602,271,5,1
X-VLA,2026052602,abc_d_fresh_sequence_1000seq_seed2026052602,272,5,1
X-VLA,2026052602,abc_d_fresh_sequence_1000seq_seed2026052602,273,5,1
X-VLA,2026052602,abc_d_fresh_sequence_1000seq_seed2026052602,274,3,0
X-VLA,2026052602,abc_d_fresh_sequence_1000seq_seed2026052602,275,5,1
X-VLA,2026052602,abc_d_fresh_sequence_1000seq_seed2026052602,276,5,1
X-VLA,2026052602,abc_d_fresh_sequence_1000seq_seed2026052602,277,5,1
X-VLA,2026052602,abc_d_fresh_sequence_1000seq_seed2026052602,278,5,1
X-VLA,2026052602,abc_d_fresh_sequence_1000seq_seed2026052602,279,0,0
X-VLA,2026052602,abc_d_fresh_sequence_1000seq_seed2026052602,280,5,1
X-VLA,2026052602,abc_d_fresh_sequence_1000seq_seed2026052602,281,3,0
X-VLA,2026052602,abc_d_fresh_sequence_1000seq_seed2026052602,282,5,1
X-VLA,2026052602,abc_d_fresh_sequence_1000seq_seed2026052602,283,5,1
X-VLA,2026052602,abc_d_fresh_sequence_1000seq_seed2026052602,284,5,1
X-VLA,2026052602,abc_d_fresh_sequence_1000seq_seed2026052602,285,5,1
X-VLA,2026052602,abc_d_fresh_sequence_1000seq_seed2026052602,286,5,1
X-VLA,2026052602,abc_d_fresh_sequence_1000seq_seed2026052602,287,3,0
X-VLA,2026052602,abc_d_fresh_sequence_1000seq_seed2026052602,288,5,1
X-VLA,2026052602,abc_d_fresh_sequence_1000seq_seed2026052602,289,5,1
X-VLA,2026052602,abc_d_fresh_sequence_1000seq_seed2026052602,290,5,1
X-VLA,2026052602,abc_d_fresh_sequence_1000seq_seed2026052602,291,1,0
X-VLA,2026052602,abc_d_fresh_sequence_1000seq_seed2026052602,292,5,1
X-VLA,2026052602,abc_d_fresh_sequence_1000seq_seed2026052602,293,5,1
X-VLA,2026052602,abc_d_fresh_sequence_1000seq_seed2026052602,294,4,0
X-VLA,2026052602,abc_d_fresh_sequence_1000seq_seed2026052602,295,5,1
X-VLA,2026052602,abc_d_fresh_sequence_1000seq_seed2026052602,296,5,1
X-VLA,2026052602,abc_d_fresh_sequence_1000seq_seed2026052602,297,5,1
X-VLA,2026052602,abc_d_fresh_sequence_1000seq_seed2026052602,298,5,1
X-VLA,2026052602,abc_d_fresh_sequence_1000seq_seed2026052602,299,5,1
X-VLA,2026052602,abc_d_fresh_sequence_1000seq_seed2026052602,300,5,1
X-VLA,2026052602,abc_d_fresh_sequence_1000seq_seed2026052602,301,5,1
X-VLA,2026052602,abc_d_fresh_sequence_1000seq_seed2026052602,302,5,1
X-VLA,2026052602,abc_d_fresh_sequence_1000seq_seed2026052602,303,5,1
X-VLA,2026052602,abc_d_fresh_sequence_1000seq_seed2026052602,304,5,1
X-VLA,2026052602,abc_d_fresh_sequence_1000seq_seed2026052602,305,5,1
X-VLA,2026052602,abc_d_fresh_sequence_1000seq_seed2026052602,306,5,1
X-VLA,2026052602,abc_d_fresh_sequence_1000seq_seed2026052602,307,5,1
X-VLA,2026052602,abc_d_fresh_sequence_1000seq_seed2026052602,308,5,1
X-VLA,2026052602,abc_d_fresh_sequence_1000seq_seed2026052602,309,5,1
X-VLA,2026052602,abc_d_fresh_sequence_1000seq_seed2026052602,310,5,1
X-VLA,2026052602,abc_d_fresh_sequence_1000seq_seed2026052602,311,5,1
X-VLA,2026052602,abc_d_fresh_sequence_1000seq_seed2026052602,312,5,1
X-VLA,2026052602,abc_d_fresh_sequence_1000seq_seed2026052602,313,5,1
X-VLA,2026052602,abc_d_fresh_sequence_1000seq_seed2026052602,314,5,1
X-VLA,2026052602,abc_d_fresh_sequence_1000seq_seed2026052602,315,4,0
X-VLA,2026052602,abc_d_fresh_sequence_1000seq_seed2026052602,316,5,1
X-VLA,2026052602,abc_d_fresh_sequence_1000seq_seed2026052602,317,5,1
X-VLA,2026052602,abc_d_fresh_sequence_1000seq_seed2026052602,318,3,0
X-VLA,2026052602,abc_d_fresh_sequence_1000seq_seed2026052602,319,5,1
X-VLA,2026052602,abc_d_fresh_sequence_1000seq_seed2026052602,320,4,0
X-VLA,2026052602,abc_d_fresh_sequence_1000seq_seed2026052602,321,5,1
X-VLA,2026052602,abc_d_fresh_sequence_1000seq_seed2026052602,322,5,1
X-VLA,2026052602,abc_d_fresh_sequence_1000seq_seed2026052602,323,5,1
X-VLA,2026052602,abc_d_fresh_sequence_1000seq_seed2026052602,324,5,1
X-VLA,2026052602,abc_d_fresh_sequence_1000seq_seed2026052602,325,0,0
X-VLA,2026052602,abc_d_fresh_sequence_1000seq_seed2026052602,326,5,1
X-VLA,2026052602,abc_d_fresh_sequence_1000seq_seed2026052602,327,1,0
X-VLA,2026052602,abc_d_fresh_sequence_1000seq_seed2026052602,328,3,0
X-VLA,2026052602,abc_d_fresh_sequence_1000seq_seed2026052602,329,5,1
X-VLA,2026052602,abc_d_fresh_sequence_1000seq_seed2026052602,330,5,1
X-VLA,2026052602,abc_d_fresh_sequence_1000seq_seed2026052602,331,3,0
X-VLA,2026052602,abc_d_fresh_sequence_1000seq_seed2026052602,332,2,0
X-VLA,2026052602,abc_d_fresh_sequence_1000seq_seed2026052602,333,5,1
X-VLA,2026052602,abc_d_fresh_sequence_1000seq_seed2026052602,334,2,0
X-VLA,2026052602,abc_d_fresh_sequence_1000seq_seed2026052602,335,5,1
X-VLA,2026052602,abc_d_fresh_sequence_1000seq_seed2026052602,336,3,0
X-VLA,2026052602,abc_d_fresh_sequence_1000seq_seed2026052602,337,5,1
X-VLA,2026052602,abc_d_fresh_sequence_1000seq_seed2026052602,338,5,1
X-VLA,2026052602,abc_d_fresh_sequence_1000seq_seed2026052602,339,4,0
X-VLA,2026052602,abc_d_fresh_sequence_1000seq_seed2026052602,340,5,1
X-VLA,2026052602,abc_d_fresh_sequence_1000seq_seed2026052602,341,3,0
X-VLA,2026052602,abc_d_fresh_sequence_1000seq_seed2026052602,342,2,0
X-VLA,2026052602,abc_d_fresh_sequence_1000seq_seed2026052602,343,5,1
X-VLA,2026052602,abc_d_fresh_sequence_1000seq_seed2026052602,344,5,1
X-VLA,2026052602,abc_d_fresh_sequence_1000seq_seed2026052602,345,5,1
X-VLA,2026052602,abc_d_fresh_sequence_1000seq_seed2026052602,346,5,1
X-VLA,2026052602,abc_d_fresh_sequence_1000seq_seed2026052602,347,5,1
X-VLA,2026052602,abc_d_fresh_sequence_1000seq_seed2026052602,348,5,1
X-VLA,2026052602,abc_d_fresh_sequence_1000seq_seed2026052602,349,5,1
X-VLA,2026052602,abc_d_fresh_sequence_1000seq_seed2026052602,350,5,1
X-VLA,2026052602,abc_d_fresh_sequence_1000seq_seed2026052602,351,5,1
X-VLA,2026052602,abc_d_fresh_sequence_1000seq_seed2026052602,352,5,1
X-VLA,2026052602,abc_d_fresh_sequence_1000seq_seed2026052602,353,5,1
X-VLA,2026052602,abc_d_fresh_sequence_1000seq_seed2026052602,354,2,0
X-VLA,2026052602,abc_d_fresh_sequence_1000seq_seed2026052602,355,5,1
X-VLA,2026052602,abc_d_fresh_sequence_1000seq_seed2026052602,356,1,0
X-VLA,2026052602,abc_d_fresh_sequence_1000seq_seed2026052602,357,5,1
X-VLA,2026052602,abc_d_fresh_sequence_1000seq_seed2026052602,358,5,1
X-VLA,2026052602,abc_d_fresh_sequence_1000seq_seed2026052602,359,3,0
X-VLA,2026052602,abc_d_fresh_sequence_1000seq_seed2026052602,360,5,1
X-VLA,2026052602,abc_d_fresh_sequence_1000seq_seed2026052602,361,5,1
X-VLA,2026052602,abc_d_fresh_sequence_1000seq_seed2026052602,362,5,1
X-VLA,2026052602,abc_d_fresh_sequence_1000seq_seed2026052602,363,1,0
X-VLA,2026052602,abc_d_fresh_sequence_1000seq_seed2026052602,364,5,1
X-VLA,2026052602,abc_d_fresh_sequence_1000seq_seed2026052602,365,0,0
X-VLA,2026052602,abc_d_fresh_sequence_1000seq_seed2026052602,366,4,0
X-VLA,2026052602,abc_d_fresh_sequence_1000seq_seed2026052602,367,5,1
X-VLA,2026052602,abc_d_fresh_sequence_1000seq_seed2026052602,368,5,1
X-VLA,2026052602,abc_d_fresh_sequence_1000seq_seed2026052602,369,5,1
X-VLA,2026052602,abc_d_fresh_sequence_1000seq_seed2026052602,370,5,1
X-VLA,2026052602,abc_d_fresh_sequence_1000seq_seed2026052602,371,3,0
X-VLA,2026052602,abc_d_fresh_sequence_1000seq_seed2026052602,372,5,1
X-VLA,2026052602,abc_d_fresh_sequence_1000seq_seed2026052602,373,4,0
X-VLA,2026052602,abc_d_fresh_sequence_1000seq_seed2026052602,374,5,1
X-VLA,2026052602,abc_d_fresh_sequence_1000seq_seed2026052602,375,5,1
X-VLA,2026052602,abc_d_fresh_sequence_1000seq_seed2026052602,376,5,1
X-VLA,2026052602,abc_d_fresh_sequence_1000seq_seed2026052602,377,5,1
X-VLA,2026052602,abc_d_fresh_sequence_1000seq_seed2026052602,378,5,1
X-VLA,2026052602,abc_d_fresh_sequence_1000seq_seed2026052602,379,5,1
X-VLA,2026052602,abc_d_fresh_sequence_1000seq_seed2026052602,380,2,0
X-VLA,2026052602,abc_d_fresh_sequence_1000seq_seed2026052602,381,5,1
X-VLA,2026052602,abc_d_fresh_sequence_1000seq_seed2026052602,382,5,1
X-VLA,2026052602,abc_d_fresh_sequence_1000seq_seed2026052602,383,4,0
X-VLA,2026052602,abc_d_fresh_sequence_1000seq_seed2026052602,384,5,1
X-VLA,2026052602,abc_d_fresh_sequence_1000seq_seed2026052602,385,5,1
X-VLA,2026052602,abc_d_fresh_sequence_1000seq_seed2026052602,386,2,0
X-VLA,2026052602,abc_d_fresh_sequence_1000seq_seed2026052602,387,5,1
X-VLA,2026052602,abc_d_fresh_sequence_1000seq_seed2026052602,388,2,0
X-VLA,2026052602,abc_d_fresh_sequence_1000seq_seed2026052602,389,5,1
X-VLA,2026052602,abc_d_fresh_sequence_1000seq_seed2026052602,390,3,0
X-VLA,2026052602,abc_d_fresh_sequence_1000seq_seed2026052602,391,3,0
X-VLA,2026052602,abc_d_fresh_sequence_1000seq_seed2026052602,392,5,1
X-VLA,2026052602,abc_d_fresh_sequence_1000seq_seed2026052602,393,4,0
X-VLA,2026052602,abc_d_fresh_sequence_1000seq_seed2026052602,394,5,1
X-VLA,2026052602,abc_d_fresh_sequence_1000seq_seed2026052602,395,2,0
X-VLA,2026052602,abc_d_fresh_sequence_1000seq_seed2026052602,396,5,1
X-VLA,2026052602,abc_d_fresh_sequence_1000seq_seed2026052602,397,5,1
X-VLA,2026052602,abc_d_fresh_sequence_1000seq_seed2026052602,398,4,0
X-VLA,2026052602,abc_d_fresh_sequence_1000seq_seed2026052602,399,5,1
X-VLA,2026052602,abc_d_fresh_sequence_1000seq_seed2026052602,400,2,0
X-VLA,2026052602,abc_d_fresh_sequence_1000seq_seed2026052602,401,5,1
X-VLA,2026052602,abc_d_fresh_sequence_1000seq_seed2026052602,402,2,0
X-VLA,2026052602,abc_d_fresh_sequence_1000seq_seed2026052602,403,5,1
X-VLA,2026052602,abc_d_fresh_sequence_1000seq_seed2026052602,404,5,1
X-VLA,2026052602,abc_d_fresh_sequence_1000seq_seed2026052602,405,5,1
X-VLA,2026052602,abc_d_fresh_sequence_1000seq_seed2026052602,406,5,1
X-VLA,2026052602,abc_d_fresh_sequence_1000seq_seed2026052602,407,5,1
X-VLA,2026052602,abc_d_fresh_sequence_1000seq_seed2026052602,408,5,1
X-VLA,2026052602,abc_d_fresh_sequence_1000seq_seed2026052602,409,5,1
X-VLA,2026052602,abc_d_fresh_sequence_1000seq_seed2026052602,410,5,1
X-VLA,2026052602,abc_d_fresh_sequence_1000seq_seed2026052602,411,3,0
X-VLA,2026052602,abc_d_fresh_sequence_1000seq_seed2026052602,412,5,1
X-VLA,2026052602,abc_d_fresh_sequence_1000seq_seed2026052602,413,5,1
X-VLA,2026052602,abc_d_fresh_sequence_1000seq_seed2026052602,414,0,0
X-VLA,2026052602,abc_d_fresh_sequence_1000seq_seed2026052602,415,5,1
X-VLA,2026052602,abc_d_fresh_sequence_1000seq_seed2026052602,416,3,0
X-VLA,2026052602,abc_d_fresh_sequence_1000seq_seed2026052602,417,5,1
X-VLA,2026052602,abc_d_fresh_sequence_1000seq_seed2026052602,418,5,1
X-VLA,2026052602,abc_d_fresh_sequence_1000seq_seed2026052602,419,4,0
X-VLA,2026052602,abc_d_fresh_sequence_1000seq_seed2026052602,420,5,1
X-VLA,2026052602,abc_d_fresh_sequence_1000seq_seed2026052602,421,5,1
X-VLA,2026052602,abc_d_fresh_sequence_1000seq_seed2026052602,422,5,1
X-VLA,2026052602,abc_d_fresh_sequence_1000seq_seed2026052602,423,4,0
X-VLA,2026052602,abc_d_fresh_sequence_1000seq_seed2026052602,424,5,1
X-VLA,2026052602,abc_d_fresh_sequence_1000seq_seed2026052602,425,5,1
X-VLA,2026052602,abc_d_fresh_sequence_1000seq_seed2026052602,426,5,1
X-VLA,2026052602,abc_d_fresh_sequence_1000seq_seed2026052602,427,3,0
X-VLA,2026052602,abc_d_fresh_sequence_1000seq_seed2026052602,428,0,0
X-VLA,2026052602,abc_d_fresh_sequence_1000seq_seed2026052602,429,5,1
X-VLA,2026052602,abc_d_fresh_sequence_1000seq_seed2026052602,430,5,1
X-VLA,2026052602,abc_d_fresh_sequence_1000seq_seed2026052602,431,5,1
X-VLA,2026052602,abc_d_fresh_sequence_1000seq_seed2026052602,432,5,1
X-VLA,2026052602,abc_d_fresh_sequence_1000seq_seed2026052602,433,5,1
X-VLA,2026052602,abc_d_fresh_sequence_1000seq_seed2026052602,434,5,1
X-VLA,2026052602,abc_d_fresh_sequence_1000seq_seed2026052602,435,5,1
X-VLA,2026052602,abc_d_fresh_sequence_1000seq_seed2026052602,436,5,1
X-VLA,2026052602,abc_d_fresh_sequence_1000seq_seed2026052602,437,0,0
X-VLA,2026052602,abc_d_fresh_sequence_1000seq_seed2026052602,438,5,1
X-VLA,2026052602,abc_d_fresh_sequence_1000seq_seed2026052602,439,5,1
X-VLA,2026052602,abc_d_fresh_sequence_1000seq_seed2026052602,440,5,1
X-VLA,2026052602,abc_d_fresh_sequence_1000seq_seed2026052602,441,4,0
X-VLA,2026052602,abc_d_fresh_sequence_1000seq_seed2026052602,442,2,0
X-VLA,2026052602,abc_d_fresh_sequence_1000seq_seed2026052602,443,5,1
X-VLA,2026052602,abc_d_fresh_sequence_1000seq_seed2026052602,444,3,0
X-VLA,2026052602,abc_d_fresh_sequence_1000seq_seed2026052602,445,5,1
X-VLA,2026052602,abc_d_fresh_sequence_1000seq_seed2026052602,446,5,1
X-VLA,2026052602,abc_d_fresh_sequence_1000seq_seed2026052602,447,1,0
X-VLA,2026052602,abc_d_fresh_sequence_1000seq_seed2026052602,448,5,1
X-VLA,2026052602,abc_d_fresh_sequence_1000seq_seed2026052602,449,4,0
X-VLA,2026052602,abc_d_fresh_sequence_1000seq_seed2026052602,450,5,1
X-VLA,2026052602,abc_d_fresh_sequence_1000seq_seed2026052602,451,5,1
X-VLA,2026052602,abc_d_fresh_sequence_1000seq_seed2026052602,452,5,1
X-VLA,2026052602,abc_d_fresh_sequence_1000seq_seed2026052602,453,5,1
X-VLA,2026052602,abc_d_fresh_sequence_1000seq_seed2026052602,454,5,1
X-VLA,2026052602,abc_d_fresh_sequence_1000seq_seed2026052602,455,5,1
X-VLA,2026052602,abc_d_fresh_sequence_1000seq_seed2026052602,456,5,1
X-VLA,2026052602,abc_d_fresh_sequence_1000seq_seed2026052602,457,5,1
X-VLA,2026052602,abc_d_fresh_sequence_1000seq_seed2026052602,458,5,1
X-VLA,2026052602,abc_d_fresh_sequence_1000seq_seed2026052602,459,5,1
X-VLA,2026052602,abc_d_fresh_sequence_1000seq_seed2026052602,460,5,1
X-VLA,2026052602,abc_d_fresh_sequence_1000seq_seed2026052602,461,5,1
X-VLA,2026052602,abc_d_fresh_sequence_1000seq_seed2026052602,462,5,1
X-VLA,2026052602,abc_d_fresh_sequence_1000seq_seed2026052602,463,5,1
X-VLA,2026052602,abc_d_fresh_sequence_1000seq_seed2026052602,464,5,1
X-VLA,2026052602,abc_d_fresh_sequence_1000seq_seed2026052602,465,0,0
X-VLA,2026052602,abc_d_fresh_sequence_1000seq_seed2026052602,466,5,1
X-VLA,2026052602,abc_d_fresh_sequence_1000seq_seed2026052602,467,5,1
X-VLA,2026052602,abc_d_fresh_sequence_1000seq_seed2026052602,468,5,1
X-VLA,2026052602,abc_d_fresh_sequence_1000seq_seed2026052602,469,3,0
X-VLA,2026052602,abc_d_fresh_sequence_1000seq_seed2026052602,470,5,1
X-VLA,2026052602,abc_d_fresh_sequence_1000seq_seed2026052602,471,4,0
X-VLA,2026052602,abc_d_fresh_sequence_1000seq_seed2026052602,472,5,1
X-VLA,2026052602,abc_d_fresh_sequence_1000seq_seed2026052602,473,5,1
X-VLA,2026052602,abc_d_fresh_sequence_1000seq_seed2026052602,474,5,1
X-VLA,2026052602,abc_d_fresh_sequence_1000seq_seed2026052602,475,5,1
X-VLA,2026052602,abc_d_fresh_sequence_1000seq_seed2026052602,476,5,1
X-VLA,2026052602,abc_d_fresh_sequence_1000seq_seed2026052602,477,5,1
X-VLA,2026052602,abc_d_fresh_sequence_1000seq_seed2026052602,478,4,0
X-VLA,2026052602,abc_d_fresh_sequence_1000seq_seed2026052602,479,5,1
X-VLA,2026052602,abc_d_fresh_sequence_1000seq_seed2026052602,480,5,1
X-VLA,2026052602,abc_d_fresh_sequence_1000seq_seed2026052602,481,5,1
X-VLA,2026052602,abc_d_fresh_sequence_1000seq_seed2026052602,482,3,0
X-VLA,2026052602,abc_d_fresh_sequence_1000seq_seed2026052602,483,5,1
X-VLA,2026052602,abc_d_fresh_sequence_1000seq_seed2026052602,484,3,0
X-VLA,2026052602,abc_d_fresh_sequence_1000seq_seed2026052602,485,2,0
X-VLA,2026052602,abc_d_fresh_sequence_1000seq_seed2026052602,486,1,0
X-VLA,2026052602,abc_d_fresh_sequence_1000seq_seed2026052602,487,1,0
X-VLA,2026052602,abc_d_fresh_sequence_1000seq_seed2026052602,488,5,1
X-VLA,2026052602,abc_d_fresh_sequence_1000seq_seed2026052602,489,5,1
X-VLA,2026052602,abc_d_fresh_sequence_1000seq_seed2026052602,490,5,1
X-VLA,2026052602,abc_d_fresh_sequence_1000seq_seed2026052602,491,5,1
X-VLA,2026052602,abc_d_fresh_sequence_1000seq_seed2026052602,492,4,0
X-VLA,2026052602,abc_d_fresh_sequence_1000seq_seed2026052602,493,5,1
X-VLA,2026052602,abc_d_fresh_sequence_1000seq_seed2026052602,494,5,1
X-VLA,2026052602,abc_d_fresh_sequence_1000seq_seed2026052602,495,5,1
X-VLA,2026052602,abc_d_fresh_sequence_1000seq_seed2026052602,496,2,0
X-VLA,2026052602,abc_d_fresh_sequence_1000seq_seed2026052602,497,5,1
X-VLA,2026052602,abc_d_fresh_sequence_1000seq_seed2026052602,498,5,1
X-VLA,2026052602,abc_d_fresh_sequence_1000seq_seed2026052602,499,5,1
X-VLA,2026052602,abc_d_fresh_sequence_1000seq_seed2026052602,500,5,1
X-VLA,2026052602,abc_d_fresh_sequence_1000seq_seed2026052602,501,5,1
X-VLA,2026052602,abc_d_fresh_sequence_1000seq_seed2026052602,502,5,1
X-VLA,2026052602,abc_d_fresh_sequence_1000seq_seed2026052602,503,5,1
X-VLA,2026052602,abc_d_fresh_sequence_1000seq_seed2026052602,504,5,1
X-VLA,2026052602,abc_d_fresh_sequence_1000seq_seed2026052602,505,0,0
X-VLA,2026052602,abc_d_fresh_sequence_1000seq_seed2026052602,506,5,1
X-VLA,2026052602,abc_d_fresh_sequence_1000seq_seed2026052602,507,5,1
X-VLA,2026052602,abc_d_fresh_sequence_1000seq_seed2026052602,508,5,1
X-VLA,2026052602,abc_d_fresh_sequence_1000seq_seed2026052602,509,5,1
X-VLA,2026052602,abc_d_fresh_sequence_1000seq_seed2026052602,510,5,1
X-VLA,2026052602,abc_d_fresh_sequence_1000seq_seed2026052602,511,3,0
X-VLA,2026052602,abc_d_fresh_sequence_1000seq_seed2026052602,512,5,1
X-VLA,2026052602,abc_d_fresh_sequence_1000seq_seed2026052602,513,5,1
X-VLA,2026052602,abc_d_fresh_sequence_1000seq_seed2026052602,514,5,1
X-VLA,2026052602,abc_d_fresh_sequence_1000seq_seed2026052602,515,5,1
X-VLA,2026052602,abc_d_fresh_sequence_1000seq_seed2026052602,516,5,1
X-VLA,2026052602,abc_d_fresh_sequence_1000seq_seed2026052602,517,5,1
X-VLA,2026052602,abc_d_fresh_sequence_1000seq_seed2026052602,518,5,1
X-VLA,2026052602,abc_d_fresh_sequence_1000seq_seed2026052602,519,4,0
X-VLA,2026052602,abc_d_fresh_sequence_1000seq_seed2026052602,520,5,1
X-VLA,2026052602,abc_d_fresh_sequence_1000seq_seed2026052602,521,5,1
X-VLA,2026052602,abc_d_fresh_sequence_1000seq_seed2026052602,522,1,0
X-VLA,2026052602,abc_d_fresh_sequence_1000seq_seed2026052602,523,5,1
X-VLA,2026052602,abc_d_fresh_sequence_1000seq_seed2026052602,524,2,0
X-VLA,2026052602,abc_d_fresh_sequence_1000seq_seed2026052602,525,5,1
X-VLA,2026052602,abc_d_fresh_sequence_1000seq_seed2026052602,526,0,0
X-VLA,2026052602,abc_d_fresh_sequence_1000seq_seed2026052602,527,5,1
X-VLA,2026052602,abc_d_fresh_sequence_1000seq_seed2026052602,528,5,1
X-VLA,2026052602,abc_d_fresh_sequence_1000seq_seed2026052602,529,5,1
X-VLA,2026052602,abc_d_fresh_sequence_1000seq_seed2026052602,530,1,0
X-VLA,2026052602,abc_d_fresh_sequence_1000seq_seed2026052602,531,5,1
X-VLA,2026052602,abc_d_fresh_sequence_1000seq_seed2026052602,532,5,1
X-VLA,2026052602,abc_d_fresh_sequence_1000seq_seed2026052602,533,5,1
X-VLA,2026052602,abc_d_fresh_sequence_1000seq_seed2026052602,534,2,0
X-VLA,2026052602,abc_d_fresh_sequence_1000seq_seed2026052602,535,3,0
X-VLA,2026052602,abc_d_fresh_sequence_1000seq_seed2026052602,536,5,1
X-VLA,2026052602,abc_d_fresh_sequence_1000seq_seed2026052602,537,5,1
X-VLA,2026052602,abc_d_fresh_sequence_1000seq_seed2026052602,538,5,1
X-VLA,2026052602,abc_d_fresh_sequence_1000seq_seed2026052602,539,3,0
X-VLA,2026052602,abc_d_fresh_sequence_1000seq_seed2026052602,540,5,1
X-VLA,2026052602,abc_d_fresh_sequence_1000seq_seed2026052602,541,5,1
X-VLA,2026052602,abc_d_fresh_sequence_1000seq_seed2026052602,542,4,0
X-VLA,2026052602,abc_d_fresh_sequence_1000seq_seed2026052602,543,5,1
X-VLA,2026052602,abc_d_fresh_sequence_1000seq_seed2026052602,544,2,0
X-VLA,2026052602,abc_d_fresh_sequence_1000seq_seed2026052602,545,5,1
X-VLA,2026052602,abc_d_fresh_sequence_1000seq_seed2026052602,546,4,0
X-VLA,2026052602,abc_d_fresh_sequence_1000seq_seed2026052602,547,5,1
X-VLA,2026052602,abc_d_fresh_sequence_1000seq_seed2026052602,548,5,1
X-VLA,2026052602,abc_d_fresh_sequence_1000seq_seed2026052602,549,5,1
X-VLA,2026052602,abc_d_fresh_sequence_1000seq_seed2026052602,550,5,1
X-VLA,2026052602,abc_d_fresh_sequence_1000seq_seed2026052602,551,1,0
X-VLA,2026052602,abc_d_fresh_sequence_1000seq_seed2026052602,552,5,1
X-VLA,2026052602,abc_d_fresh_sequence_1000seq_seed2026052602,553,4,0
X-VLA,2026052602,abc_d_fresh_sequence_1000seq_seed2026052602,554,5,1
X-VLA,2026052602,abc_d_fresh_sequence_1000seq_seed2026052602,555,5,1
X-VLA,2026052602,abc_d_fresh_sequence_1000seq_seed2026052602,556,5,1
X-VLA,2026052602,abc_d_fresh_sequence_1000seq_seed2026052602,557,5,1
X-VLA,2026052602,abc_d_fresh_sequence_1000seq_seed2026052602,558,5,1
X-VLA,2026052602,abc_d_fresh_sequence_1000seq_seed2026052602,559,5,1
X-VLA,2026052602,abc_d_fresh_sequence_1000seq_seed2026052602,560,3,0
X-VLA,2026052602,abc_d_fresh_sequence_1000seq_seed2026052602,561,5,1
X-VLA,2026052602,abc_d_fresh_sequence_1000seq_seed2026052602,562,2,0
X-VLA,2026052602,abc_d_fresh_sequence_1000seq_seed2026052602,563,5,1
X-VLA,2026052602,abc_d_fresh_sequence_1000seq_seed2026052602,564,5,1
X-VLA,2026052602,abc_d_fresh_sequence_1000seq_seed2026052602,565,5,1
X-VLA,2026052602,abc_d_fresh_sequence_1000seq_seed2026052602,566,5,1
X-VLA,2026052602,abc_d_fresh_sequence_1000seq_seed2026052602,567,4,0
X-VLA,2026052602,abc_d_fresh_sequence_1000seq_seed2026052602,568,3,0
X-VLA,2026052602,abc_d_fresh_sequence_1000seq_seed2026052602,569,5,1
X-VLA,2026052602,abc_d_fresh_sequence_1000seq_seed2026052602,570,5,1
X-VLA,2026052602,abc_d_fresh_sequence_1000seq_seed2026052602,571,1,0
X-VLA,2026052602,abc_d_fresh_sequence_1000seq_seed2026052602,572,5,1
X-VLA,2026052602,abc_d_fresh_sequence_1000seq_seed2026052602,573,5,1
X-VLA,2026052602,abc_d_fresh_sequence_1000seq_seed2026052602,574,5,1
X-VLA,2026052602,abc_d_fresh_sequence_1000seq_seed2026052602,575,5,1
X-VLA,2026052602,abc_d_fresh_sequence_1000seq_seed2026052602,576,5,1
X-VLA,2026052602,abc_d_fresh_sequence_1000seq_seed2026052602,577,5,1
X-VLA,2026052602,abc_d_fresh_sequence_1000seq_seed2026052602,578,5,1
X-VLA,2026052602,abc_d_fresh_sequence_1000seq_seed2026052602,579,4,0
X-VLA,2026052602,abc_d_fresh_sequence_1000seq_seed2026052602,580,5,1
X-VLA,2026052602,abc_d_fresh_sequence_1000seq_seed2026052602,581,0,0
X-VLA,2026052602,abc_d_fresh_sequence_1000seq_seed2026052602,582,5,1
X-VLA,2026052602,abc_d_fresh_sequence_1000seq_seed2026052602,583,2,0
X-VLA,2026052602,abc_d_fresh_sequence_1000seq_seed2026052602,584,5,1
X-VLA,2026052602,abc_d_fresh_sequence_1000seq_seed2026052602,585,5,1
X-VLA,2026052602,abc_d_fresh_sequence_1000seq_seed2026052602,586,5,1
X-VLA,2026052602,abc_d_fresh_sequence_1000seq_seed2026052602,587,5,1
X-VLA,2026052602,abc_d_fresh_sequence_1000seq_seed2026052602,588,5,1
X-VLA,2026052602,abc_d_fresh_sequence_1000seq_seed2026052602,589,5,1
X-VLA,2026052602,abc_d_fresh_sequence_1000seq_seed2026052602,590,5,1
X-VLA,2026052602,abc_d_fresh_sequence_1000seq_seed2026052602,591,4,0
X-VLA,2026052602,abc_d_fresh_sequence_1000seq_seed2026052602,592,3,0
X-VLA,2026052602,abc_d_fresh_sequence_1000seq_seed2026052602,593,5,1
X-VLA,2026052602,abc_d_fresh_sequence_1000seq_seed2026052602,594,5,1
X-VLA,2026052602,abc_d_fresh_sequence_1000seq_seed2026052602,595,5,1
X-VLA,2026052602,abc_d_fresh_sequence_1000seq_seed2026052602,596,5,1
X-VLA,2026052602,abc_d_fresh_sequence_1000seq_seed2026052602,597,3,0
X-VLA,2026052602,abc_d_fresh_sequence_1000seq_seed2026052602,598,5,1
X-VLA,2026052602,abc_d_fresh_sequence_1000seq_seed2026052602,599,5,1
X-VLA,2026052602,abc_d_fresh_sequence_1000seq_seed2026052602,600,5,1
X-VLA,2026052602,abc_d_fresh_sequence_1000seq_seed2026052602,601,3,0
X-VLA,2026052602,abc_d_fresh_sequence_1000seq_seed2026052602,602,5,1
X-VLA,2026052602,abc_d_fresh_sequence_1000seq_seed2026052602,603,3,0
X-VLA,2026052602,abc_d_fresh_sequence_1000seq_seed2026052602,604,1,0
X-VLA,2026052602,abc_d_fresh_sequence_1000seq_seed2026052602,605,5,1
X-VLA,2026052602,abc_d_fresh_sequence_1000seq_seed2026052602,606,5,1
X-VLA,2026052602,abc_d_fresh_sequence_1000seq_seed2026052602,607,5,1
X-VLA,2026052602,abc_d_fresh_sequence_1000seq_seed2026052602,608,1,0
X-VLA,2026052602,abc_d_fresh_sequence_1000seq_seed2026052602,609,4,0
X-VLA,2026052602,abc_d_fresh_sequence_1000seq_seed2026052602,610,5,1
X-VLA,2026052602,abc_d_fresh_sequence_1000seq_seed2026052602,611,5,1
X-VLA,2026052602,abc_d_fresh_sequence_1000seq_seed2026052602,612,4,0
X-VLA,2026052602,abc_d_fresh_sequence_1000seq_seed2026052602,613,3,0
X-VLA,2026052602,abc_d_fresh_sequence_1000seq_seed2026052602,614,5,1
X-VLA,2026052602,abc_d_fresh_sequence_1000seq_seed2026052602,615,3,0
X-VLA,2026052602,abc_d_fresh_sequence_1000seq_seed2026052602,616,5,1
X-VLA,2026052602,abc_d_fresh_sequence_1000seq_seed2026052602,617,5,1
X-VLA,2026052602,abc_d_fresh_sequence_1000seq_seed2026052602,618,5,1
X-VLA,2026052602,abc_d_fresh_sequence_1000seq_seed2026052602,619,5,1
X-VLA,2026052602,abc_d_fresh_sequence_1000seq_seed2026052602,620,5,1
X-VLA,2026052602,abc_d_fresh_sequence_1000seq_seed2026052602,621,2,0
X-VLA,2026052602,abc_d_fresh_sequence_1000seq_seed2026052602,622,5,1
X-VLA,2026052602,abc_d_fresh_sequence_1000seq_seed2026052602,623,3,0
X-VLA,2026052602,abc_d_fresh_sequence_1000seq_seed2026052602,624,5,1
X-VLA,2026052602,abc_d_fresh_sequence_1000seq_seed2026052602,625,5,1
X-VLA,2026052602,abc_d_fresh_sequence_1000seq_seed2026052602,626,5,1
X-VLA,2026052602,abc_d_fresh_sequence_1000seq_seed2026052602,627,2,0
X-VLA,2026052602,abc_d_fresh_sequence_1000seq_seed2026052602,628,5,1
X-VLA,2026052602,abc_d_fresh_sequence_1000seq_seed2026052602,629,5,1
X-VLA,2026052602,abc_d_fresh_sequence_1000seq_seed2026052602,630,5,1
X-VLA,2026052602,abc_d_fresh_sequence_1000seq_seed2026052602,631,5,1
X-VLA,2026052602,abc_d_fresh_sequence_1000seq_seed2026052602,632,5,1
X-VLA,2026052602,abc_d_fresh_sequence_1000seq_seed2026052602,633,0,0
X-VLA,2026052602,abc_d_fresh_sequence_1000seq_seed2026052602,634,5,1
X-VLA,2026052602,abc_d_fresh_sequence_1000seq_seed2026052602,635,5,1
X-VLA,2026052602,abc_d_fresh_sequence_1000seq_seed2026052602,636,2,0
X-VLA,2026052602,abc_d_fresh_sequence_1000seq_seed2026052602,637,2,0
X-VLA,2026052602,abc_d_fresh_sequence_1000seq_seed2026052602,638,5,1
X-VLA,2026052602,abc_d_fresh_sequence_1000seq_seed2026052602,639,5,1
X-VLA,2026052602,abc_d_fresh_sequence_1000seq_seed2026052602,640,2,0
X-VLA,2026052602,abc_d_fresh_sequence_1000seq_seed2026052602,641,5,1
X-VLA,2026052602,abc_d_fresh_sequence_1000seq_seed2026052602,642,3,0
X-VLA,2026052602,abc_d_fresh_sequence_1000seq_seed2026052602,643,5,1
X-VLA,2026052602,abc_d_fresh_sequence_1000seq_seed2026052602,644,5,1
X-VLA,2026052602,abc_d_fresh_sequence_1000seq_seed2026052602,645,2,0
X-VLA,2026052602,abc_d_fresh_sequence_1000seq_seed2026052602,646,5,1
X-VLA,2026052602,abc_d_fresh_sequence_1000seq_seed2026052602,647,4,0
X-VLA,2026052602,abc_d_fresh_sequence_1000seq_seed2026052602,648,5,1
X-VLA,2026052602,abc_d_fresh_sequence_1000seq_seed2026052602,649,2,0
X-VLA,2026052602,abc_d_fresh_sequence_1000seq_seed2026052602,650,5,1
X-VLA,2026052602,abc_d_fresh_sequence_1000seq_seed2026052602,651,5,1
X-VLA,2026052602,abc_d_fresh_sequence_1000seq_seed2026052602,652,3,0
X-VLA,2026052602,abc_d_fresh_sequence_1000seq_seed2026052602,653,4,0
X-VLA,2026052602,abc_d_fresh_sequence_1000seq_seed2026052602,654,2,0
X-VLA,2026052602,abc_d_fresh_sequence_1000seq_seed2026052602,655,1,0
X-VLA,2026052602,abc_d_fresh_sequence_1000seq_seed2026052602,656,4,0
X-VLA,2026052602,abc_d_fresh_sequence_1000seq_seed2026052602,657,3,0
X-VLA,2026052602,abc_d_fresh_sequence_1000seq_seed2026052602,658,5,1
X-VLA,2026052602,abc_d_fresh_sequence_1000seq_seed2026052602,659,5,1
X-VLA,2026052602,abc_d_fresh_sequence_1000seq_seed2026052602,660,5,1
X-VLA,2026052602,abc_d_fresh_sequence_1000seq_seed2026052602,661,5,1
X-VLA,2026052602,abc_d_fresh_sequence_1000seq_seed2026052602,662,5,1
X-VLA,2026052602,abc_d_fresh_sequence_1000seq_seed2026052602,663,5,1
X-VLA,2026052602,abc_d_fresh_sequence_1000seq_seed2026052602,664,5,1
X-VLA,2026052602,abc_d_fresh_sequence_1000seq_seed2026052602,665,5,1
X-VLA,2026052602,abc_d_fresh_sequence_1000seq_seed2026052602,666,3,0
X-VLA,2026052602,abc_d_fresh_sequence_1000seq_seed2026052602,667,4,0
X-VLA,2026052602,abc_d_fresh_sequence_1000seq_seed2026052602,668,5,1
X-VLA,2026052602,abc_d_fresh_sequence_1000seq_seed2026052602,669,1,0
X-VLA,2026052602,abc_d_fresh_sequence_1000seq_seed2026052602,670,5,1
X-VLA,2026052602,abc_d_fresh_sequence_1000seq_seed2026052602,671,5,1
X-VLA,2026052602,abc_d_fresh_sequence_1000seq_seed2026052602,672,5,1
X-VLA,2026052602,abc_d_fresh_sequence_1000seq_seed2026052602,673,5,1
X-VLA,2026052602,abc_d_fresh_sequence_1000seq_seed2026052602,674,3,0
X-VLA,2026052602,abc_d_fresh_sequence_1000seq_seed2026052602,675,5,1
X-VLA,2026052602,abc_d_fresh_sequence_1000seq_seed2026052602,676,3,0
X-VLA,2026052602,abc_d_fresh_sequence_1000seq_seed2026052602,677,0,0
X-VLA,2026052602,abc_d_fresh_sequence_1000seq_seed2026052602,678,5,1
X-VLA,2026052602,abc_d_fresh_sequence_1000seq_seed2026052602,679,5,1
X-VLA,2026052602,abc_d_fresh_sequence_1000seq_seed2026052602,680,5,1
X-VLA,2026052602,abc_d_fresh_sequence_1000seq_seed2026052602,681,3,0
X-VLA,2026052602,abc_d_fresh_sequence_1000seq_seed2026052602,682,5,1
X-VLA,2026052602,abc_d_fresh_sequence_1000seq_seed2026052602,683,5,1
X-VLA,2026052602,abc_d_fresh_sequence_1000seq_seed2026052602,684,5,1
X-VLA,2026052602,abc_d_fresh_sequence_1000seq_seed2026052602,685,5,1
X-VLA,2026052602,abc_d_fresh_sequence_1000seq_seed2026052602,686,5,1
X-VLA,2026052602,abc_d_fresh_sequence_1000seq_seed2026052602,687,1,0
X-VLA,2026052602,abc_d_fresh_sequence_1000seq_seed2026052602,688,5,1
X-VLA,2026052602,abc_d_fresh_sequence_1000seq_seed2026052602,689,1,0
X-VLA,2026052602,abc_d_fresh_sequence_1000seq_seed2026052602,690,1,0
X-VLA,2026052602,abc_d_fresh_sequence_1000seq_seed2026052602,691,5,1
X-VLA,2026052602,abc_d_fresh_sequence_1000seq_seed2026052602,692,5,1
X-VLA,2026052602,abc_d_fresh_sequence_1000seq_seed2026052602,693,5,1
X-VLA,2026052602,abc_d_fresh_sequence_1000seq_seed2026052602,694,0,0
X-VLA,2026052602,abc_d_fresh_sequence_1000seq_seed2026052602,695,5,1
X-VLA,2026052602,abc_d_fresh_sequence_1000seq_seed2026052602,696,5,1
X-VLA,2026052602,abc_d_fresh_sequence_1000seq_seed2026052602,697,5,1
X-VLA,2026052602,abc_d_fresh_sequence_1000seq_seed2026052602,698,5,1
X-VLA,2026052602,abc_d_fresh_sequence_1000seq_seed2026052602,699,5,1
X-VLA,2026052602,abc_d_fresh_sequence_1000seq_seed2026052602,700,4,0
X-VLA,2026052602,abc_d_fresh_sequence_1000seq_seed2026052602,701,1,0
X-VLA,2026052602,abc_d_fresh_sequence_1000seq_seed2026052602,702,3,0
X-VLA,2026052602,abc_d_fresh_sequence_1000seq_seed2026052602,703,5,1
X-VLA,2026052602,abc_d_fresh_sequence_1000seq_seed2026052602,704,5,1
X-VLA,2026052602,abc_d_fresh_sequence_1000seq_seed2026052602,705,5,1
X-VLA,2026052602,abc_d_fresh_sequence_1000seq_seed2026052602,706,5,1
X-VLA,2026052602,abc_d_fresh_sequence_1000seq_seed2026052602,707,2,0
X-VLA,2026052602,abc_d_fresh_sequence_1000seq_seed2026052602,708,5,1
X-VLA,2026052602,abc_d_fresh_sequence_1000seq_seed2026052602,709,0,0
X-VLA,2026052602,abc_d_fresh_sequence_1000seq_seed2026052602,710,1,0
X-VLA,2026052602,abc_d_fresh_sequence_1000seq_seed2026052602,711,1,0
X-VLA,2026052602,abc_d_fresh_sequence_1000seq_seed2026052602,712,5,1
X-VLA,2026052602,abc_d_fresh_sequence_1000seq_seed2026052602,713,5,1
X-VLA,2026052602,abc_d_fresh_sequence_1000seq_seed2026052602,714,5,1
X-VLA,2026052602,abc_d_fresh_sequence_1000seq_seed2026052602,715,5,1
X-VLA,2026052602,abc_d_fresh_sequence_1000seq_seed2026052602,716,4,0
X-VLA,2026052602,abc_d_fresh_sequence_1000seq_seed2026052602,717,5,1
X-VLA,2026052602,abc_d_fresh_sequence_1000seq_seed2026052602,718,4,0
X-VLA,2026052602,abc_d_fresh_sequence_1000seq_seed2026052602,719,5,1
X-VLA,2026052602,abc_d_fresh_sequence_1000seq_seed2026052602,720,5,1
X-VLA,2026052602,abc_d_fresh_sequence_1000seq_seed2026052602,721,5,1
X-VLA,2026052602,abc_d_fresh_sequence_1000seq_seed2026052602,722,5,1
X-VLA,2026052602,abc_d_fresh_sequence_1000seq_seed2026052602,723,1,0
X-VLA,2026052602,abc_d_fresh_sequence_1000seq_seed2026052602,724,5,1
X-VLA,2026052602,abc_d_fresh_sequence_1000seq_seed2026052602,725,5,1
X-VLA,2026052602,abc_d_fresh_sequence_1000seq_seed2026052602,726,5,1
X-VLA,2026052602,abc_d_fresh_sequence_1000seq_seed2026052602,727,5,1
X-VLA,2026052602,abc_d_fresh_sequence_1000seq_seed2026052602,728,5,1
X-VLA,2026052602,abc_d_fresh_sequence_1000seq_seed2026052602,729,5,1
X-VLA,2026052602,abc_d_fresh_sequence_1000seq_seed2026052602,730,5,1
X-VLA,2026052602,abc_d_fresh_sequence_1000seq_seed2026052602,731,5,1
X-VLA,2026052602,abc_d_fresh_sequence_1000seq_seed2026052602,732,5,1
X-VLA,2026052602,abc_d_fresh_sequence_1000seq_seed2026052602,733,5,1
X-VLA,2026052602,abc_d_fresh_sequence_1000seq_seed2026052602,734,4,0
X-VLA,2026052602,abc_d_fresh_sequence_1000seq_seed2026052602,735,5,1
X-VLA,2026052602,abc_d_fresh_sequence_1000seq_seed2026052602,736,5,1
X-VLA,2026052602,abc_d_fresh_sequence_1000seq_seed2026052602,737,5,1
X-VLA,2026052602,abc_d_fresh_sequence_1000seq_seed2026052602,738,5,1
X-VLA,2026052602,abc_d_fresh_sequence_1000seq_seed2026052602,739,5,1
X-VLA,2026052602,abc_d_fresh_sequence_1000seq_seed2026052602,740,5,1
X-VLA,2026052602,abc_d_fresh_sequence_1000seq_seed2026052602,741,0,0
X-VLA,2026052602,abc_d_fresh_sequence_1000seq_seed2026052602,742,5,1
X-VLA,2026052602,abc_d_fresh_sequence_1000seq_seed2026052602,743,5,1
X-VLA,2026052602,abc_d_fresh_sequence_1000seq_seed2026052602,744,5,1
X-VLA,2026052602,abc_d_fresh_sequence_1000seq_seed2026052602,745,0,0
X-VLA,2026052602,abc_d_fresh_sequence_1000seq_seed2026052602,746,0,0
X-VLA,2026052602,abc_d_fresh_sequence_1000seq_seed2026052602,747,5,1
X-VLA,2026052602,abc_d_fresh_sequence_1000seq_seed2026052602,748,4,0
X-VLA,2026052602,abc_d_fresh_sequence_1000seq_seed2026052602,749,5,1
X-VLA,2026052602,abc_d_fresh_sequence_1000seq_seed2026052602,750,5,1
X-VLA,2026052602,abc_d_fresh_sequence_1000seq_seed2026052602,751,2,0
X-VLA,2026052602,abc_d_fresh_sequence_1000seq_seed2026052602,752,5,1
X-VLA,2026052602,abc_d_fresh_sequence_1000seq_seed2026052602,753,5,1
X-VLA,2026052602,abc_d_fresh_sequence_1000seq_seed2026052602,754,4,0
X-VLA,2026052602,abc_d_fresh_sequence_1000seq_seed2026052602,755,5,1
X-VLA,2026052602,abc_d_fresh_sequence_1000seq_seed2026052602,756,5,1
X-VLA,2026052602,abc_d_fresh_sequence_1000seq_seed2026052602,757,5,1
X-VLA,2026052602,abc_d_fresh_sequence_1000seq_seed2026052602,758,5,1
X-VLA,2026052602,abc_d_fresh_sequence_1000seq_seed2026052602,759,5,1
X-VLA,2026052602,abc_d_fresh_sequence_1000seq_seed2026052602,760,5,1
X-VLA,2026052602,abc_d_fresh_sequence_1000seq_seed2026052602,761,5,1
X-VLA,2026052602,abc_d_fresh_sequence_1000seq_seed2026052602,762,5,1
X-VLA,2026052602,abc_d_fresh_sequence_1000seq_seed2026052602,763,5,1
X-VLA,2026052602,abc_d_fresh_sequence_1000seq_seed2026052602,764,3,0
X-VLA,2026052602,abc_d_fresh_sequence_1000seq_seed2026052602,765,5,1
X-VLA,2026052602,abc_d_fresh_sequence_1000seq_seed2026052602,766,5,1
X-VLA,2026052602,abc_d_fresh_sequence_1000seq_seed2026052602,767,5,1
X-VLA,2026052602,abc_d_fresh_sequence_1000seq_seed2026052602,768,2,0
X-VLA,2026052602,abc_d_fresh_sequence_1000seq_seed2026052602,769,5,1
X-VLA,2026052602,abc_d_fresh_sequence_1000seq_seed2026052602,770,5,1
X-VLA,2026052602,abc_d_fresh_sequence_1000seq_seed2026052602,771,5,1
X-VLA,2026052602,abc_d_fresh_sequence_1000seq_seed2026052602,772,5,1
X-VLA,2026052602,abc_d_fresh_sequence_1000seq_seed2026052602,773,5,1
X-VLA,2026052602,abc_d_fresh_sequence_1000seq_seed2026052602,774,5,1
X-VLA,2026052602,abc_d_fresh_sequence_1000seq_seed2026052602,775,4,0
X-VLA,2026052602,abc_d_fresh_sequence_1000seq_seed2026052602,776,5,1
X-VLA,2026052602,abc_d_fresh_sequence_1000seq_seed2026052602,777,5,1
X-VLA,2026052602,abc_d_fresh_sequence_1000seq_seed2026052602,778,5,1
X-VLA,2026052602,abc_d_fresh_sequence_1000seq_seed2026052602,779,5,1
X-VLA,2026052602,abc_d_fresh_sequence_1000seq_seed2026052602,780,5,1
X-VLA,2026052602,abc_d_fresh_sequence_1000seq_seed2026052602,781,4,0
X-VLA,2026052602,abc_d_fresh_sequence_1000seq_seed2026052602,782,2,0
X-VLA,2026052602,abc_d_fresh_sequence_1000seq_seed2026052602,783,5,1
X-VLA,2026052602,abc_d_fresh_sequence_1000seq_seed2026052602,784,0,0
X-VLA,2026052602,abc_d_fresh_sequence_1000seq_seed2026052602,785,5,1
X-VLA,2026052602,abc_d_fresh_sequence_1000seq_seed2026052602,786,5,1
X-VLA,2026052602,abc_d_fresh_sequence_1000seq_seed2026052602,787,4,0
X-VLA,2026052602,abc_d_fresh_sequence_1000seq_seed2026052602,788,5,1
X-VLA,2026052602,abc_d_fresh_sequence_1000seq_seed2026052602,789,1,0
X-VLA,2026052602,abc_d_fresh_sequence_1000seq_seed2026052602,790,5,1
X-VLA,2026052602,abc_d_fresh_sequence_1000seq_seed2026052602,791,5,1
X-VLA,2026052602,abc_d_fresh_sequence_1000seq_seed2026052602,792,5,1
X-VLA,2026052602,abc_d_fresh_sequence_1000seq_seed2026052602,793,5,1
X-VLA,2026052602,abc_d_fresh_sequence_1000seq_seed2026052602,794,1,0
X-VLA,2026052602,abc_d_fresh_sequence_1000seq_seed2026052602,795,5,1
X-VLA,2026052602,abc_d_fresh_sequence_1000seq_seed2026052602,796,5,1
X-VLA,2026052602,abc_d_fresh_sequence_1000seq_seed2026052602,797,5,1
X-VLA,2026052602,abc_d_fresh_sequence_1000seq_seed2026052602,798,2,0
X-VLA,2026052602,abc_d_fresh_sequence_1000seq_seed2026052602,799,3,0
X-VLA,2026052602,abc_d_fresh_sequence_1000seq_seed2026052602,800,3,0
X-VLA,2026052602,abc_d_fresh_sequence_1000seq_seed2026052602,801,4,0
X-VLA,2026052602,abc_d_fresh_sequence_1000seq_seed2026052602,802,5,1
X-VLA,2026052602,abc_d_fresh_sequence_1000seq_seed2026052602,803,5,1
X-VLA,2026052602,abc_d_fresh_sequence_1000seq_seed2026052602,804,5,1
X-VLA,2026052602,abc_d_fresh_sequence_1000seq_seed2026052602,805,5,1
X-VLA,2026052602,abc_d_fresh_sequence_1000seq_seed2026052602,806,5,1
X-VLA,2026052602,abc_d_fresh_sequence_1000seq_seed2026052602,807,5,1
X-VLA,2026052602,abc_d_fresh_sequence_1000seq_seed2026052602,808,5,1
X-VLA,2026052602,abc_d_fresh_sequence_1000seq_seed2026052602,809,5,1
X-VLA,2026052602,abc_d_fresh_sequence_1000seq_seed2026052602,810,5,1
X-VLA,2026052602,abc_d_fresh_sequence_1000seq_seed2026052602,811,5,1
X-VLA,2026052602,abc_d_fresh_sequence_1000seq_seed2026052602,812,5,1
X-VLA,2026052602,abc_d_fresh_sequence_1000seq_seed2026052602,813,5,1
X-VLA,2026052602,abc_d_fresh_sequence_1000seq_seed2026052602,814,5,1
X-VLA,2026052602,abc_d_fresh_sequence_1000seq_seed2026052602,815,5,1
X-VLA,2026052602,abc_d_fresh_sequence_1000seq_seed2026052602,816,5,1
X-VLA,2026052602,abc_d_fresh_sequence_1000seq_seed2026052602,817,5,1
X-VLA,2026052602,abc_d_fresh_sequence_1000seq_seed2026052602,818,1,0
X-VLA,2026052602,abc_d_fresh_sequence_1000seq_seed2026052602,819,4,0
X-VLA,2026052602,abc_d_fresh_sequence_1000seq_seed2026052602,820,4,0
X-VLA,2026052602,abc_d_fresh_sequence_1000seq_seed2026052602,821,1,0
X-VLA,2026052602,abc_d_fresh_sequence_1000seq_seed2026052602,822,5,1
X-VLA,2026052602,abc_d_fresh_sequence_1000seq_seed2026052602,823,4,0
X-VLA,2026052602,abc_d_fresh_sequence_1000seq_seed2026052602,824,1,0
X-VLA,2026052602,abc_d_fresh_sequence_1000seq_seed2026052602,825,5,1
X-VLA,2026052602,abc_d_fresh_sequence_1000seq_seed2026052602,826,4,0
X-VLA,2026052602,abc_d_fresh_sequence_1000seq_seed2026052602,827,5,1
X-VLA,2026052602,abc_d_fresh_sequence_1000seq_seed2026052602,828,5,1
X-VLA,2026052602,abc_d_fresh_sequence_1000seq_seed2026052602,829,0,0
X-VLA,2026052602,abc_d_fresh_sequence_1000seq_seed2026052602,830,5,1
X-VLA,2026052602,abc_d_fresh_sequence_1000seq_seed2026052602,831,5,1
X-VLA,2026052602,abc_d_fresh_sequence_1000seq_seed2026052602,832,5,1
X-VLA,2026052602,abc_d_fresh_sequence_1000seq_seed2026052602,833,2,0
X-VLA,2026052602,abc_d_fresh_sequence_1000seq_seed2026052602,834,0,0
X-VLA,2026052602,abc_d_fresh_sequence_1000seq_seed2026052602,835,1,0
X-VLA,2026052602,abc_d_fresh_sequence_1000seq_seed2026052602,836,5,1
X-VLA,2026052602,abc_d_fresh_sequence_1000seq_seed2026052602,837,5,1
X-VLA,2026052602,abc_d_fresh_sequence_1000seq_seed2026052602,838,5,1
X-VLA,2026052602,abc_d_fresh_sequence_1000seq_seed2026052602,839,4,0
X-VLA,2026052602,abc_d_fresh_sequence_1000seq_seed2026052602,840,5,1
X-VLA,2026052602,abc_d_fresh_sequence_1000seq_seed2026052602,841,5,1
X-VLA,2026052602,abc_d_fresh_sequence_1000seq_seed2026052602,842,5,1
X-VLA,2026052602,abc_d_fresh_sequence_1000seq_seed2026052602,843,5,1
X-VLA,2026052602,abc_d_fresh_sequence_1000seq_seed2026052602,844,5,1
X-VLA,2026052602,abc_d_fresh_sequence_1000seq_seed2026052602,845,3,0
X-VLA,2026052602,abc_d_fresh_sequence_1000seq_seed2026052602,846,5,1
X-VLA,2026052602,abc_d_fresh_sequence_1000seq_seed2026052602,847,5,1
X-VLA,2026052602,abc_d_fresh_sequence_1000seq_seed2026052602,848,5,1
X-VLA,2026052602,abc_d_fresh_sequence_1000seq_seed2026052602,849,3,0
X-VLA,2026052602,abc_d_fresh_sequence_1000seq_seed2026052602,850,5,1
X-VLA,2026052602,abc_d_fresh_sequence_1000seq_seed2026052602,851,4,0
X-VLA,2026052602,abc_d_fresh_sequence_1000seq_seed2026052602,852,5,1
X-VLA,2026052602,abc_d_fresh_sequence_1000seq_seed2026052602,853,5,1
X-VLA,2026052602,abc_d_fresh_sequence_1000seq_seed2026052602,854,0,0
X-VLA,2026052602,abc_d_fresh_sequence_1000seq_seed2026052602,855,0,0
X-VLA,2026052602,abc_d_fresh_sequence_1000seq_seed2026052602,856,5,1
X-VLA,2026052602,abc_d_fresh_sequence_1000seq_seed2026052602,857,3,0
X-VLA,2026052602,abc_d_fresh_sequence_1000seq_seed2026052602,858,5,1
X-VLA,2026052602,abc_d_fresh_sequence_1000seq_seed2026052602,859,5,1
X-VLA,2026052602,abc_d_fresh_sequence_1000seq_seed2026052602,860,4,0
X-VLA,2026052602,abc_d_fresh_sequence_1000seq_seed2026052602,861,0,0
X-VLA,2026052602,abc_d_fresh_sequence_1000seq_seed2026052602,862,5,1
X-VLA,2026052602,abc_d_fresh_sequence_1000seq_seed2026052602,863,2,0
X-VLA,2026052602,abc_d_fresh_sequence_1000seq_seed2026052602,864,5,1
X-VLA,2026052602,abc_d_fresh_sequence_1000seq_seed2026052602,865,5,1
X-VLA,2026052602,abc_d_fresh_sequence_1000seq_seed2026052602,866,4,0
X-VLA,2026052602,abc_d_fresh_sequence_1000seq_seed2026052602,867,5,1
X-VLA,2026052602,abc_d_fresh_sequence_1000seq_seed2026052602,868,5,1
X-VLA,2026052602,abc_d_fresh_sequence_1000seq_seed2026052602,869,5,1
X-VLA,2026052602,abc_d_fresh_sequence_1000seq_seed2026052602,870,5,1
X-VLA,2026052602,abc_d_fresh_sequence_1000seq_seed2026052602,871,5,1
X-VLA,2026052602,abc_d_fresh_sequence_1000seq_seed2026052602,872,5,1
X-VLA,2026052602,abc_d_fresh_sequence_1000seq_seed2026052602,873,5,1
X-VLA,2026052602,abc_d_fresh_sequence_1000seq_seed2026052602,874,5,1
X-VLA,2026052602,abc_d_fresh_sequence_1000seq_seed2026052602,875,5,1
X-VLA,2026052602,abc_d_fresh_sequence_1000seq_seed2026052602,876,4,0
X-VLA,2026052602,abc_d_fresh_sequence_1000seq_seed2026052602,877,0,0
X-VLA,2026052602,abc_d_fresh_sequence_1000seq_seed2026052602,878,5,1
X-VLA,2026052602,abc_d_fresh_sequence_1000seq_seed2026052602,879,5,1
X-VLA,2026052602,abc_d_fresh_sequence_1000seq_seed2026052602,880,5,1
X-VLA,2026052602,abc_d_fresh_sequence_1000seq_seed2026052602,881,5,1
X-VLA,2026052602,abc_d_fresh_sequence_1000seq_seed2026052602,882,5,1
X-VLA,2026052602,abc_d_fresh_sequence_1000seq_seed2026052602,883,5,1
X-VLA,2026052602,abc_d_fresh_sequence_1000seq_seed2026052602,884,0,0
X-VLA,2026052602,abc_d_fresh_sequence_1000seq_seed2026052602,885,5,1
X-VLA,2026052602,abc_d_fresh_sequence_1000seq_seed2026052602,886,4,0
X-VLA,2026052602,abc_d_fresh_sequence_1000seq_seed2026052602,887,5,1
X-VLA,2026052602,abc_d_fresh_sequence_1000seq_seed2026052602,888,2,0
X-VLA,2026052602,abc_d_fresh_sequence_1000seq_seed2026052602,889,5,1
X-VLA,2026052602,abc_d_fresh_sequence_1000seq_seed2026052602,890,5,1
X-VLA,2026052602,abc_d_fresh_sequence_1000seq_seed2026052602,891,5,1
X-VLA,2026052602,abc_d_fresh_sequence_1000seq_seed2026052602,892,3,0
X-VLA,2026052602,abc_d_fresh_sequence_1000seq_seed2026052602,893,3,0
X-VLA,2026052602,abc_d_fresh_sequence_1000seq_seed2026052602,894,5,1
X-VLA,2026052602,abc_d_fresh_sequence_1000seq_seed2026052602,895,5,1
X-VLA,2026052602,abc_d_fresh_sequence_1000seq_seed2026052602,896,5,1
X-VLA,2026052602,abc_d_fresh_sequence_1000seq_seed2026052602,897,5,1
X-VLA,2026052602,abc_d_fresh_sequence_1000seq_seed2026052602,898,5,1
X-VLA,2026052602,abc_d_fresh_sequence_1000seq_seed2026052602,899,5,1
X-VLA,2026052602,abc_d_fresh_sequence_1000seq_seed2026052602,900,5,1
X-VLA,2026052602,abc_d_fresh_sequence_1000seq_seed2026052602,901,4,0
X-VLA,2026052602,abc_d_fresh_sequence_1000seq_seed2026052602,902,5,1
X-VLA,2026052602,abc_d_fresh_sequence_1000seq_seed2026052602,903,5,1
X-VLA,2026052602,abc_d_fresh_sequence_1000seq_seed2026052602,904,5,1
X-VLA,2026052602,abc_d_fresh_sequence_1000seq_seed2026052602,905,5,1
X-VLA,2026052602,abc_d_fresh_sequence_1000seq_seed2026052602,906,5,1
X-VLA,2026052602,abc_d_fresh_sequence_1000seq_seed2026052602,907,0,0
X-VLA,2026052602,abc_d_fresh_sequence_1000seq_seed2026052602,908,5,1
X-VLA,2026052602,abc_d_fresh_sequence_1000seq_seed2026052602,909,5,1
X-VLA,2026052602,abc_d_fresh_sequence_1000seq_seed2026052602,910,5,1
X-VLA,2026052602,abc_d_fresh_sequence_1000seq_seed2026052602,911,1,0
X-VLA,2026052602,abc_d_fresh_sequence_1000seq_seed2026052602,912,3,0
X-VLA,2026052602,abc_d_fresh_sequence_1000seq_seed2026052602,913,5,1
X-VLA,2026052602,abc_d_fresh_sequence_1000seq_seed2026052602,914,5,1
X-VLA,2026052602,abc_d_fresh_sequence_1000seq_seed2026052602,915,3,0
X-VLA,2026052602,abc_d_fresh_sequence_1000seq_seed2026052602,916,5,1
X-VLA,2026052602,abc_d_fresh_sequence_1000seq_seed2026052602,917,5,1
X-VLA,2026052602,abc_d_fresh_sequence_1000seq_seed2026052602,918,1,0
X-VLA,2026052602,abc_d_fresh_sequence_1000seq_seed2026052602,919,5,1
X-VLA,2026052602,abc_d_fresh_sequence_1000seq_seed2026052602,920,5,1
X-VLA,2026052602,abc_d_fresh_sequence_1000seq_seed2026052602,921,5,1
X-VLA,2026052602,abc_d_fresh_sequence_1000seq_seed2026052602,922,0,0
X-VLA,2026052602,abc_d_fresh_sequence_1000seq_seed2026052602,923,5,1
X-VLA,2026052602,abc_d_fresh_sequence_1000seq_seed2026052602,924,5,1
X-VLA,2026052602,abc_d_fresh_sequence_1000seq_seed2026052602,925,5,1
X-VLA,2026052602,abc_d_fresh_sequence_1000seq_seed2026052602,926,5,1
X-VLA,2026052602,abc_d_fresh_sequence_1000seq_seed2026052602,927,5,1
X-VLA,2026052602,abc_d_fresh_sequence_1000seq_seed2026052602,928,2,0
X-VLA,2026052602,abc_d_fresh_sequence_1000seq_seed2026052602,929,5,1
X-VLA,2026052602,abc_d_fresh_sequence_1000seq_seed2026052602,930,5,1
X-VLA,2026052602,abc_d_fresh_sequence_1000seq_seed2026052602,931,5,1
X-VLA,2026052602,abc_d_fresh_sequence_1000seq_seed2026052602,932,5,1
X-VLA,2026052602,abc_d_fresh_sequence_1000seq_seed2026052602,933,0,0
X-VLA,2026052602,abc_d_fresh_sequence_1000seq_seed2026052602,934,0,0
X-VLA,2026052602,abc_d_fresh_sequence_1000seq_seed2026052602,935,3,0
X-VLA,2026052602,abc_d_fresh_sequence_1000seq_seed2026052602,936,5,1
X-VLA,2026052602,abc_d_fresh_sequence_1000seq_seed2026052602,937,5,1
X-VLA,2026052602,abc_d_fresh_sequence_1000seq_seed2026052602,938,5,1
X-VLA,2026052602,abc_d_fresh_sequence_1000seq_seed2026052602,939,4,0
X-VLA,2026052602,abc_d_fresh_sequence_1000seq_seed2026052602,940,5,1
X-VLA,2026052602,abc_d_fresh_sequence_1000seq_seed2026052602,941,5,1
X-VLA,2026052602,abc_d_fresh_sequence_1000seq_seed2026052602,942,5,1
X-VLA,2026052602,abc_d_fresh_sequence_1000seq_seed2026052602,943,5,1
X-VLA,2026052602,abc_d_fresh_sequence_1000seq_seed2026052602,944,5,1
X-VLA,2026052602,abc_d_fresh_sequence_1000seq_seed2026052602,945,5,1
X-VLA,2026052602,abc_d_fresh_sequence_1000seq_seed2026052602,946,5,1
X-VLA,2026052602,abc_d_fresh_sequence_1000seq_seed2026052602,947,5,1
X-VLA,2026052602,abc_d_fresh_sequence_1000seq_seed2026052602,948,5,1
X-VLA,2026052602,abc_d_fresh_sequence_1000seq_seed2026052602,949,5,1
X-VLA,2026052602,abc_d_fresh_sequence_1000seq_seed2026052602,950,2,0
X-VLA,2026052602,abc_d_fresh_sequence_1000seq_seed2026052602,951,5,1
X-VLA,2026052602,abc_d_fresh_sequence_1000seq_seed2026052602,952,1,0
X-VLA,2026052602,abc_d_fresh_sequence_1000seq_seed2026052602,953,5,1
X-VLA,2026052602,abc_d_fresh_sequence_1000seq_seed2026052602,954,5,1
X-VLA,2026052602,abc_d_fresh_sequence_1000seq_seed2026052602,955,3,0
X-VLA,2026052602,abc_d_fresh_sequence_1000seq_seed2026052602,956,5,1
X-VLA,2026052602,abc_d_fresh_sequence_1000seq_seed2026052602,957,5,1
X-VLA,2026052602,abc_d_fresh_sequence_1000seq_seed2026052602,958,5,1
X-VLA,2026052602,abc_d_fresh_sequence_1000seq_seed2026052602,959,5,1
X-VLA,2026052602,abc_d_fresh_sequence_1000seq_seed2026052602,960,5,1
X-VLA,2026052602,abc_d_fresh_sequence_1000seq_seed2026052602,961,5,1
X-VLA,2026052602,abc_d_fresh_sequence_1000seq_seed2026052602,962,4,0
X-VLA,2026052602,abc_d_fresh_sequence_1000seq_seed2026052602,963,1,0
X-VLA,2026052602,abc_d_fresh_sequence_1000seq_seed2026052602,964,5,1
X-VLA,2026052602,abc_d_fresh_sequence_1000seq_seed2026052602,965,5,1
X-VLA,2026052602,abc_d_fresh_sequence_1000seq_seed2026052602,966,5,1
X-VLA,2026052602,abc_d_fresh_sequence_1000seq_seed2026052602,967,5,1
X-VLA,2026052602,abc_d_fresh_sequence_1000seq_seed2026052602,968,1,0
X-VLA,2026052602,abc_d_fresh_sequence_1000seq_seed2026052602,969,5,1
X-VLA,2026052602,abc_d_fresh_sequence_1000seq_seed2026052602,970,5,1
X-VLA,2026052602,abc_d_fresh_sequence_1000seq_seed2026052602,971,5,1
X-VLA,2026052602,abc_d_fresh_sequence_1000seq_seed2026052602,972,5,1
X-VLA,2026052602,abc_d_fresh_sequence_1000seq_seed2026052602,973,5,1
X-VLA,2026052602,abc_d_fresh_sequence_1000seq_seed2026052602,974,5,1
X-VLA,2026052602,abc_d_fresh_sequence_1000seq_seed2026052602,975,2,0
X-VLA,2026052602,abc_d_fresh_sequence_1000seq_seed2026052602,976,5,1
X-VLA,2026052602,abc_d_fresh_sequence_1000seq_seed2026052602,977,4,0
X-VLA,2026052602,abc_d_fresh_sequence_1000seq_seed2026052602,978,5,1
X-VLA,2026052602,abc_d_fresh_sequence_1000seq_seed2026052602,979,5,1
X-VLA,2026052602,abc_d_fresh_sequence_1000seq_seed2026052602,980,5,1
X-VLA,2026052602,abc_d_fresh_sequence_1000seq_seed2026052602,981,5,1
X-VLA,2026052602,abc_d_fresh_sequence_1000seq_seed2026052602,982,2,0
X-VLA,2026052602,abc_d_fresh_sequence_1000seq_seed2026052602,983,5,1
X-VLA,2026052602,abc_d_fresh_sequence_1000seq_seed2026052602,984,4,0
X-VLA,2026052602,abc_d_fresh_sequence_1000seq_seed2026052602,985,5,1
X-VLA,2026052602,abc_d_fresh_sequence_1000seq_seed2026052602,986,2,0
X-VLA,2026052602,abc_d_fresh_sequence_1000seq_seed2026052602,987,5,1
X-VLA,2026052602,abc_d_fresh_sequence_1000seq_seed2026052602,988,5,1
X-VLA,2026052602,abc_d_fresh_sequence_1000seq_seed2026052602,989,5,1
X-VLA,2026052602,abc_d_fresh_sequence_1000seq_seed2026052602,990,5,1
X-VLA,2026052602,abc_d_fresh_sequence_1000seq_seed2026052602,991,5,1
X-VLA,2026052602,abc_d_fresh_sequence_1000seq_seed2026052602,992,4,0
X-VLA,2026052602,abc_d_fresh_sequence_1000seq_seed2026052602,993,5,1
X-VLA,2026052602,abc_d_fresh_sequence_1000seq_seed2026052602,994,1,0
X-VLA,2026052602,abc_d_fresh_sequence_1000seq_seed2026052602,995,4,0
X-VLA,2026052602,abc_d_fresh_sequence_1000seq_seed2026052602,996,5,1
X-VLA,2026052602,abc_d_fresh_sequence_1000seq_seed2026052602,997,5,1
X-VLA,2026052602,abc_d_fresh_sequence_1000seq_seed2026052602,998,5,1
X-VLA,2026052602,abc_d_fresh_sequence_1000seq_seed2026052602,999,5,1
GR-1,2026052601,abc_d_fresh_sequence_1000seq_seed2026052601,0,2,0
GR-1,2026052601,abc_d_fresh_sequence_1000seq_seed2026052601,1,0,0
GR-1,2026052601,abc_d_fresh_sequence_1000seq_seed2026052601,2,5,1
GR-1,2026052601,abc_d_fresh_sequence_1000seq_seed2026052601,3,1,0
GR-1,2026052601,abc_d_fresh_sequence_1000seq_seed2026052601,4,5,1
GR-1,2026052601,abc_d_fresh_sequence_1000seq_seed2026052601,5,1,0
GR-1,2026052601,abc_d_fresh_sequence_1000seq_seed2026052601,6,2,0
GR-1,2026052601,abc_d_fresh_sequence_1000seq_seed2026052601,7,5,1
GR-1,2026052601,abc_d_fresh_sequence_1000seq_seed2026052601,8,5,1
GR-1,2026052601,abc_d_fresh_sequence_1000seq_seed2026052601,9,0,0
GR-1,2026052601,abc_d_fresh_sequence_1000seq_seed2026052601,10,0,0
GR-1,2026052601,abc_d_fresh_sequence_1000seq_seed2026052601,11,5,1
GR-1,2026052601,abc_d_fresh_sequence_1000seq_seed2026052601,12,5,1
GR-1,2026052601,abc_d_fresh_sequence_1000seq_seed2026052601,13,5,1
GR-1,2026052601,abc_d_fresh_sequence_1000seq_seed2026052601,14,5,1
GR-1,2026052601,abc_d_fresh_sequence_1000seq_seed2026052601,15,2,0
GR-1,2026052601,abc_d_fresh_sequence_1000seq_seed2026052601,16,1,0
GR-1,2026052601,abc_d_fresh_sequence_1000seq_seed2026052601,17,0,0
GR-1,2026052601,abc_d_fresh_sequence_1000seq_seed2026052601,18,5,1
GR-1,2026052601,abc_d_fresh_sequence_1000seq_seed2026052601,19,0,0
GR-1,2026052601,abc_d_fresh_sequence_1000seq_seed2026052601,20,5,1
GR-1,2026052601,abc_d_fresh_sequence_1000seq_seed2026052601,21,4,0
GR-1,2026052601,abc_d_fresh_sequence_1000seq_seed2026052601,22,5,1
GR-1,2026052601,abc_d_fresh_sequence_1000seq_seed2026052601,23,0,0
GR-1,2026052601,abc_d_fresh_sequence_1000seq_seed2026052601,24,5,1
GR-1,2026052601,abc_d_fresh_sequence_1000seq_seed2026052601,25,5,1
GR-1,2026052601,abc_d_fresh_sequence_1000seq_seed2026052601,26,5,1
GR-1,2026052601,abc_d_fresh_sequence_1000seq_seed2026052601,27,3,0
GR-1,2026052601,abc_d_fresh_sequence_1000seq_seed2026052601,28,5,1
GR-1,2026052601,abc_d_fresh_sequence_1000seq_seed2026052601,29,5,1
GR-1,2026052601,abc_d_fresh_sequence_1000seq_seed2026052601,30,0,0
GR-1,2026052601,abc_d_fresh_sequence_1000seq_seed2026052601,31,4,0
GR-1,2026052601,abc_d_fresh_sequence_1000seq_seed2026052601,32,5,1
GR-1,2026052601,abc_d_fresh_sequence_1000seq_seed2026052601,33,5,1
GR-1,2026052601,abc_d_fresh_sequence_1000seq_seed2026052601,34,0,0
GR-1,2026052601,abc_d_fresh_sequence_1000seq_seed2026052601,35,0,0
GR-1,2026052601,abc_d_fresh_sequence_1000seq_seed2026052601,36,3,0
GR-1,2026052601,abc_d_fresh_sequence_1000seq_seed2026052601,37,5,1
GR-1,2026052601,abc_d_fresh_sequence_1000seq_seed2026052601,38,0,0
GR-1,2026052601,abc_d_fresh_sequence_1000seq_seed2026052601,39,5,1
GR-1,2026052601,abc_d_fresh_sequence_1000seq_seed2026052601,40,5,1
GR-1,2026052601,abc_d_fresh_sequence_1000seq_seed2026052601,41,0,0
GR-1,2026052601,abc_d_fresh_sequence_1000seq_seed2026052601,42,2,0
GR-1,2026052601,abc_d_fresh_sequence_1000seq_seed2026052601,43,4,0
GR-1,2026052601,abc_d_fresh_sequence_1000seq_seed2026052601,44,3,0
GR-1,2026052601,abc_d_fresh_sequence_1000seq_seed2026052601,45,5,1
GR-1,2026052601,abc_d_fresh_sequence_1000seq_seed2026052601,46,5,1
GR-1,2026052601,abc_d_fresh_sequence_1000seq_seed2026052601,47,2,0
GR-1,2026052601,abc_d_fresh_sequence_1000seq_seed2026052601,48,3,0
GR-1,2026052601,abc_d_fresh_sequence_1000seq_seed2026052601,49,5,1
GR-1,2026052601,abc_d_fresh_sequence_1000seq_seed2026052601,50,3,0
GR-1,2026052601,abc_d_fresh_sequence_1000seq_seed2026052601,51,0,0
GR-1,2026052601,abc_d_fresh_sequence_1000seq_seed2026052601,52,3,0
GR-1,2026052601,abc_d_fresh_sequence_1000seq_seed2026052601,53,3,0
GR-1,2026052601,abc_d_fresh_sequence_1000seq_seed2026052601,54,5,1
GR-1,2026052601,abc_d_fresh_sequence_1000seq_seed2026052601,55,0,0
GR-1,2026052601,abc_d_fresh_sequence_1000seq_seed2026052601,56,5,1
GR-1,2026052601,abc_d_fresh_sequence_1000seq_seed2026052601,57,5,1
GR-1,2026052601,abc_d_fresh_sequence_1000seq_seed2026052601,58,5,1
GR-1,2026052601,abc_d_fresh_sequence_1000seq_seed2026052601,59,3,0
GR-1,2026052601,abc_d_fresh_sequence_1000seq_seed2026052601,60,5,1
GR-1,2026052601,abc_d_fresh_sequence_1000seq_seed2026052601,61,5,1
GR-1,2026052601,abc_d_fresh_sequence_1000seq_seed2026052601,62,2,0
GR-1,2026052601,abc_d_fresh_sequence_1000seq_seed2026052601,63,0,0
GR-1,2026052601,abc_d_fresh_sequence_1000seq_seed2026052601,64,2,0
GR-1,2026052601,abc_d_fresh_sequence_1000seq_seed2026052601,65,1,0
GR-1,2026052601,abc_d_fresh_sequence_1000seq_seed2026052601,66,5,1
GR-1,2026052601,abc_d_fresh_sequence_1000seq_seed2026052601,67,1,0
GR-1,2026052601,abc_d_fresh_sequence_1000seq_seed2026052601,68,0,0
GR-1,2026052601,abc_d_fresh_sequence_1000seq_seed2026052601,69,0,0
GR-1,2026052601,abc_d_fresh_sequence_1000seq_seed2026052601,70,5,1
GR-1,2026052601,abc_d_fresh_sequence_1000seq_seed2026052601,71,2,0
GR-1,2026052601,abc_d_fresh_sequence_1000seq_seed2026052601,72,3,0
GR-1,2026052601,abc_d_fresh_sequence_1000seq_seed2026052601,73,5,1
GR-1,2026052601,abc_d_fresh_sequence_1000seq_seed2026052601,74,3,0
GR-1,2026052601,abc_d_fresh_sequence_1000seq_seed2026052601,75,2,0
GR-1,2026052601,abc_d_fresh_sequence_1000seq_seed2026052601,76,2,0
GR-1,2026052601,abc_d_fresh_sequence_1000seq_seed2026052601,77,1,0
GR-1,2026052601,abc_d_fresh_sequence_1000seq_seed2026052601,78,5,1
GR-1,2026052601,abc_d_fresh_sequence_1000seq_seed2026052601,79,5,1
GR-1,2026052601,abc_d_fresh_sequence_1000seq_seed2026052601,80,2,0
GR-1,2026052601,abc_d_fresh_sequence_1000seq_seed2026052601,81,5,1
GR-1,2026052601,abc_d_fresh_sequence_1000seq_seed2026052601,82,5,1
GR-1,2026052601,abc_d_fresh_sequence_1000seq_seed2026052601,83,3,0
GR-1,2026052601,abc_d_fresh_sequence_1000seq_seed2026052601,84,4,0
GR-1,2026052601,abc_d_fresh_sequence_1000seq_seed2026052601,85,0,0
GR-1,2026052601,abc_d_fresh_sequence_1000seq_seed2026052601,86,0,0
GR-1,2026052601,abc_d_fresh_sequence_1000seq_seed2026052601,87,0,0
GR-1,2026052601,abc_d_fresh_sequence_1000seq_seed2026052601,88,5,1
GR-1,2026052601,abc_d_fresh_sequence_1000seq_seed2026052601,89,4,0
GR-1,2026052601,abc_d_fresh_sequence_1000seq_seed2026052601,90,0,0
GR-1,2026052601,abc_d_fresh_sequence_1000seq_seed2026052601,91,5,1
GR-1,2026052601,abc_d_fresh_sequence_1000seq_seed2026052601,92,5,1
GR-1,2026052601,abc_d_fresh_sequence_1000seq_seed2026052601,93,1,0
GR-1,2026052601,abc_d_fresh_sequence_1000seq_seed2026052601,94,5,1
GR-1,2026052601,abc_d_fresh_sequence_1000seq_seed2026052601,95,1,0
GR-1,2026052601,abc_d_fresh_sequence_1000seq_seed2026052601,96,3,0
GR-1,2026052601,abc_d_fresh_sequence_1000seq_seed2026052601,97,0,0
GR-1,2026052601,abc_d_fresh_sequence_1000seq_seed2026052601,98,5,1
GR-1,2026052601,abc_d_fresh_sequence_1000seq_seed2026052601,99,0,0
GR-1,2026052601,abc_d_fresh_sequence_1000seq_seed2026052601,100,5,1
GR-1,2026052601,abc_d_fresh_sequence_1000seq_seed2026052601,101,4,0
GR-1,2026052601,abc_d_fresh_sequence_1000seq_seed2026052601,102,5,1
GR-1,2026052601,abc_d_fresh_sequence_1000seq_seed2026052601,103,5,1
GR-1,2026052601,abc_d_fresh_sequence_1000seq_seed2026052601,104,5,1
GR-1,2026052601,abc_d_fresh_sequence_1000seq_seed2026052601,105,5,1
GR-1,2026052601,abc_d_fresh_sequence_1000seq_seed2026052601,106,4,0
GR-1,2026052601,abc_d_fresh_sequence_1000seq_seed2026052601,107,5,1
GR-1,2026052601,abc_d_fresh_sequence_1000seq_seed2026052601,108,4,0
GR-1,2026052601,abc_d_fresh_sequence_1000seq_seed2026052601,109,0,0
GR-1,2026052601,abc_d_fresh_sequence_1000seq_seed2026052601,110,2,0
GR-1,2026052601,abc_d_fresh_sequence_1000seq_seed2026052601,111,5,1
GR-1,2026052601,abc_d_fresh_sequence_1000seq_seed2026052601,112,2,0
GR-1,2026052601,abc_d_fresh_sequence_1000seq_seed2026052601,113,5,1
GR-1,2026052601,abc_d_fresh_sequence_1000seq_seed2026052601,114,0,0
GR-1,2026052601,abc_d_fresh_sequence_1000seq_seed2026052601,115,5,1
GR-1,2026052601,abc_d_fresh_sequence_1000seq_seed2026052601,116,5,1
GR-1,2026052601,abc_d_fresh_sequence_1000seq_seed2026052601,117,5,1
GR-1,2026052601,abc_d_fresh_sequence_1000seq_seed2026052601,118,4,0
GR-1,2026052601,abc_d_fresh_sequence_1000seq_seed2026052601,119,5,1
GR-1,2026052601,abc_d_fresh_sequence_1000seq_seed2026052601,120,3,0
GR-1,2026052601,abc_d_fresh_sequence_1000seq_seed2026052601,121,0,0
GR-1,2026052601,abc_d_fresh_sequence_1000seq_seed2026052601,122,0,0
GR-1,2026052601,abc_d_fresh_sequence_1000seq_seed2026052601,123,5,1
GR-1,2026052601,abc_d_fresh_sequence_1000seq_seed2026052601,124,3,0
GR-1,2026052601,abc_d_fresh_sequence_1000seq_seed2026052601,125,4,0
GR-1,2026052601,abc_d_fresh_sequence_1000seq_seed2026052601,126,5,1
GR-1,2026052601,abc_d_fresh_sequence_1000seq_seed2026052601,127,5,1
GR-1,2026052601,abc_d_fresh_sequence_1000seq_seed2026052601,128,5,1
GR-1,2026052601,abc_d_fresh_sequence_1000seq_seed2026052601,129,2,0
GR-1,2026052601,abc_d_fresh_sequence_1000seq_seed2026052601,130,0,0
GR-1,2026052601,abc_d_fresh_sequence_1000seq_seed2026052601,131,5,1
GR-1,2026052601,abc_d_fresh_sequence_1000seq_seed2026052601,132,5,1
GR-1,2026052601,abc_d_fresh_sequence_1000seq_seed2026052601,133,2,0
GR-1,2026052601,abc_d_fresh_sequence_1000seq_seed2026052601,134,4,0
GR-1,2026052601,abc_d_fresh_sequence_1000seq_seed2026052601,135,4,0
GR-1,2026052601,abc_d_fresh_sequence_1000seq_seed2026052601,136,1,0
GR-1,2026052601,abc_d_fresh_sequence_1000seq_seed2026052601,137,0,0
GR-1,2026052601,abc_d_fresh_sequence_1000seq_seed2026052601,138,3,0
GR-1,2026052601,abc_d_fresh_sequence_1000seq_seed2026052601,139,2,0
GR-1,2026052601,abc_d_fresh_sequence_1000seq_seed2026052601,140,5,1
GR-1,2026052601,abc_d_fresh_sequence_1000seq_seed2026052601,141,5,1
GR-1,2026052601,abc_d_fresh_sequence_1000seq_seed2026052601,142,5,1
GR-1,2026052601,abc_d_fresh_sequence_1000seq_seed2026052601,143,3,0
GR-1,2026052601,abc_d_fresh_sequence_1000seq_seed2026052601,144,2,0
GR-1,2026052601,abc_d_fresh_sequence_1000seq_seed2026052601,145,5,1
GR-1,2026052601,abc_d_fresh_sequence_1000seq_seed2026052601,146,2,0
GR-1,2026052601,abc_d_fresh_sequence_1000seq_seed2026052601,147,5,1
GR-1,2026052601,abc_d_fresh_sequence_1000seq_seed2026052601,148,5,1
GR-1,2026052601,abc_d_fresh_sequence_1000seq_seed2026052601,149,5,1
GR-1,2026052601,abc_d_fresh_sequence_1000seq_seed2026052601,150,1,0
GR-1,2026052601,abc_d_fresh_sequence_1000seq_seed2026052601,151,2,0
GR-1,2026052601,abc_d_fresh_sequence_1000seq_seed2026052601,152,4,0
GR-1,2026052601,abc_d_fresh_sequence_1000seq_seed2026052601,153,5,1
GR-1,2026052601,abc_d_fresh_sequence_1000seq_seed2026052601,154,5,1
GR-1,2026052601,abc_d_fresh_sequence_1000seq_seed2026052601,155,4,0
GR-1,2026052601,abc_d_fresh_sequence_1000seq_seed2026052601,156,1,0
GR-1,2026052601,abc_d_fresh_sequence_1000seq_seed2026052601,157,5,1
GR-1,2026052601,abc_d_fresh_sequence_1000seq_seed2026052601,158,5,1
GR-1,2026052601,abc_d_fresh_sequence_1000seq_seed2026052601,159,5,1
GR-1,2026052601,abc_d_fresh_sequence_1000seq_seed2026052601,160,2,0
GR-1,2026052601,abc_d_fresh_sequence_1000seq_seed2026052601,161,0,0
GR-1,2026052601,abc_d_fresh_sequence_1000seq_seed2026052601,162,1,0
GR-1,2026052601,abc_d_fresh_sequence_1000seq_seed2026052601,163,5,1
GR-1,2026052601,abc_d_fresh_sequence_1000seq_seed2026052601,164,1,0
GR-1,2026052601,abc_d_fresh_sequence_1000seq_seed2026052601,165,1,0
GR-1,2026052601,abc_d_fresh_sequence_1000seq_seed2026052601,166,0,0
GR-1,2026052601,abc_d_fresh_sequence_1000seq_seed2026052601,167,5,1
GR-1,2026052601,abc_d_fresh_sequence_1000seq_seed2026052601,168,5,1
GR-1,2026052601,abc_d_fresh_sequence_1000seq_seed2026052601,169,0,0
GR-1,2026052601,abc_d_fresh_sequence_1000seq_seed2026052601,170,0,0
GR-1,2026052601,abc_d_fresh_sequence_1000seq_seed2026052601,171,5,1
GR-1,2026052601,abc_d_fresh_sequence_1000seq_seed2026052601,172,0,0
GR-1,2026052601,abc_d_fresh_sequence_1000seq_seed2026052601,173,3,0
GR-1,2026052601,abc_d_fresh_sequence_1000seq_seed2026052601,174,1,0
GR-1,2026052601,abc_d_fresh_sequence_1000seq_seed2026052601,175,5,1
GR-1,2026052601,abc_d_fresh_sequence_1000seq_seed2026052601,176,5,1
GR-1,2026052601,abc_d_fresh_sequence_1000seq_seed2026052601,177,5,1
GR-1,2026052601,abc_d_fresh_sequence_1000seq_seed2026052601,178,5,1
GR-1,2026052601,abc_d_fresh_sequence_1000seq_seed2026052601,179,5,1
GR-1,2026052601,abc_d_fresh_sequence_1000seq_seed2026052601,180,5,1
GR-1,2026052601,abc_d_fresh_sequence_1000seq_seed2026052601,181,0,0
GR-1,2026052601,abc_d_fresh_sequence_1000seq_seed2026052601,182,0,0
GR-1,2026052601,abc_d_fresh_sequence_1000seq_seed2026052601,183,5,1
GR-1,2026052601,abc_d_fresh_sequence_1000seq_seed2026052601,184,4,0
GR-1,2026052601,abc_d_fresh_sequence_1000seq_seed2026052601,185,5,1
GR-1,2026052601,abc_d_fresh_sequence_1000seq_seed2026052601,186,0,0
GR-1,2026052601,abc_d_fresh_sequence_1000seq_seed2026052601,187,5,1
GR-1,2026052601,abc_d_fresh_sequence_1000seq_seed2026052601,188,0,0
GR-1,2026052601,abc_d_fresh_sequence_1000seq_seed2026052601,189,5,1
GR-1,2026052601,abc_d_fresh_sequence_1000seq_seed2026052601,190,5,1
GR-1,2026052601,abc_d_fresh_sequence_1000seq_seed2026052601,191,2,0
GR-1,2026052601,abc_d_fresh_sequence_1000seq_seed2026052601,192,5,1
GR-1,2026052601,abc_d_fresh_sequence_1000seq_seed2026052601,193,1,0
GR-1,2026052601,abc_d_fresh_sequence_1000seq_seed2026052601,194,0,0
GR-1,2026052601,abc_d_fresh_sequence_1000seq_seed2026052601,195,5,1
GR-1,2026052601,abc_d_fresh_sequence_1000seq_seed2026052601,196,5,1
GR-1,2026052601,abc_d_fresh_sequence_1000seq_seed2026052601,197,4,0
GR-1,2026052601,abc_d_fresh_sequence_1000seq_seed2026052601,198,1,0
GR-1,2026052601,abc_d_fresh_sequence_1000seq_seed2026052601,199,1,0
GR-1,2026052601,abc_d_fresh_sequence_1000seq_seed2026052601,200,4,0
GR-1,2026052601,abc_d_fresh_sequence_1000seq_seed2026052601,201,5,1
GR-1,2026052601,abc_d_fresh_sequence_1000seq_seed2026052601,202,5,1
GR-1,2026052601,abc_d_fresh_sequence_1000seq_seed2026052601,203,4,0
GR-1,2026052601,abc_d_fresh_sequence_1000seq_seed2026052601,204,2,0
GR-1,2026052601,abc_d_fresh_sequence_1000seq_seed2026052601,205,5,1
GR-1,2026052601,abc_d_fresh_sequence_1000seq_seed2026052601,206,1,0
GR-1,2026052601,abc_d_fresh_sequence_1000seq_seed2026052601,207,0,0
GR-1,2026052601,abc_d_fresh_sequence_1000seq_seed2026052601,208,5,1
GR-1,2026052601,abc_d_fresh_sequence_1000seq_seed2026052601,209,5,1
GR-1,2026052601,abc_d_fresh_sequence_1000seq_seed2026052601,210,1,0
GR-1,2026052601,abc_d_fresh_sequence_1000seq_seed2026052601,211,3,0
GR-1,2026052601,abc_d_fresh_sequence_1000seq_seed2026052601,212,1,0
GR-1,2026052601,abc_d_fresh_sequence_1000seq_seed2026052601,213,5,1
GR-1,2026052601,abc_d_fresh_sequence_1000seq_seed2026052601,214,0,0
GR-1,2026052601,abc_d_fresh_sequence_1000seq_seed2026052601,215,0,0
GR-1,2026052601,abc_d_fresh_sequence_1000seq_seed2026052601,216,2,0
GR-1,2026052601,abc_d_fresh_sequence_1000seq_seed2026052601,217,3,0
GR-1,2026052601,abc_d_fresh_sequence_1000seq_seed2026052601,218,1,0
GR-1,2026052601,abc_d_fresh_sequence_1000seq_seed2026052601,219,1,0
GR-1,2026052601,abc_d_fresh_sequence_1000seq_seed2026052601,220,5,1
GR-1,2026052601,abc_d_fresh_sequence_1000seq_seed2026052601,221,3,0
GR-1,2026052601,abc_d_fresh_sequence_1000seq_seed2026052601,222,1,0
GR-1,2026052601,abc_d_fresh_sequence_1000seq_seed2026052601,223,3,0
GR-1,2026052601,abc_d_fresh_sequence_1000seq_seed2026052601,224,5,1
GR-1,2026052601,abc_d_fresh_sequence_1000seq_seed2026052601,225,5,1
GR-1,2026052601,abc_d_fresh_sequence_1000seq_seed2026052601,226,1,0
GR-1,2026052601,abc_d_fresh_sequence_1000seq_seed2026052601,227,5,1
GR-1,2026052601,abc_d_fresh_sequence_1000seq_seed2026052601,228,5,1
GR-1,2026052601,abc_d_fresh_sequence_1000seq_seed2026052601,229,0,0
GR-1,2026052601,abc_d_fresh_sequence_1000seq_seed2026052601,230,5,1
GR-1,2026052601,abc_d_fresh_sequence_1000seq_seed2026052601,231,1,0
GR-1,2026052601,abc_d_fresh_sequence_1000seq_seed2026052601,232,3,0
GR-1,2026052601,abc_d_fresh_sequence_1000seq_seed2026052601,233,1,0
GR-1,2026052601,abc_d_fresh_sequence_1000seq_seed2026052601,234,5,1
GR-1,2026052601,abc_d_fresh_sequence_1000seq_seed2026052601,235,3,0
GR-1,2026052601,abc_d_fresh_sequence_1000seq_seed2026052601,236,5,1
GR-1,2026052601,abc_d_fresh_sequence_1000seq_seed2026052601,237,0,0
GR-1,2026052601,abc_d_fresh_sequence_1000seq_seed2026052601,238,1,0
GR-1,2026052601,abc_d_fresh_sequence_1000seq_seed2026052601,239,5,1
GR-1,2026052601,abc_d_fresh_sequence_1000seq_seed2026052601,240,0,0
GR-1,2026052601,abc_d_fresh_sequence_1000seq_seed2026052601,241,2,0
GR-1,2026052601,abc_d_fresh_sequence_1000seq_seed2026052601,242,3,0
GR-1,2026052601,abc_d_fresh_sequence_1000seq_seed2026052601,243,3,0
GR-1,2026052601,abc_d_fresh_sequence_1000seq_seed2026052601,244,3,0
GR-1,2026052601,abc_d_fresh_sequence_1000seq_seed2026052601,245,3,0
GR-1,2026052601,abc_d_fresh_sequence_1000seq_seed2026052601,246,2,0
GR-1,2026052601,abc_d_fresh_sequence_1000seq_seed2026052601,247,5,1
GR-1,2026052601,abc_d_fresh_sequence_1000seq_seed2026052601,248,1,0
GR-1,2026052601,abc_d_fresh_sequence_1000seq_seed2026052601,249,2,0
GR-1,2026052601,abc_d_fresh_sequence_1000seq_seed2026052601,250,5,1
GR-1,2026052601,abc_d_fresh_sequence_1000seq_seed2026052601,251,5,1
GR-1,2026052601,abc_d_fresh_sequence_1000seq_seed2026052601,252,5,1
GR-1,2026052601,abc_d_fresh_sequence_1000seq_seed2026052601,253,2,0
GR-1,2026052601,abc_d_fresh_sequence_1000seq_seed2026052601,254,5,1
GR-1,2026052601,abc_d_fresh_sequence_1000seq_seed2026052601,255,1,0
GR-1,2026052601,abc_d_fresh_sequence_1000seq_seed2026052601,256,0,0
GR-1,2026052601,abc_d_fresh_sequence_1000seq_seed2026052601,257,3,0
GR-1,2026052601,abc_d_fresh_sequence_1000seq_seed2026052601,258,5,1
GR-1,2026052601,abc_d_fresh_sequence_1000seq_seed2026052601,259,3,0
GR-1,2026052601,abc_d_fresh_sequence_1000seq_seed2026052601,260,0,0
GR-1,2026052601,abc_d_fresh_sequence_1000seq_seed2026052601,261,3,0
GR-1,2026052601,abc_d_fresh_sequence_1000seq_seed2026052601,262,5,1
GR-1,2026052601,abc_d_fresh_sequence_1000seq_seed2026052601,263,5,1
GR-1,2026052601,abc_d_fresh_sequence_1000seq_seed2026052601,264,2,0
GR-1,2026052601,abc_d_fresh_sequence_1000seq_seed2026052601,265,3,0
GR-1,2026052601,abc_d_fresh_sequence_1000seq_seed2026052601,266,2,0
GR-1,2026052601,abc_d_fresh_sequence_1000seq_seed2026052601,267,5,1
GR-1,2026052601,abc_d_fresh_sequence_1000seq_seed2026052601,268,0,0
GR-1,2026052601,abc_d_fresh_sequence_1000seq_seed2026052601,269,5,1
GR-1,2026052601,abc_d_fresh_sequence_1000seq_seed2026052601,270,5,1
GR-1,2026052601,abc_d_fresh_sequence_1000seq_seed2026052601,271,0,0
GR-1,2026052601,abc_d_fresh_sequence_1000seq_seed2026052601,272,0,0
GR-1,2026052601,abc_d_fresh_sequence_1000seq_seed2026052601,273,0,0
GR-1,2026052601,abc_d_fresh_sequence_1000seq_seed2026052601,274,1,0
GR-1,2026052601,abc_d_fresh_sequence_1000seq_seed2026052601,275,5,1
GR-1,2026052601,abc_d_fresh_sequence_1000seq_seed2026052601,276,2,0
GR-1,2026052601,abc_d_fresh_sequence_1000seq_seed2026052601,277,5,1
GR-1,2026052601,abc_d_fresh_sequence_1000seq_seed2026052601,278,4,0
GR-1,2026052601,abc_d_fresh_sequence_1000seq_seed2026052601,279,5,1
GR-1,2026052601,abc_d_fresh_sequence_1000seq_seed2026052601,280,0,0
GR-1,2026052601,abc_d_fresh_sequence_1000seq_seed2026052601,281,5,1
GR-1,2026052601,abc_d_fresh_sequence_1000seq_seed2026052601,282,4,0
GR-1,2026052601,abc_d_fresh_sequence_1000seq_seed2026052601,283,1,0
GR-1,2026052601,abc_d_fresh_sequence_1000seq_seed2026052601,284,1,0
GR-1,2026052601,abc_d_fresh_sequence_1000seq_seed2026052601,285,4,0
GR-1,2026052601,abc_d_fresh_sequence_1000seq_seed2026052601,286,0,0
GR-1,2026052601,abc_d_fresh_sequence_1000seq_seed2026052601,287,0,0
GR-1,2026052601,abc_d_fresh_sequence_1000seq_seed2026052601,288,0,0
GR-1,2026052601,abc_d_fresh_sequence_1000seq_seed2026052601,289,2,0
GR-1,2026052601,abc_d_fresh_sequence_1000seq_seed2026052601,290,1,0
GR-1,2026052601,abc_d_fresh_sequence_1000seq_seed2026052601,291,5,1
GR-1,2026052601,abc_d_fresh_sequence_1000seq_seed2026052601,292,1,0
GR-1,2026052601,abc_d_fresh_sequence_1000seq_seed2026052601,293,1,0
GR-1,2026052601,abc_d_fresh_sequence_1000seq_seed2026052601,294,5,1
GR-1,2026052601,abc_d_fresh_sequence_1000seq_seed2026052601,295,4,0
GR-1,2026052601,abc_d_fresh_sequence_1000seq_seed2026052601,296,5,1
GR-1,2026052601,abc_d_fresh_sequence_1000seq_seed2026052601,297,3,0
GR-1,2026052601,abc_d_fresh_sequence_1000seq_seed2026052601,298,3,0
GR-1,2026052601,abc_d_fresh_sequence_1000seq_seed2026052601,299,5,1
GR-1,2026052601,abc_d_fresh_sequence_1000seq_seed2026052601,300,1,0
GR-1,2026052601,abc_d_fresh_sequence_1000seq_seed2026052601,301,3,0
GR-1,2026052601,abc_d_fresh_sequence_1000seq_seed2026052601,302,1,0
GR-1,2026052601,abc_d_fresh_sequence_1000seq_seed2026052601,303,5,1
GR-1,2026052601,abc_d_fresh_sequence_1000seq_seed2026052601,304,5,1
GR-1,2026052601,abc_d_fresh_sequence_1000seq_seed2026052601,305,5,1
GR-1,2026052601,abc_d_fresh_sequence_1000seq_seed2026052601,306,5,1
GR-1,2026052601,abc_d_fresh_sequence_1000seq_seed2026052601,307,0,0
GR-1,2026052601,abc_d_fresh_sequence_1000seq_seed2026052601,308,3,0
GR-1,2026052601,abc_d_fresh_sequence_1000seq_seed2026052601,309,1,0
GR-1,2026052601,abc_d_fresh_sequence_1000seq_seed2026052601,310,4,0
GR-1,2026052601,abc_d_fresh_sequence_1000seq_seed2026052601,311,5,1
GR-1,2026052601,abc_d_fresh_sequence_1000seq_seed2026052601,312,3,0
GR-1,2026052601,abc_d_fresh_sequence_1000seq_seed2026052601,313,2,0
GR-1,2026052601,abc_d_fresh_sequence_1000seq_seed2026052601,314,5,1
GR-1,2026052601,abc_d_fresh_sequence_1000seq_seed2026052601,315,3,0
GR-1,2026052601,abc_d_fresh_sequence_1000seq_seed2026052601,316,5,1
GR-1,2026052601,abc_d_fresh_sequence_1000seq_seed2026052601,317,5,1
GR-1,2026052601,abc_d_fresh_sequence_1000seq_seed2026052601,318,5,1
GR-1,2026052601,abc_d_fresh_sequence_1000seq_seed2026052601,319,5,1
GR-1,2026052601,abc_d_fresh_sequence_1000seq_seed2026052601,320,5,1
GR-1,2026052601,abc_d_fresh_sequence_1000seq_seed2026052601,321,0,0
GR-1,2026052601,abc_d_fresh_sequence_1000seq_seed2026052601,322,5,1
GR-1,2026052601,abc_d_fresh_sequence_1000seq_seed2026052601,323,4,0
GR-1,2026052601,abc_d_fresh_sequence_1000seq_seed2026052601,324,2,0
GR-1,2026052601,abc_d_fresh_sequence_1000seq_seed2026052601,325,5,1
GR-1,2026052601,abc_d_fresh_sequence_1000seq_seed2026052601,326,0,0
GR-1,2026052601,abc_d_fresh_sequence_1000seq_seed2026052601,327,1,0
GR-1,2026052601,abc_d_fresh_sequence_1000seq_seed2026052601,328,5,1
GR-1,2026052601,abc_d_fresh_sequence_1000seq_seed2026052601,329,5,1
GR-1,2026052601,abc_d_fresh_sequence_1000seq_seed2026052601,330,5,1
GR-1,2026052601,abc_d_fresh_sequence_1000seq_seed2026052601,331,2,0
GR-1,2026052601,abc_d_fresh_sequence_1000seq_seed2026052601,332,2,0
GR-1,2026052601,abc_d_fresh_sequence_1000seq_seed2026052601,333,1,0
GR-1,2026052601,abc_d_fresh_sequence_1000seq_seed2026052601,334,3,0
GR-1,2026052601,abc_d_fresh_sequence_1000seq_seed2026052601,335,0,0
GR-1,2026052601,abc_d_fresh_sequence_1000seq_seed2026052601,336,4,0
GR-1,2026052601,abc_d_fresh_sequence_1000seq_seed2026052601,337,4,0
GR-1,2026052601,abc_d_fresh_sequence_1000seq_seed2026052601,338,0,0
GR-1,2026052601,abc_d_fresh_sequence_1000seq_seed2026052601,339,2,0
GR-1,2026052601,abc_d_fresh_sequence_1000seq_seed2026052601,340,5,1
GR-1,2026052601,abc_d_fresh_sequence_1000seq_seed2026052601,341,0,0
GR-1,2026052601,abc_d_fresh_sequence_1000seq_seed2026052601,342,0,0
GR-1,2026052601,abc_d_fresh_sequence_1000seq_seed2026052601,343,0,0
GR-1,2026052601,abc_d_fresh_sequence_1000seq_seed2026052601,344,5,1
GR-1,2026052601,abc_d_fresh_sequence_1000seq_seed2026052601,345,0,0
GR-1,2026052601,abc_d_fresh_sequence_1000seq_seed2026052601,346,1,0
GR-1,2026052601,abc_d_fresh_sequence_1000seq_seed2026052601,347,5,1
GR-1,2026052601,abc_d_fresh_sequence_1000seq_seed2026052601,348,4,0
GR-1,2026052601,abc_d_fresh_sequence_1000seq_seed2026052601,349,1,0
GR-1,2026052601,abc_d_fresh_sequence_1000seq_seed2026052601,350,0,0
GR-1,2026052601,abc_d_fresh_sequence_1000seq_seed2026052601,351,2,0
GR-1,2026052601,abc_d_fresh_sequence_1000seq_seed2026052601,352,5,1
GR-1,2026052601,abc_d_fresh_sequence_1000seq_seed2026052601,353,5,1
GR-1,2026052601,abc_d_fresh_sequence_1000seq_seed2026052601,354,2,0
GR-1,2026052601,abc_d_fresh_sequence_1000seq_seed2026052601,355,4,0
GR-1,2026052601,abc_d_fresh_sequence_1000seq_seed2026052601,356,5,1
GR-1,2026052601,abc_d_fresh_sequence_1000seq_seed2026052601,357,5,1
GR-1,2026052601,abc_d_fresh_sequence_1000seq_seed2026052601,358,3,0
GR-1,2026052601,abc_d_fresh_sequence_1000seq_seed2026052601,359,5,1
GR-1,2026052601,abc_d_fresh_sequence_1000seq_seed2026052601,360,5,1
GR-1,2026052601,abc_d_fresh_sequence_1000seq_seed2026052601,361,5,1
GR-1,2026052601,abc_d_fresh_sequence_1000seq_seed2026052601,362,1,0
GR-1,2026052601,abc_d_fresh_sequence_1000seq_seed2026052601,363,2,0
GR-1,2026052601,abc_d_fresh_sequence_1000seq_seed2026052601,364,2,0
GR-1,2026052601,abc_d_fresh_sequence_1000seq_seed2026052601,365,5,1
GR-1,2026052601,abc_d_fresh_sequence_1000seq_seed2026052601,366,1,0
GR-1,2026052601,abc_d_fresh_sequence_1000seq_seed2026052601,367,5,1
GR-1,2026052601,abc_d_fresh_sequence_1000seq_seed2026052601,368,1,0
GR-1,2026052601,abc_d_fresh_sequence_1000seq_seed2026052601,369,5,1
GR-1,2026052601,abc_d_fresh_sequence_1000seq_seed2026052601,370,5,1
GR-1,2026052601,abc_d_fresh_sequence_1000seq_seed2026052601,371,5,1
GR-1,2026052601,abc_d_fresh_sequence_1000seq_seed2026052601,372,5,1
GR-1,2026052601,abc_d_fresh_sequence_1000seq_seed2026052601,373,5,1
GR-1,2026052601,abc_d_fresh_sequence_1000seq_seed2026052601,374,1,0
GR-1,2026052601,abc_d_fresh_sequence_1000seq_seed2026052601,375,2,0
GR-1,2026052601,abc_d_fresh_sequence_1000seq_seed2026052601,376,2,0
GR-1,2026052601,abc_d_fresh_sequence_1000seq_seed2026052601,377,1,0
GR-1,2026052601,abc_d_fresh_sequence_1000seq_seed2026052601,378,5,1
GR-1,2026052601,abc_d_fresh_sequence_1000seq_seed2026052601,379,5,1
GR-1,2026052601,abc_d_fresh_sequence_1000seq_seed2026052601,380,5,1
GR-1,2026052601,abc_d_fresh_sequence_1000seq_seed2026052601,381,3,0
GR-1,2026052601,abc_d_fresh_sequence_1000seq_seed2026052601,382,3,0
GR-1,2026052601,abc_d_fresh_sequence_1000seq_seed2026052601,383,3,0
GR-1,2026052601,abc_d_fresh_sequence_1000seq_seed2026052601,384,0,0
GR-1,2026052601,abc_d_fresh_sequence_1000seq_seed2026052601,385,5,1
GR-1,2026052601,abc_d_fresh_sequence_1000seq_seed2026052601,386,3,0
GR-1,2026052601,abc_d_fresh_sequence_1000seq_seed2026052601,387,5,1
GR-1,2026052601,abc_d_fresh_sequence_1000seq_seed2026052601,388,5,1
GR-1,2026052601,abc_d_fresh_sequence_1000seq_seed2026052601,389,0,0
GR-1,2026052601,abc_d_fresh_sequence_1000seq_seed2026052601,390,5,1
GR-1,2026052601,abc_d_fresh_sequence_1000seq_seed2026052601,391,5,1
GR-1,2026052601,abc_d_fresh_sequence_1000seq_seed2026052601,392,5,1
GR-1,2026052601,abc_d_fresh_sequence_1000seq_seed2026052601,393,5,1
GR-1,2026052601,abc_d_fresh_sequence_1000seq_seed2026052601,394,5,1
GR-1,2026052601,abc_d_fresh_sequence_1000seq_seed2026052601,395,5,1
GR-1,2026052601,abc_d_fresh_sequence_1000seq_seed2026052601,396,2,0
GR-1,2026052601,abc_d_fresh_sequence_1000seq_seed2026052601,397,5,1
GR-1,2026052601,abc_d_fresh_sequence_1000seq_seed2026052601,398,5,1
GR-1,2026052601,abc_d_fresh_sequence_1000seq_seed2026052601,399,3,0
GR-1,2026052601,abc_d_fresh_sequence_1000seq_seed2026052601,400,4,0
GR-1,2026052601,abc_d_fresh_sequence_1000seq_seed2026052601,401,0,0
GR-1,2026052601,abc_d_fresh_sequence_1000seq_seed2026052601,402,0,0
GR-1,2026052601,abc_d_fresh_sequence_1000seq_seed2026052601,403,2,0
GR-1,2026052601,abc_d_fresh_sequence_1000seq_seed2026052601,404,2,0
GR-1,2026052601,abc_d_fresh_sequence_1000seq_seed2026052601,405,3,0
GR-1,2026052601,abc_d_fresh_sequence_1000seq_seed2026052601,406,2,0
GR-1,2026052601,abc_d_fresh_sequence_1000seq_seed2026052601,407,0,0
GR-1,2026052601,abc_d_fresh_sequence_1000seq_seed2026052601,408,0,0
GR-1,2026052601,abc_d_fresh_sequence_1000seq_seed2026052601,409,1,0
GR-1,2026052601,abc_d_fresh_sequence_1000seq_seed2026052601,410,0,0
GR-1,2026052601,abc_d_fresh_sequence_1000seq_seed2026052601,411,5,1
GR-1,2026052601,abc_d_fresh_sequence_1000seq_seed2026052601,412,0,0
GR-1,2026052601,abc_d_fresh_sequence_1000seq_seed2026052601,413,5,1
GR-1,2026052601,abc_d_fresh_sequence_1000seq_seed2026052601,414,4,0
GR-1,2026052601,abc_d_fresh_sequence_1000seq_seed2026052601,415,3,0
GR-1,2026052601,abc_d_fresh_sequence_1000seq_seed2026052601,416,5,1
GR-1,2026052601,abc_d_fresh_sequence_1000seq_seed2026052601,417,5,1
GR-1,2026052601,abc_d_fresh_sequence_1000seq_seed2026052601,418,0,0
GR-1,2026052601,abc_d_fresh_sequence_1000seq_seed2026052601,419,4,0
GR-1,2026052601,abc_d_fresh_sequence_1000seq_seed2026052601,420,0,0
GR-1,2026052601,abc_d_fresh_sequence_1000seq_seed2026052601,421,4,0
GR-1,2026052601,abc_d_fresh_sequence_1000seq_seed2026052601,422,5,1
GR-1,2026052601,abc_d_fresh_sequence_1000seq_seed2026052601,423,0,0
GR-1,2026052601,abc_d_fresh_sequence_1000seq_seed2026052601,424,5,1
GR-1,2026052601,abc_d_fresh_sequence_1000seq_seed2026052601,425,5,1
GR-1,2026052601,abc_d_fresh_sequence_1000seq_seed2026052601,426,5,1
GR-1,2026052601,abc_d_fresh_sequence_1000seq_seed2026052601,427,5,1
GR-1,2026052601,abc_d_fresh_sequence_1000seq_seed2026052601,428,0,0
GR-1,2026052601,abc_d_fresh_sequence_1000seq_seed2026052601,429,1,0
GR-1,2026052601,abc_d_fresh_sequence_1000seq_seed2026052601,430,5,1
GR-1,2026052601,abc_d_fresh_sequence_1000seq_seed2026052601,431,5,1
GR-1,2026052601,abc_d_fresh_sequence_1000seq_seed2026052601,432,2,0
GR-1,2026052601,abc_d_fresh_sequence_1000seq_seed2026052601,433,2,0
GR-1,2026052601,abc_d_fresh_sequence_1000seq_seed2026052601,434,0,0
GR-1,2026052601,abc_d_fresh_sequence_1000seq_seed2026052601,435,5,1
GR-1,2026052601,abc_d_fresh_sequence_1000seq_seed2026052601,436,5,1
GR-1,2026052601,abc_d_fresh_sequence_1000seq_seed2026052601,437,1,0
GR-1,2026052601,abc_d_fresh_sequence_1000seq_seed2026052601,438,5,1
GR-1,2026052601,abc_d_fresh_sequence_1000seq_seed2026052601,439,5,1
GR-1,2026052601,abc_d_fresh_sequence_1000seq_seed2026052601,440,0,0
GR-1,2026052601,abc_d_fresh_sequence_1000seq_seed2026052601,441,0,0
GR-1,2026052601,abc_d_fresh_sequence_1000seq_seed2026052601,442,5,1
GR-1,2026052601,abc_d_fresh_sequence_1000seq_seed2026052601,443,3,0
GR-1,2026052601,abc_d_fresh_sequence_1000seq_seed2026052601,444,5,1
GR-1,2026052601,abc_d_fresh_sequence_1000seq_seed2026052601,445,5,1
GR-1,2026052601,abc_d_fresh_sequence_1000seq_seed2026052601,446,5,1
GR-1,2026052601,abc_d_fresh_sequence_1000seq_seed2026052601,447,5,1
GR-1,2026052601,abc_d_fresh_sequence_1000seq_seed2026052601,448,3,0
GR-1,2026052601,abc_d_fresh_sequence_1000seq_seed2026052601,449,0,0
GR-1,2026052601,abc_d_fresh_sequence_1000seq_seed2026052601,450,2,0
GR-1,2026052601,abc_d_fresh_sequence_1000seq_seed2026052601,451,4,0
GR-1,2026052601,abc_d_fresh_sequence_1000seq_seed2026052601,452,0,0
GR-1,2026052601,abc_d_fresh_sequence_1000seq_seed2026052601,453,0,0
GR-1,2026052601,abc_d_fresh_sequence_1000seq_seed2026052601,454,5,1
GR-1,2026052601,abc_d_fresh_sequence_1000seq_seed2026052601,455,5,1
GR-1,2026052601,abc_d_fresh_sequence_1000seq_seed2026052601,456,0,0
GR-1,2026052601,abc_d_fresh_sequence_1000seq_seed2026052601,457,5,1
GR-1,2026052601,abc_d_fresh_sequence_1000seq_seed2026052601,458,5,1
GR-1,2026052601,abc_d_fresh_sequence_1000seq_seed2026052601,459,2,0
GR-1,2026052601,abc_d_fresh_sequence_1000seq_seed2026052601,460,3,0
GR-1,2026052601,abc_d_fresh_sequence_1000seq_seed2026052601,461,1,0
GR-1,2026052601,abc_d_fresh_sequence_1000seq_seed2026052601,462,0,0
GR-1,2026052601,abc_d_fresh_sequence_1000seq_seed2026052601,463,5,1
GR-1,2026052601,abc_d_fresh_sequence_1000seq_seed2026052601,464,3,0
GR-1,2026052601,abc_d_fresh_sequence_1000seq_seed2026052601,465,5,1
GR-1,2026052601,abc_d_fresh_sequence_1000seq_seed2026052601,466,5,1
GR-1,2026052601,abc_d_fresh_sequence_1000seq_seed2026052601,467,3,0
GR-1,2026052601,abc_d_fresh_sequence_1000seq_seed2026052601,468,5,1
GR-1,2026052601,abc_d_fresh_sequence_1000seq_seed2026052601,469,2,0
GR-1,2026052601,abc_d_fresh_sequence_1000seq_seed2026052601,470,5,1
GR-1,2026052601,abc_d_fresh_sequence_1000seq_seed2026052601,471,0,0
GR-1,2026052601,abc_d_fresh_sequence_1000seq_seed2026052601,472,5,1
GR-1,2026052601,abc_d_fresh_sequence_1000seq_seed2026052601,473,5,1
GR-1,2026052601,abc_d_fresh_sequence_1000seq_seed2026052601,474,5,1
GR-1,2026052601,abc_d_fresh_sequence_1000seq_seed2026052601,475,4,0
GR-1,2026052601,abc_d_fresh_sequence_1000seq_seed2026052601,476,5,1
GR-1,2026052601,abc_d_fresh_sequence_1000seq_seed2026052601,477,5,1
GR-1,2026052601,abc_d_fresh_sequence_1000seq_seed2026052601,478,5,1
GR-1,2026052601,abc_d_fresh_sequence_1000seq_seed2026052601,479,5,1
GR-1,2026052601,abc_d_fresh_sequence_1000seq_seed2026052601,480,3,0
GR-1,2026052601,abc_d_fresh_sequence_1000seq_seed2026052601,481,2,0
GR-1,2026052601,abc_d_fresh_sequence_1000seq_seed2026052601,482,1,0
GR-1,2026052601,abc_d_fresh_sequence_1000seq_seed2026052601,483,5,1
GR-1,2026052601,abc_d_fresh_sequence_1000seq_seed2026052601,484,5,1
GR-1,2026052601,abc_d_fresh_sequence_1000seq_seed2026052601,485,4,0
GR-1,2026052601,abc_d_fresh_sequence_1000seq_seed2026052601,486,4,0
GR-1,2026052601,abc_d_fresh_sequence_1000seq_seed2026052601,487,0,0
GR-1,2026052601,abc_d_fresh_sequence_1000seq_seed2026052601,488,0,0
GR-1,2026052601,abc_d_fresh_sequence_1000seq_seed2026052601,489,0,0
GR-1,2026052601,abc_d_fresh_sequence_1000seq_seed2026052601,490,2,0
GR-1,2026052601,abc_d_fresh_sequence_1000seq_seed2026052601,491,3,0
GR-1,2026052601,abc_d_fresh_sequence_1000seq_seed2026052601,492,5,1
GR-1,2026052601,abc_d_fresh_sequence_1000seq_seed2026052601,493,4,0
GR-1,2026052601,abc_d_fresh_sequence_1000seq_seed2026052601,494,2,0
GR-1,2026052601,abc_d_fresh_sequence_1000seq_seed2026052601,495,1,0
GR-1,2026052601,abc_d_fresh_sequence_1000seq_seed2026052601,496,5,1
GR-1,2026052601,abc_d_fresh_sequence_1000seq_seed2026052601,497,5,1
GR-1,2026052601,abc_d_fresh_sequence_1000seq_seed2026052601,498,5,1
GR-1,2026052601,abc_d_fresh_sequence_1000seq_seed2026052601,499,5,1
GR-1,2026052601,abc_d_fresh_sequence_1000seq_seed2026052601,500,5,1
GR-1,2026052601,abc_d_fresh_sequence_1000seq_seed2026052601,501,4,0
GR-1,2026052601,abc_d_fresh_sequence_1000seq_seed2026052601,502,5,1
GR-1,2026052601,abc_d_fresh_sequence_1000seq_seed2026052601,503,1,0
GR-1,2026052601,abc_d_fresh_sequence_1000seq_seed2026052601,504,5,1
GR-1,2026052601,abc_d_fresh_sequence_1000seq_seed2026052601,505,2,0
GR-1,2026052601,abc_d_fresh_sequence_1000seq_seed2026052601,506,3,0
GR-1,2026052601,abc_d_fresh_sequence_1000seq_seed2026052601,507,4,0
GR-1,2026052601,abc_d_fresh_sequence_1000seq_seed2026052601,508,1,0
GR-1,2026052601,abc_d_fresh_sequence_1000seq_seed2026052601,509,2,0
GR-1,2026052601,abc_d_fresh_sequence_1000seq_seed2026052601,510,1,0
GR-1,2026052601,abc_d_fresh_sequence_1000seq_seed2026052601,511,4,0
GR-1,2026052601,abc_d_fresh_sequence_1000seq_seed2026052601,512,0,0
GR-1,2026052601,abc_d_fresh_sequence_1000seq_seed2026052601,513,5,1
GR-1,2026052601,abc_d_fresh_sequence_1000seq_seed2026052601,514,2,0
GR-1,2026052601,abc_d_fresh_sequence_1000seq_seed2026052601,515,1,0
GR-1,2026052601,abc_d_fresh_sequence_1000seq_seed2026052601,516,4,0
GR-1,2026052601,abc_d_fresh_sequence_1000seq_seed2026052601,517,5,1
GR-1,2026052601,abc_d_fresh_sequence_1000seq_seed2026052601,518,5,1
GR-1,2026052601,abc_d_fresh_sequence_1000seq_seed2026052601,519,5,1
GR-1,2026052601,abc_d_fresh_sequence_1000seq_seed2026052601,520,0,0
GR-1,2026052601,abc_d_fresh_sequence_1000seq_seed2026052601,521,4,0
GR-1,2026052601,abc_d_fresh_sequence_1000seq_seed2026052601,522,0,0
GR-1,2026052601,abc_d_fresh_sequence_1000seq_seed2026052601,523,5,1
GR-1,2026052601,abc_d_fresh_sequence_1000seq_seed2026052601,524,5,1
GR-1,2026052601,abc_d_fresh_sequence_1000seq_seed2026052601,525,2,0
GR-1,2026052601,abc_d_fresh_sequence_1000seq_seed2026052601,526,5,1
GR-1,2026052601,abc_d_fresh_sequence_1000seq_seed2026052601,527,5,1
GR-1,2026052601,abc_d_fresh_sequence_1000seq_seed2026052601,528,5,1
GR-1,2026052601,abc_d_fresh_sequence_1000seq_seed2026052601,529,3,0
GR-1,2026052601,abc_d_fresh_sequence_1000seq_seed2026052601,530,5,1
GR-1,2026052601,abc_d_fresh_sequence_1000seq_seed2026052601,531,5,1
GR-1,2026052601,abc_d_fresh_sequence_1000seq_seed2026052601,532,5,1
GR-1,2026052601,abc_d_fresh_sequence_1000seq_seed2026052601,533,0,0
GR-1,2026052601,abc_d_fresh_sequence_1000seq_seed2026052601,534,5,1
GR-1,2026052601,abc_d_fresh_sequence_1000seq_seed2026052601,535,5,1
GR-1,2026052601,abc_d_fresh_sequence_1000seq_seed2026052601,536,1,0
GR-1,2026052601,abc_d_fresh_sequence_1000seq_seed2026052601,537,5,1
GR-1,2026052601,abc_d_fresh_sequence_1000seq_seed2026052601,538,5,1
GR-1,2026052601,abc_d_fresh_sequence_1000seq_seed2026052601,539,1,0
GR-1,2026052601,abc_d_fresh_sequence_1000seq_seed2026052601,540,5,1
GR-1,2026052601,abc_d_fresh_sequence_1000seq_seed2026052601,541,0,0
GR-1,2026052601,abc_d_fresh_sequence_1000seq_seed2026052601,542,2,0
GR-1,2026052601,abc_d_fresh_sequence_1000seq_seed2026052601,543,3,0
GR-1,2026052601,abc_d_fresh_sequence_1000seq_seed2026052601,544,3,0
GR-1,2026052601,abc_d_fresh_sequence_1000seq_seed2026052601,545,5,1
GR-1,2026052601,abc_d_fresh_sequence_1000seq_seed2026052601,546,2,0
GR-1,2026052601,abc_d_fresh_sequence_1000seq_seed2026052601,547,5,1
GR-1,2026052601,abc_d_fresh_sequence_1000seq_seed2026052601,548,3,0
GR-1,2026052601,abc_d_fresh_sequence_1000seq_seed2026052601,549,3,0
GR-1,2026052601,abc_d_fresh_sequence_1000seq_seed2026052601,550,0,0
GR-1,2026052601,abc_d_fresh_sequence_1000seq_seed2026052601,551,1,0
GR-1,2026052601,abc_d_fresh_sequence_1000seq_seed2026052601,552,2,0
GR-1,2026052601,abc_d_fresh_sequence_1000seq_seed2026052601,553,5,1
GR-1,2026052601,abc_d_fresh_sequence_1000seq_seed2026052601,554,0,0
GR-1,2026052601,abc_d_fresh_sequence_1000seq_seed2026052601,555,5,1
GR-1,2026052601,abc_d_fresh_sequence_1000seq_seed2026052601,556,0,0
GR-1,2026052601,abc_d_fresh_sequence_1000seq_seed2026052601,557,3,0
GR-1,2026052601,abc_d_fresh_sequence_1000seq_seed2026052601,558,1,0
GR-1,2026052601,abc_d_fresh_sequence_1000seq_seed2026052601,559,5,1
GR-1,2026052601,abc_d_fresh_sequence_1000seq_seed2026052601,560,5,1
GR-1,2026052601,abc_d_fresh_sequence_1000seq_seed2026052601,561,2,0
GR-1,2026052601,abc_d_fresh_sequence_1000seq_seed2026052601,562,0,0
GR-1,2026052601,abc_d_fresh_sequence_1000seq_seed2026052601,563,5,1
GR-1,2026052601,abc_d_fresh_sequence_1000seq_seed2026052601,564,1,0
GR-1,2026052601,abc_d_fresh_sequence_1000seq_seed2026052601,565,5,1
GR-1,2026052601,abc_d_fresh_sequence_1000seq_seed2026052601,566,0,0
GR-1,2026052601,abc_d_fresh_sequence_1000seq_seed2026052601,567,5,1
GR-1,2026052601,abc_d_fresh_sequence_1000seq_seed2026052601,568,1,0
GR-1,2026052601,abc_d_fresh_sequence_1000seq_seed2026052601,569,1,0
GR-1,2026052601,abc_d_fresh_sequence_1000seq_seed2026052601,570,3,0
GR-1,2026052601,abc_d_fresh_sequence_1000seq_seed2026052601,571,0,0
GR-1,2026052601,abc_d_fresh_sequence_1000seq_seed2026052601,572,5,1
GR-1,2026052601,abc_d_fresh_sequence_1000seq_seed2026052601,573,0,0
GR-1,2026052601,abc_d_fresh_sequence_1000seq_seed2026052601,574,4,0
GR-1,2026052601,abc_d_fresh_sequence_1000seq_seed2026052601,575,5,1
GR-1,2026052601,abc_d_fresh_sequence_1000seq_seed2026052601,576,5,1
GR-1,2026052601,abc_d_fresh_sequence_1000seq_seed2026052601,577,5,1
GR-1,2026052601,abc_d_fresh_sequence_1000seq_seed2026052601,578,5,1
GR-1,2026052601,abc_d_fresh_sequence_1000seq_seed2026052601,579,0,0
GR-1,2026052601,abc_d_fresh_sequence_1000seq_seed2026052601,580,0,0
GR-1,2026052601,abc_d_fresh_sequence_1000seq_seed2026052601,581,2,0
GR-1,2026052601,abc_d_fresh_sequence_1000seq_seed2026052601,582,0,0
GR-1,2026052601,abc_d_fresh_sequence_1000seq_seed2026052601,583,2,0
GR-1,2026052601,abc_d_fresh_sequence_1000seq_seed2026052601,584,4,0
GR-1,2026052601,abc_d_fresh_sequence_1000seq_seed2026052601,585,1,0
GR-1,2026052601,abc_d_fresh_sequence_1000seq_seed2026052601,586,5,1
GR-1,2026052601,abc_d_fresh_sequence_1000seq_seed2026052601,587,0,0
GR-1,2026052601,abc_d_fresh_sequence_1000seq_seed2026052601,588,5,1
GR-1,2026052601,abc_d_fresh_sequence_1000seq_seed2026052601,589,1,0
GR-1,2026052601,abc_d_fresh_sequence_1000seq_seed2026052601,590,5,1
GR-1,2026052601,abc_d_fresh_sequence_1000seq_seed2026052601,591,5,1
GR-1,2026052601,abc_d_fresh_sequence_1000seq_seed2026052601,592,5,1
GR-1,2026052601,abc_d_fresh_sequence_1000seq_seed2026052601,593,2,0
GR-1,2026052601,abc_d_fresh_sequence_1000seq_seed2026052601,594,5,1
GR-1,2026052601,abc_d_fresh_sequence_1000seq_seed2026052601,595,5,1
GR-1,2026052601,abc_d_fresh_sequence_1000seq_seed2026052601,596,1,0
GR-1,2026052601,abc_d_fresh_sequence_1000seq_seed2026052601,597,5,1
GR-1,2026052601,abc_d_fresh_sequence_1000seq_seed2026052601,598,5,1
GR-1,2026052601,abc_d_fresh_sequence_1000seq_seed2026052601,599,0,0
GR-1,2026052601,abc_d_fresh_sequence_1000seq_seed2026052601,600,5,1
GR-1,2026052601,abc_d_fresh_sequence_1000seq_seed2026052601,601,5,1
GR-1,2026052601,abc_d_fresh_sequence_1000seq_seed2026052601,602,5,1
GR-1,2026052601,abc_d_fresh_sequence_1000seq_seed2026052601,603,5,1
GR-1,2026052601,abc_d_fresh_sequence_1000seq_seed2026052601,604,5,1
GR-1,2026052601,abc_d_fresh_sequence_1000seq_seed2026052601,605,5,1
GR-1,2026052601,abc_d_fresh_sequence_1000seq_seed2026052601,606,5,1
GR-1,2026052601,abc_d_fresh_sequence_1000seq_seed2026052601,607,0,0
GR-1,2026052601,abc_d_fresh_sequence_1000seq_seed2026052601,608,5,1
GR-1,2026052601,abc_d_fresh_sequence_1000seq_seed2026052601,609,2,0
GR-1,2026052601,abc_d_fresh_sequence_1000seq_seed2026052601,610,3,0
GR-1,2026052601,abc_d_fresh_sequence_1000seq_seed2026052601,611,1,0
GR-1,2026052601,abc_d_fresh_sequence_1000seq_seed2026052601,612,1,0
GR-1,2026052601,abc_d_fresh_sequence_1000seq_seed2026052601,613,5,1
GR-1,2026052601,abc_d_fresh_sequence_1000seq_seed2026052601,614,0,0
GR-1,2026052601,abc_d_fresh_sequence_1000seq_seed2026052601,615,3,0
GR-1,2026052601,abc_d_fresh_sequence_1000seq_seed2026052601,616,5,1
GR-1,2026052601,abc_d_fresh_sequence_1000seq_seed2026052601,617,0,0
GR-1,2026052601,abc_d_fresh_sequence_1000seq_seed2026052601,618,5,1
GR-1,2026052601,abc_d_fresh_sequence_1000seq_seed2026052601,619,5,1
GR-1,2026052601,abc_d_fresh_sequence_1000seq_seed2026052601,620,0,0
GR-1,2026052601,abc_d_fresh_sequence_1000seq_seed2026052601,621,5,1
GR-1,2026052601,abc_d_fresh_sequence_1000seq_seed2026052601,622,2,0
GR-1,2026052601,abc_d_fresh_sequence_1000seq_seed2026052601,623,5,1
GR-1,2026052601,abc_d_fresh_sequence_1000seq_seed2026052601,624,2,0
GR-1,2026052601,abc_d_fresh_sequence_1000seq_seed2026052601,625,0,0
GR-1,2026052601,abc_d_fresh_sequence_1000seq_seed2026052601,626,5,1
GR-1,2026052601,abc_d_fresh_sequence_1000seq_seed2026052601,627,1,0
GR-1,2026052601,abc_d_fresh_sequence_1000seq_seed2026052601,628,5,1
GR-1,2026052601,abc_d_fresh_sequence_1000seq_seed2026052601,629,5,1
GR-1,2026052601,abc_d_fresh_sequence_1000seq_seed2026052601,630,5,1
GR-1,2026052601,abc_d_fresh_sequence_1000seq_seed2026052601,631,4,0
GR-1,2026052601,abc_d_fresh_sequence_1000seq_seed2026052601,632,5,1
GR-1,2026052601,abc_d_fresh_sequence_1000seq_seed2026052601,633,3,0
GR-1,2026052601,abc_d_fresh_sequence_1000seq_seed2026052601,634,3,0
GR-1,2026052601,abc_d_fresh_sequence_1000seq_seed2026052601,635,4,0
GR-1,2026052601,abc_d_fresh_sequence_1000seq_seed2026052601,636,2,0
GR-1,2026052601,abc_d_fresh_sequence_1000seq_seed2026052601,637,5,1
GR-1,2026052601,abc_d_fresh_sequence_1000seq_seed2026052601,638,2,0
GR-1,2026052601,abc_d_fresh_sequence_1000seq_seed2026052601,639,1,0
GR-1,2026052601,abc_d_fresh_sequence_1000seq_seed2026052601,640,5,1
GR-1,2026052601,abc_d_fresh_sequence_1000seq_seed2026052601,641,5,1
GR-1,2026052601,abc_d_fresh_sequence_1000seq_seed2026052601,642,3,0
GR-1,2026052601,abc_d_fresh_sequence_1000seq_seed2026052601,643,3,0
GR-1,2026052601,abc_d_fresh_sequence_1000seq_seed2026052601,644,5,1
GR-1,2026052601,abc_d_fresh_sequence_1000seq_seed2026052601,645,5,1
GR-1,2026052601,abc_d_fresh_sequence_1000seq_seed2026052601,646,3,0
GR-1,2026052601,abc_d_fresh_sequence_1000seq_seed2026052601,647,4,0
GR-1,2026052601,abc_d_fresh_sequence_1000seq_seed2026052601,648,5,1
GR-1,2026052601,abc_d_fresh_sequence_1000seq_seed2026052601,649,5,1
GR-1,2026052601,abc_d_fresh_sequence_1000seq_seed2026052601,650,5,1
GR-1,2026052601,abc_d_fresh_sequence_1000seq_seed2026052601,651,4,0
GR-1,2026052601,abc_d_fresh_sequence_1000seq_seed2026052601,652,4,0
GR-1,2026052601,abc_d_fresh_sequence_1000seq_seed2026052601,653,1,0
GR-1,2026052601,abc_d_fresh_sequence_1000seq_seed2026052601,654,2,0
GR-1,2026052601,abc_d_fresh_sequence_1000seq_seed2026052601,655,1,0
GR-1,2026052601,abc_d_fresh_sequence_1000seq_seed2026052601,656,5,1
GR-1,2026052601,abc_d_fresh_sequence_1000seq_seed2026052601,657,2,0
GR-1,2026052601,abc_d_fresh_sequence_1000seq_seed2026052601,658,3,0
GR-1,2026052601,abc_d_fresh_sequence_1000seq_seed2026052601,659,2,0
GR-1,2026052601,abc_d_fresh_sequence_1000seq_seed2026052601,660,5,1
GR-1,2026052601,abc_d_fresh_sequence_1000seq_seed2026052601,661,5,1
GR-1,2026052601,abc_d_fresh_sequence_1000seq_seed2026052601,662,5,1
GR-1,2026052601,abc_d_fresh_sequence_1000seq_seed2026052601,663,0,0
GR-1,2026052601,abc_d_fresh_sequence_1000seq_seed2026052601,664,5,1
GR-1,2026052601,abc_d_fresh_sequence_1000seq_seed2026052601,665,5,1
GR-1,2026052601,abc_d_fresh_sequence_1000seq_seed2026052601,666,2,0
GR-1,2026052601,abc_d_fresh_sequence_1000seq_seed2026052601,667,5,1
GR-1,2026052601,abc_d_fresh_sequence_1000seq_seed2026052601,668,0,0
GR-1,2026052601,abc_d_fresh_sequence_1000seq_seed2026052601,669,0,0
GR-1,2026052601,abc_d_fresh_sequence_1000seq_seed2026052601,670,5,1
GR-1,2026052601,abc_d_fresh_sequence_1000seq_seed2026052601,671,0,0
GR-1,2026052601,abc_d_fresh_sequence_1000seq_seed2026052601,672,3,0
GR-1,2026052601,abc_d_fresh_sequence_1000seq_seed2026052601,673,5,1
GR-1,2026052601,abc_d_fresh_sequence_1000seq_seed2026052601,674,4,0
GR-1,2026052601,abc_d_fresh_sequence_1000seq_seed2026052601,675,0,0
GR-1,2026052601,abc_d_fresh_sequence_1000seq_seed2026052601,676,5,1
GR-1,2026052601,abc_d_fresh_sequence_1000seq_seed2026052601,677,5,1
GR-1,2026052601,abc_d_fresh_sequence_1000seq_seed2026052601,678,5,1
GR-1,2026052601,abc_d_fresh_sequence_1000seq_seed2026052601,679,1,0
GR-1,2026052601,abc_d_fresh_sequence_1000seq_seed2026052601,680,5,1
GR-1,2026052601,abc_d_fresh_sequence_1000seq_seed2026052601,681,5,1
GR-1,2026052601,abc_d_fresh_sequence_1000seq_seed2026052601,682,5,1
GR-1,2026052601,abc_d_fresh_sequence_1000seq_seed2026052601,683,3,0
GR-1,2026052601,abc_d_fresh_sequence_1000seq_seed2026052601,684,4,0
GR-1,2026052601,abc_d_fresh_sequence_1000seq_seed2026052601,685,3,0
GR-1,2026052601,abc_d_fresh_sequence_1000seq_seed2026052601,686,5,1
GR-1,2026052601,abc_d_fresh_sequence_1000seq_seed2026052601,687,5,1
GR-1,2026052601,abc_d_fresh_sequence_1000seq_seed2026052601,688,0,0
GR-1,2026052601,abc_d_fresh_sequence_1000seq_seed2026052601,689,3,0
GR-1,2026052601,abc_d_fresh_sequence_1000seq_seed2026052601,690,3,0
GR-1,2026052601,abc_d_fresh_sequence_1000seq_seed2026052601,691,0,0
GR-1,2026052601,abc_d_fresh_sequence_1000seq_seed2026052601,692,1,0
GR-1,2026052601,abc_d_fresh_sequence_1000seq_seed2026052601,693,3,0
GR-1,2026052601,abc_d_fresh_sequence_1000seq_seed2026052601,694,1,0
GR-1,2026052601,abc_d_fresh_sequence_1000seq_seed2026052601,695,0,0
GR-1,2026052601,abc_d_fresh_sequence_1000seq_seed2026052601,696,3,0
GR-1,2026052601,abc_d_fresh_sequence_1000seq_seed2026052601,697,5,1
GR-1,2026052601,abc_d_fresh_sequence_1000seq_seed2026052601,698,4,0
GR-1,2026052601,abc_d_fresh_sequence_1000seq_seed2026052601,699,2,0
GR-1,2026052601,abc_d_fresh_sequence_1000seq_seed2026052601,700,0,0
GR-1,2026052601,abc_d_fresh_sequence_1000seq_seed2026052601,701,5,1
GR-1,2026052601,abc_d_fresh_sequence_1000seq_seed2026052601,702,5,1
GR-1,2026052601,abc_d_fresh_sequence_1000seq_seed2026052601,703,0,0
GR-1,2026052601,abc_d_fresh_sequence_1000seq_seed2026052601,704,5,1
GR-1,2026052601,abc_d_fresh_sequence_1000seq_seed2026052601,705,5,1
GR-1,2026052601,abc_d_fresh_sequence_1000seq_seed2026052601,706,2,0
GR-1,2026052601,abc_d_fresh_sequence_1000seq_seed2026052601,707,5,1
GR-1,2026052601,abc_d_fresh_sequence_1000seq_seed2026052601,708,0,0
GR-1,2026052601,abc_d_fresh_sequence_1000seq_seed2026052601,709,5,1
GR-1,2026052601,abc_d_fresh_sequence_1000seq_seed2026052601,710,0,0
GR-1,2026052601,abc_d_fresh_sequence_1000seq_seed2026052601,711,3,0
GR-1,2026052601,abc_d_fresh_sequence_1000seq_seed2026052601,712,0,0
GR-1,2026052601,abc_d_fresh_sequence_1000seq_seed2026052601,713,5,1
GR-1,2026052601,abc_d_fresh_sequence_1000seq_seed2026052601,714,5,1
GR-1,2026052601,abc_d_fresh_sequence_1000seq_seed2026052601,715,3,0
GR-1,2026052601,abc_d_fresh_sequence_1000seq_seed2026052601,716,5,1
GR-1,2026052601,abc_d_fresh_sequence_1000seq_seed2026052601,717,5,1
GR-1,2026052601,abc_d_fresh_sequence_1000seq_seed2026052601,718,4,0
GR-1,2026052601,abc_d_fresh_sequence_1000seq_seed2026052601,719,5,1
GR-1,2026052601,abc_d_fresh_sequence_1000seq_seed2026052601,720,0,0
GR-1,2026052601,abc_d_fresh_sequence_1000seq_seed2026052601,721,1,0
GR-1,2026052601,abc_d_fresh_sequence_1000seq_seed2026052601,722,1,0
GR-1,2026052601,abc_d_fresh_sequence_1000seq_seed2026052601,723,2,0
GR-1,2026052601,abc_d_fresh_sequence_1000seq_seed2026052601,724,4,0
GR-1,2026052601,abc_d_fresh_sequence_1000seq_seed2026052601,725,5,1
GR-1,2026052601,abc_d_fresh_sequence_1000seq_seed2026052601,726,3,0
GR-1,2026052601,abc_d_fresh_sequence_1000seq_seed2026052601,727,1,0
GR-1,2026052601,abc_d_fresh_sequence_1000seq_seed2026052601,728,3,0
GR-1,2026052601,abc_d_fresh_sequence_1000seq_seed2026052601,729,5,1
GR-1,2026052601,abc_d_fresh_sequence_1000seq_seed2026052601,730,1,0
GR-1,2026052601,abc_d_fresh_sequence_1000seq_seed2026052601,731,0,0
GR-1,2026052601,abc_d_fresh_sequence_1000seq_seed2026052601,732,4,0
GR-1,2026052601,abc_d_fresh_sequence_1000seq_seed2026052601,733,5,1
GR-1,2026052601,abc_d_fresh_sequence_1000seq_seed2026052601,734,5,1
GR-1,2026052601,abc_d_fresh_sequence_1000seq_seed2026052601,735,5,1
GR-1,2026052601,abc_d_fresh_sequence_1000seq_seed2026052601,736,5,1
GR-1,2026052601,abc_d_fresh_sequence_1000seq_seed2026052601,737,1,0
GR-1,2026052601,abc_d_fresh_sequence_1000seq_seed2026052601,738,2,0
GR-1,2026052601,abc_d_fresh_sequence_1000seq_seed2026052601,739,0,0
GR-1,2026052601,abc_d_fresh_sequence_1000seq_seed2026052601,740,1,0
GR-1,2026052601,abc_d_fresh_sequence_1000seq_seed2026052601,741,5,1
GR-1,2026052601,abc_d_fresh_sequence_1000seq_seed2026052601,742,5,1
GR-1,2026052601,abc_d_fresh_sequence_1000seq_seed2026052601,743,1,0
GR-1,2026052601,abc_d_fresh_sequence_1000seq_seed2026052601,744,5,1
GR-1,2026052601,abc_d_fresh_sequence_1000seq_seed2026052601,745,0,0
GR-1,2026052601,abc_d_fresh_sequence_1000seq_seed2026052601,746,5,1
GR-1,2026052601,abc_d_fresh_sequence_1000seq_seed2026052601,747,5,1
GR-1,2026052601,abc_d_fresh_sequence_1000seq_seed2026052601,748,1,0
GR-1,2026052601,abc_d_fresh_sequence_1000seq_seed2026052601,749,2,0
GR-1,2026052601,abc_d_fresh_sequence_1000seq_seed2026052601,750,5,1
GR-1,2026052601,abc_d_fresh_sequence_1000seq_seed2026052601,751,3,0
GR-1,2026052601,abc_d_fresh_sequence_1000seq_seed2026052601,752,1,0
GR-1,2026052601,abc_d_fresh_sequence_1000seq_seed2026052601,753,3,0
GR-1,2026052601,abc_d_fresh_sequence_1000seq_seed2026052601,754,5,1
GR-1,2026052601,abc_d_fresh_sequence_1000seq_seed2026052601,755,5,1
GR-1,2026052601,abc_d_fresh_sequence_1000seq_seed2026052601,756,3,0
GR-1,2026052601,abc_d_fresh_sequence_1000seq_seed2026052601,757,4,0
GR-1,2026052601,abc_d_fresh_sequence_1000seq_seed2026052601,758,3,0
GR-1,2026052601,abc_d_fresh_sequence_1000seq_seed2026052601,759,5,1
GR-1,2026052601,abc_d_fresh_sequence_1000seq_seed2026052601,760,2,0
GR-1,2026052601,abc_d_fresh_sequence_1000seq_seed2026052601,761,3,0
GR-1,2026052601,abc_d_fresh_sequence_1000seq_seed2026052601,762,4,0
GR-1,2026052601,abc_d_fresh_sequence_1000seq_seed2026052601,763,1,0
GR-1,2026052601,abc_d_fresh_sequence_1000seq_seed2026052601,764,0,0
GR-1,2026052601,abc_d_fresh_sequence_1000seq_seed2026052601,765,4,0
GR-1,2026052601,abc_d_fresh_sequence_1000seq_seed2026052601,766,5,1
GR-1,2026052601,abc_d_fresh_sequence_1000seq_seed2026052601,767,5,1
GR-1,2026052601,abc_d_fresh_sequence_1000seq_seed2026052601,768,2,0
GR-1,2026052601,abc_d_fresh_sequence_1000seq_seed2026052601,769,0,0
GR-1,2026052601,abc_d_fresh_sequence_1000seq_seed2026052601,770,5,1
GR-1,2026052601,abc_d_fresh_sequence_1000seq_seed2026052601,771,0,0
GR-1,2026052601,abc_d_fresh_sequence_1000seq_seed2026052601,772,5,1
GR-1,2026052601,abc_d_fresh_sequence_1000seq_seed2026052601,773,5,1
GR-1,2026052601,abc_d_fresh_sequence_1000seq_seed2026052601,774,5,1
GR-1,2026052601,abc_d_fresh_sequence_1000seq_seed2026052601,775,5,1
GR-1,2026052601,abc_d_fresh_sequence_1000seq_seed2026052601,776,1,0
GR-1,2026052601,abc_d_fresh_sequence_1000seq_seed2026052601,777,5,1
GR-1,2026052601,abc_d_fresh_sequence_1000seq_seed2026052601,778,5,1
GR-1,2026052601,abc_d_fresh_sequence_1000seq_seed2026052601,779,1,0
GR-1,2026052601,abc_d_fresh_sequence_1000seq_seed2026052601,780,2,0
GR-1,2026052601,abc_d_fresh_sequence_1000seq_seed2026052601,781,5,1
GR-1,2026052601,abc_d_fresh_sequence_1000seq_seed2026052601,782,5,1
GR-1,2026052601,abc_d_fresh_sequence_1000seq_seed2026052601,783,4,0
GR-1,2026052601,abc_d_fresh_sequence_1000seq_seed2026052601,784,2,0
GR-1,2026052601,abc_d_fresh_sequence_1000seq_seed2026052601,785,1,0
GR-1,2026052601,abc_d_fresh_sequence_1000seq_seed2026052601,786,0,0
GR-1,2026052601,abc_d_fresh_sequence_1000seq_seed2026052601,787,0,0
GR-1,2026052601,abc_d_fresh_sequence_1000seq_seed2026052601,788,5,1
GR-1,2026052601,abc_d_fresh_sequence_1000seq_seed2026052601,789,0,0
GR-1,2026052601,abc_d_fresh_sequence_1000seq_seed2026052601,790,5,1
GR-1,2026052601,abc_d_fresh_sequence_1000seq_seed2026052601,791,2,0
GR-1,2026052601,abc_d_fresh_sequence_1000seq_seed2026052601,792,5,1
GR-1,2026052601,abc_d_fresh_sequence_1000seq_seed2026052601,793,5,1
GR-1,2026052601,abc_d_fresh_sequence_1000seq_seed2026052601,794,5,1
GR-1,2026052601,abc_d_fresh_sequence_1000seq_seed2026052601,795,5,1
GR-1,2026052601,abc_d_fresh_sequence_1000seq_seed2026052601,796,5,1
GR-1,2026052601,abc_d_fresh_sequence_1000seq_seed2026052601,797,5,1
GR-1,2026052601,abc_d_fresh_sequence_1000seq_seed2026052601,798,5,1
GR-1,2026052601,abc_d_fresh_sequence_1000seq_seed2026052601,799,2,0
GR-1,2026052601,abc_d_fresh_sequence_1000seq_seed2026052601,800,0,0
GR-1,2026052601,abc_d_fresh_sequence_1000seq_seed2026052601,801,3,0
GR-1,2026052601,abc_d_fresh_sequence_1000seq_seed2026052601,802,5,1
GR-1,2026052601,abc_d_fresh_sequence_1000seq_seed2026052601,803,5,1
GR-1,2026052601,abc_d_fresh_sequence_1000seq_seed2026052601,804,2,0
GR-1,2026052601,abc_d_fresh_sequence_1000seq_seed2026052601,805,5,1
GR-1,2026052601,abc_d_fresh_sequence_1000seq_seed2026052601,806,5,1
GR-1,2026052601,abc_d_fresh_sequence_1000seq_seed2026052601,807,2,0
GR-1,2026052601,abc_d_fresh_sequence_1000seq_seed2026052601,808,0,0
GR-1,2026052601,abc_d_fresh_sequence_1000seq_seed2026052601,809,5,1
GR-1,2026052601,abc_d_fresh_sequence_1000seq_seed2026052601,810,2,0
GR-1,2026052601,abc_d_fresh_sequence_1000seq_seed2026052601,811,5,1
GR-1,2026052601,abc_d_fresh_sequence_1000seq_seed2026052601,812,5,1
GR-1,2026052601,abc_d_fresh_sequence_1000seq_seed2026052601,813,5,1
GR-1,2026052601,abc_d_fresh_sequence_1000seq_seed2026052601,814,5,1
GR-1,2026052601,abc_d_fresh_sequence_1000seq_seed2026052601,815,3,0
GR-1,2026052601,abc_d_fresh_sequence_1000seq_seed2026052601,816,3,0
GR-1,2026052601,abc_d_fresh_sequence_1000seq_seed2026052601,817,0,0
GR-1,2026052601,abc_d_fresh_sequence_1000seq_seed2026052601,818,0,0
GR-1,2026052601,abc_d_fresh_sequence_1000seq_seed2026052601,819,3,0
GR-1,2026052601,abc_d_fresh_sequence_1000seq_seed2026052601,820,3,0
GR-1,2026052601,abc_d_fresh_sequence_1000seq_seed2026052601,821,1,0
GR-1,2026052601,abc_d_fresh_sequence_1000seq_seed2026052601,822,5,1
GR-1,2026052601,abc_d_fresh_sequence_1000seq_seed2026052601,823,5,1
GR-1,2026052601,abc_d_fresh_sequence_1000seq_seed2026052601,824,0,0
GR-1,2026052601,abc_d_fresh_sequence_1000seq_seed2026052601,825,5,1
GR-1,2026052601,abc_d_fresh_sequence_1000seq_seed2026052601,826,5,1
GR-1,2026052601,abc_d_fresh_sequence_1000seq_seed2026052601,827,3,0
GR-1,2026052601,abc_d_fresh_sequence_1000seq_seed2026052601,828,0,0
GR-1,2026052601,abc_d_fresh_sequence_1000seq_seed2026052601,829,1,0
GR-1,2026052601,abc_d_fresh_sequence_1000seq_seed2026052601,830,4,0
GR-1,2026052601,abc_d_fresh_sequence_1000seq_seed2026052601,831,3,0
GR-1,2026052601,abc_d_fresh_sequence_1000seq_seed2026052601,832,1,0
GR-1,2026052601,abc_d_fresh_sequence_1000seq_seed2026052601,833,0,0
GR-1,2026052601,abc_d_fresh_sequence_1000seq_seed2026052601,834,0,0
GR-1,2026052601,abc_d_fresh_sequence_1000seq_seed2026052601,835,5,1
GR-1,2026052601,abc_d_fresh_sequence_1000seq_seed2026052601,836,0,0
GR-1,2026052601,abc_d_fresh_sequence_1000seq_seed2026052601,837,5,1
GR-1,2026052601,abc_d_fresh_sequence_1000seq_seed2026052601,838,5,1
GR-1,2026052601,abc_d_fresh_sequence_1000seq_seed2026052601,839,5,1
GR-1,2026052601,abc_d_fresh_sequence_1000seq_seed2026052601,840,5,1
GR-1,2026052601,abc_d_fresh_sequence_1000seq_seed2026052601,841,0,0
GR-1,2026052601,abc_d_fresh_sequence_1000seq_seed2026052601,842,5,1
GR-1,2026052601,abc_d_fresh_sequence_1000seq_seed2026052601,843,5,1
GR-1,2026052601,abc_d_fresh_sequence_1000seq_seed2026052601,844,5,1
GR-1,2026052601,abc_d_fresh_sequence_1000seq_seed2026052601,845,5,1
GR-1,2026052601,abc_d_fresh_sequence_1000seq_seed2026052601,846,5,1
GR-1,2026052601,abc_d_fresh_sequence_1000seq_seed2026052601,847,5,1
GR-1,2026052601,abc_d_fresh_sequence_1000seq_seed2026052601,848,5,1
GR-1,2026052601,abc_d_fresh_sequence_1000seq_seed2026052601,849,4,0
GR-1,2026052601,abc_d_fresh_sequence_1000seq_seed2026052601,850,4,0
GR-1,2026052601,abc_d_fresh_sequence_1000seq_seed2026052601,851,5,1
GR-1,2026052601,abc_d_fresh_sequence_1000seq_seed2026052601,852,2,0
GR-1,2026052601,abc_d_fresh_sequence_1000seq_seed2026052601,853,5,1
GR-1,2026052601,abc_d_fresh_sequence_1000seq_seed2026052601,854,5,1
GR-1,2026052601,abc_d_fresh_sequence_1000seq_seed2026052601,855,5,1
GR-1,2026052601,abc_d_fresh_sequence_1000seq_seed2026052601,856,1,0
GR-1,2026052601,abc_d_fresh_sequence_1000seq_seed2026052601,857,2,0
GR-1,2026052601,abc_d_fresh_sequence_1000seq_seed2026052601,858,4,0
GR-1,2026052601,abc_d_fresh_sequence_1000seq_seed2026052601,859,3,0
GR-1,2026052601,abc_d_fresh_sequence_1000seq_seed2026052601,860,3,0
GR-1,2026052601,abc_d_fresh_sequence_1000seq_seed2026052601,861,5,1
GR-1,2026052601,abc_d_fresh_sequence_1000seq_seed2026052601,862,3,0
GR-1,2026052601,abc_d_fresh_sequence_1000seq_seed2026052601,863,0,0
GR-1,2026052601,abc_d_fresh_sequence_1000seq_seed2026052601,864,5,1
GR-1,2026052601,abc_d_fresh_sequence_1000seq_seed2026052601,865,1,0
GR-1,2026052601,abc_d_fresh_sequence_1000seq_seed2026052601,866,4,0
GR-1,2026052601,abc_d_fresh_sequence_1000seq_seed2026052601,867,4,0
GR-1,2026052601,abc_d_fresh_sequence_1000seq_seed2026052601,868,5,1
GR-1,2026052601,abc_d_fresh_sequence_1000seq_seed2026052601,869,1,0
GR-1,2026052601,abc_d_fresh_sequence_1000seq_seed2026052601,870,5,1
GR-1,2026052601,abc_d_fresh_sequence_1000seq_seed2026052601,871,1,0
GR-1,2026052601,abc_d_fresh_sequence_1000seq_seed2026052601,872,1,0
GR-1,2026052601,abc_d_fresh_sequence_1000seq_seed2026052601,873,2,0
GR-1,2026052601,abc_d_fresh_sequence_1000seq_seed2026052601,874,5,1
GR-1,2026052601,abc_d_fresh_sequence_1000seq_seed2026052601,875,1,0
GR-1,2026052601,abc_d_fresh_sequence_1000seq_seed2026052601,876,1,0
GR-1,2026052601,abc_d_fresh_sequence_1000seq_seed2026052601,877,0,0
GR-1,2026052601,abc_d_fresh_sequence_1000seq_seed2026052601,878,5,1
GR-1,2026052601,abc_d_fresh_sequence_1000seq_seed2026052601,879,4,0
GR-1,2026052601,abc_d_fresh_sequence_1000seq_seed2026052601,880,5,1
GR-1,2026052601,abc_d_fresh_sequence_1000seq_seed2026052601,881,5,1
GR-1,2026052601,abc_d_fresh_sequence_1000seq_seed2026052601,882,4,0
GR-1,2026052601,abc_d_fresh_sequence_1000seq_seed2026052601,883,2,0
GR-1,2026052601,abc_d_fresh_sequence_1000seq_seed2026052601,884,5,1
GR-1,2026052601,abc_d_fresh_sequence_1000seq_seed2026052601,885,5,1
GR-1,2026052601,abc_d_fresh_sequence_1000seq_seed2026052601,886,3,0
GR-1,2026052601,abc_d_fresh_sequence_1000seq_seed2026052601,887,5,1
GR-1,2026052601,abc_d_fresh_sequence_1000seq_seed2026052601,888,5,1
GR-1,2026052601,abc_d_fresh_sequence_1000seq_seed2026052601,889,5,1
GR-1,2026052601,abc_d_fresh_sequence_1000seq_seed2026052601,890,5,1
GR-1,2026052601,abc_d_fresh_sequence_1000seq_seed2026052601,891,5,1
GR-1,2026052601,abc_d_fresh_sequence_1000seq_seed2026052601,892,1,0
GR-1,2026052601,abc_d_fresh_sequence_1000seq_seed2026052601,893,2,0
GR-1,2026052601,abc_d_fresh_sequence_1000seq_seed2026052601,894,5,1
GR-1,2026052601,abc_d_fresh_sequence_1000seq_seed2026052601,895,2,0
GR-1,2026052601,abc_d_fresh_sequence_1000seq_seed2026052601,896,2,0
GR-1,2026052601,abc_d_fresh_sequence_1000seq_seed2026052601,897,1,0
GR-1,2026052601,abc_d_fresh_sequence_1000seq_seed2026052601,898,4,0
GR-1,2026052601,abc_d_fresh_sequence_1000seq_seed2026052601,899,5,1
GR-1,2026052601,abc_d_fresh_sequence_1000seq_seed2026052601,900,3,0
GR-1,2026052601,abc_d_fresh_sequence_1000seq_seed2026052601,901,0,0
GR-1,2026052601,abc_d_fresh_sequence_1000seq_seed2026052601,902,3,0
GR-1,2026052601,abc_d_fresh_sequence_1000seq_seed2026052601,903,5,1
GR-1,2026052601,abc_d_fresh_sequence_1000seq_seed2026052601,904,4,0
GR-1,2026052601,abc_d_fresh_sequence_1000seq_seed2026052601,905,2,0
GR-1,2026052601,abc_d_fresh_sequence_1000seq_seed2026052601,906,2,0
GR-1,2026052601,abc_d_fresh_sequence_1000seq_seed2026052601,907,3,0
GR-1,2026052601,abc_d_fresh_sequence_1000seq_seed2026052601,908,5,1
GR-1,2026052601,abc_d_fresh_sequence_1000seq_seed2026052601,909,2,0
GR-1,2026052601,abc_d_fresh_sequence_1000seq_seed2026052601,910,5,1
GR-1,2026052601,abc_d_fresh_sequence_1000seq_seed2026052601,911,5,1
GR-1,2026052601,abc_d_fresh_sequence_1000seq_seed2026052601,912,2,0
GR-1,2026052601,abc_d_fresh_sequence_1000seq_seed2026052601,913,5,1
GR-1,2026052601,abc_d_fresh_sequence_1000seq_seed2026052601,914,5,1
GR-1,2026052601,abc_d_fresh_sequence_1000seq_seed2026052601,915,5,1
GR-1,2026052601,abc_d_fresh_sequence_1000seq_seed2026052601,916,0,0
GR-1,2026052601,abc_d_fresh_sequence_1000seq_seed2026052601,917,3,0
GR-1,2026052601,abc_d_fresh_sequence_1000seq_seed2026052601,918,2,0
GR-1,2026052601,abc_d_fresh_sequence_1000seq_seed2026052601,919,0,0
GR-1,2026052601,abc_d_fresh_sequence_1000seq_seed2026052601,920,0,0
GR-1,2026052601,abc_d_fresh_sequence_1000seq_seed2026052601,921,5,1
GR-1,2026052601,abc_d_fresh_sequence_1000seq_seed2026052601,922,3,0
GR-1,2026052601,abc_d_fresh_sequence_1000seq_seed2026052601,923,5,1
GR-1,2026052601,abc_d_fresh_sequence_1000seq_seed2026052601,924,2,0
GR-1,2026052601,abc_d_fresh_sequence_1000seq_seed2026052601,925,5,1
GR-1,2026052601,abc_d_fresh_sequence_1000seq_seed2026052601,926,5,1
GR-1,2026052601,abc_d_fresh_sequence_1000seq_seed2026052601,927,0,0
GR-1,2026052601,abc_d_fresh_sequence_1000seq_seed2026052601,928,0,0
GR-1,2026052601,abc_d_fresh_sequence_1000seq_seed2026052601,929,3,0
GR-1,2026052601,abc_d_fresh_sequence_1000seq_seed2026052601,930,4,0
GR-1,2026052601,abc_d_fresh_sequence_1000seq_seed2026052601,931,5,1
GR-1,2026052601,abc_d_fresh_sequence_1000seq_seed2026052601,932,5,1
GR-1,2026052601,abc_d_fresh_sequence_1000seq_seed2026052601,933,5,1
GR-1,2026052601,abc_d_fresh_sequence_1000seq_seed2026052601,934,5,1
GR-1,2026052601,abc_d_fresh_sequence_1000seq_seed2026052601,935,5,1
GR-1,2026052601,abc_d_fresh_sequence_1000seq_seed2026052601,936,2,0
GR-1,2026052601,abc_d_fresh_sequence_1000seq_seed2026052601,937,5,1
GR-1,2026052601,abc_d_fresh_sequence_1000seq_seed2026052601,938,0,0
GR-1,2026052601,abc_d_fresh_sequence_1000seq_seed2026052601,939,1,0
GR-1,2026052601,abc_d_fresh_sequence_1000seq_seed2026052601,940,5,1
GR-1,2026052601,abc_d_fresh_sequence_1000seq_seed2026052601,941,5,1
GR-1,2026052601,abc_d_fresh_sequence_1000seq_seed2026052601,942,5,1
GR-1,2026052601,abc_d_fresh_sequence_1000seq_seed2026052601,943,1,0
GR-1,2026052601,abc_d_fresh_sequence_1000seq_seed2026052601,944,1,0
GR-1,2026052601,abc_d_fresh_sequence_1000seq_seed2026052601,945,0,0
GR-1,2026052601,abc_d_fresh_sequence_1000seq_seed2026052601,946,5,1
GR-1,2026052601,abc_d_fresh_sequence_1000seq_seed2026052601,947,5,1
GR-1,2026052601,abc_d_fresh_sequence_1000seq_seed2026052601,948,4,0
GR-1,2026052601,abc_d_fresh_sequence_1000seq_seed2026052601,949,2,0
GR-1,2026052601,abc_d_fresh_sequence_1000seq_seed2026052601,950,4,0
GR-1,2026052601,abc_d_fresh_sequence_1000seq_seed2026052601,951,0,0
GR-1,2026052601,abc_d_fresh_sequence_1000seq_seed2026052601,952,5,1
GR-1,2026052601,abc_d_fresh_sequence_1000seq_seed2026052601,953,5,1
GR-1,2026052601,abc_d_fresh_sequence_1000seq_seed2026052601,954,4,0
GR-1,2026052601,abc_d_fresh_sequence_1000seq_seed2026052601,955,3,0
GR-1,2026052601,abc_d_fresh_sequence_1000seq_seed2026052601,956,1,0
GR-1,2026052601,abc_d_fresh_sequence_1000seq_seed2026052601,957,5,1
GR-1,2026052601,abc_d_fresh_sequence_1000seq_seed2026052601,958,5,1
GR-1,2026052601,abc_d_fresh_sequence_1000seq_seed2026052601,959,0,0
GR-1,2026052601,abc_d_fresh_sequence_1000seq_seed2026052601,960,5,1
GR-1,2026052601,abc_d_fresh_sequence_1000seq_seed2026052601,961,5,1
GR-1,2026052601,abc_d_fresh_sequence_1000seq_seed2026052601,962,1,0
GR-1,2026052601,abc_d_fresh_sequence_1000seq_seed2026052601,963,3,0
GR-1,2026052601,abc_d_fresh_sequence_1000seq_seed2026052601,964,1,0
GR-1,2026052601,abc_d_fresh_sequence_1000seq_seed2026052601,965,5,1
GR-1,2026052601,abc_d_fresh_sequence_1000seq_seed2026052601,966,3,0
GR-1,2026052601,abc_d_fresh_sequence_1000seq_seed2026052601,967,1,0
GR-1,2026052601,abc_d_fresh_sequence_1000seq_seed2026052601,968,5,1
GR-1,2026052601,abc_d_fresh_sequence_1000seq_seed2026052601,969,0,0
GR-1,2026052601,abc_d_fresh_sequence_1000seq_seed2026052601,970,5,1
GR-1,2026052601,abc_d_fresh_sequence_1000seq_seed2026052601,971,5,1
GR-1,2026052601,abc_d_fresh_sequence_1000seq_seed2026052601,972,2,0
GR-1,2026052601,abc_d_fresh_sequence_1000seq_seed2026052601,973,0,0
GR-1,2026052601,abc_d_fresh_sequence_1000seq_seed2026052601,974,3,0
GR-1,2026052601,abc_d_fresh_sequence_1000seq_seed2026052601,975,4,0
GR-1,2026052601,abc_d_fresh_sequence_1000seq_seed2026052601,976,1,0
GR-1,2026052601,abc_d_fresh_sequence_1000seq_seed2026052601,977,3,0
GR-1,2026052601,abc_d_fresh_sequence_1000seq_seed2026052601,978,0,0
GR-1,2026052601,abc_d_fresh_sequence_1000seq_seed2026052601,979,2,0
GR-1,2026052601,abc_d_fresh_sequence_1000seq_seed2026052601,980,1,0
GR-1,2026052601,abc_d_fresh_sequence_1000seq_seed2026052601,981,3,0
GR-1,2026052601,abc_d_fresh_sequence_1000seq_seed2026052601,982,5,1
GR-1,2026052601,abc_d_fresh_sequence_1000seq_seed2026052601,983,4,0
GR-1,2026052601,abc_d_fresh_sequence_1000seq_seed2026052601,984,5,1
GR-1,2026052601,abc_d_fresh_sequence_1000seq_seed2026052601,985,2,0
GR-1,2026052601,abc_d_fresh_sequence_1000seq_seed2026052601,986,1,0
GR-1,2026052601,abc_d_fresh_sequence_1000seq_seed2026052601,987,5,1
GR-1,2026052601,abc_d_fresh_sequence_1000seq_seed2026052601,988,4,0
GR-1,2026052601,abc_d_fresh_sequence_1000seq_seed2026052601,989,5,1
GR-1,2026052601,abc_d_fresh_sequence_1000seq_seed2026052601,990,0,0
GR-1,2026052601,abc_d_fresh_sequence_1000seq_seed2026052601,991,3,0
GR-1,2026052601,abc_d_fresh_sequence_1000seq_seed2026052601,992,5,1
GR-1,2026052601,abc_d_fresh_sequence_1000seq_seed2026052601,993,2,0
GR-1,2026052601,abc_d_fresh_sequence_1000seq_seed2026052601,994,5,1
GR-1,2026052601,abc_d_fresh_sequence_1000seq_seed2026052601,995,5,1
GR-1,2026052601,abc_d_fresh_sequence_1000seq_seed2026052601,996,5,1
GR-1,2026052601,abc_d_fresh_sequence_1000seq_seed2026052601,997,3,0
GR-1,2026052601,abc_d_fresh_sequence_1000seq_seed2026052601,998,2,0
GR-1,2026052601,abc_d_fresh_sequence_1000seq_seed2026052601,999,2,0
GR-1,2026052602,abc_d_fresh_sequence_1000seq_seed2026052602,0,4,0
GR-1,2026052602,abc_d_fresh_sequence_1000seq_seed2026052602,1,5,1
GR-1,2026052602,abc_d_fresh_sequence_1000seq_seed2026052602,2,5,1
GR-1,2026052602,abc_d_fresh_sequence_1000seq_seed2026052602,3,5,1
GR-1,2026052602,abc_d_fresh_sequence_1000seq_seed2026052602,4,5,1
GR-1,2026052602,abc_d_fresh_sequence_1000seq_seed2026052602,5,3,0
GR-1,2026052602,abc_d_fresh_sequence_1000seq_seed2026052602,6,1,0
GR-1,2026052602,abc_d_fresh_sequence_1000seq_seed2026052602,7,5,1
GR-1,2026052602,abc_d_fresh_sequence_1000seq_seed2026052602,8,0,0
GR-1,2026052602,abc_d_fresh_sequence_1000seq_seed2026052602,9,5,1
GR-1,2026052602,abc_d_fresh_sequence_1000seq_seed2026052602,10,1,0
GR-1,2026052602,abc_d_fresh_sequence_1000seq_seed2026052602,11,5,1
GR-1,2026052602,abc_d_fresh_sequence_1000seq_seed2026052602,12,5,1
GR-1,2026052602,abc_d_fresh_sequence_1000seq_seed2026052602,13,5,1
GR-1,2026052602,abc_d_fresh_sequence_1000seq_seed2026052602,14,0,0
GR-1,2026052602,abc_d_fresh_sequence_1000seq_seed2026052602,15,2,0
GR-1,2026052602,abc_d_fresh_sequence_1000seq_seed2026052602,16,5,1
GR-1,2026052602,abc_d_fresh_sequence_1000seq_seed2026052602,17,5,1
GR-1,2026052602,abc_d_fresh_sequence_1000seq_seed2026052602,18,2,0
GR-1,2026052602,abc_d_fresh_sequence_1000seq_seed2026052602,19,5,1
GR-1,2026052602,abc_d_fresh_sequence_1000seq_seed2026052602,20,3,0
GR-1,2026052602,abc_d_fresh_sequence_1000seq_seed2026052602,21,5,1
GR-1,2026052602,abc_d_fresh_sequence_1000seq_seed2026052602,22,5,1
GR-1,2026052602,abc_d_fresh_sequence_1000seq_seed2026052602,23,5,1
GR-1,2026052602,abc_d_fresh_sequence_1000seq_seed2026052602,24,0,0
GR-1,2026052602,abc_d_fresh_sequence_1000seq_seed2026052602,25,5,1
GR-1,2026052602,abc_d_fresh_sequence_1000seq_seed2026052602,26,1,0
GR-1,2026052602,abc_d_fresh_sequence_1000seq_seed2026052602,27,5,1
GR-1,2026052602,abc_d_fresh_sequence_1000seq_seed2026052602,28,5,1
GR-1,2026052602,abc_d_fresh_sequence_1000seq_seed2026052602,29,3,0
GR-1,2026052602,abc_d_fresh_sequence_1000seq_seed2026052602,30,2,0
GR-1,2026052602,abc_d_fresh_sequence_1000seq_seed2026052602,31,3,0
GR-1,2026052602,abc_d_fresh_sequence_1000seq_seed2026052602,32,1,0
GR-1,2026052602,abc_d_fresh_sequence_1000seq_seed2026052602,33,5,1
GR-1,2026052602,abc_d_fresh_sequence_1000seq_seed2026052602,34,5,1
GR-1,2026052602,abc_d_fresh_sequence_1000seq_seed2026052602,35,5,1
GR-1,2026052602,abc_d_fresh_sequence_1000seq_seed2026052602,36,5,1
GR-1,2026052602,abc_d_fresh_sequence_1000seq_seed2026052602,37,3,0
GR-1,2026052602,abc_d_fresh_sequence_1000seq_seed2026052602,38,3,0
GR-1,2026052602,abc_d_fresh_sequence_1000seq_seed2026052602,39,3,0
GR-1,2026052602,abc_d_fresh_sequence_1000seq_seed2026052602,40,0,0
GR-1,2026052602,abc_d_fresh_sequence_1000seq_seed2026052602,41,0,0
GR-1,2026052602,abc_d_fresh_sequence_1000seq_seed2026052602,42,0,0
GR-1,2026052602,abc_d_fresh_sequence_1000seq_seed2026052602,43,2,0
GR-1,2026052602,abc_d_fresh_sequence_1000seq_seed2026052602,44,2,0
GR-1,2026052602,abc_d_fresh_sequence_1000seq_seed2026052602,45,5,1
GR-1,2026052602,abc_d_fresh_sequence_1000seq_seed2026052602,46,5,1
GR-1,2026052602,abc_d_fresh_sequence_1000seq_seed2026052602,47,1,0
GR-1,2026052602,abc_d_fresh_sequence_1000seq_seed2026052602,48,0,0
GR-1,2026052602,abc_d_fresh_sequence_1000seq_seed2026052602,49,5,1
GR-1,2026052602,abc_d_fresh_sequence_1000seq_seed2026052602,50,5,1
GR-1,2026052602,abc_d_fresh_sequence_1000seq_seed2026052602,51,2,0
GR-1,2026052602,abc_d_fresh_sequence_1000seq_seed2026052602,52,2,0
GR-1,2026052602,abc_d_fresh_sequence_1000seq_seed2026052602,53,5,1
GR-1,2026052602,abc_d_fresh_sequence_1000seq_seed2026052602,54,1,0
GR-1,2026052602,abc_d_fresh_sequence_1000seq_seed2026052602,55,5,1
GR-1,2026052602,abc_d_fresh_sequence_1000seq_seed2026052602,56,0,0
GR-1,2026052602,abc_d_fresh_sequence_1000seq_seed2026052602,57,2,0
GR-1,2026052602,abc_d_fresh_sequence_1000seq_seed2026052602,58,5,1
GR-1,2026052602,abc_d_fresh_sequence_1000seq_seed2026052602,59,3,0
GR-1,2026052602,abc_d_fresh_sequence_1000seq_seed2026052602,60,4,0
GR-1,2026052602,abc_d_fresh_sequence_1000seq_seed2026052602,61,5,1
GR-1,2026052602,abc_d_fresh_sequence_1000seq_seed2026052602,62,5,1
GR-1,2026052602,abc_d_fresh_sequence_1000seq_seed2026052602,63,5,1
GR-1,2026052602,abc_d_fresh_sequence_1000seq_seed2026052602,64,5,1
GR-1,2026052602,abc_d_fresh_sequence_1000seq_seed2026052602,65,5,1
GR-1,2026052602,abc_d_fresh_sequence_1000seq_seed2026052602,66,1,0
GR-1,2026052602,abc_d_fresh_sequence_1000seq_seed2026052602,67,0,0
GR-1,2026052602,abc_d_fresh_sequence_1000seq_seed2026052602,68,5,1
GR-1,2026052602,abc_d_fresh_sequence_1000seq_seed2026052602,69,5,1
GR-1,2026052602,abc_d_fresh_sequence_1000seq_seed2026052602,70,5,1
GR-1,2026052602,abc_d_fresh_sequence_1000seq_seed2026052602,71,0,0
GR-1,2026052602,abc_d_fresh_sequence_1000seq_seed2026052602,72,5,1
GR-1,2026052602,abc_d_fresh_sequence_1000seq_seed2026052602,73,5,1
GR-1,2026052602,abc_d_fresh_sequence_1000seq_seed2026052602,74,0,0
GR-1,2026052602,abc_d_fresh_sequence_1000seq_seed2026052602,75,2,0
GR-1,2026052602,abc_d_fresh_sequence_1000seq_seed2026052602,76,2,0
GR-1,2026052602,abc_d_fresh_sequence_1000seq_seed2026052602,77,5,1
GR-1,2026052602,abc_d_fresh_sequence_1000seq_seed2026052602,78,5,1
GR-1,2026052602,abc_d_fresh_sequence_1000seq_seed2026052602,79,5,1
GR-1,2026052602,abc_d_fresh_sequence_1000seq_seed2026052602,80,5,1
GR-1,2026052602,abc_d_fresh_sequence_1000seq_seed2026052602,81,3,0
GR-1,2026052602,abc_d_fresh_sequence_1000seq_seed2026052602,82,2,0
GR-1,2026052602,abc_d_fresh_sequence_1000seq_seed2026052602,83,5,1
GR-1,2026052602,abc_d_fresh_sequence_1000seq_seed2026052602,84,5,1
GR-1,2026052602,abc_d_fresh_sequence_1000seq_seed2026052602,85,0,0
GR-1,2026052602,abc_d_fresh_sequence_1000seq_seed2026052602,86,0,0
GR-1,2026052602,abc_d_fresh_sequence_1000seq_seed2026052602,87,5,1
GR-1,2026052602,abc_d_fresh_sequence_1000seq_seed2026052602,88,1,0
GR-1,2026052602,abc_d_fresh_sequence_1000seq_seed2026052602,89,5,1
GR-1,2026052602,abc_d_fresh_sequence_1000seq_seed2026052602,90,0,0
GR-1,2026052602,abc_d_fresh_sequence_1000seq_seed2026052602,91,4,0
GR-1,2026052602,abc_d_fresh_sequence_1000seq_seed2026052602,92,1,0
GR-1,2026052602,abc_d_fresh_sequence_1000seq_seed2026052602,93,5,1
GR-1,2026052602,abc_d_fresh_sequence_1000seq_seed2026052602,94,4,0
GR-1,2026052602,abc_d_fresh_sequence_1000seq_seed2026052602,95,5,1
GR-1,2026052602,abc_d_fresh_sequence_1000seq_seed2026052602,96,1,0
GR-1,2026052602,abc_d_fresh_sequence_1000seq_seed2026052602,97,5,1
GR-1,2026052602,abc_d_fresh_sequence_1000seq_seed2026052602,98,0,0
GR-1,2026052602,abc_d_fresh_sequence_1000seq_seed2026052602,99,0,0
GR-1,2026052602,abc_d_fresh_sequence_1000seq_seed2026052602,100,5,1
GR-1,2026052602,abc_d_fresh_sequence_1000seq_seed2026052602,101,1,0
GR-1,2026052602,abc_d_fresh_sequence_1000seq_seed2026052602,102,5,1
GR-1,2026052602,abc_d_fresh_sequence_1000seq_seed2026052602,103,1,0
GR-1,2026052602,abc_d_fresh_sequence_1000seq_seed2026052602,104,0,0
GR-1,2026052602,abc_d_fresh_sequence_1000seq_seed2026052602,105,1,0
GR-1,2026052602,abc_d_fresh_sequence_1000seq_seed2026052602,106,3,0
GR-1,2026052602,abc_d_fresh_sequence_1000seq_seed2026052602,107,1,0
GR-1,2026052602,abc_d_fresh_sequence_1000seq_seed2026052602,108,5,1
GR-1,2026052602,abc_d_fresh_sequence_1000seq_seed2026052602,109,0,0
GR-1,2026052602,abc_d_fresh_sequence_1000seq_seed2026052602,110,0,0
GR-1,2026052602,abc_d_fresh_sequence_1000seq_seed2026052602,111,5,1
GR-1,2026052602,abc_d_fresh_sequence_1000seq_seed2026052602,112,4,0
GR-1,2026052602,abc_d_fresh_sequence_1000seq_seed2026052602,113,5,1
GR-1,2026052602,abc_d_fresh_sequence_1000seq_seed2026052602,114,3,0
GR-1,2026052602,abc_d_fresh_sequence_1000seq_seed2026052602,115,1,0
GR-1,2026052602,abc_d_fresh_sequence_1000seq_seed2026052602,116,0,0
GR-1,2026052602,abc_d_fresh_sequence_1000seq_seed2026052602,117,5,1
GR-1,2026052602,abc_d_fresh_sequence_1000seq_seed2026052602,118,2,0
GR-1,2026052602,abc_d_fresh_sequence_1000seq_seed2026052602,119,3,0
GR-1,2026052602,abc_d_fresh_sequence_1000seq_seed2026052602,120,1,0
GR-1,2026052602,abc_d_fresh_sequence_1000seq_seed2026052602,121,0,0
GR-1,2026052602,abc_d_fresh_sequence_1000seq_seed2026052602,122,3,0
GR-1,2026052602,abc_d_fresh_sequence_1000seq_seed2026052602,123,5,1
GR-1,2026052602,abc_d_fresh_sequence_1000seq_seed2026052602,124,1,0
GR-1,2026052602,abc_d_fresh_sequence_1000seq_seed2026052602,125,0,0
GR-1,2026052602,abc_d_fresh_sequence_1000seq_seed2026052602,126,5,1
GR-1,2026052602,abc_d_fresh_sequence_1000seq_seed2026052602,127,5,1
GR-1,2026052602,abc_d_fresh_sequence_1000seq_seed2026052602,128,2,0
GR-1,2026052602,abc_d_fresh_sequence_1000seq_seed2026052602,129,4,0
GR-1,2026052602,abc_d_fresh_sequence_1000seq_seed2026052602,130,5,1
GR-1,2026052602,abc_d_fresh_sequence_1000seq_seed2026052602,131,2,0
GR-1,2026052602,abc_d_fresh_sequence_1000seq_seed2026052602,132,4,0
GR-1,2026052602,abc_d_fresh_sequence_1000seq_seed2026052602,133,5,1
GR-1,2026052602,abc_d_fresh_sequence_1000seq_seed2026052602,134,1,0
GR-1,2026052602,abc_d_fresh_sequence_1000seq_seed2026052602,135,0,0
GR-1,2026052602,abc_d_fresh_sequence_1000seq_seed2026052602,136,3,0
GR-1,2026052602,abc_d_fresh_sequence_1000seq_seed2026052602,137,1,0
GR-1,2026052602,abc_d_fresh_sequence_1000seq_seed2026052602,138,5,1
GR-1,2026052602,abc_d_fresh_sequence_1000seq_seed2026052602,139,3,0
GR-1,2026052602,abc_d_fresh_sequence_1000seq_seed2026052602,140,4,0
GR-1,2026052602,abc_d_fresh_sequence_1000seq_seed2026052602,141,5,1
GR-1,2026052602,abc_d_fresh_sequence_1000seq_seed2026052602,142,1,0
GR-1,2026052602,abc_d_fresh_sequence_1000seq_seed2026052602,143,2,0
GR-1,2026052602,abc_d_fresh_sequence_1000seq_seed2026052602,144,1,0
GR-1,2026052602,abc_d_fresh_sequence_1000seq_seed2026052602,145,0,0
GR-1,2026052602,abc_d_fresh_sequence_1000seq_seed2026052602,146,4,0
GR-1,2026052602,abc_d_fresh_sequence_1000seq_seed2026052602,147,2,0
GR-1,2026052602,abc_d_fresh_sequence_1000seq_seed2026052602,148,0,0
GR-1,2026052602,abc_d_fresh_sequence_1000seq_seed2026052602,149,5,1
GR-1,2026052602,abc_d_fresh_sequence_1000seq_seed2026052602,150,1,0
GR-1,2026052602,abc_d_fresh_sequence_1000seq_seed2026052602,151,0,0
GR-1,2026052602,abc_d_fresh_sequence_1000seq_seed2026052602,152,4,0
GR-1,2026052602,abc_d_fresh_sequence_1000seq_seed2026052602,153,1,0
GR-1,2026052602,abc_d_fresh_sequence_1000seq_seed2026052602,154,0,0
GR-1,2026052602,abc_d_fresh_sequence_1000seq_seed2026052602,155,3,0
GR-1,2026052602,abc_d_fresh_sequence_1000seq_seed2026052602,156,0,0
GR-1,2026052602,abc_d_fresh_sequence_1000seq_seed2026052602,157,2,0
GR-1,2026052602,abc_d_fresh_sequence_1000seq_seed2026052602,158,4,0
GR-1,2026052602,abc_d_fresh_sequence_1000seq_seed2026052602,159,5,1
GR-1,2026052602,abc_d_fresh_sequence_1000seq_seed2026052602,160,5,1
GR-1,2026052602,abc_d_fresh_sequence_1000seq_seed2026052602,161,4,0
GR-1,2026052602,abc_d_fresh_sequence_1000seq_seed2026052602,162,0,0
GR-1,2026052602,abc_d_fresh_sequence_1000seq_seed2026052602,163,5,1
GR-1,2026052602,abc_d_fresh_sequence_1000seq_seed2026052602,164,5,1
GR-1,2026052602,abc_d_fresh_sequence_1000seq_seed2026052602,165,0,0
GR-1,2026052602,abc_d_fresh_sequence_1000seq_seed2026052602,166,5,1
GR-1,2026052602,abc_d_fresh_sequence_1000seq_seed2026052602,167,3,0
GR-1,2026052602,abc_d_fresh_sequence_1000seq_seed2026052602,168,5,1
GR-1,2026052602,abc_d_fresh_sequence_1000seq_seed2026052602,169,0,0
GR-1,2026052602,abc_d_fresh_sequence_1000seq_seed2026052602,170,5,1
GR-1,2026052602,abc_d_fresh_sequence_1000seq_seed2026052602,171,1,0
GR-1,2026052602,abc_d_fresh_sequence_1000seq_seed2026052602,172,2,0
GR-1,2026052602,abc_d_fresh_sequence_1000seq_seed2026052602,173,1,0
GR-1,2026052602,abc_d_fresh_sequence_1000seq_seed2026052602,174,5,1
GR-1,2026052602,abc_d_fresh_sequence_1000seq_seed2026052602,175,2,0
GR-1,2026052602,abc_d_fresh_sequence_1000seq_seed2026052602,176,5,1
GR-1,2026052602,abc_d_fresh_sequence_1000seq_seed2026052602,177,5,1
GR-1,2026052602,abc_d_fresh_sequence_1000seq_seed2026052602,178,5,1
GR-1,2026052602,abc_d_fresh_sequence_1000seq_seed2026052602,179,4,0
GR-1,2026052602,abc_d_fresh_sequence_1000seq_seed2026052602,180,1,0
GR-1,2026052602,abc_d_fresh_sequence_1000seq_seed2026052602,181,5,1
GR-1,2026052602,abc_d_fresh_sequence_1000seq_seed2026052602,182,5,1
GR-1,2026052602,abc_d_fresh_sequence_1000seq_seed2026052602,183,5,1
GR-1,2026052602,abc_d_fresh_sequence_1000seq_seed2026052602,184,0,0
GR-1,2026052602,abc_d_fresh_sequence_1000seq_seed2026052602,185,1,0
GR-1,2026052602,abc_d_fresh_sequence_1000seq_seed2026052602,186,5,1
GR-1,2026052602,abc_d_fresh_sequence_1000seq_seed2026052602,187,5,1
GR-1,2026052602,abc_d_fresh_sequence_1000seq_seed2026052602,188,5,1
GR-1,2026052602,abc_d_fresh_sequence_1000seq_seed2026052602,189,2,0
GR-1,2026052602,abc_d_fresh_sequence_1000seq_seed2026052602,190,5,1
GR-1,2026052602,abc_d_fresh_sequence_1000seq_seed2026052602,191,5,1
GR-1,2026052602,abc_d_fresh_sequence_1000seq_seed2026052602,192,5,1
GR-1,2026052602,abc_d_fresh_sequence_1000seq_seed2026052602,193,5,1
GR-1,2026052602,abc_d_fresh_sequence_1000seq_seed2026052602,194,5,1
GR-1,2026052602,abc_d_fresh_sequence_1000seq_seed2026052602,195,5,1
GR-1,2026052602,abc_d_fresh_sequence_1000seq_seed2026052602,196,5,1
GR-1,2026052602,abc_d_fresh_sequence_1000seq_seed2026052602,197,5,1
GR-1,2026052602,abc_d_fresh_sequence_1000seq_seed2026052602,198,4,0
GR-1,2026052602,abc_d_fresh_sequence_1000seq_seed2026052602,199,4,0
GR-1,2026052602,abc_d_fresh_sequence_1000seq_seed2026052602,200,2,0
GR-1,2026052602,abc_d_fresh_sequence_1000seq_seed2026052602,201,2,0
GR-1,2026052602,abc_d_fresh_sequence_1000seq_seed2026052602,202,1,0
GR-1,2026052602,abc_d_fresh_sequence_1000seq_seed2026052602,203,1,0
GR-1,2026052602,abc_d_fresh_sequence_1000seq_seed2026052602,204,0,0
GR-1,2026052602,abc_d_fresh_sequence_1000seq_seed2026052602,205,5,1
GR-1,2026052602,abc_d_fresh_sequence_1000seq_seed2026052602,206,5,1
GR-1,2026052602,abc_d_fresh_sequence_1000seq_seed2026052602,207,5,1
GR-1,2026052602,abc_d_fresh_sequence_1000seq_seed2026052602,208,5,1
GR-1,2026052602,abc_d_fresh_sequence_1000seq_seed2026052602,209,5,1
GR-1,2026052602,abc_d_fresh_sequence_1000seq_seed2026052602,210,0,0
GR-1,2026052602,abc_d_fresh_sequence_1000seq_seed2026052602,211,1,0
GR-1,2026052602,abc_d_fresh_sequence_1000seq_seed2026052602,212,3,0
GR-1,2026052602,abc_d_fresh_sequence_1000seq_seed2026052602,213,5,1
GR-1,2026052602,abc_d_fresh_sequence_1000seq_seed2026052602,214,3,0
GR-1,2026052602,abc_d_fresh_sequence_1000seq_seed2026052602,215,3,0
GR-1,2026052602,abc_d_fresh_sequence_1000seq_seed2026052602,216,5,1
GR-1,2026052602,abc_d_fresh_sequence_1000seq_seed2026052602,217,0,0
GR-1,2026052602,abc_d_fresh_sequence_1000seq_seed2026052602,218,2,0
GR-1,2026052602,abc_d_fresh_sequence_1000seq_seed2026052602,219,2,0
GR-1,2026052602,abc_d_fresh_sequence_1000seq_seed2026052602,220,5,1
GR-1,2026052602,abc_d_fresh_sequence_1000seq_seed2026052602,221,5,1
GR-1,2026052602,abc_d_fresh_sequence_1000seq_seed2026052602,222,3,0
GR-1,2026052602,abc_d_fresh_sequence_1000seq_seed2026052602,223,5,1
GR-1,2026052602,abc_d_fresh_sequence_1000seq_seed2026052602,224,2,0
GR-1,2026052602,abc_d_fresh_sequence_1000seq_seed2026052602,225,5,1
GR-1,2026052602,abc_d_fresh_sequence_1000seq_seed2026052602,226,5,1
GR-1,2026052602,abc_d_fresh_sequence_1000seq_seed2026052602,227,3,0
GR-1,2026052602,abc_d_fresh_sequence_1000seq_seed2026052602,228,5,1
GR-1,2026052602,abc_d_fresh_sequence_1000seq_seed2026052602,229,1,0
GR-1,2026052602,abc_d_fresh_sequence_1000seq_seed2026052602,230,2,0
GR-1,2026052602,abc_d_fresh_sequence_1000seq_seed2026052602,231,2,0
GR-1,2026052602,abc_d_fresh_sequence_1000seq_seed2026052602,232,5,1
GR-1,2026052602,abc_d_fresh_sequence_1000seq_seed2026052602,233,5,1
GR-1,2026052602,abc_d_fresh_sequence_1000seq_seed2026052602,234,0,0
GR-1,2026052602,abc_d_fresh_sequence_1000seq_seed2026052602,235,5,1
GR-1,2026052602,abc_d_fresh_sequence_1000seq_seed2026052602,236,5,1
GR-1,2026052602,abc_d_fresh_sequence_1000seq_seed2026052602,237,3,0
GR-1,2026052602,abc_d_fresh_sequence_1000seq_seed2026052602,238,1,0
GR-1,2026052602,abc_d_fresh_sequence_1000seq_seed2026052602,239,1,0
GR-1,2026052602,abc_d_fresh_sequence_1000seq_seed2026052602,240,1,0
GR-1,2026052602,abc_d_fresh_sequence_1000seq_seed2026052602,241,5,1
GR-1,2026052602,abc_d_fresh_sequence_1000seq_seed2026052602,242,5,1
GR-1,2026052602,abc_d_fresh_sequence_1000seq_seed2026052602,243,5,1
GR-1,2026052602,abc_d_fresh_sequence_1000seq_seed2026052602,244,1,0
GR-1,2026052602,abc_d_fresh_sequence_1000seq_seed2026052602,245,4,0
GR-1,2026052602,abc_d_fresh_sequence_1000seq_seed2026052602,246,5,1
GR-1,2026052602,abc_d_fresh_sequence_1000seq_seed2026052602,247,5,1
GR-1,2026052602,abc_d_fresh_sequence_1000seq_seed2026052602,248,2,0
GR-1,2026052602,abc_d_fresh_sequence_1000seq_seed2026052602,249,3,0
GR-1,2026052602,abc_d_fresh_sequence_1000seq_seed2026052602,250,5,1
GR-1,2026052602,abc_d_fresh_sequence_1000seq_seed2026052602,251,0,0
GR-1,2026052602,abc_d_fresh_sequence_1000seq_seed2026052602,252,0,0
GR-1,2026052602,abc_d_fresh_sequence_1000seq_seed2026052602,253,5,1
GR-1,2026052602,abc_d_fresh_sequence_1000seq_seed2026052602,254,3,0
GR-1,2026052602,abc_d_fresh_sequence_1000seq_seed2026052602,255,3,0
GR-1,2026052602,abc_d_fresh_sequence_1000seq_seed2026052602,256,0,0
GR-1,2026052602,abc_d_fresh_sequence_1000seq_seed2026052602,257,0,0
GR-1,2026052602,abc_d_fresh_sequence_1000seq_seed2026052602,258,5,1
GR-1,2026052602,abc_d_fresh_sequence_1000seq_seed2026052602,259,3,0
GR-1,2026052602,abc_d_fresh_sequence_1000seq_seed2026052602,260,5,1
GR-1,2026052602,abc_d_fresh_sequence_1000seq_seed2026052602,261,1,0
GR-1,2026052602,abc_d_fresh_sequence_1000seq_seed2026052602,262,3,0
GR-1,2026052602,abc_d_fresh_sequence_1000seq_seed2026052602,263,5,1
GR-1,2026052602,abc_d_fresh_sequence_1000seq_seed2026052602,264,2,0
GR-1,2026052602,abc_d_fresh_sequence_1000seq_seed2026052602,265,5,1
GR-1,2026052602,abc_d_fresh_sequence_1000seq_seed2026052602,266,0,0
GR-1,2026052602,abc_d_fresh_sequence_1000seq_seed2026052602,267,5,1
GR-1,2026052602,abc_d_fresh_sequence_1000seq_seed2026052602,268,0,0
GR-1,2026052602,abc_d_fresh_sequence_1000seq_seed2026052602,269,3,0
GR-1,2026052602,abc_d_fresh_sequence_1000seq_seed2026052602,270,3,0
GR-1,2026052602,abc_d_fresh_sequence_1000seq_seed2026052602,271,5,1
GR-1,2026052602,abc_d_fresh_sequence_1000seq_seed2026052602,272,5,1
GR-1,2026052602,abc_d_fresh_sequence_1000seq_seed2026052602,273,5,1
GR-1,2026052602,abc_d_fresh_sequence_1000seq_seed2026052602,274,3,0
GR-1,2026052602,abc_d_fresh_sequence_1000seq_seed2026052602,275,5,1
GR-1,2026052602,abc_d_fresh_sequence_1000seq_seed2026052602,276,1,0
GR-1,2026052602,abc_d_fresh_sequence_1000seq_seed2026052602,277,5,1
GR-1,2026052602,abc_d_fresh_sequence_1000seq_seed2026052602,278,5,1
GR-1,2026052602,abc_d_fresh_sequence_1000seq_seed2026052602,279,3,0
GR-1,2026052602,abc_d_fresh_sequence_1000seq_seed2026052602,280,3,0
GR-1,2026052602,abc_d_fresh_sequence_1000seq_seed2026052602,281,0,0
GR-1,2026052602,abc_d_fresh_sequence_1000seq_seed2026052602,282,4,0
GR-1,2026052602,abc_d_fresh_sequence_1000seq_seed2026052602,283,5,1
GR-1,2026052602,abc_d_fresh_sequence_1000seq_seed2026052602,284,1,0
GR-1,2026052602,abc_d_fresh_sequence_1000seq_seed2026052602,285,0,0
GR-1,2026052602,abc_d_fresh_sequence_1000seq_seed2026052602,286,5,1
GR-1,2026052602,abc_d_fresh_sequence_1000seq_seed2026052602,287,3,0
GR-1,2026052602,abc_d_fresh_sequence_1000seq_seed2026052602,288,1,0
GR-1,2026052602,abc_d_fresh_sequence_1000seq_seed2026052602,289,5,1
GR-1,2026052602,abc_d_fresh_sequence_1000seq_seed2026052602,290,1,0
GR-1,2026052602,abc_d_fresh_sequence_1000seq_seed2026052602,291,0,0
GR-1,2026052602,abc_d_fresh_sequence_1000seq_seed2026052602,292,5,1
GR-1,2026052602,abc_d_fresh_sequence_1000seq_seed2026052602,293,5,1
GR-1,2026052602,abc_d_fresh_sequence_1000seq_seed2026052602,294,5,1
GR-1,2026052602,abc_d_fresh_sequence_1000seq_seed2026052602,295,5,1
GR-1,2026052602,abc_d_fresh_sequence_1000seq_seed2026052602,296,2,0
GR-1,2026052602,abc_d_fresh_sequence_1000seq_seed2026052602,297,5,1
GR-1,2026052602,abc_d_fresh_sequence_1000seq_seed2026052602,298,1,0
GR-1,2026052602,abc_d_fresh_sequence_1000seq_seed2026052602,299,5,1
GR-1,2026052602,abc_d_fresh_sequence_1000seq_seed2026052602,300,0,0
GR-1,2026052602,abc_d_fresh_sequence_1000seq_seed2026052602,301,0,0
GR-1,2026052602,abc_d_fresh_sequence_1000seq_seed2026052602,302,3,0
GR-1,2026052602,abc_d_fresh_sequence_1000seq_seed2026052602,303,0,0
GR-1,2026052602,abc_d_fresh_sequence_1000seq_seed2026052602,304,2,0
GR-1,2026052602,abc_d_fresh_sequence_1000seq_seed2026052602,305,3,0
GR-1,2026052602,abc_d_fresh_sequence_1000seq_seed2026052602,306,5,1
GR-1,2026052602,abc_d_fresh_sequence_1000seq_seed2026052602,307,2,0
GR-1,2026052602,abc_d_fresh_sequence_1000seq_seed2026052602,308,1,0
GR-1,2026052602,abc_d_fresh_sequence_1000seq_seed2026052602,309,5,1
GR-1,2026052602,abc_d_fresh_sequence_1000seq_seed2026052602,310,5,1
GR-1,2026052602,abc_d_fresh_sequence_1000seq_seed2026052602,311,4,0
GR-1,2026052602,abc_d_fresh_sequence_1000seq_seed2026052602,312,4,0
GR-1,2026052602,abc_d_fresh_sequence_1000seq_seed2026052602,313,2,0
GR-1,2026052602,abc_d_fresh_sequence_1000seq_seed2026052602,314,0,0
GR-1,2026052602,abc_d_fresh_sequence_1000seq_seed2026052602,315,0,0
GR-1,2026052602,abc_d_fresh_sequence_1000seq_seed2026052602,316,3,0
GR-1,2026052602,abc_d_fresh_sequence_1000seq_seed2026052602,317,5,1
GR-1,2026052602,abc_d_fresh_sequence_1000seq_seed2026052602,318,5,1
GR-1,2026052602,abc_d_fresh_sequence_1000seq_seed2026052602,319,5,1
GR-1,2026052602,abc_d_fresh_sequence_1000seq_seed2026052602,320,5,1
GR-1,2026052602,abc_d_fresh_sequence_1000seq_seed2026052602,321,5,1
GR-1,2026052602,abc_d_fresh_sequence_1000seq_seed2026052602,322,5,1
GR-1,2026052602,abc_d_fresh_sequence_1000seq_seed2026052602,323,0,0
GR-1,2026052602,abc_d_fresh_sequence_1000seq_seed2026052602,324,1,0
GR-1,2026052602,abc_d_fresh_sequence_1000seq_seed2026052602,325,0,0
GR-1,2026052602,abc_d_fresh_sequence_1000seq_seed2026052602,326,3,0
GR-1,2026052602,abc_d_fresh_sequence_1000seq_seed2026052602,327,1,0
GR-1,2026052602,abc_d_fresh_sequence_1000seq_seed2026052602,328,0,0
GR-1,2026052602,abc_d_fresh_sequence_1000seq_seed2026052602,329,5,1
GR-1,2026052602,abc_d_fresh_sequence_1000seq_seed2026052602,330,5,1
GR-1,2026052602,abc_d_fresh_sequence_1000seq_seed2026052602,331,5,1
GR-1,2026052602,abc_d_fresh_sequence_1000seq_seed2026052602,332,1,0
GR-1,2026052602,abc_d_fresh_sequence_1000seq_seed2026052602,333,5,1
GR-1,2026052602,abc_d_fresh_sequence_1000seq_seed2026052602,334,4,0
GR-1,2026052602,abc_d_fresh_sequence_1000seq_seed2026052602,335,4,0
GR-1,2026052602,abc_d_fresh_sequence_1000seq_seed2026052602,336,3,0
GR-1,2026052602,abc_d_fresh_sequence_1000seq_seed2026052602,337,5,1
GR-1,2026052602,abc_d_fresh_sequence_1000seq_seed2026052602,338,5,1
GR-1,2026052602,abc_d_fresh_sequence_1000seq_seed2026052602,339,2,0
GR-1,2026052602,abc_d_fresh_sequence_1000seq_seed2026052602,340,5,1
GR-1,2026052602,abc_d_fresh_sequence_1000seq_seed2026052602,341,3,0
GR-1,2026052602,abc_d_fresh_sequence_1000seq_seed2026052602,342,2,0
GR-1,2026052602,abc_d_fresh_sequence_1000seq_seed2026052602,343,2,0
GR-1,2026052602,abc_d_fresh_sequence_1000seq_seed2026052602,344,2,0
GR-1,2026052602,abc_d_fresh_sequence_1000seq_seed2026052602,345,1,0
GR-1,2026052602,abc_d_fresh_sequence_1000seq_seed2026052602,346,5,1
GR-1,2026052602,abc_d_fresh_sequence_1000seq_seed2026052602,347,0,0
GR-1,2026052602,abc_d_fresh_sequence_1000seq_seed2026052602,348,0,0
GR-1,2026052602,abc_d_fresh_sequence_1000seq_seed2026052602,349,1,0
GR-1,2026052602,abc_d_fresh_sequence_1000seq_seed2026052602,350,5,1
GR-1,2026052602,abc_d_fresh_sequence_1000seq_seed2026052602,351,4,0
GR-1,2026052602,abc_d_fresh_sequence_1000seq_seed2026052602,352,5,1
GR-1,2026052602,abc_d_fresh_sequence_1000seq_seed2026052602,353,2,0
GR-1,2026052602,abc_d_fresh_sequence_1000seq_seed2026052602,354,0,0
GR-1,2026052602,abc_d_fresh_sequence_1000seq_seed2026052602,355,5,1
GR-1,2026052602,abc_d_fresh_sequence_1000seq_seed2026052602,356,3,0
GR-1,2026052602,abc_d_fresh_sequence_1000seq_seed2026052602,357,0,0
GR-1,2026052602,abc_d_fresh_sequence_1000seq_seed2026052602,358,0,0
GR-1,2026052602,abc_d_fresh_sequence_1000seq_seed2026052602,359,5,1
GR-1,2026052602,abc_d_fresh_sequence_1000seq_seed2026052602,360,0,0
GR-1,2026052602,abc_d_fresh_sequence_1000seq_seed2026052602,361,5,1
GR-1,2026052602,abc_d_fresh_sequence_1000seq_seed2026052602,362,3,0
GR-1,2026052602,abc_d_fresh_sequence_1000seq_seed2026052602,363,4,0
GR-1,2026052602,abc_d_fresh_sequence_1000seq_seed2026052602,364,5,1
GR-1,2026052602,abc_d_fresh_sequence_1000seq_seed2026052602,365,0,0
GR-1,2026052602,abc_d_fresh_sequence_1000seq_seed2026052602,366,4,0
GR-1,2026052602,abc_d_fresh_sequence_1000seq_seed2026052602,367,0,0
GR-1,2026052602,abc_d_fresh_sequence_1000seq_seed2026052602,368,5,1
GR-1,2026052602,abc_d_fresh_sequence_1000seq_seed2026052602,369,1,0
GR-1,2026052602,abc_d_fresh_sequence_1000seq_seed2026052602,370,1,0
GR-1,2026052602,abc_d_fresh_sequence_1000seq_seed2026052602,371,2,0
GR-1,2026052602,abc_d_fresh_sequence_1000seq_seed2026052602,372,2,0
GR-1,2026052602,abc_d_fresh_sequence_1000seq_seed2026052602,373,5,1
GR-1,2026052602,abc_d_fresh_sequence_1000seq_seed2026052602,374,4,0
GR-1,2026052602,abc_d_fresh_sequence_1000seq_seed2026052602,375,5,1
GR-1,2026052602,abc_d_fresh_sequence_1000seq_seed2026052602,376,5,1
GR-1,2026052602,abc_d_fresh_sequence_1000seq_seed2026052602,377,5,1
GR-1,2026052602,abc_d_fresh_sequence_1000seq_seed2026052602,378,5,1
GR-1,2026052602,abc_d_fresh_sequence_1000seq_seed2026052602,379,5,1
GR-1,2026052602,abc_d_fresh_sequence_1000seq_seed2026052602,380,5,1
GR-1,2026052602,abc_d_fresh_sequence_1000seq_seed2026052602,381,1,0
GR-1,2026052602,abc_d_fresh_sequence_1000seq_seed2026052602,382,2,0
GR-1,2026052602,abc_d_fresh_sequence_1000seq_seed2026052602,383,2,0
GR-1,2026052602,abc_d_fresh_sequence_1000seq_seed2026052602,384,5,1
GR-1,2026052602,abc_d_fresh_sequence_1000seq_seed2026052602,385,4,0
GR-1,2026052602,abc_d_fresh_sequence_1000seq_seed2026052602,386,5,1
GR-1,2026052602,abc_d_fresh_sequence_1000seq_seed2026052602,387,5,1
GR-1,2026052602,abc_d_fresh_sequence_1000seq_seed2026052602,388,4,0
GR-1,2026052602,abc_d_fresh_sequence_1000seq_seed2026052602,389,5,1
GR-1,2026052602,abc_d_fresh_sequence_1000seq_seed2026052602,390,0,0
GR-1,2026052602,abc_d_fresh_sequence_1000seq_seed2026052602,391,5,1
GR-1,2026052602,abc_d_fresh_sequence_1000seq_seed2026052602,392,5,1
GR-1,2026052602,abc_d_fresh_sequence_1000seq_seed2026052602,393,5,1
GR-1,2026052602,abc_d_fresh_sequence_1000seq_seed2026052602,394,5,1
GR-1,2026052602,abc_d_fresh_sequence_1000seq_seed2026052602,395,2,0
GR-1,2026052602,abc_d_fresh_sequence_1000seq_seed2026052602,396,2,0
GR-1,2026052602,abc_d_fresh_sequence_1000seq_seed2026052602,397,2,0
GR-1,2026052602,abc_d_fresh_sequence_1000seq_seed2026052602,398,2,0
GR-1,2026052602,abc_d_fresh_sequence_1000seq_seed2026052602,399,2,0
GR-1,2026052602,abc_d_fresh_sequence_1000seq_seed2026052602,400,2,0
GR-1,2026052602,abc_d_fresh_sequence_1000seq_seed2026052602,401,1,0
GR-1,2026052602,abc_d_fresh_sequence_1000seq_seed2026052602,402,0,0
GR-1,2026052602,abc_d_fresh_sequence_1000seq_seed2026052602,403,3,0
GR-1,2026052602,abc_d_fresh_sequence_1000seq_seed2026052602,404,3,0
GR-1,2026052602,abc_d_fresh_sequence_1000seq_seed2026052602,405,5,1
GR-1,2026052602,abc_d_fresh_sequence_1000seq_seed2026052602,406,1,0
GR-1,2026052602,abc_d_fresh_sequence_1000seq_seed2026052602,407,5,1
GR-1,2026052602,abc_d_fresh_sequence_1000seq_seed2026052602,408,5,1
GR-1,2026052602,abc_d_fresh_sequence_1000seq_seed2026052602,409,1,0
GR-1,2026052602,abc_d_fresh_sequence_1000seq_seed2026052602,410,2,0
GR-1,2026052602,abc_d_fresh_sequence_1000seq_seed2026052602,411,5,1
GR-1,2026052602,abc_d_fresh_sequence_1000seq_seed2026052602,412,5,1
GR-1,2026052602,abc_d_fresh_sequence_1000seq_seed2026052602,413,1,0
GR-1,2026052602,abc_d_fresh_sequence_1000seq_seed2026052602,414,0,0
GR-1,2026052602,abc_d_fresh_sequence_1000seq_seed2026052602,415,4,0
GR-1,2026052602,abc_d_fresh_sequence_1000seq_seed2026052602,416,5,1
GR-1,2026052602,abc_d_fresh_sequence_1000seq_seed2026052602,417,3,0
GR-1,2026052602,abc_d_fresh_sequence_1000seq_seed2026052602,418,0,0
GR-1,2026052602,abc_d_fresh_sequence_1000seq_seed2026052602,419,3,0
GR-1,2026052602,abc_d_fresh_sequence_1000seq_seed2026052602,420,3,0
GR-1,2026052602,abc_d_fresh_sequence_1000seq_seed2026052602,421,2,0
GR-1,2026052602,abc_d_fresh_sequence_1000seq_seed2026052602,422,5,1
GR-1,2026052602,abc_d_fresh_sequence_1000seq_seed2026052602,423,5,1
GR-1,2026052602,abc_d_fresh_sequence_1000seq_seed2026052602,424,5,1
GR-1,2026052602,abc_d_fresh_sequence_1000seq_seed2026052602,425,5,1
GR-1,2026052602,abc_d_fresh_sequence_1000seq_seed2026052602,426,1,0
GR-1,2026052602,abc_d_fresh_sequence_1000seq_seed2026052602,427,0,0
GR-1,2026052602,abc_d_fresh_sequence_1000seq_seed2026052602,428,0,0
GR-1,2026052602,abc_d_fresh_sequence_1000seq_seed2026052602,429,5,1
GR-1,2026052602,abc_d_fresh_sequence_1000seq_seed2026052602,430,5,1
GR-1,2026052602,abc_d_fresh_sequence_1000seq_seed2026052602,431,0,0
GR-1,2026052602,abc_d_fresh_sequence_1000seq_seed2026052602,432,1,0
GR-1,2026052602,abc_d_fresh_sequence_1000seq_seed2026052602,433,5,1
GR-1,2026052602,abc_d_fresh_sequence_1000seq_seed2026052602,434,3,0
GR-1,2026052602,abc_d_fresh_sequence_1000seq_seed2026052602,435,1,0
GR-1,2026052602,abc_d_fresh_sequence_1000seq_seed2026052602,436,5,1
GR-1,2026052602,abc_d_fresh_sequence_1000seq_seed2026052602,437,0,0
GR-1,2026052602,abc_d_fresh_sequence_1000seq_seed2026052602,438,5,1
GR-1,2026052602,abc_d_fresh_sequence_1000seq_seed2026052602,439,1,0
GR-1,2026052602,abc_d_fresh_sequence_1000seq_seed2026052602,440,5,1
GR-1,2026052602,abc_d_fresh_sequence_1000seq_seed2026052602,441,5,1
GR-1,2026052602,abc_d_fresh_sequence_1000seq_seed2026052602,442,0,0
GR-1,2026052602,abc_d_fresh_sequence_1000seq_seed2026052602,443,2,0
GR-1,2026052602,abc_d_fresh_sequence_1000seq_seed2026052602,444,4,0
GR-1,2026052602,abc_d_fresh_sequence_1000seq_seed2026052602,445,0,0
GR-1,2026052602,abc_d_fresh_sequence_1000seq_seed2026052602,446,5,1
GR-1,2026052602,abc_d_fresh_sequence_1000seq_seed2026052602,447,1,0
GR-1,2026052602,abc_d_fresh_sequence_1000seq_seed2026052602,448,5,1
GR-1,2026052602,abc_d_fresh_sequence_1000seq_seed2026052602,449,2,0
GR-1,2026052602,abc_d_fresh_sequence_1000seq_seed2026052602,450,5,1
GR-1,2026052602,abc_d_fresh_sequence_1000seq_seed2026052602,451,0,0
GR-1,2026052602,abc_d_fresh_sequence_1000seq_seed2026052602,452,1,0
GR-1,2026052602,abc_d_fresh_sequence_1000seq_seed2026052602,453,2,0
GR-1,2026052602,abc_d_fresh_sequence_1000seq_seed2026052602,454,5,1
GR-1,2026052602,abc_d_fresh_sequence_1000seq_seed2026052602,455,5,1
GR-1,2026052602,abc_d_fresh_sequence_1000seq_seed2026052602,456,5,1
GR-1,2026052602,abc_d_fresh_sequence_1000seq_seed2026052602,457,5,1
GR-1,2026052602,abc_d_fresh_sequence_1000seq_seed2026052602,458,2,0
GR-1,2026052602,abc_d_fresh_sequence_1000seq_seed2026052602,459,5,1
GR-1,2026052602,abc_d_fresh_sequence_1000seq_seed2026052602,460,5,1
GR-1,2026052602,abc_d_fresh_sequence_1000seq_seed2026052602,461,2,0
GR-1,2026052602,abc_d_fresh_sequence_1000seq_seed2026052602,462,5,1
GR-1,2026052602,abc_d_fresh_sequence_1000seq_seed2026052602,463,1,0
GR-1,2026052602,abc_d_fresh_sequence_1000seq_seed2026052602,464,5,1
GR-1,2026052602,abc_d_fresh_sequence_1000seq_seed2026052602,465,0,0
GR-1,2026052602,abc_d_fresh_sequence_1000seq_seed2026052602,466,0,0
GR-1,2026052602,abc_d_fresh_sequence_1000seq_seed2026052602,467,5,1
GR-1,2026052602,abc_d_fresh_sequence_1000seq_seed2026052602,468,0,0
GR-1,2026052602,abc_d_fresh_sequence_1000seq_seed2026052602,469,3,0
GR-1,2026052602,abc_d_fresh_sequence_1000seq_seed2026052602,470,5,1
GR-1,2026052602,abc_d_fresh_sequence_1000seq_seed2026052602,471,0,0
GR-1,2026052602,abc_d_fresh_sequence_1000seq_seed2026052602,472,5,1
GR-1,2026052602,abc_d_fresh_sequence_1000seq_seed2026052602,473,3,0
GR-1,2026052602,abc_d_fresh_sequence_1000seq_seed2026052602,474,5,1
GR-1,2026052602,abc_d_fresh_sequence_1000seq_seed2026052602,475,5,1
GR-1,2026052602,abc_d_fresh_sequence_1000seq_seed2026052602,476,5,1
GR-1,2026052602,abc_d_fresh_sequence_1000seq_seed2026052602,477,5,1
GR-1,2026052602,abc_d_fresh_sequence_1000seq_seed2026052602,478,1,0
GR-1,2026052602,abc_d_fresh_sequence_1000seq_seed2026052602,479,4,0
GR-1,2026052602,abc_d_fresh_sequence_1000seq_seed2026052602,480,1,0
GR-1,2026052602,abc_d_fresh_sequence_1000seq_seed2026052602,481,5,1
GR-1,2026052602,abc_d_fresh_sequence_1000seq_seed2026052602,482,1,0
GR-1,2026052602,abc_d_fresh_sequence_1000seq_seed2026052602,483,5,1
GR-1,2026052602,abc_d_fresh_sequence_1000seq_seed2026052602,484,0,0
GR-1,2026052602,abc_d_fresh_sequence_1000seq_seed2026052602,485,4,0
GR-1,2026052602,abc_d_fresh_sequence_1000seq_seed2026052602,486,3,0
GR-1,2026052602,abc_d_fresh_sequence_1000seq_seed2026052602,487,5,1
GR-1,2026052602,abc_d_fresh_sequence_1000seq_seed2026052602,488,4,0
GR-1,2026052602,abc_d_fresh_sequence_1000seq_seed2026052602,489,5,1
GR-1,2026052602,abc_d_fresh_sequence_1000seq_seed2026052602,490,3,0
GR-1,2026052602,abc_d_fresh_sequence_1000seq_seed2026052602,491,5,1
GR-1,2026052602,abc_d_fresh_sequence_1000seq_seed2026052602,492,5,1
GR-1,2026052602,abc_d_fresh_sequence_1000seq_seed2026052602,493,4,0
GR-1,2026052602,abc_d_fresh_sequence_1000seq_seed2026052602,494,5,1
GR-1,2026052602,abc_d_fresh_sequence_1000seq_seed2026052602,495,5,1
GR-1,2026052602,abc_d_fresh_sequence_1000seq_seed2026052602,496,2,0
GR-1,2026052602,abc_d_fresh_sequence_1000seq_seed2026052602,497,5,1
GR-1,2026052602,abc_d_fresh_sequence_1000seq_seed2026052602,498,0,0
GR-1,2026052602,abc_d_fresh_sequence_1000seq_seed2026052602,499,5,1
GR-1,2026052602,abc_d_fresh_sequence_1000seq_seed2026052602,500,5,1
GR-1,2026052602,abc_d_fresh_sequence_1000seq_seed2026052602,501,4,0
GR-1,2026052602,abc_d_fresh_sequence_1000seq_seed2026052602,502,0,0
GR-1,2026052602,abc_d_fresh_sequence_1000seq_seed2026052602,503,0,0
GR-1,2026052602,abc_d_fresh_sequence_1000seq_seed2026052602,504,5,1
GR-1,2026052602,abc_d_fresh_sequence_1000seq_seed2026052602,505,0,0
GR-1,2026052602,abc_d_fresh_sequence_1000seq_seed2026052602,506,1,0
GR-1,2026052602,abc_d_fresh_sequence_1000seq_seed2026052602,507,1,0
GR-1,2026052602,abc_d_fresh_sequence_1000seq_seed2026052602,508,2,0
GR-1,2026052602,abc_d_fresh_sequence_1000seq_seed2026052602,509,5,1
GR-1,2026052602,abc_d_fresh_sequence_1000seq_seed2026052602,510,2,0
GR-1,2026052602,abc_d_fresh_sequence_1000seq_seed2026052602,511,0,0
GR-1,2026052602,abc_d_fresh_sequence_1000seq_seed2026052602,512,5,1
GR-1,2026052602,abc_d_fresh_sequence_1000seq_seed2026052602,513,1,0
GR-1,2026052602,abc_d_fresh_sequence_1000seq_seed2026052602,514,5,1
GR-1,2026052602,abc_d_fresh_sequence_1000seq_seed2026052602,515,5,1
GR-1,2026052602,abc_d_fresh_sequence_1000seq_seed2026052602,516,0,0
GR-1,2026052602,abc_d_fresh_sequence_1000seq_seed2026052602,517,5,1
GR-1,2026052602,abc_d_fresh_sequence_1000seq_seed2026052602,518,2,0
GR-1,2026052602,abc_d_fresh_sequence_1000seq_seed2026052602,519,5,1
GR-1,2026052602,abc_d_fresh_sequence_1000seq_seed2026052602,520,5,1
GR-1,2026052602,abc_d_fresh_sequence_1000seq_seed2026052602,521,5,1
GR-1,2026052602,abc_d_fresh_sequence_1000seq_seed2026052602,522,5,1
GR-1,2026052602,abc_d_fresh_sequence_1000seq_seed2026052602,523,5,1
GR-1,2026052602,abc_d_fresh_sequence_1000seq_seed2026052602,524,2,0
GR-1,2026052602,abc_d_fresh_sequence_1000seq_seed2026052602,525,0,0
GR-1,2026052602,abc_d_fresh_sequence_1000seq_seed2026052602,526,5,1
GR-1,2026052602,abc_d_fresh_sequence_1000seq_seed2026052602,527,3,0
GR-1,2026052602,abc_d_fresh_sequence_1000seq_seed2026052602,528,5,1
GR-1,2026052602,abc_d_fresh_sequence_1000seq_seed2026052602,529,5,1
GR-1,2026052602,abc_d_fresh_sequence_1000seq_seed2026052602,530,1,0
GR-1,2026052602,abc_d_fresh_sequence_1000seq_seed2026052602,531,5,1
GR-1,2026052602,abc_d_fresh_sequence_1000seq_seed2026052602,532,5,1
GR-1,2026052602,abc_d_fresh_sequence_1000seq_seed2026052602,533,5,1
GR-1,2026052602,abc_d_fresh_sequence_1000seq_seed2026052602,534,1,0
GR-1,2026052602,abc_d_fresh_sequence_1000seq_seed2026052602,535,1,0
GR-1,2026052602,abc_d_fresh_sequence_1000seq_seed2026052602,536,3,0
GR-1,2026052602,abc_d_fresh_sequence_1000seq_seed2026052602,537,1,0
GR-1,2026052602,abc_d_fresh_sequence_1000seq_seed2026052602,538,1,0
GR-1,2026052602,abc_d_fresh_sequence_1000seq_seed2026052602,539,5,1
GR-1,2026052602,abc_d_fresh_sequence_1000seq_seed2026052602,540,3,0
GR-1,2026052602,abc_d_fresh_sequence_1000seq_seed2026052602,541,5,1
GR-1,2026052602,abc_d_fresh_sequence_1000seq_seed2026052602,542,4,0
GR-1,2026052602,abc_d_fresh_sequence_1000seq_seed2026052602,543,3,0
GR-1,2026052602,abc_d_fresh_sequence_1000seq_seed2026052602,544,2,0
GR-1,2026052602,abc_d_fresh_sequence_1000seq_seed2026052602,545,0,0
GR-1,2026052602,abc_d_fresh_sequence_1000seq_seed2026052602,546,2,0
GR-1,2026052602,abc_d_fresh_sequence_1000seq_seed2026052602,547,5,1
GR-1,2026052602,abc_d_fresh_sequence_1000seq_seed2026052602,548,0,0
GR-1,2026052602,abc_d_fresh_sequence_1000seq_seed2026052602,549,5,1
GR-1,2026052602,abc_d_fresh_sequence_1000seq_seed2026052602,550,1,0
GR-1,2026052602,abc_d_fresh_sequence_1000seq_seed2026052602,551,1,0
GR-1,2026052602,abc_d_fresh_sequence_1000seq_seed2026052602,552,5,1
GR-1,2026052602,abc_d_fresh_sequence_1000seq_seed2026052602,553,4,0
GR-1,2026052602,abc_d_fresh_sequence_1000seq_seed2026052602,554,4,0
GR-1,2026052602,abc_d_fresh_sequence_1000seq_seed2026052602,555,2,0
GR-1,2026052602,abc_d_fresh_sequence_1000seq_seed2026052602,556,5,1
GR-1,2026052602,abc_d_fresh_sequence_1000seq_seed2026052602,557,0,0
GR-1,2026052602,abc_d_fresh_sequence_1000seq_seed2026052602,558,5,1
GR-1,2026052602,abc_d_fresh_sequence_1000seq_seed2026052602,559,5,1
GR-1,2026052602,abc_d_fresh_sequence_1000seq_seed2026052602,560,3,0
GR-1,2026052602,abc_d_fresh_sequence_1000seq_seed2026052602,561,0,0
GR-1,2026052602,abc_d_fresh_sequence_1000seq_seed2026052602,562,2,0
GR-1,2026052602,abc_d_fresh_sequence_1000seq_seed2026052602,563,5,1
GR-1,2026052602,abc_d_fresh_sequence_1000seq_seed2026052602,564,5,1
GR-1,2026052602,abc_d_fresh_sequence_1000seq_seed2026052602,565,2,0
GR-1,2026052602,abc_d_fresh_sequence_1000seq_seed2026052602,566,5,1
GR-1,2026052602,abc_d_fresh_sequence_1000seq_seed2026052602,567,4,0
GR-1,2026052602,abc_d_fresh_sequence_1000seq_seed2026052602,568,3,0
GR-1,2026052602,abc_d_fresh_sequence_1000seq_seed2026052602,569,5,1
GR-1,2026052602,abc_d_fresh_sequence_1000seq_seed2026052602,570,2,0
GR-1,2026052602,abc_d_fresh_sequence_1000seq_seed2026052602,571,1,0
GR-1,2026052602,abc_d_fresh_sequence_1000seq_seed2026052602,572,4,0
GR-1,2026052602,abc_d_fresh_sequence_1000seq_seed2026052602,573,1,0
GR-1,2026052602,abc_d_fresh_sequence_1000seq_seed2026052602,574,4,0
GR-1,2026052602,abc_d_fresh_sequence_1000seq_seed2026052602,575,4,0
GR-1,2026052602,abc_d_fresh_sequence_1000seq_seed2026052602,576,5,1
GR-1,2026052602,abc_d_fresh_sequence_1000seq_seed2026052602,577,5,1
GR-1,2026052602,abc_d_fresh_sequence_1000seq_seed2026052602,578,5,1
GR-1,2026052602,abc_d_fresh_sequence_1000seq_seed2026052602,579,1,0
GR-1,2026052602,abc_d_fresh_sequence_1000seq_seed2026052602,580,5,1
GR-1,2026052602,abc_d_fresh_sequence_1000seq_seed2026052602,581,0,0
GR-1,2026052602,abc_d_fresh_sequence_1000seq_seed2026052602,582,3,0
GR-1,2026052602,abc_d_fresh_sequence_1000seq_seed2026052602,583,5,1
GR-1,2026052602,abc_d_fresh_sequence_1000seq_seed2026052602,584,5,1
GR-1,2026052602,abc_d_fresh_sequence_1000seq_seed2026052602,585,5,1
GR-1,2026052602,abc_d_fresh_sequence_1000seq_seed2026052602,586,5,1
GR-1,2026052602,abc_d_fresh_sequence_1000seq_seed2026052602,587,1,0
GR-1,2026052602,abc_d_fresh_sequence_1000seq_seed2026052602,588,2,0
GR-1,2026052602,abc_d_fresh_sequence_1000seq_seed2026052602,589,1,0
GR-1,2026052602,abc_d_fresh_sequence_1000seq_seed2026052602,590,5,1
GR-1,2026052602,abc_d_fresh_sequence_1000seq_seed2026052602,591,5,1
GR-1,2026052602,abc_d_fresh_sequence_1000seq_seed2026052602,592,2,0
GR-1,2026052602,abc_d_fresh_sequence_1000seq_seed2026052602,593,5,1
GR-1,2026052602,abc_d_fresh_sequence_1000seq_seed2026052602,594,4,0
GR-1,2026052602,abc_d_fresh_sequence_1000seq_seed2026052602,595,4,0
GR-1,2026052602,abc_d_fresh_sequence_1000seq_seed2026052602,596,2,0
GR-1,2026052602,abc_d_fresh_sequence_1000seq_seed2026052602,597,2,0
GR-1,2026052602,abc_d_fresh_sequence_1000seq_seed2026052602,598,5,1
GR-1,2026052602,abc_d_fresh_sequence_1000seq_seed2026052602,599,5,1
GR-1,2026052602,abc_d_fresh_sequence_1000seq_seed2026052602,600,5,1
GR-1,2026052602,abc_d_fresh_sequence_1000seq_seed2026052602,601,2,0
GR-1,2026052602,abc_d_fresh_sequence_1000seq_seed2026052602,602,5,1
GR-1,2026052602,abc_d_fresh_sequence_1000seq_seed2026052602,603,1,0
GR-1,2026052602,abc_d_fresh_sequence_1000seq_seed2026052602,604,1,0
GR-1,2026052602,abc_d_fresh_sequence_1000seq_seed2026052602,605,5,1
GR-1,2026052602,abc_d_fresh_sequence_1000seq_seed2026052602,606,1,0
GR-1,2026052602,abc_d_fresh_sequence_1000seq_seed2026052602,607,5,1
GR-1,2026052602,abc_d_fresh_sequence_1000seq_seed2026052602,608,1,0
GR-1,2026052602,abc_d_fresh_sequence_1000seq_seed2026052602,609,0,0
GR-1,2026052602,abc_d_fresh_sequence_1000seq_seed2026052602,610,5,1
GR-1,2026052602,abc_d_fresh_sequence_1000seq_seed2026052602,611,1,0
GR-1,2026052602,abc_d_fresh_sequence_1000seq_seed2026052602,612,2,0
GR-1,2026052602,abc_d_fresh_sequence_1000seq_seed2026052602,613,3,0
GR-1,2026052602,abc_d_fresh_sequence_1000seq_seed2026052602,614,4,0
GR-1,2026052602,abc_d_fresh_sequence_1000seq_seed2026052602,615,5,1
GR-1,2026052602,abc_d_fresh_sequence_1000seq_seed2026052602,616,5,1
GR-1,2026052602,abc_d_fresh_sequence_1000seq_seed2026052602,617,5,1
GR-1,2026052602,abc_d_fresh_sequence_1000seq_seed2026052602,618,5,1
GR-1,2026052602,abc_d_fresh_sequence_1000seq_seed2026052602,619,0,0
GR-1,2026052602,abc_d_fresh_sequence_1000seq_seed2026052602,620,5,1
GR-1,2026052602,abc_d_fresh_sequence_1000seq_seed2026052602,621,4,0
GR-1,2026052602,abc_d_fresh_sequence_1000seq_seed2026052602,622,5,1
GR-1,2026052602,abc_d_fresh_sequence_1000seq_seed2026052602,623,4,0
GR-1,2026052602,abc_d_fresh_sequence_1000seq_seed2026052602,624,2,0
GR-1,2026052602,abc_d_fresh_sequence_1000seq_seed2026052602,625,5,1
GR-1,2026052602,abc_d_fresh_sequence_1000seq_seed2026052602,626,1,0
GR-1,2026052602,abc_d_fresh_sequence_1000seq_seed2026052602,627,5,1
GR-1,2026052602,abc_d_fresh_sequence_1000seq_seed2026052602,628,1,0
GR-1,2026052602,abc_d_fresh_sequence_1000seq_seed2026052602,629,4,0
GR-1,2026052602,abc_d_fresh_sequence_1000seq_seed2026052602,630,5,1
GR-1,2026052602,abc_d_fresh_sequence_1000seq_seed2026052602,631,5,1
GR-1,2026052602,abc_d_fresh_sequence_1000seq_seed2026052602,632,5,1
GR-1,2026052602,abc_d_fresh_sequence_1000seq_seed2026052602,633,4,0
GR-1,2026052602,abc_d_fresh_sequence_1000seq_seed2026052602,634,3,0
GR-1,2026052602,abc_d_fresh_sequence_1000seq_seed2026052602,635,4,0
GR-1,2026052602,abc_d_fresh_sequence_1000seq_seed2026052602,636,1,0
GR-1,2026052602,abc_d_fresh_sequence_1000seq_seed2026052602,637,5,1
GR-1,2026052602,abc_d_fresh_sequence_1000seq_seed2026052602,638,0,0
GR-1,2026052602,abc_d_fresh_sequence_1000seq_seed2026052602,639,3,0
GR-1,2026052602,abc_d_fresh_sequence_1000seq_seed2026052602,640,2,0
GR-1,2026052602,abc_d_fresh_sequence_1000seq_seed2026052602,641,1,0
GR-1,2026052602,abc_d_fresh_sequence_1000seq_seed2026052602,642,5,1
GR-1,2026052602,abc_d_fresh_sequence_1000seq_seed2026052602,643,1,0
GR-1,2026052602,abc_d_fresh_sequence_1000seq_seed2026052602,644,5,1
GR-1,2026052602,abc_d_fresh_sequence_1000seq_seed2026052602,645,3,0
GR-1,2026052602,abc_d_fresh_sequence_1000seq_seed2026052602,646,4,0
GR-1,2026052602,abc_d_fresh_sequence_1000seq_seed2026052602,647,0,0
GR-1,2026052602,abc_d_fresh_sequence_1000seq_seed2026052602,648,5,1
GR-1,2026052602,abc_d_fresh_sequence_1000seq_seed2026052602,649,2,0
GR-1,2026052602,abc_d_fresh_sequence_1000seq_seed2026052602,650,0,0
GR-1,2026052602,abc_d_fresh_sequence_1000seq_seed2026052602,651,2,0
GR-1,2026052602,abc_d_fresh_sequence_1000seq_seed2026052602,652,2,0
GR-1,2026052602,abc_d_fresh_sequence_1000seq_seed2026052602,653,5,1
GR-1,2026052602,abc_d_fresh_sequence_1000seq_seed2026052602,654,2,0
GR-1,2026052602,abc_d_fresh_sequence_1000seq_seed2026052602,655,1,0
GR-1,2026052602,abc_d_fresh_sequence_1000seq_seed2026052602,656,0,0
GR-1,2026052602,abc_d_fresh_sequence_1000seq_seed2026052602,657,1,0
GR-1,2026052602,abc_d_fresh_sequence_1000seq_seed2026052602,658,5,1
GR-1,2026052602,abc_d_fresh_sequence_1000seq_seed2026052602,659,5,1
GR-1,2026052602,abc_d_fresh_sequence_1000seq_seed2026052602,660,2,0
GR-1,2026052602,abc_d_fresh_sequence_1000seq_seed2026052602,661,5,1
GR-1,2026052602,abc_d_fresh_sequence_1000seq_seed2026052602,662,5,1
GR-1,2026052602,abc_d_fresh_sequence_1000seq_seed2026052602,663,3,0
GR-1,2026052602,abc_d_fresh_sequence_1000seq_seed2026052602,664,3,0
GR-1,2026052602,abc_d_fresh_sequence_1000seq_seed2026052602,665,5,1
GR-1,2026052602,abc_d_fresh_sequence_1000seq_seed2026052602,666,0,0
GR-1,2026052602,abc_d_fresh_sequence_1000seq_seed2026052602,667,4,0
GR-1,2026052602,abc_d_fresh_sequence_1000seq_seed2026052602,668,0,0
GR-1,2026052602,abc_d_fresh_sequence_1000seq_seed2026052602,669,1,0
GR-1,2026052602,abc_d_fresh_sequence_1000seq_seed2026052602,670,5,1
GR-1,2026052602,abc_d_fresh_sequence_1000seq_seed2026052602,671,3,0
GR-1,2026052602,abc_d_fresh_sequence_1000seq_seed2026052602,672,5,1
GR-1,2026052602,abc_d_fresh_sequence_1000seq_seed2026052602,673,5,1
GR-1,2026052602,abc_d_fresh_sequence_1000seq_seed2026052602,674,1,0
GR-1,2026052602,abc_d_fresh_sequence_1000seq_seed2026052602,675,5,1
GR-1,2026052602,abc_d_fresh_sequence_1000seq_seed2026052602,676,4,0
GR-1,2026052602,abc_d_fresh_sequence_1000seq_seed2026052602,677,0,0
GR-1,2026052602,abc_d_fresh_sequence_1000seq_seed2026052602,678,2,0
GR-1,2026052602,abc_d_fresh_sequence_1000seq_seed2026052602,679,1,0
GR-1,2026052602,abc_d_fresh_sequence_1000seq_seed2026052602,680,5,1
GR-1,2026052602,abc_d_fresh_sequence_1000seq_seed2026052602,681,0,0
GR-1,2026052602,abc_d_fresh_sequence_1000seq_seed2026052602,682,5,1
GR-1,2026052602,abc_d_fresh_sequence_1000seq_seed2026052602,683,5,1
GR-1,2026052602,abc_d_fresh_sequence_1000seq_seed2026052602,684,0,0
GR-1,2026052602,abc_d_fresh_sequence_1000seq_seed2026052602,685,5,1
GR-1,2026052602,abc_d_fresh_sequence_1000seq_seed2026052602,686,1,0
GR-1,2026052602,abc_d_fresh_sequence_1000seq_seed2026052602,687,3,0
GR-1,2026052602,abc_d_fresh_sequence_1000seq_seed2026052602,688,5,1
GR-1,2026052602,abc_d_fresh_sequence_1000seq_seed2026052602,689,1,0
GR-1,2026052602,abc_d_fresh_sequence_1000seq_seed2026052602,690,0,0
GR-1,2026052602,abc_d_fresh_sequence_1000seq_seed2026052602,691,0,0
GR-1,2026052602,abc_d_fresh_sequence_1000seq_seed2026052602,692,0,0
GR-1,2026052602,abc_d_fresh_sequence_1000seq_seed2026052602,693,0,0
GR-1,2026052602,abc_d_fresh_sequence_1000seq_seed2026052602,694,0,0
GR-1,2026052602,abc_d_fresh_sequence_1000seq_seed2026052602,695,3,0
GR-1,2026052602,abc_d_fresh_sequence_1000seq_seed2026052602,696,5,1
GR-1,2026052602,abc_d_fresh_sequence_1000seq_seed2026052602,697,5,1
GR-1,2026052602,abc_d_fresh_sequence_1000seq_seed2026052602,698,5,1
GR-1,2026052602,abc_d_fresh_sequence_1000seq_seed2026052602,699,4,0
GR-1,2026052602,abc_d_fresh_sequence_1000seq_seed2026052602,700,5,1
GR-1,2026052602,abc_d_fresh_sequence_1000seq_seed2026052602,701,1,0
GR-1,2026052602,abc_d_fresh_sequence_1000seq_seed2026052602,702,3,0
GR-1,2026052602,abc_d_fresh_sequence_1000seq_seed2026052602,703,4,0
GR-1,2026052602,abc_d_fresh_sequence_1000seq_seed2026052602,704,5,1
GR-1,2026052602,abc_d_fresh_sequence_1000seq_seed2026052602,705,4,0
GR-1,2026052602,abc_d_fresh_sequence_1000seq_seed2026052602,706,0,0
GR-1,2026052602,abc_d_fresh_sequence_1000seq_seed2026052602,707,2,0
GR-1,2026052602,abc_d_fresh_sequence_1000seq_seed2026052602,708,0,0
GR-1,2026052602,abc_d_fresh_sequence_1000seq_seed2026052602,709,0,0
GR-1,2026052602,abc_d_fresh_sequence_1000seq_seed2026052602,710,5,1
GR-1,2026052602,abc_d_fresh_sequence_1000seq_seed2026052602,711,5,1
GR-1,2026052602,abc_d_fresh_sequence_1000seq_seed2026052602,712,0,0
GR-1,2026052602,abc_d_fresh_sequence_1000seq_seed2026052602,713,2,0
GR-1,2026052602,abc_d_fresh_sequence_1000seq_seed2026052602,714,5,1
GR-1,2026052602,abc_d_fresh_sequence_1000seq_seed2026052602,715,5,1
GR-1,2026052602,abc_d_fresh_sequence_1000seq_seed2026052602,716,3,0
GR-1,2026052602,abc_d_fresh_sequence_1000seq_seed2026052602,717,5,1
GR-1,2026052602,abc_d_fresh_sequence_1000seq_seed2026052602,718,4,0
GR-1,2026052602,abc_d_fresh_sequence_1000seq_seed2026052602,719,5,1
GR-1,2026052602,abc_d_fresh_sequence_1000seq_seed2026052602,720,5,1
GR-1,2026052602,abc_d_fresh_sequence_1000seq_seed2026052602,721,5,1
GR-1,2026052602,abc_d_fresh_sequence_1000seq_seed2026052602,722,5,1
GR-1,2026052602,abc_d_fresh_sequence_1000seq_seed2026052602,723,4,0
GR-1,2026052602,abc_d_fresh_sequence_1000seq_seed2026052602,724,2,0
GR-1,2026052602,abc_d_fresh_sequence_1000seq_seed2026052602,725,4,0
GR-1,2026052602,abc_d_fresh_sequence_1000seq_seed2026052602,726,1,0
GR-1,2026052602,abc_d_fresh_sequence_1000seq_seed2026052602,727,0,0
GR-1,2026052602,abc_d_fresh_sequence_1000seq_seed2026052602,728,5,1
GR-1,2026052602,abc_d_fresh_sequence_1000seq_seed2026052602,729,5,1
GR-1,2026052602,abc_d_fresh_sequence_1000seq_seed2026052602,730,3,0
GR-1,2026052602,abc_d_fresh_sequence_1000seq_seed2026052602,731,5,1
GR-1,2026052602,abc_d_fresh_sequence_1000seq_seed2026052602,732,5,1
GR-1,2026052602,abc_d_fresh_sequence_1000seq_seed2026052602,733,5,1
GR-1,2026052602,abc_d_fresh_sequence_1000seq_seed2026052602,734,5,1
GR-1,2026052602,abc_d_fresh_sequence_1000seq_seed2026052602,735,3,0
GR-1,2026052602,abc_d_fresh_sequence_1000seq_seed2026052602,736,1,0
GR-1,2026052602,abc_d_fresh_sequence_1000seq_seed2026052602,737,4,0
GR-1,2026052602,abc_d_fresh_sequence_1000seq_seed2026052602,738,5,1
GR-1,2026052602,abc_d_fresh_sequence_1000seq_seed2026052602,739,4,0
GR-1,2026052602,abc_d_fresh_sequence_1000seq_seed2026052602,740,5,1
GR-1,2026052602,abc_d_fresh_sequence_1000seq_seed2026052602,741,0,0
GR-1,2026052602,abc_d_fresh_sequence_1000seq_seed2026052602,742,5,1
GR-1,2026052602,abc_d_fresh_sequence_1000seq_seed2026052602,743,5,1
GR-1,2026052602,abc_d_fresh_sequence_1000seq_seed2026052602,744,0,0
GR-1,2026052602,abc_d_fresh_sequence_1000seq_seed2026052602,745,0,0
GR-1,2026052602,abc_d_fresh_sequence_1000seq_seed2026052602,746,0,0
GR-1,2026052602,abc_d_fresh_sequence_1000seq_seed2026052602,747,5,1
GR-1,2026052602,abc_d_fresh_sequence_1000seq_seed2026052602,748,0,0
GR-1,2026052602,abc_d_fresh_sequence_1000seq_seed2026052602,749,5,1
GR-1,2026052602,abc_d_fresh_sequence_1000seq_seed2026052602,750,4,0
GR-1,2026052602,abc_d_fresh_sequence_1000seq_seed2026052602,751,2,0
GR-1,2026052602,abc_d_fresh_sequence_1000seq_seed2026052602,752,2,0
GR-1,2026052602,abc_d_fresh_sequence_1000seq_seed2026052602,753,5,1
GR-1,2026052602,abc_d_fresh_sequence_1000seq_seed2026052602,754,3,0
GR-1,2026052602,abc_d_fresh_sequence_1000seq_seed2026052602,755,5,1
GR-1,2026052602,abc_d_fresh_sequence_1000seq_seed2026052602,756,2,0
GR-1,2026052602,abc_d_fresh_sequence_1000seq_seed2026052602,757,5,1
GR-1,2026052602,abc_d_fresh_sequence_1000seq_seed2026052602,758,5,1
GR-1,2026052602,abc_d_fresh_sequence_1000seq_seed2026052602,759,5,1
GR-1,2026052602,abc_d_fresh_sequence_1000seq_seed2026052602,760,5,1
GR-1,2026052602,abc_d_fresh_sequence_1000seq_seed2026052602,761,5,1
GR-1,2026052602,abc_d_fresh_sequence_1000seq_seed2026052602,762,1,0
GR-1,2026052602,abc_d_fresh_sequence_1000seq_seed2026052602,763,5,1
GR-1,2026052602,abc_d_fresh_sequence_1000seq_seed2026052602,764,3,0
GR-1,2026052602,abc_d_fresh_sequence_1000seq_seed2026052602,765,1,0
GR-1,2026052602,abc_d_fresh_sequence_1000seq_seed2026052602,766,5,1
GR-1,2026052602,abc_d_fresh_sequence_1000seq_seed2026052602,767,3,0
GR-1,2026052602,abc_d_fresh_sequence_1000seq_seed2026052602,768,4,0
GR-1,2026052602,abc_d_fresh_sequence_1000seq_seed2026052602,769,0,0
GR-1,2026052602,abc_d_fresh_sequence_1000seq_seed2026052602,770,3,0
GR-1,2026052602,abc_d_fresh_sequence_1000seq_seed2026052602,771,4,0
GR-1,2026052602,abc_d_fresh_sequence_1000seq_seed2026052602,772,3,0
GR-1,2026052602,abc_d_fresh_sequence_1000seq_seed2026052602,773,5,1
GR-1,2026052602,abc_d_fresh_sequence_1000seq_seed2026052602,774,4,0
GR-1,2026052602,abc_d_fresh_sequence_1000seq_seed2026052602,775,1,0
GR-1,2026052602,abc_d_fresh_sequence_1000seq_seed2026052602,776,5,1
GR-1,2026052602,abc_d_fresh_sequence_1000seq_seed2026052602,777,3,0
GR-1,2026052602,abc_d_fresh_sequence_1000seq_seed2026052602,778,3,0
GR-1,2026052602,abc_d_fresh_sequence_1000seq_seed2026052602,779,5,1
GR-1,2026052602,abc_d_fresh_sequence_1000seq_seed2026052602,780,1,0
GR-1,2026052602,abc_d_fresh_sequence_1000seq_seed2026052602,781,4,0
GR-1,2026052602,abc_d_fresh_sequence_1000seq_seed2026052602,782,5,1
GR-1,2026052602,abc_d_fresh_sequence_1000seq_seed2026052602,783,5,1
GR-1,2026052602,abc_d_fresh_sequence_1000seq_seed2026052602,784,0,0
GR-1,2026052602,abc_d_fresh_sequence_1000seq_seed2026052602,785,2,0
GR-1,2026052602,abc_d_fresh_sequence_1000seq_seed2026052602,786,4,0
GR-1,2026052602,abc_d_fresh_sequence_1000seq_seed2026052602,787,0,0
GR-1,2026052602,abc_d_fresh_sequence_1000seq_seed2026052602,788,5,1
GR-1,2026052602,abc_d_fresh_sequence_1000seq_seed2026052602,789,5,1
GR-1,2026052602,abc_d_fresh_sequence_1000seq_seed2026052602,790,1,0
GR-1,2026052602,abc_d_fresh_sequence_1000seq_seed2026052602,791,0,0
GR-1,2026052602,abc_d_fresh_sequence_1000seq_seed2026052602,792,1,0
GR-1,2026052602,abc_d_fresh_sequence_1000seq_seed2026052602,793,0,0
GR-1,2026052602,abc_d_fresh_sequence_1000seq_seed2026052602,794,1,0
GR-1,2026052602,abc_d_fresh_sequence_1000seq_seed2026052602,795,5,1
GR-1,2026052602,abc_d_fresh_sequence_1000seq_seed2026052602,796,5,1
GR-1,2026052602,abc_d_fresh_sequence_1000seq_seed2026052602,797,5,1
GR-1,2026052602,abc_d_fresh_sequence_1000seq_seed2026052602,798,2,0
GR-1,2026052602,abc_d_fresh_sequence_1000seq_seed2026052602,799,4,0
GR-1,2026052602,abc_d_fresh_sequence_1000seq_seed2026052602,800,3,0
GR-1,2026052602,abc_d_fresh_sequence_1000seq_seed2026052602,801,3,0
GR-1,2026052602,abc_d_fresh_sequence_1000seq_seed2026052602,802,5,1
GR-1,2026052602,abc_d_fresh_sequence_1000seq_seed2026052602,803,2,0
GR-1,2026052602,abc_d_fresh_sequence_1000seq_seed2026052602,804,5,1
GR-1,2026052602,abc_d_fresh_sequence_1000seq_seed2026052602,805,4,0
GR-1,2026052602,abc_d_fresh_sequence_1000seq_seed2026052602,806,5,1
GR-1,2026052602,abc_d_fresh_sequence_1000seq_seed2026052602,807,5,1
GR-1,2026052602,abc_d_fresh_sequence_1000seq_seed2026052602,808,5,1
GR-1,2026052602,abc_d_fresh_sequence_1000seq_seed2026052602,809,5,1
GR-1,2026052602,abc_d_fresh_sequence_1000seq_seed2026052602,810,5,1
GR-1,2026052602,abc_d_fresh_sequence_1000seq_seed2026052602,811,1,0
GR-1,2026052602,abc_d_fresh_sequence_1000seq_seed2026052602,812,5,1
GR-1,2026052602,abc_d_fresh_sequence_1000seq_seed2026052602,813,1,0
GR-1,2026052602,abc_d_fresh_sequence_1000seq_seed2026052602,814,1,0
GR-1,2026052602,abc_d_fresh_sequence_1000seq_seed2026052602,815,5,1
GR-1,2026052602,abc_d_fresh_sequence_1000seq_seed2026052602,816,3,0
GR-1,2026052602,abc_d_fresh_sequence_1000seq_seed2026052602,817,1,0
GR-1,2026052602,abc_d_fresh_sequence_1000seq_seed2026052602,818,1,0
GR-1,2026052602,abc_d_fresh_sequence_1000seq_seed2026052602,819,0,0
GR-1,2026052602,abc_d_fresh_sequence_1000seq_seed2026052602,820,5,1
GR-1,2026052602,abc_d_fresh_sequence_1000seq_seed2026052602,821,1,0
GR-1,2026052602,abc_d_fresh_sequence_1000seq_seed2026052602,822,4,0
GR-1,2026052602,abc_d_fresh_sequence_1000seq_seed2026052602,823,5,1
GR-1,2026052602,abc_d_fresh_sequence_1000seq_seed2026052602,824,0,0
GR-1,2026052602,abc_d_fresh_sequence_1000seq_seed2026052602,825,5,1
GR-1,2026052602,abc_d_fresh_sequence_1000seq_seed2026052602,826,1,0
GR-1,2026052602,abc_d_fresh_sequence_1000seq_seed2026052602,827,0,0
GR-1,2026052602,abc_d_fresh_sequence_1000seq_seed2026052602,828,5,1
GR-1,2026052602,abc_d_fresh_sequence_1000seq_seed2026052602,829,0,0
GR-1,2026052602,abc_d_fresh_sequence_1000seq_seed2026052602,830,3,0
GR-1,2026052602,abc_d_fresh_sequence_1000seq_seed2026052602,831,5,1
GR-1,2026052602,abc_d_fresh_sequence_1000seq_seed2026052602,832,5,1
GR-1,2026052602,abc_d_fresh_sequence_1000seq_seed2026052602,833,1,0
GR-1,2026052602,abc_d_fresh_sequence_1000seq_seed2026052602,834,0,0
GR-1,2026052602,abc_d_fresh_sequence_1000seq_seed2026052602,835,5,1
GR-1,2026052602,abc_d_fresh_sequence_1000seq_seed2026052602,836,3,0
GR-1,2026052602,abc_d_fresh_sequence_1000seq_seed2026052602,837,5,1
GR-1,2026052602,abc_d_fresh_sequence_1000seq_seed2026052602,838,5,1
GR-1,2026052602,abc_d_fresh_sequence_1000seq_seed2026052602,839,4,0
GR-1,2026052602,abc_d_fresh_sequence_1000seq_seed2026052602,840,2,0
GR-1,2026052602,abc_d_fresh_sequence_1000seq_seed2026052602,841,3,0
GR-1,2026052602,abc_d_fresh_sequence_1000seq_seed2026052602,842,2,0
GR-1,2026052602,abc_d_fresh_sequence_1000seq_seed2026052602,843,4,0
GR-1,2026052602,abc_d_fresh_sequence_1000seq_seed2026052602,844,3,0
GR-1,2026052602,abc_d_fresh_sequence_1000seq_seed2026052602,845,1,0
GR-1,2026052602,abc_d_fresh_sequence_1000seq_seed2026052602,846,0,0
GR-1,2026052602,abc_d_fresh_sequence_1000seq_seed2026052602,847,0,0
GR-1,2026052602,abc_d_fresh_sequence_1000seq_seed2026052602,848,5,1
GR-1,2026052602,abc_d_fresh_sequence_1000seq_seed2026052602,849,3,0
GR-1,2026052602,abc_d_fresh_sequence_1000seq_seed2026052602,850,5,1
GR-1,2026052602,abc_d_fresh_sequence_1000seq_seed2026052602,851,2,0
GR-1,2026052602,abc_d_fresh_sequence_1000seq_seed2026052602,852,1,0
GR-1,2026052602,abc_d_fresh_sequence_1000seq_seed2026052602,853,5,1
GR-1,2026052602,abc_d_fresh_sequence_1000seq_seed2026052602,854,0,0
GR-1,2026052602,abc_d_fresh_sequence_1000seq_seed2026052602,855,5,1
GR-1,2026052602,abc_d_fresh_sequence_1000seq_seed2026052602,856,5,1
GR-1,2026052602,abc_d_fresh_sequence_1000seq_seed2026052602,857,5,1
GR-1,2026052602,abc_d_fresh_sequence_1000seq_seed2026052602,858,5,1
GR-1,2026052602,abc_d_fresh_sequence_1000seq_seed2026052602,859,5,1
GR-1,2026052602,abc_d_fresh_sequence_1000seq_seed2026052602,860,5,1
GR-1,2026052602,abc_d_fresh_sequence_1000seq_seed2026052602,861,0,0
GR-1,2026052602,abc_d_fresh_sequence_1000seq_seed2026052602,862,2,0
GR-1,2026052602,abc_d_fresh_sequence_1000seq_seed2026052602,863,5,1
GR-1,2026052602,abc_d_fresh_sequence_1000seq_seed2026052602,864,5,1
GR-1,2026052602,abc_d_fresh_sequence_1000seq_seed2026052602,865,1,0
GR-1,2026052602,abc_d_fresh_sequence_1000seq_seed2026052602,866,4,0
GR-1,2026052602,abc_d_fresh_sequence_1000seq_seed2026052602,867,5,1
GR-1,2026052602,abc_d_fresh_sequence_1000seq_seed2026052602,868,0,0
GR-1,2026052602,abc_d_fresh_sequence_1000seq_seed2026052602,869,3,0
GR-1,2026052602,abc_d_fresh_sequence_1000seq_seed2026052602,870,0,0
GR-1,2026052602,abc_d_fresh_sequence_1000seq_seed2026052602,871,5,1
GR-1,2026052602,abc_d_fresh_sequence_1000seq_seed2026052602,872,5,1
GR-1,2026052602,abc_d_fresh_sequence_1000seq_seed2026052602,873,5,1
GR-1,2026052602,abc_d_fresh_sequence_1000seq_seed2026052602,874,3,0
GR-1,2026052602,abc_d_fresh_sequence_1000seq_seed2026052602,875,5,1
GR-1,2026052602,abc_d_fresh_sequence_1000seq_seed2026052602,876,4,0
GR-1,2026052602,abc_d_fresh_sequence_1000seq_seed2026052602,877,0,0
GR-1,2026052602,abc_d_fresh_sequence_1000seq_seed2026052602,878,3,0
GR-1,2026052602,abc_d_fresh_sequence_1000seq_seed2026052602,879,5,1
GR-1,2026052602,abc_d_fresh_sequence_1000seq_seed2026052602,880,3,0
GR-1,2026052602,abc_d_fresh_sequence_1000seq_seed2026052602,881,5,1
GR-1,2026052602,abc_d_fresh_sequence_1000seq_seed2026052602,882,4,0
GR-1,2026052602,abc_d_fresh_sequence_1000seq_seed2026052602,883,3,0
GR-1,2026052602,abc_d_fresh_sequence_1000seq_seed2026052602,884,0,0
GR-1,2026052602,abc_d_fresh_sequence_1000seq_seed2026052602,885,0,0
GR-1,2026052602,abc_d_fresh_sequence_1000seq_seed2026052602,886,4,0
GR-1,2026052602,abc_d_fresh_sequence_1000seq_seed2026052602,887,4,0
GR-1,2026052602,abc_d_fresh_sequence_1000seq_seed2026052602,888,3,0
GR-1,2026052602,abc_d_fresh_sequence_1000seq_seed2026052602,889,0,0
GR-1,2026052602,abc_d_fresh_sequence_1000seq_seed2026052602,890,5,1
GR-1,2026052602,abc_d_fresh_sequence_1000seq_seed2026052602,891,1,0
GR-1,2026052602,abc_d_fresh_sequence_1000seq_seed2026052602,892,0,0
GR-1,2026052602,abc_d_fresh_sequence_1000seq_seed2026052602,893,5,1
GR-1,2026052602,abc_d_fresh_sequence_1000seq_seed2026052602,894,1,0
GR-1,2026052602,abc_d_fresh_sequence_1000seq_seed2026052602,895,1,0
GR-1,2026052602,abc_d_fresh_sequence_1000seq_seed2026052602,896,5,1
GR-1,2026052602,abc_d_fresh_sequence_1000seq_seed2026052602,897,5,1
GR-1,2026052602,abc_d_fresh_sequence_1000seq_seed2026052602,898,5,1
GR-1,2026052602,abc_d_fresh_sequence_1000seq_seed2026052602,899,5,1
GR-1,2026052602,abc_d_fresh_sequence_1000seq_seed2026052602,900,5,1
GR-1,2026052602,abc_d_fresh_sequence_1000seq_seed2026052602,901,4,0
GR-1,2026052602,abc_d_fresh_sequence_1000seq_seed2026052602,902,5,1
GR-1,2026052602,abc_d_fresh_sequence_1000seq_seed2026052602,903,5,1
GR-1,2026052602,abc_d_fresh_sequence_1000seq_seed2026052602,904,5,1
GR-1,2026052602,abc_d_fresh_sequence_1000seq_seed2026052602,905,5,1
GR-1,2026052602,abc_d_fresh_sequence_1000seq_seed2026052602,906,4,0
GR-1,2026052602,abc_d_fresh_sequence_1000seq_seed2026052602,907,5,1
GR-1,2026052602,abc_d_fresh_sequence_1000seq_seed2026052602,908,4,0
GR-1,2026052602,abc_d_fresh_sequence_1000seq_seed2026052602,909,5,1
GR-1,2026052602,abc_d_fresh_sequence_1000seq_seed2026052602,910,5,1
GR-1,2026052602,abc_d_fresh_sequence_1000seq_seed2026052602,911,1,0
GR-1,2026052602,abc_d_fresh_sequence_1000seq_seed2026052602,912,2,0
GR-1,2026052602,abc_d_fresh_sequence_1000seq_seed2026052602,913,5,1
GR-1,2026052602,abc_d_fresh_sequence_1000seq_seed2026052602,914,5,1
GR-1,2026052602,abc_d_fresh_sequence_1000seq_seed2026052602,915,0,0
GR-1,2026052602,abc_d_fresh_sequence_1000seq_seed2026052602,916,5,1
GR-1,2026052602,abc_d_fresh_sequence_1000seq_seed2026052602,917,5,1
GR-1,2026052602,abc_d_fresh_sequence_1000seq_seed2026052602,918,1,0
GR-1,2026052602,abc_d_fresh_sequence_1000seq_seed2026052602,919,3,0
GR-1,2026052602,abc_d_fresh_sequence_1000seq_seed2026052602,920,4,0
GR-1,2026052602,abc_d_fresh_sequence_1000seq_seed2026052602,921,0,0
GR-1,2026052602,abc_d_fresh_sequence_1000seq_seed2026052602,922,2,0
GR-1,2026052602,abc_d_fresh_sequence_1000seq_seed2026052602,923,1,0
GR-1,2026052602,abc_d_fresh_sequence_1000seq_seed2026052602,924,5,1
GR-1,2026052602,abc_d_fresh_sequence_1000seq_seed2026052602,925,0,0
GR-1,2026052602,abc_d_fresh_sequence_1000seq_seed2026052602,926,4,0
GR-1,2026052602,abc_d_fresh_sequence_1000seq_seed2026052602,927,2,0
GR-1,2026052602,abc_d_fresh_sequence_1000seq_seed2026052602,928,2,0
GR-1,2026052602,abc_d_fresh_sequence_1000seq_seed2026052602,929,5,1
GR-1,2026052602,abc_d_fresh_sequence_1000seq_seed2026052602,930,5,1
GR-1,2026052602,abc_d_fresh_sequence_1000seq_seed2026052602,931,1,0
GR-1,2026052602,abc_d_fresh_sequence_1000seq_seed2026052602,932,5,1
GR-1,2026052602,abc_d_fresh_sequence_1000seq_seed2026052602,933,5,1
GR-1,2026052602,abc_d_fresh_sequence_1000seq_seed2026052602,934,0,0
GR-1,2026052602,abc_d_fresh_sequence_1000seq_seed2026052602,935,5,1
GR-1,2026052602,abc_d_fresh_sequence_1000seq_seed2026052602,936,5,1
GR-1,2026052602,abc_d_fresh_sequence_1000seq_seed2026052602,937,2,0
GR-1,2026052602,abc_d_fresh_sequence_1000seq_seed2026052602,938,0,0
GR-1,2026052602,abc_d_fresh_sequence_1000seq_seed2026052602,939,0,0
GR-1,2026052602,abc_d_fresh_sequence_1000seq_seed2026052602,940,5,1
GR-1,2026052602,abc_d_fresh_sequence_1000seq_seed2026052602,941,1,0
GR-1,2026052602,abc_d_fresh_sequence_1000seq_seed2026052602,942,5,1
GR-1,2026052602,abc_d_fresh_sequence_1000seq_seed2026052602,943,0,0
GR-1,2026052602,abc_d_fresh_sequence_1000seq_seed2026052602,944,5,1
GR-1,2026052602,abc_d_fresh_sequence_1000seq_seed2026052602,945,5,1
GR-1,2026052602,abc_d_fresh_sequence_1000seq_seed2026052602,946,5,1
GR-1,2026052602,abc_d_fresh_sequence_1000seq_seed2026052602,947,0,0
GR-1,2026052602,abc_d_fresh_sequence_1000seq_seed2026052602,948,1,0
GR-1,2026052602,abc_d_fresh_sequence_1000seq_seed2026052602,949,5,1
GR-1,2026052602,abc_d_fresh_sequence_1000seq_seed2026052602,950,5,1
GR-1,2026052602,abc_d_fresh_sequence_1000seq_seed2026052602,951,4,0
GR-1,2026052602,abc_d_fresh_sequence_1000seq_seed2026052602,952,1,0
GR-1,2026052602,abc_d_fresh_sequence_1000seq_seed2026052602,953,3,0
GR-1,2026052602,abc_d_fresh_sequence_1000seq_seed2026052602,954,5,1
GR-1,2026052602,abc_d_fresh_sequence_1000seq_seed2026052602,955,0,0
GR-1,2026052602,abc_d_fresh_sequence_1000seq_seed2026052602,956,5,1
GR-1,2026052602,abc_d_fresh_sequence_1000seq_seed2026052602,957,5,1
GR-1,2026052602,abc_d_fresh_sequence_1000seq_seed2026052602,958,5,1
GR-1,2026052602,abc_d_fresh_sequence_1000seq_seed2026052602,959,5,1
GR-1,2026052602,abc_d_fresh_sequence_1000seq_seed2026052602,960,5,1
GR-1,2026052602,abc_d_fresh_sequence_1000seq_seed2026052602,961,0,0
GR-1,2026052602,abc_d_fresh_sequence_1000seq_seed2026052602,962,4,0
GR-1,2026052602,abc_d_fresh_sequence_1000seq_seed2026052602,963,1,0
GR-1,2026052602,abc_d_fresh_sequence_1000seq_seed2026052602,964,2,0
GR-1,2026052602,abc_d_fresh_sequence_1000seq_seed2026052602,965,5,1
GR-1,2026052602,abc_d_fresh_sequence_1000seq_seed2026052602,966,5,1
GR-1,2026052602,abc_d_fresh_sequence_1000seq_seed2026052602,967,5,1
GR-1,2026052602,abc_d_fresh_sequence_1000seq_seed2026052602,968,5,1
GR-1,2026052602,abc_d_fresh_sequence_1000seq_seed2026052602,969,5,1
GR-1,2026052602,abc_d_fresh_sequence_1000seq_seed2026052602,970,3,0
GR-1,2026052602,abc_d_fresh_sequence_1000seq_seed2026052602,971,0,0
GR-1,2026052602,abc_d_fresh_sequence_1000seq_seed2026052602,972,5,1
GR-1,2026052602,abc_d_fresh_sequence_1000seq_seed2026052602,973,5,1
GR-1,2026052602,abc_d_fresh_sequence_1000seq_seed2026052602,974,5,1
GR-1,2026052602,abc_d_fresh_sequence_1000seq_seed2026052602,975,1,0
GR-1,2026052602,abc_d_fresh_sequence_1000seq_seed2026052602,976,5,1
GR-1,2026052602,abc_d_fresh_sequence_1000seq_seed2026052602,977,5,1
GR-1,2026052602,abc_d_fresh_sequence_1000seq_seed2026052602,978,5,1
GR-1,2026052602,abc_d_fresh_sequence_1000seq_seed2026052602,979,1,0
GR-1,2026052602,abc_d_fresh_sequence_1000seq_seed2026052602,980,0,0
GR-1,2026052602,abc_d_fresh_sequence_1000seq_seed2026052602,981,5,1
GR-1,2026052602,abc_d_fresh_sequence_1000seq_seed2026052602,982,5,1
GR-1,2026052602,abc_d_fresh_sequence_1000seq_seed2026052602,983,5,1
GR-1,2026052602,abc_d_fresh_sequence_1000seq_seed2026052602,984,2,0
GR-1,2026052602,abc_d_fresh_sequence_1000seq_seed2026052602,985,1,0
GR-1,2026052602,abc_d_fresh_sequence_1000seq_seed2026052602,986,2,0
GR-1,2026052602,abc_d_fresh_sequence_1000seq_seed2026052602,987,4,0
GR-1,2026052602,abc_d_fresh_sequence_1000seq_seed2026052602,988,5,1
GR-1,2026052602,abc_d_fresh_sequence_1000seq_seed2026052602,989,4,0
GR-1,2026052602,abc_d_fresh_sequence_1000seq_seed2026052602,990,5,1
GR-1,2026052602,abc_d_fresh_sequence_1000seq_seed2026052602,991,5,1
GR-1,2026052602,abc_d_fresh_sequence_1000seq_seed2026052602,992,4,0
GR-1,2026052602,abc_d_fresh_sequence_1000seq_seed2026052602,993,5,1
GR-1,2026052602,abc_d_fresh_sequence_1000seq_seed2026052602,994,1,0
GR-1,2026052602,abc_d_fresh_sequence_1000seq_seed2026052602,995,0,0
GR-1,2026052602,abc_d_fresh_sequence_1000seq_seed2026052602,996,0,0
GR-1,2026052602,abc_d_fresh_sequence_1000seq_seed2026052602,997,5,1
GR-1,2026052602,abc_d_fresh_sequence_1000seq_seed2026052602,998,5,1
GR-1,2026052602,abc_d_fresh_sequence_1000seq_seed2026052602,999,4,0
RoboFlamingo,2026052601,abc_d_fresh_sequence_1000seq_seed2026052601,0,5,1
RoboFlamingo,2026052601,abc_d_fresh_sequence_1000seq_seed2026052601,1,0,0
RoboFlamingo,2026052601,abc_d_fresh_sequence_1000seq_seed2026052601,2,5,1
RoboFlamingo,2026052601,abc_d_fresh_sequence_1000seq_seed2026052601,3,3,0
RoboFlamingo,2026052601,abc_d_fresh_sequence_1000seq_seed2026052601,4,0,0
RoboFlamingo,2026052601,abc_d_fresh_sequence_1000seq_seed2026052601,5,0,0
RoboFlamingo,2026052601,abc_d_fresh_sequence_1000seq_seed2026052601,6,1,0
RoboFlamingo,2026052601,abc_d_fresh_sequence_1000seq_seed2026052601,7,5,1
RoboFlamingo,2026052601,abc_d_fresh_sequence_1000seq_seed2026052601,8,3,0
RoboFlamingo,2026052601,abc_d_fresh_sequence_1000seq_seed2026052601,9,0,0
RoboFlamingo,2026052601,abc_d_fresh_sequence_1000seq_seed2026052601,10,3,0
RoboFlamingo,2026052601,abc_d_fresh_sequence_1000seq_seed2026052601,11,5,1
RoboFlamingo,2026052601,abc_d_fresh_sequence_1000seq_seed2026052601,12,0,0
RoboFlamingo,2026052601,abc_d_fresh_sequence_1000seq_seed2026052601,13,5,1
RoboFlamingo,2026052601,abc_d_fresh_sequence_1000seq_seed2026052601,14,3,0
RoboFlamingo,2026052601,abc_d_fresh_sequence_1000seq_seed2026052601,15,0,0
RoboFlamingo,2026052601,abc_d_fresh_sequence_1000seq_seed2026052601,16,4,0
RoboFlamingo,2026052601,abc_d_fresh_sequence_1000seq_seed2026052601,17,2,0
RoboFlamingo,2026052601,abc_d_fresh_sequence_1000seq_seed2026052601,18,3,0
RoboFlamingo,2026052601,abc_d_fresh_sequence_1000seq_seed2026052601,19,3,0
RoboFlamingo,2026052601,abc_d_fresh_sequence_1000seq_seed2026052601,20,1,0
RoboFlamingo,2026052601,abc_d_fresh_sequence_1000seq_seed2026052601,21,2,0
RoboFlamingo,2026052601,abc_d_fresh_sequence_1000seq_seed2026052601,22,1,0
RoboFlamingo,2026052601,abc_d_fresh_sequence_1000seq_seed2026052601,23,0,0
RoboFlamingo,2026052601,abc_d_fresh_sequence_1000seq_seed2026052601,24,4,0
RoboFlamingo,2026052601,abc_d_fresh_sequence_1000seq_seed2026052601,25,5,1
RoboFlamingo,2026052601,abc_d_fresh_sequence_1000seq_seed2026052601,26,3,0
RoboFlamingo,2026052601,abc_d_fresh_sequence_1000seq_seed2026052601,27,1,0
RoboFlamingo,2026052601,abc_d_fresh_sequence_1000seq_seed2026052601,28,5,1
RoboFlamingo,2026052601,abc_d_fresh_sequence_1000seq_seed2026052601,29,1,0
RoboFlamingo,2026052601,abc_d_fresh_sequence_1000seq_seed2026052601,30,0,0
RoboFlamingo,2026052601,abc_d_fresh_sequence_1000seq_seed2026052601,31,4,0
RoboFlamingo,2026052601,abc_d_fresh_sequence_1000seq_seed2026052601,32,2,0
RoboFlamingo,2026052601,abc_d_fresh_sequence_1000seq_seed2026052601,33,4,0
RoboFlamingo,2026052601,abc_d_fresh_sequence_1000seq_seed2026052601,34,3,0
RoboFlamingo,2026052601,abc_d_fresh_sequence_1000seq_seed2026052601,35,1,0
RoboFlamingo,2026052601,abc_d_fresh_sequence_1000seq_seed2026052601,36,1,0
RoboFlamingo,2026052601,abc_d_fresh_sequence_1000seq_seed2026052601,37,5,1
RoboFlamingo,2026052601,abc_d_fresh_sequence_1000seq_seed2026052601,38,0,0
RoboFlamingo,2026052601,abc_d_fresh_sequence_1000seq_seed2026052601,39,5,1
RoboFlamingo,2026052601,abc_d_fresh_sequence_1000seq_seed2026052601,40,1,0
RoboFlamingo,2026052601,abc_d_fresh_sequence_1000seq_seed2026052601,41,0,0
RoboFlamingo,2026052601,abc_d_fresh_sequence_1000seq_seed2026052601,42,5,1
RoboFlamingo,2026052601,abc_d_fresh_sequence_1000seq_seed2026052601,43,3,0
RoboFlamingo,2026052601,abc_d_fresh_sequence_1000seq_seed2026052601,44,0,0
RoboFlamingo,2026052601,abc_d_fresh_sequence_1000seq_seed2026052601,45,3,0
RoboFlamingo,2026052601,abc_d_fresh_sequence_1000seq_seed2026052601,46,3,0
RoboFlamingo,2026052601,abc_d_fresh_sequence_1000seq_seed2026052601,47,0,0
RoboFlamingo,2026052601,abc_d_fresh_sequence_1000seq_seed2026052601,48,1,0
RoboFlamingo,2026052601,abc_d_fresh_sequence_1000seq_seed2026052601,49,1,0
RoboFlamingo,2026052601,abc_d_fresh_sequence_1000seq_seed2026052601,50,2,0
RoboFlamingo,2026052601,abc_d_fresh_sequence_1000seq_seed2026052601,51,0,0
RoboFlamingo,2026052601,abc_d_fresh_sequence_1000seq_seed2026052601,52,1,0
RoboFlamingo,2026052601,abc_d_fresh_sequence_1000seq_seed2026052601,53,0,0
RoboFlamingo,2026052601,abc_d_fresh_sequence_1000seq_seed2026052601,54,5,1
RoboFlamingo,2026052601,abc_d_fresh_sequence_1000seq_seed2026052601,55,1,0
RoboFlamingo,2026052601,abc_d_fresh_sequence_1000seq_seed2026052601,56,5,1
RoboFlamingo,2026052601,abc_d_fresh_sequence_1000seq_seed2026052601,57,1,0
RoboFlamingo,2026052601,abc_d_fresh_sequence_1000seq_seed2026052601,58,3,0
RoboFlamingo,2026052601,abc_d_fresh_sequence_1000seq_seed2026052601,59,3,0
RoboFlamingo,2026052601,abc_d_fresh_sequence_1000seq_seed2026052601,60,5,1
RoboFlamingo,2026052601,abc_d_fresh_sequence_1000seq_seed2026052601,61,2,0
RoboFlamingo,2026052601,abc_d_fresh_sequence_1000seq_seed2026052601,62,0,0
RoboFlamingo,2026052601,abc_d_fresh_sequence_1000seq_seed2026052601,63,0,0
RoboFlamingo,2026052601,abc_d_fresh_sequence_1000seq_seed2026052601,64,2,0
RoboFlamingo,2026052601,abc_d_fresh_sequence_1000seq_seed2026052601,65,3,0
RoboFlamingo,2026052601,abc_d_fresh_sequence_1000seq_seed2026052601,66,2,0
RoboFlamingo,2026052601,abc_d_fresh_sequence_1000seq_seed2026052601,67,1,0
RoboFlamingo,2026052601,abc_d_fresh_sequence_1000seq_seed2026052601,68,1,0
RoboFlamingo,2026052601,abc_d_fresh_sequence_1000seq_seed2026052601,69,0,0
RoboFlamingo,2026052601,abc_d_fresh_sequence_1000seq_seed2026052601,70,3,0
RoboFlamingo,2026052601,abc_d_fresh_sequence_1000seq_seed2026052601,71,1,0
RoboFlamingo,2026052601,abc_d_fresh_sequence_1000seq_seed2026052601,72,0,0
RoboFlamingo,2026052601,abc_d_fresh_sequence_1000seq_seed2026052601,73,4,0
RoboFlamingo,2026052601,abc_d_fresh_sequence_1000seq_seed2026052601,74,5,1
RoboFlamingo,2026052601,abc_d_fresh_sequence_1000seq_seed2026052601,75,2,0
RoboFlamingo,2026052601,abc_d_fresh_sequence_1000seq_seed2026052601,76,2,0
RoboFlamingo,2026052601,abc_d_fresh_sequence_1000seq_seed2026052601,77,1,0
RoboFlamingo,2026052601,abc_d_fresh_sequence_1000seq_seed2026052601,78,1,0
RoboFlamingo,2026052601,abc_d_fresh_sequence_1000seq_seed2026052601,79,1,0
RoboFlamingo,2026052601,abc_d_fresh_sequence_1000seq_seed2026052601,80,3,0
RoboFlamingo,2026052601,abc_d_fresh_sequence_1000seq_seed2026052601,81,2,0
RoboFlamingo,2026052601,abc_d_fresh_sequence_1000seq_seed2026052601,82,4,0
RoboFlamingo,2026052601,abc_d_fresh_sequence_1000seq_seed2026052601,83,5,1
RoboFlamingo,2026052601,abc_d_fresh_sequence_1000seq_seed2026052601,84,1,0
RoboFlamingo,2026052601,abc_d_fresh_sequence_1000seq_seed2026052601,85,1,0
RoboFlamingo,2026052601,abc_d_fresh_sequence_1000seq_seed2026052601,86,3,0
RoboFlamingo,2026052601,abc_d_fresh_sequence_1000seq_seed2026052601,87,4,0
RoboFlamingo,2026052601,abc_d_fresh_sequence_1000seq_seed2026052601,88,2,0
RoboFlamingo,2026052601,abc_d_fresh_sequence_1000seq_seed2026052601,89,1,0
RoboFlamingo,2026052601,abc_d_fresh_sequence_1000seq_seed2026052601,90,1,0
RoboFlamingo,2026052601,abc_d_fresh_sequence_1000seq_seed2026052601,91,3,0
RoboFlamingo,2026052601,abc_d_fresh_sequence_1000seq_seed2026052601,92,3,0
RoboFlamingo,2026052601,abc_d_fresh_sequence_1000seq_seed2026052601,93,5,1
RoboFlamingo,2026052601,abc_d_fresh_sequence_1000seq_seed2026052601,94,2,0
RoboFlamingo,2026052601,abc_d_fresh_sequence_1000seq_seed2026052601,95,1,0
RoboFlamingo,2026052601,abc_d_fresh_sequence_1000seq_seed2026052601,96,3,0
RoboFlamingo,2026052601,abc_d_fresh_sequence_1000seq_seed2026052601,97,3,0
RoboFlamingo,2026052601,abc_d_fresh_sequence_1000seq_seed2026052601,98,3,0
RoboFlamingo,2026052601,abc_d_fresh_sequence_1000seq_seed2026052601,99,5,1
RoboFlamingo,2026052601,abc_d_fresh_sequence_1000seq_seed2026052601,100,0,0
RoboFlamingo,2026052601,abc_d_fresh_sequence_1000seq_seed2026052601,101,2,0
RoboFlamingo,2026052601,abc_d_fresh_sequence_1000seq_seed2026052601,102,1,0
RoboFlamingo,2026052601,abc_d_fresh_sequence_1000seq_seed2026052601,103,3,0
RoboFlamingo,2026052601,abc_d_fresh_sequence_1000seq_seed2026052601,104,5,1
RoboFlamingo,2026052601,abc_d_fresh_sequence_1000seq_seed2026052601,105,2,0
RoboFlamingo,2026052601,abc_d_fresh_sequence_1000seq_seed2026052601,106,5,1
RoboFlamingo,2026052601,abc_d_fresh_sequence_1000seq_seed2026052601,107,3,0
RoboFlamingo,2026052601,abc_d_fresh_sequence_1000seq_seed2026052601,108,0,0
RoboFlamingo,2026052601,abc_d_fresh_sequence_1000seq_seed2026052601,109,5,1
RoboFlamingo,2026052601,abc_d_fresh_sequence_1000seq_seed2026052601,110,1,0
RoboFlamingo,2026052601,abc_d_fresh_sequence_1000seq_seed2026052601,111,1,0
RoboFlamingo,2026052601,abc_d_fresh_sequence_1000seq_seed2026052601,112,0,0
RoboFlamingo,2026052601,abc_d_fresh_sequence_1000seq_seed2026052601,113,5,1
RoboFlamingo,2026052601,abc_d_fresh_sequence_1000seq_seed2026052601,114,1,0
RoboFlamingo,2026052601,abc_d_fresh_sequence_1000seq_seed2026052601,115,5,1
RoboFlamingo,2026052601,abc_d_fresh_sequence_1000seq_seed2026052601,116,3,0
RoboFlamingo,2026052601,abc_d_fresh_sequence_1000seq_seed2026052601,117,3,0
RoboFlamingo,2026052601,abc_d_fresh_sequence_1000seq_seed2026052601,118,1,0
RoboFlamingo,2026052601,abc_d_fresh_sequence_1000seq_seed2026052601,119,2,0
RoboFlamingo,2026052601,abc_d_fresh_sequence_1000seq_seed2026052601,120,3,0
RoboFlamingo,2026052601,abc_d_fresh_sequence_1000seq_seed2026052601,121,2,0
RoboFlamingo,2026052601,abc_d_fresh_sequence_1000seq_seed2026052601,122,4,0
RoboFlamingo,2026052601,abc_d_fresh_sequence_1000seq_seed2026052601,123,0,0
RoboFlamingo,2026052601,abc_d_fresh_sequence_1000seq_seed2026052601,124,5,1
RoboFlamingo,2026052601,abc_d_fresh_sequence_1000seq_seed2026052601,125,3,0
RoboFlamingo,2026052601,abc_d_fresh_sequence_1000seq_seed2026052601,126,3,0
RoboFlamingo,2026052601,abc_d_fresh_sequence_1000seq_seed2026052601,127,2,0
RoboFlamingo,2026052601,abc_d_fresh_sequence_1000seq_seed2026052601,128,2,0
RoboFlamingo,2026052601,abc_d_fresh_sequence_1000seq_seed2026052601,129,0,0
RoboFlamingo,2026052601,abc_d_fresh_sequence_1000seq_seed2026052601,130,4,0
RoboFlamingo,2026052601,abc_d_fresh_sequence_1000seq_seed2026052601,131,5,1
RoboFlamingo,2026052601,abc_d_fresh_sequence_1000seq_seed2026052601,132,5,1
RoboFlamingo,2026052601,abc_d_fresh_sequence_1000seq_seed2026052601,133,5,1
RoboFlamingo,2026052601,abc_d_fresh_sequence_1000seq_seed2026052601,134,5,1
RoboFlamingo,2026052601,abc_d_fresh_sequence_1000seq_seed2026052601,135,2,0
RoboFlamingo,2026052601,abc_d_fresh_sequence_1000seq_seed2026052601,136,1,0
RoboFlamingo,2026052601,abc_d_fresh_sequence_1000seq_seed2026052601,137,2,0
RoboFlamingo,2026052601,abc_d_fresh_sequence_1000seq_seed2026052601,138,2,0
RoboFlamingo,2026052601,abc_d_fresh_sequence_1000seq_seed2026052601,139,3,0
RoboFlamingo,2026052601,abc_d_fresh_sequence_1000seq_seed2026052601,140,3,0
RoboFlamingo,2026052601,abc_d_fresh_sequence_1000seq_seed2026052601,141,2,0
RoboFlamingo,2026052601,abc_d_fresh_sequence_1000seq_seed2026052601,142,0,0
RoboFlamingo,2026052601,abc_d_fresh_sequence_1000seq_seed2026052601,143,3,0
RoboFlamingo,2026052601,abc_d_fresh_sequence_1000seq_seed2026052601,144,5,1
RoboFlamingo,2026052601,abc_d_fresh_sequence_1000seq_seed2026052601,145,2,0
RoboFlamingo,2026052601,abc_d_fresh_sequence_1000seq_seed2026052601,146,2,0
RoboFlamingo,2026052601,abc_d_fresh_sequence_1000seq_seed2026052601,147,1,0
RoboFlamingo,2026052601,abc_d_fresh_sequence_1000seq_seed2026052601,148,0,0
RoboFlamingo,2026052601,abc_d_fresh_sequence_1000seq_seed2026052601,149,2,0
RoboFlamingo,2026052601,abc_d_fresh_sequence_1000seq_seed2026052601,150,1,0
RoboFlamingo,2026052601,abc_d_fresh_sequence_1000seq_seed2026052601,151,0,0
RoboFlamingo,2026052601,abc_d_fresh_sequence_1000seq_seed2026052601,152,5,1
RoboFlamingo,2026052601,abc_d_fresh_sequence_1000seq_seed2026052601,153,0,0
RoboFlamingo,2026052601,abc_d_fresh_sequence_1000seq_seed2026052601,154,2,0
RoboFlamingo,2026052601,abc_d_fresh_sequence_1000seq_seed2026052601,155,0,0
RoboFlamingo,2026052601,abc_d_fresh_sequence_1000seq_seed2026052601,156,0,0
RoboFlamingo,2026052601,abc_d_fresh_sequence_1000seq_seed2026052601,157,2,0
RoboFlamingo,2026052601,abc_d_fresh_sequence_1000seq_seed2026052601,158,1,0
RoboFlamingo,2026052601,abc_d_fresh_sequence_1000seq_seed2026052601,159,0,0
RoboFlamingo,2026052601,abc_d_fresh_sequence_1000seq_seed2026052601,160,3,0
RoboFlamingo,2026052601,abc_d_fresh_sequence_1000seq_seed2026052601,161,1,0
RoboFlamingo,2026052601,abc_d_fresh_sequence_1000seq_seed2026052601,162,0,0
RoboFlamingo,2026052601,abc_d_fresh_sequence_1000seq_seed2026052601,163,2,0
RoboFlamingo,2026052601,abc_d_fresh_sequence_1000seq_seed2026052601,164,4,0
RoboFlamingo,2026052601,abc_d_fresh_sequence_1000seq_seed2026052601,165,0,0
RoboFlamingo,2026052601,abc_d_fresh_sequence_1000seq_seed2026052601,166,2,0
RoboFlamingo,2026052601,abc_d_fresh_sequence_1000seq_seed2026052601,167,4,0
RoboFlamingo,2026052601,abc_d_fresh_sequence_1000seq_seed2026052601,168,4,0
RoboFlamingo,2026052601,abc_d_fresh_sequence_1000seq_seed2026052601,169,2,0
RoboFlamingo,2026052601,abc_d_fresh_sequence_1000seq_seed2026052601,170,4,0
RoboFlamingo,2026052601,abc_d_fresh_sequence_1000seq_seed2026052601,171,0,0
RoboFlamingo,2026052601,abc_d_fresh_sequence_1000seq_seed2026052601,172,0,0
RoboFlamingo,2026052601,abc_d_fresh_sequence_1000seq_seed2026052601,173,4,0
RoboFlamingo,2026052601,abc_d_fresh_sequence_1000seq_seed2026052601,174,1,0
RoboFlamingo,2026052601,abc_d_fresh_sequence_1000seq_seed2026052601,175,2,0
RoboFlamingo,2026052601,abc_d_fresh_sequence_1000seq_seed2026052601,176,5,1
RoboFlamingo,2026052601,abc_d_fresh_sequence_1000seq_seed2026052601,177,5,1
RoboFlamingo,2026052601,abc_d_fresh_sequence_1000seq_seed2026052601,178,1,0
RoboFlamingo,2026052601,abc_d_fresh_sequence_1000seq_seed2026052601,179,3,0
RoboFlamingo,2026052601,abc_d_fresh_sequence_1000seq_seed2026052601,180,0,0
RoboFlamingo,2026052601,abc_d_fresh_sequence_1000seq_seed2026052601,181,3,0
RoboFlamingo,2026052601,abc_d_fresh_sequence_1000seq_seed2026052601,182,4,0
RoboFlamingo,2026052601,abc_d_fresh_sequence_1000seq_seed2026052601,183,5,1
RoboFlamingo,2026052601,abc_d_fresh_sequence_1000seq_seed2026052601,184,5,1
RoboFlamingo,2026052601,abc_d_fresh_sequence_1000seq_seed2026052601,185,2,0
RoboFlamingo,2026052601,abc_d_fresh_sequence_1000seq_seed2026052601,186,1,0
RoboFlamingo,2026052601,abc_d_fresh_sequence_1000seq_seed2026052601,187,1,0
RoboFlamingo,2026052601,abc_d_fresh_sequence_1000seq_seed2026052601,188,0,0
RoboFlamingo,2026052601,abc_d_fresh_sequence_1000seq_seed2026052601,189,3,0
RoboFlamingo,2026052601,abc_d_fresh_sequence_1000seq_seed2026052601,190,1,0
RoboFlamingo,2026052601,abc_d_fresh_sequence_1000seq_seed2026052601,191,3,0
RoboFlamingo,2026052601,abc_d_fresh_sequence_1000seq_seed2026052601,192,0,0
RoboFlamingo,2026052601,abc_d_fresh_sequence_1000seq_seed2026052601,193,4,0
RoboFlamingo,2026052601,abc_d_fresh_sequence_1000seq_seed2026052601,194,2,0
RoboFlamingo,2026052601,abc_d_fresh_sequence_1000seq_seed2026052601,195,3,0
RoboFlamingo,2026052601,abc_d_fresh_sequence_1000seq_seed2026052601,196,3,0
RoboFlamingo,2026052601,abc_d_fresh_sequence_1000seq_seed2026052601,197,5,1
RoboFlamingo,2026052601,abc_d_fresh_sequence_1000seq_seed2026052601,198,1,0
RoboFlamingo,2026052601,abc_d_fresh_sequence_1000seq_seed2026052601,199,2,0
RoboFlamingo,2026052601,abc_d_fresh_sequence_1000seq_seed2026052601,200,0,0
RoboFlamingo,2026052601,abc_d_fresh_sequence_1000seq_seed2026052601,201,1,0
RoboFlamingo,2026052601,abc_d_fresh_sequence_1000seq_seed2026052601,202,1,0
RoboFlamingo,2026052601,abc_d_fresh_sequence_1000seq_seed2026052601,203,4,0
RoboFlamingo,2026052601,abc_d_fresh_sequence_1000seq_seed2026052601,204,5,1
RoboFlamingo,2026052601,abc_d_fresh_sequence_1000seq_seed2026052601,205,4,0
RoboFlamingo,2026052601,abc_d_fresh_sequence_1000seq_seed2026052601,206,1,0
RoboFlamingo,2026052601,abc_d_fresh_sequence_1000seq_seed2026052601,207,3,0
RoboFlamingo,2026052601,abc_d_fresh_sequence_1000seq_seed2026052601,208,5,1
RoboFlamingo,2026052601,abc_d_fresh_sequence_1000seq_seed2026052601,209,1,0
RoboFlamingo,2026052601,abc_d_fresh_sequence_1000seq_seed2026052601,210,0,0
RoboFlamingo,2026052601,abc_d_fresh_sequence_1000seq_seed2026052601,211,2,0
RoboFlamingo,2026052601,abc_d_fresh_sequence_1000seq_seed2026052601,212,1,0
RoboFlamingo,2026052601,abc_d_fresh_sequence_1000seq_seed2026052601,213,2,0
RoboFlamingo,2026052601,abc_d_fresh_sequence_1000seq_seed2026052601,214,3,0
RoboFlamingo,2026052601,abc_d_fresh_sequence_1000seq_seed2026052601,215,0,0
RoboFlamingo,2026052601,abc_d_fresh_sequence_1000seq_seed2026052601,216,1,0
RoboFlamingo,2026052601,abc_d_fresh_sequence_1000seq_seed2026052601,217,0,0
RoboFlamingo,2026052601,abc_d_fresh_sequence_1000seq_seed2026052601,218,0,0
RoboFlamingo,2026052601,abc_d_fresh_sequence_1000seq_seed2026052601,219,5,1
RoboFlamingo,2026052601,abc_d_fresh_sequence_1000seq_seed2026052601,220,2,0
RoboFlamingo,2026052601,abc_d_fresh_sequence_1000seq_seed2026052601,221,1,0
RoboFlamingo,2026052601,abc_d_fresh_sequence_1000seq_seed2026052601,222,0,0
RoboFlamingo,2026052601,abc_d_fresh_sequence_1000seq_seed2026052601,223,1,0
RoboFlamingo,2026052601,abc_d_fresh_sequence_1000seq_seed2026052601,224,0,0
RoboFlamingo,2026052601,abc_d_fresh_sequence_1000seq_seed2026052601,225,5,1
RoboFlamingo,2026052601,abc_d_fresh_sequence_1000seq_seed2026052601,226,0,0
RoboFlamingo,2026052601,abc_d_fresh_sequence_1000seq_seed2026052601,227,4,0
RoboFlamingo,2026052601,abc_d_fresh_sequence_1000seq_seed2026052601,228,3,0
RoboFlamingo,2026052601,abc_d_fresh_sequence_1000seq_seed2026052601,229,5,1
RoboFlamingo,2026052601,abc_d_fresh_sequence_1000seq_seed2026052601,230,3,0
RoboFlamingo,2026052601,abc_d_fresh_sequence_1000seq_seed2026052601,231,2,0
RoboFlamingo,2026052601,abc_d_fresh_sequence_1000seq_seed2026052601,232,5,1
RoboFlamingo,2026052601,abc_d_fresh_sequence_1000seq_seed2026052601,233,4,0
RoboFlamingo,2026052601,abc_d_fresh_sequence_1000seq_seed2026052601,234,5,1
RoboFlamingo,2026052601,abc_d_fresh_sequence_1000seq_seed2026052601,235,3,0
RoboFlamingo,2026052601,abc_d_fresh_sequence_1000seq_seed2026052601,236,1,0
RoboFlamingo,2026052601,abc_d_fresh_sequence_1000seq_seed2026052601,237,5,1
RoboFlamingo,2026052601,abc_d_fresh_sequence_1000seq_seed2026052601,238,1,0
RoboFlamingo,2026052601,abc_d_fresh_sequence_1000seq_seed2026052601,239,3,0
RoboFlamingo,2026052601,abc_d_fresh_sequence_1000seq_seed2026052601,240,0,0
RoboFlamingo,2026052601,abc_d_fresh_sequence_1000seq_seed2026052601,241,5,1
RoboFlamingo,2026052601,abc_d_fresh_sequence_1000seq_seed2026052601,242,1,0
RoboFlamingo,2026052601,abc_d_fresh_sequence_1000seq_seed2026052601,243,0,0
RoboFlamingo,2026052601,abc_d_fresh_sequence_1000seq_seed2026052601,244,0,0
RoboFlamingo,2026052601,abc_d_fresh_sequence_1000seq_seed2026052601,245,5,1
RoboFlamingo,2026052601,abc_d_fresh_sequence_1000seq_seed2026052601,246,0,0
RoboFlamingo,2026052601,abc_d_fresh_sequence_1000seq_seed2026052601,247,0,0
RoboFlamingo,2026052601,abc_d_fresh_sequence_1000seq_seed2026052601,248,1,0
RoboFlamingo,2026052601,abc_d_fresh_sequence_1000seq_seed2026052601,249,1,0
RoboFlamingo,2026052601,abc_d_fresh_sequence_1000seq_seed2026052601,250,4,0
RoboFlamingo,2026052601,abc_d_fresh_sequence_1000seq_seed2026052601,251,5,1
RoboFlamingo,2026052601,abc_d_fresh_sequence_1000seq_seed2026052601,252,4,0
RoboFlamingo,2026052601,abc_d_fresh_sequence_1000seq_seed2026052601,253,2,0
RoboFlamingo,2026052601,abc_d_fresh_sequence_1000seq_seed2026052601,254,5,1
RoboFlamingo,2026052601,abc_d_fresh_sequence_1000seq_seed2026052601,255,2,0
RoboFlamingo,2026052601,abc_d_fresh_sequence_1000seq_seed2026052601,256,5,1
RoboFlamingo,2026052601,abc_d_fresh_sequence_1000seq_seed2026052601,257,5,1
RoboFlamingo,2026052601,abc_d_fresh_sequence_1000seq_seed2026052601,258,0,0
RoboFlamingo,2026052601,abc_d_fresh_sequence_1000seq_seed2026052601,259,4,0
RoboFlamingo,2026052601,abc_d_fresh_sequence_1000seq_seed2026052601,260,1,0
RoboFlamingo,2026052601,abc_d_fresh_sequence_1000seq_seed2026052601,261,5,1
RoboFlamingo,2026052601,abc_d_fresh_sequence_1000seq_seed2026052601,262,5,1
RoboFlamingo,2026052601,abc_d_fresh_sequence_1000seq_seed2026052601,263,2,0
RoboFlamingo,2026052601,abc_d_fresh_sequence_1000seq_seed2026052601,264,5,1
RoboFlamingo,2026052601,abc_d_fresh_sequence_1000seq_seed2026052601,265,2,0
RoboFlamingo,2026052601,abc_d_fresh_sequence_1000seq_seed2026052601,266,1,0
RoboFlamingo,2026052601,abc_d_fresh_sequence_1000seq_seed2026052601,267,0,0
RoboFlamingo,2026052601,abc_d_fresh_sequence_1000seq_seed2026052601,268,5,1
RoboFlamingo,2026052601,abc_d_fresh_sequence_1000seq_seed2026052601,269,2,0
RoboFlamingo,2026052601,abc_d_fresh_sequence_1000seq_seed2026052601,270,0,0
RoboFlamingo,2026052601,abc_d_fresh_sequence_1000seq_seed2026052601,271,0,0
RoboFlamingo,2026052601,abc_d_fresh_sequence_1000seq_seed2026052601,272,1,0
RoboFlamingo,2026052601,abc_d_fresh_sequence_1000seq_seed2026052601,273,5,1
RoboFlamingo,2026052601,abc_d_fresh_sequence_1000seq_seed2026052601,274,0,0
RoboFlamingo,2026052601,abc_d_fresh_sequence_1000seq_seed2026052601,275,2,0
RoboFlamingo,2026052601,abc_d_fresh_sequence_1000seq_seed2026052601,276,3,0
RoboFlamingo,2026052601,abc_d_fresh_sequence_1000seq_seed2026052601,277,3,0
RoboFlamingo,2026052601,abc_d_fresh_sequence_1000seq_seed2026052601,278,0,0
RoboFlamingo,2026052601,abc_d_fresh_sequence_1000seq_seed2026052601,279,2,0
RoboFlamingo,2026052601,abc_d_fresh_sequence_1000seq_seed2026052601,280,3,0
RoboFlamingo,2026052601,abc_d_fresh_sequence_1000seq_seed2026052601,281,4,0
RoboFlamingo,2026052601,abc_d_fresh_sequence_1000seq_seed2026052601,282,2,0
RoboFlamingo,2026052601,abc_d_fresh_sequence_1000seq_seed2026052601,283,0,0
RoboFlamingo,2026052601,abc_d_fresh_sequence_1000seq_seed2026052601,284,5,1
RoboFlamingo,2026052601,abc_d_fresh_sequence_1000seq_seed2026052601,285,4,0
RoboFlamingo,2026052601,abc_d_fresh_sequence_1000seq_seed2026052601,286,1,0
RoboFlamingo,2026052601,abc_d_fresh_sequence_1000seq_seed2026052601,287,3,0
RoboFlamingo,2026052601,abc_d_fresh_sequence_1000seq_seed2026052601,288,1,0
RoboFlamingo,2026052601,abc_d_fresh_sequence_1000seq_seed2026052601,289,3,0
RoboFlamingo,2026052601,abc_d_fresh_sequence_1000seq_seed2026052601,290,2,0
RoboFlamingo,2026052601,abc_d_fresh_sequence_1000seq_seed2026052601,291,0,0
RoboFlamingo,2026052601,abc_d_fresh_sequence_1000seq_seed2026052601,292,2,0
RoboFlamingo,2026052601,abc_d_fresh_sequence_1000seq_seed2026052601,293,0,0
RoboFlamingo,2026052601,abc_d_fresh_sequence_1000seq_seed2026052601,294,2,0
RoboFlamingo,2026052601,abc_d_fresh_sequence_1000seq_seed2026052601,295,4,0
RoboFlamingo,2026052601,abc_d_fresh_sequence_1000seq_seed2026052601,296,2,0
RoboFlamingo,2026052601,abc_d_fresh_sequence_1000seq_seed2026052601,297,0,0
RoboFlamingo,2026052601,abc_d_fresh_sequence_1000seq_seed2026052601,298,1,0
RoboFlamingo,2026052601,abc_d_fresh_sequence_1000seq_seed2026052601,299,0,0
RoboFlamingo,2026052601,abc_d_fresh_sequence_1000seq_seed2026052601,300,0,0
RoboFlamingo,2026052601,abc_d_fresh_sequence_1000seq_seed2026052601,301,2,0
RoboFlamingo,2026052601,abc_d_fresh_sequence_1000seq_seed2026052601,302,1,0
RoboFlamingo,2026052601,abc_d_fresh_sequence_1000seq_seed2026052601,303,5,1
RoboFlamingo,2026052601,abc_d_fresh_sequence_1000seq_seed2026052601,304,2,0
RoboFlamingo,2026052601,abc_d_fresh_sequence_1000seq_seed2026052601,305,5,1
RoboFlamingo,2026052601,abc_d_fresh_sequence_1000seq_seed2026052601,306,3,0
RoboFlamingo,2026052601,abc_d_fresh_sequence_1000seq_seed2026052601,307,0,0
RoboFlamingo,2026052601,abc_d_fresh_sequence_1000seq_seed2026052601,308,1,0
RoboFlamingo,2026052601,abc_d_fresh_sequence_1000seq_seed2026052601,309,0,0
RoboFlamingo,2026052601,abc_d_fresh_sequence_1000seq_seed2026052601,310,1,0
RoboFlamingo,2026052601,abc_d_fresh_sequence_1000seq_seed2026052601,311,5,1
RoboFlamingo,2026052601,abc_d_fresh_sequence_1000seq_seed2026052601,312,1,0
RoboFlamingo,2026052601,abc_d_fresh_sequence_1000seq_seed2026052601,313,3,0
RoboFlamingo,2026052601,abc_d_fresh_sequence_1000seq_seed2026052601,314,3,0
RoboFlamingo,2026052601,abc_d_fresh_sequence_1000seq_seed2026052601,315,2,0
RoboFlamingo,2026052601,abc_d_fresh_sequence_1000seq_seed2026052601,316,5,1
RoboFlamingo,2026052601,abc_d_fresh_sequence_1000seq_seed2026052601,317,3,0
RoboFlamingo,2026052601,abc_d_fresh_sequence_1000seq_seed2026052601,318,2,0
RoboFlamingo,2026052601,abc_d_fresh_sequence_1000seq_seed2026052601,319,2,0
RoboFlamingo,2026052601,abc_d_fresh_sequence_1000seq_seed2026052601,320,5,1
RoboFlamingo,2026052601,abc_d_fresh_sequence_1000seq_seed2026052601,321,0,0
RoboFlamingo,2026052601,abc_d_fresh_sequence_1000seq_seed2026052601,322,3,0
RoboFlamingo,2026052601,abc_d_fresh_sequence_1000seq_seed2026052601,323,1,0
RoboFlamingo,2026052601,abc_d_fresh_sequence_1000seq_seed2026052601,324,4,0
RoboFlamingo,2026052601,abc_d_fresh_sequence_1000seq_seed2026052601,325,5,1
RoboFlamingo,2026052601,abc_d_fresh_sequence_1000seq_seed2026052601,326,1,0
RoboFlamingo,2026052601,abc_d_fresh_sequence_1000seq_seed2026052601,327,1,0
RoboFlamingo,2026052601,abc_d_fresh_sequence_1000seq_seed2026052601,328,1,0
RoboFlamingo,2026052601,abc_d_fresh_sequence_1000seq_seed2026052601,329,5,1
RoboFlamingo,2026052601,abc_d_fresh_sequence_1000seq_seed2026052601,330,0,0
RoboFlamingo,2026052601,abc_d_fresh_sequence_1000seq_seed2026052601,331,3,0
RoboFlamingo,2026052601,abc_d_fresh_sequence_1000seq_seed2026052601,332,0,0
RoboFlamingo,2026052601,abc_d_fresh_sequence_1000seq_seed2026052601,333,1,0
RoboFlamingo,2026052601,abc_d_fresh_sequence_1000seq_seed2026052601,334,2,0
RoboFlamingo,2026052601,abc_d_fresh_sequence_1000seq_seed2026052601,335,1,0
RoboFlamingo,2026052601,abc_d_fresh_sequence_1000seq_seed2026052601,336,1,0
RoboFlamingo,2026052601,abc_d_fresh_sequence_1000seq_seed2026052601,337,5,1
RoboFlamingo,2026052601,abc_d_fresh_sequence_1000seq_seed2026052601,338,4,0
RoboFlamingo,2026052601,abc_d_fresh_sequence_1000seq_seed2026052601,339,4,0
RoboFlamingo,2026052601,abc_d_fresh_sequence_1000seq_seed2026052601,340,5,1
RoboFlamingo,2026052601,abc_d_fresh_sequence_1000seq_seed2026052601,341,2,0
RoboFlamingo,2026052601,abc_d_fresh_sequence_1000seq_seed2026052601,342,0,0
RoboFlamingo,2026052601,abc_d_fresh_sequence_1000seq_seed2026052601,343,1,0
RoboFlamingo,2026052601,abc_d_fresh_sequence_1000seq_seed2026052601,344,4,0
RoboFlamingo,2026052601,abc_d_fresh_sequence_1000seq_seed2026052601,345,0,0
RoboFlamingo,2026052601,abc_d_fresh_sequence_1000seq_seed2026052601,346,1,0
RoboFlamingo,2026052601,abc_d_fresh_sequence_1000seq_seed2026052601,347,3,0
RoboFlamingo,2026052601,abc_d_fresh_sequence_1000seq_seed2026052601,348,2,0
RoboFlamingo,2026052601,abc_d_fresh_sequence_1000seq_seed2026052601,349,1,0
RoboFlamingo,2026052601,abc_d_fresh_sequence_1000seq_seed2026052601,350,1,0
RoboFlamingo,2026052601,abc_d_fresh_sequence_1000seq_seed2026052601,351,0,0
RoboFlamingo,2026052601,abc_d_fresh_sequence_1000seq_seed2026052601,352,3,0
RoboFlamingo,2026052601,abc_d_fresh_sequence_1000seq_seed2026052601,353,5,1
RoboFlamingo,2026052601,abc_d_fresh_sequence_1000seq_seed2026052601,354,2,0
RoboFlamingo,2026052601,abc_d_fresh_sequence_1000seq_seed2026052601,355,2,0
RoboFlamingo,2026052601,abc_d_fresh_sequence_1000seq_seed2026052601,356,0,0
RoboFlamingo,2026052601,abc_d_fresh_sequence_1000seq_seed2026052601,357,1,0
RoboFlamingo,2026052601,abc_d_fresh_sequence_1000seq_seed2026052601,358,3,0
RoboFlamingo,2026052601,abc_d_fresh_sequence_1000seq_seed2026052601,359,4,0
RoboFlamingo,2026052601,abc_d_fresh_sequence_1000seq_seed2026052601,360,5,1
RoboFlamingo,2026052601,abc_d_fresh_sequence_1000seq_seed2026052601,361,2,0
RoboFlamingo,2026052601,abc_d_fresh_sequence_1000seq_seed2026052601,362,2,0
RoboFlamingo,2026052601,abc_d_fresh_sequence_1000seq_seed2026052601,363,5,1
RoboFlamingo,2026052601,abc_d_fresh_sequence_1000seq_seed2026052601,364,1,0
RoboFlamingo,2026052601,abc_d_fresh_sequence_1000seq_seed2026052601,365,3,0
RoboFlamingo,2026052601,abc_d_fresh_sequence_1000seq_seed2026052601,366,0,0
RoboFlamingo,2026052601,abc_d_fresh_sequence_1000seq_seed2026052601,367,0,0
RoboFlamingo,2026052601,abc_d_fresh_sequence_1000seq_seed2026052601,368,0,0
RoboFlamingo,2026052601,abc_d_fresh_sequence_1000seq_seed2026052601,369,2,0
RoboFlamingo,2026052601,abc_d_fresh_sequence_1000seq_seed2026052601,370,5,1
RoboFlamingo,2026052601,abc_d_fresh_sequence_1000seq_seed2026052601,371,2,0
RoboFlamingo,2026052601,abc_d_fresh_sequence_1000seq_seed2026052601,372,3,0
RoboFlamingo,2026052601,abc_d_fresh_sequence_1000seq_seed2026052601,373,3,0
RoboFlamingo,2026052601,abc_d_fresh_sequence_1000seq_seed2026052601,374,3,0
RoboFlamingo,2026052601,abc_d_fresh_sequence_1000seq_seed2026052601,375,0,0
RoboFlamingo,2026052601,abc_d_fresh_sequence_1000seq_seed2026052601,376,0,0
RoboFlamingo,2026052601,abc_d_fresh_sequence_1000seq_seed2026052601,377,1,0
RoboFlamingo,2026052601,abc_d_fresh_sequence_1000seq_seed2026052601,378,0,0
RoboFlamingo,2026052601,abc_d_fresh_sequence_1000seq_seed2026052601,379,5,1
RoboFlamingo,2026052601,abc_d_fresh_sequence_1000seq_seed2026052601,380,0,0
RoboFlamingo,2026052601,abc_d_fresh_sequence_1000seq_seed2026052601,381,3,0
RoboFlamingo,2026052601,abc_d_fresh_sequence_1000seq_seed2026052601,382,2,0
RoboFlamingo,2026052601,abc_d_fresh_sequence_1000seq_seed2026052601,383,0,0
RoboFlamingo,2026052601,abc_d_fresh_sequence_1000seq_seed2026052601,384,1,0
RoboFlamingo,2026052601,abc_d_fresh_sequence_1000seq_seed2026052601,385,3,0
RoboFlamingo,2026052601,abc_d_fresh_sequence_1000seq_seed2026052601,386,0,0
RoboFlamingo,2026052601,abc_d_fresh_sequence_1000seq_seed2026052601,387,1,0
RoboFlamingo,2026052601,abc_d_fresh_sequence_1000seq_seed2026052601,388,0,0
RoboFlamingo,2026052601,abc_d_fresh_sequence_1000seq_seed2026052601,389,1,0
RoboFlamingo,2026052601,abc_d_fresh_sequence_1000seq_seed2026052601,390,3,0
RoboFlamingo,2026052601,abc_d_fresh_sequence_1000seq_seed2026052601,391,0,0
RoboFlamingo,2026052601,abc_d_fresh_sequence_1000seq_seed2026052601,392,1,0
RoboFlamingo,2026052601,abc_d_fresh_sequence_1000seq_seed2026052601,393,5,1
RoboFlamingo,2026052601,abc_d_fresh_sequence_1000seq_seed2026052601,394,1,0
RoboFlamingo,2026052601,abc_d_fresh_sequence_1000seq_seed2026052601,395,1,0
RoboFlamingo,2026052601,abc_d_fresh_sequence_1000seq_seed2026052601,396,1,0
RoboFlamingo,2026052601,abc_d_fresh_sequence_1000seq_seed2026052601,397,5,1
RoboFlamingo,2026052601,abc_d_fresh_sequence_1000seq_seed2026052601,398,1,0
RoboFlamingo,2026052601,abc_d_fresh_sequence_1000seq_seed2026052601,399,1,0
RoboFlamingo,2026052601,abc_d_fresh_sequence_1000seq_seed2026052601,400,5,1
RoboFlamingo,2026052601,abc_d_fresh_sequence_1000seq_seed2026052601,401,0,0
RoboFlamingo,2026052601,abc_d_fresh_sequence_1000seq_seed2026052601,402,3,0
RoboFlamingo,2026052601,abc_d_fresh_sequence_1000seq_seed2026052601,403,4,0
RoboFlamingo,2026052601,abc_d_fresh_sequence_1000seq_seed2026052601,404,1,0
RoboFlamingo,2026052601,abc_d_fresh_sequence_1000seq_seed2026052601,405,2,0
RoboFlamingo,2026052601,abc_d_fresh_sequence_1000seq_seed2026052601,406,0,0
RoboFlamingo,2026052601,abc_d_fresh_sequence_1000seq_seed2026052601,407,0,0
RoboFlamingo,2026052601,abc_d_fresh_sequence_1000seq_seed2026052601,408,0,0
RoboFlamingo,2026052601,abc_d_fresh_sequence_1000seq_seed2026052601,409,1,0
RoboFlamingo,2026052601,abc_d_fresh_sequence_1000seq_seed2026052601,410,3,0
RoboFlamingo,2026052601,abc_d_fresh_sequence_1000seq_seed2026052601,411,3,0
RoboFlamingo,2026052601,abc_d_fresh_sequence_1000seq_seed2026052601,412,0,0
RoboFlamingo,2026052601,abc_d_fresh_sequence_1000seq_seed2026052601,413,3,0
RoboFlamingo,2026052601,abc_d_fresh_sequence_1000seq_seed2026052601,414,0,0
RoboFlamingo,2026052601,abc_d_fresh_sequence_1000seq_seed2026052601,415,5,1
RoboFlamingo,2026052601,abc_d_fresh_sequence_1000seq_seed2026052601,416,5,1
RoboFlamingo,2026052601,abc_d_fresh_sequence_1000seq_seed2026052601,417,3,0
RoboFlamingo,2026052601,abc_d_fresh_sequence_1000seq_seed2026052601,418,2,0
RoboFlamingo,2026052601,abc_d_fresh_sequence_1000seq_seed2026052601,419,2,0
RoboFlamingo,2026052601,abc_d_fresh_sequence_1000seq_seed2026052601,420,5,1
RoboFlamingo,2026052601,abc_d_fresh_sequence_1000seq_seed2026052601,421,2,0
RoboFlamingo,2026052601,abc_d_fresh_sequence_1000seq_seed2026052601,422,0,0
RoboFlamingo,2026052601,abc_d_fresh_sequence_1000seq_seed2026052601,423,2,0
RoboFlamingo,2026052601,abc_d_fresh_sequence_1000seq_seed2026052601,424,1,0
RoboFlamingo,2026052601,abc_d_fresh_sequence_1000seq_seed2026052601,425,5,1
RoboFlamingo,2026052601,abc_d_fresh_sequence_1000seq_seed2026052601,426,0,0
RoboFlamingo,2026052601,abc_d_fresh_sequence_1000seq_seed2026052601,427,1,0
RoboFlamingo,2026052601,abc_d_fresh_sequence_1000seq_seed2026052601,428,0,0
RoboFlamingo,2026052601,abc_d_fresh_sequence_1000seq_seed2026052601,429,0,0
RoboFlamingo,2026052601,abc_d_fresh_sequence_1000seq_seed2026052601,430,2,0
RoboFlamingo,2026052601,abc_d_fresh_sequence_1000seq_seed2026052601,431,2,0
RoboFlamingo,2026052601,abc_d_fresh_sequence_1000seq_seed2026052601,432,2,0
RoboFlamingo,2026052601,abc_d_fresh_sequence_1000seq_seed2026052601,433,1,0
RoboFlamingo,2026052601,abc_d_fresh_sequence_1000seq_seed2026052601,434,2,0
RoboFlamingo,2026052601,abc_d_fresh_sequence_1000seq_seed2026052601,435,1,0
RoboFlamingo,2026052601,abc_d_fresh_sequence_1000seq_seed2026052601,436,3,0
RoboFlamingo,2026052601,abc_d_fresh_sequence_1000seq_seed2026052601,437,1,0
RoboFlamingo,2026052601,abc_d_fresh_sequence_1000seq_seed2026052601,438,1,0
RoboFlamingo,2026052601,abc_d_fresh_sequence_1000seq_seed2026052601,439,3,0
RoboFlamingo,2026052601,abc_d_fresh_sequence_1000seq_seed2026052601,440,2,0
RoboFlamingo,2026052601,abc_d_fresh_sequence_1000seq_seed2026052601,441,4,0
RoboFlamingo,2026052601,abc_d_fresh_sequence_1000seq_seed2026052601,442,2,0
RoboFlamingo,2026052601,abc_d_fresh_sequence_1000seq_seed2026052601,443,0,0
RoboFlamingo,2026052601,abc_d_fresh_sequence_1000seq_seed2026052601,444,2,0
RoboFlamingo,2026052601,abc_d_fresh_sequence_1000seq_seed2026052601,445,1,0
RoboFlamingo,2026052601,abc_d_fresh_sequence_1000seq_seed2026052601,446,1,0
RoboFlamingo,2026052601,abc_d_fresh_sequence_1000seq_seed2026052601,447,4,0
RoboFlamingo,2026052601,abc_d_fresh_sequence_1000seq_seed2026052601,448,5,1
RoboFlamingo,2026052601,abc_d_fresh_sequence_1000seq_seed2026052601,449,1,0
RoboFlamingo,2026052601,abc_d_fresh_sequence_1000seq_seed2026052601,450,2,0
RoboFlamingo,2026052601,abc_d_fresh_sequence_1000seq_seed2026052601,451,5,1
RoboFlamingo,2026052601,abc_d_fresh_sequence_1000seq_seed2026052601,452,4,0
RoboFlamingo,2026052601,abc_d_fresh_sequence_1000seq_seed2026052601,453,1,0
RoboFlamingo,2026052601,abc_d_fresh_sequence_1000seq_seed2026052601,454,1,0
RoboFlamingo,2026052601,abc_d_fresh_sequence_1000seq_seed2026052601,455,2,0
RoboFlamingo,2026052601,abc_d_fresh_sequence_1000seq_seed2026052601,456,3,0
RoboFlamingo,2026052601,abc_d_fresh_sequence_1000seq_seed2026052601,457,3,0
RoboFlamingo,2026052601,abc_d_fresh_sequence_1000seq_seed2026052601,458,2,0
RoboFlamingo,2026052601,abc_d_fresh_sequence_1000seq_seed2026052601,459,5,1
RoboFlamingo,2026052601,abc_d_fresh_sequence_1000seq_seed2026052601,460,1,0
RoboFlamingo,2026052601,abc_d_fresh_sequence_1000seq_seed2026052601,461,1,0
RoboFlamingo,2026052601,abc_d_fresh_sequence_1000seq_seed2026052601,462,5,1
RoboFlamingo,2026052601,abc_d_fresh_sequence_1000seq_seed2026052601,463,2,0
RoboFlamingo,2026052601,abc_d_fresh_sequence_1000seq_seed2026052601,464,1,0
RoboFlamingo,2026052601,abc_d_fresh_sequence_1000seq_seed2026052601,465,5,1
RoboFlamingo,2026052601,abc_d_fresh_sequence_1000seq_seed2026052601,466,5,1
RoboFlamingo,2026052601,abc_d_fresh_sequence_1000seq_seed2026052601,467,0,0
RoboFlamingo,2026052601,abc_d_fresh_sequence_1000seq_seed2026052601,468,0,0
RoboFlamingo,2026052601,abc_d_fresh_sequence_1000seq_seed2026052601,469,1,0
RoboFlamingo,2026052601,abc_d_fresh_sequence_1000seq_seed2026052601,470,0,0
RoboFlamingo,2026052601,abc_d_fresh_sequence_1000seq_seed2026052601,471,5,1
RoboFlamingo,2026052601,abc_d_fresh_sequence_1000seq_seed2026052601,472,5,1
RoboFlamingo,2026052601,abc_d_fresh_sequence_1000seq_seed2026052601,473,4,0
RoboFlamingo,2026052601,abc_d_fresh_sequence_1000seq_seed2026052601,474,5,1
RoboFlamingo,2026052601,abc_d_fresh_sequence_1000seq_seed2026052601,475,1,0
RoboFlamingo,2026052601,abc_d_fresh_sequence_1000seq_seed2026052601,476,0,0
RoboFlamingo,2026052601,abc_d_fresh_sequence_1000seq_seed2026052601,477,5,1
RoboFlamingo,2026052601,abc_d_fresh_sequence_1000seq_seed2026052601,478,0,0
RoboFlamingo,2026052601,abc_d_fresh_sequence_1000seq_seed2026052601,479,3,0
RoboFlamingo,2026052601,abc_d_fresh_sequence_1000seq_seed2026052601,480,5,1
RoboFlamingo,2026052601,abc_d_fresh_sequence_1000seq_seed2026052601,481,2,0
RoboFlamingo,2026052601,abc_d_fresh_sequence_1000seq_seed2026052601,482,5,1
RoboFlamingo,2026052601,abc_d_fresh_sequence_1000seq_seed2026052601,483,0,0
RoboFlamingo,2026052601,abc_d_fresh_sequence_1000seq_seed2026052601,484,1,0
RoboFlamingo,2026052601,abc_d_fresh_sequence_1000seq_seed2026052601,485,2,0
RoboFlamingo,2026052601,abc_d_fresh_sequence_1000seq_seed2026052601,486,4,0
RoboFlamingo,2026052601,abc_d_fresh_sequence_1000seq_seed2026052601,487,1,0
RoboFlamingo,2026052601,abc_d_fresh_sequence_1000seq_seed2026052601,488,3,0
RoboFlamingo,2026052601,abc_d_fresh_sequence_1000seq_seed2026052601,489,5,1
RoboFlamingo,2026052601,abc_d_fresh_sequence_1000seq_seed2026052601,490,0,0
RoboFlamingo,2026052601,abc_d_fresh_sequence_1000seq_seed2026052601,491,1,0
RoboFlamingo,2026052601,abc_d_fresh_sequence_1000seq_seed2026052601,492,0,0
RoboFlamingo,2026052601,abc_d_fresh_sequence_1000seq_seed2026052601,493,5,1
RoboFlamingo,2026052601,abc_d_fresh_sequence_1000seq_seed2026052601,494,2,0
RoboFlamingo,2026052601,abc_d_fresh_sequence_1000seq_seed2026052601,495,0,0
RoboFlamingo,2026052601,abc_d_fresh_sequence_1000seq_seed2026052601,496,5,1
RoboFlamingo,2026052601,abc_d_fresh_sequence_1000seq_seed2026052601,497,4,0
RoboFlamingo,2026052601,abc_d_fresh_sequence_1000seq_seed2026052601,498,5,1
RoboFlamingo,2026052601,abc_d_fresh_sequence_1000seq_seed2026052601,499,3,0
RoboFlamingo,2026052601,abc_d_fresh_sequence_1000seq_seed2026052601,500,3,0
RoboFlamingo,2026052601,abc_d_fresh_sequence_1000seq_seed2026052601,501,3,0
RoboFlamingo,2026052601,abc_d_fresh_sequence_1000seq_seed2026052601,502,5,1
RoboFlamingo,2026052601,abc_d_fresh_sequence_1000seq_seed2026052601,503,0,0
RoboFlamingo,2026052601,abc_d_fresh_sequence_1000seq_seed2026052601,504,1,0
RoboFlamingo,2026052601,abc_d_fresh_sequence_1000seq_seed2026052601,505,5,1
RoboFlamingo,2026052601,abc_d_fresh_sequence_1000seq_seed2026052601,506,3,0
RoboFlamingo,2026052601,abc_d_fresh_sequence_1000seq_seed2026052601,507,2,0
RoboFlamingo,2026052601,abc_d_fresh_sequence_1000seq_seed2026052601,508,4,0
RoboFlamingo,2026052601,abc_d_fresh_sequence_1000seq_seed2026052601,509,0,0
RoboFlamingo,2026052601,abc_d_fresh_sequence_1000seq_seed2026052601,510,2,0
RoboFlamingo,2026052601,abc_d_fresh_sequence_1000seq_seed2026052601,511,2,0
RoboFlamingo,2026052601,abc_d_fresh_sequence_1000seq_seed2026052601,512,3,0
RoboFlamingo,2026052601,abc_d_fresh_sequence_1000seq_seed2026052601,513,5,1
RoboFlamingo,2026052601,abc_d_fresh_sequence_1000seq_seed2026052601,514,1,0
RoboFlamingo,2026052601,abc_d_fresh_sequence_1000seq_seed2026052601,515,1,0
RoboFlamingo,2026052601,abc_d_fresh_sequence_1000seq_seed2026052601,516,3,0
RoboFlamingo,2026052601,abc_d_fresh_sequence_1000seq_seed2026052601,517,5,1
RoboFlamingo,2026052601,abc_d_fresh_sequence_1000seq_seed2026052601,518,2,0
RoboFlamingo,2026052601,abc_d_fresh_sequence_1000seq_seed2026052601,519,5,1
RoboFlamingo,2026052601,abc_d_fresh_sequence_1000seq_seed2026052601,520,0,0
RoboFlamingo,2026052601,abc_d_fresh_sequence_1000seq_seed2026052601,521,1,0
RoboFlamingo,2026052601,abc_d_fresh_sequence_1000seq_seed2026052601,522,3,0
RoboFlamingo,2026052601,abc_d_fresh_sequence_1000seq_seed2026052601,523,3,0
RoboFlamingo,2026052601,abc_d_fresh_sequence_1000seq_seed2026052601,524,1,0
RoboFlamingo,2026052601,abc_d_fresh_sequence_1000seq_seed2026052601,525,1,0
RoboFlamingo,2026052601,abc_d_fresh_sequence_1000seq_seed2026052601,526,1,0
RoboFlamingo,2026052601,abc_d_fresh_sequence_1000seq_seed2026052601,527,0,0
RoboFlamingo,2026052601,abc_d_fresh_sequence_1000seq_seed2026052601,528,1,0
RoboFlamingo,2026052601,abc_d_fresh_sequence_1000seq_seed2026052601,529,2,0
RoboFlamingo,2026052601,abc_d_fresh_sequence_1000seq_seed2026052601,530,1,0
RoboFlamingo,2026052601,abc_d_fresh_sequence_1000seq_seed2026052601,531,5,1
RoboFlamingo,2026052601,abc_d_fresh_sequence_1000seq_seed2026052601,532,2,0
RoboFlamingo,2026052601,abc_d_fresh_sequence_1000seq_seed2026052601,533,0,0
RoboFlamingo,2026052601,abc_d_fresh_sequence_1000seq_seed2026052601,534,2,0
RoboFlamingo,2026052601,abc_d_fresh_sequence_1000seq_seed2026052601,535,5,1
RoboFlamingo,2026052601,abc_d_fresh_sequence_1000seq_seed2026052601,536,4,0
RoboFlamingo,2026052601,abc_d_fresh_sequence_1000seq_seed2026052601,537,2,0
RoboFlamingo,2026052601,abc_d_fresh_sequence_1000seq_seed2026052601,538,5,1
RoboFlamingo,2026052601,abc_d_fresh_sequence_1000seq_seed2026052601,539,1,0
RoboFlamingo,2026052601,abc_d_fresh_sequence_1000seq_seed2026052601,540,5,1
RoboFlamingo,2026052601,abc_d_fresh_sequence_1000seq_seed2026052601,541,2,0
RoboFlamingo,2026052601,abc_d_fresh_sequence_1000seq_seed2026052601,542,3,0
RoboFlamingo,2026052601,abc_d_fresh_sequence_1000seq_seed2026052601,543,3,0
RoboFlamingo,2026052601,abc_d_fresh_sequence_1000seq_seed2026052601,544,5,1
RoboFlamingo,2026052601,abc_d_fresh_sequence_1000seq_seed2026052601,545,2,0
RoboFlamingo,2026052601,abc_d_fresh_sequence_1000seq_seed2026052601,546,0,0
RoboFlamingo,2026052601,abc_d_fresh_sequence_1000seq_seed2026052601,547,2,0
RoboFlamingo,2026052601,abc_d_fresh_sequence_1000seq_seed2026052601,548,4,0
RoboFlamingo,2026052601,abc_d_fresh_sequence_1000seq_seed2026052601,549,1,0
RoboFlamingo,2026052601,abc_d_fresh_sequence_1000seq_seed2026052601,550,1,0
RoboFlamingo,2026052601,abc_d_fresh_sequence_1000seq_seed2026052601,551,5,1
RoboFlamingo,2026052601,abc_d_fresh_sequence_1000seq_seed2026052601,552,1,0
RoboFlamingo,2026052601,abc_d_fresh_sequence_1000seq_seed2026052601,553,2,0
RoboFlamingo,2026052601,abc_d_fresh_sequence_1000seq_seed2026052601,554,2,0
RoboFlamingo,2026052601,abc_d_fresh_sequence_1000seq_seed2026052601,555,3,0
RoboFlamingo,2026052601,abc_d_fresh_sequence_1000seq_seed2026052601,556,5,1
RoboFlamingo,2026052601,abc_d_fresh_sequence_1000seq_seed2026052601,557,5,1
RoboFlamingo,2026052601,abc_d_fresh_sequence_1000seq_seed2026052601,558,1,0
RoboFlamingo,2026052601,abc_d_fresh_sequence_1000seq_seed2026052601,559,4,0
RoboFlamingo,2026052601,abc_d_fresh_sequence_1000seq_seed2026052601,560,0,0
RoboFlamingo,2026052601,abc_d_fresh_sequence_1000seq_seed2026052601,561,1,0
RoboFlamingo,2026052601,abc_d_fresh_sequence_1000seq_seed2026052601,562,0,0
RoboFlamingo,2026052601,abc_d_fresh_sequence_1000seq_seed2026052601,563,0,0
RoboFlamingo,2026052601,abc_d_fresh_sequence_1000seq_seed2026052601,564,3,0
RoboFlamingo,2026052601,abc_d_fresh_sequence_1000seq_seed2026052601,565,2,0
RoboFlamingo,2026052601,abc_d_fresh_sequence_1000seq_seed2026052601,566,3,0
RoboFlamingo,2026052601,abc_d_fresh_sequence_1000seq_seed2026052601,567,1,0
RoboFlamingo,2026052601,abc_d_fresh_sequence_1000seq_seed2026052601,568,2,0
RoboFlamingo,2026052601,abc_d_fresh_sequence_1000seq_seed2026052601,569,2,0
RoboFlamingo,2026052601,abc_d_fresh_sequence_1000seq_seed2026052601,570,5,1
RoboFlamingo,2026052601,abc_d_fresh_sequence_1000seq_seed2026052601,571,3,0
RoboFlamingo,2026052601,abc_d_fresh_sequence_1000seq_seed2026052601,572,1,0
RoboFlamingo,2026052601,abc_d_fresh_sequence_1000seq_seed2026052601,573,5,1
RoboFlamingo,2026052601,abc_d_fresh_sequence_1000seq_seed2026052601,574,5,1
RoboFlamingo,2026052601,abc_d_fresh_sequence_1000seq_seed2026052601,575,5,1
RoboFlamingo,2026052601,abc_d_fresh_sequence_1000seq_seed2026052601,576,1,0
RoboFlamingo,2026052601,abc_d_fresh_sequence_1000seq_seed2026052601,577,3,0
RoboFlamingo,2026052601,abc_d_fresh_sequence_1000seq_seed2026052601,578,5,1
RoboFlamingo,2026052601,abc_d_fresh_sequence_1000seq_seed2026052601,579,0,0
RoboFlamingo,2026052601,abc_d_fresh_sequence_1000seq_seed2026052601,580,3,0
RoboFlamingo,2026052601,abc_d_fresh_sequence_1000seq_seed2026052601,581,1,0
RoboFlamingo,2026052601,abc_d_fresh_sequence_1000seq_seed2026052601,582,0,0
RoboFlamingo,2026052601,abc_d_fresh_sequence_1000seq_seed2026052601,583,0,0
RoboFlamingo,2026052601,abc_d_fresh_sequence_1000seq_seed2026052601,584,5,1
RoboFlamingo,2026052601,abc_d_fresh_sequence_1000seq_seed2026052601,585,3,0
RoboFlamingo,2026052601,abc_d_fresh_sequence_1000seq_seed2026052601,586,1,0
RoboFlamingo,2026052601,abc_d_fresh_sequence_1000seq_seed2026052601,587,5,1
RoboFlamingo,2026052601,abc_d_fresh_sequence_1000seq_seed2026052601,588,5,1
RoboFlamingo,2026052601,abc_d_fresh_sequence_1000seq_seed2026052601,589,1,0
RoboFlamingo,2026052601,abc_d_fresh_sequence_1000seq_seed2026052601,590,0,0
RoboFlamingo,2026052601,abc_d_fresh_sequence_1000seq_seed2026052601,591,5,1
RoboFlamingo,2026052601,abc_d_fresh_sequence_1000seq_seed2026052601,592,0,0
RoboFlamingo,2026052601,abc_d_fresh_sequence_1000seq_seed2026052601,593,0,0
RoboFlamingo,2026052601,abc_d_fresh_sequence_1000seq_seed2026052601,594,3,0
RoboFlamingo,2026052601,abc_d_fresh_sequence_1000seq_seed2026052601,595,2,0
RoboFlamingo,2026052601,abc_d_fresh_sequence_1000seq_seed2026052601,596,0,0
RoboFlamingo,2026052601,abc_d_fresh_sequence_1000seq_seed2026052601,597,5,1
RoboFlamingo,2026052601,abc_d_fresh_sequence_1000seq_seed2026052601,598,1,0
RoboFlamingo,2026052601,abc_d_fresh_sequence_1000seq_seed2026052601,599,5,1
RoboFlamingo,2026052601,abc_d_fresh_sequence_1000seq_seed2026052601,600,5,1
RoboFlamingo,2026052601,abc_d_fresh_sequence_1000seq_seed2026052601,601,1,0
RoboFlamingo,2026052601,abc_d_fresh_sequence_1000seq_seed2026052601,602,1,0
RoboFlamingo,2026052601,abc_d_fresh_sequence_1000seq_seed2026052601,603,3,0
RoboFlamingo,2026052601,abc_d_fresh_sequence_1000seq_seed2026052601,604,0,0
RoboFlamingo,2026052601,abc_d_fresh_sequence_1000seq_seed2026052601,605,0,0
RoboFlamingo,2026052601,abc_d_fresh_sequence_1000seq_seed2026052601,606,0,0
RoboFlamingo,2026052601,abc_d_fresh_sequence_1000seq_seed2026052601,607,1,0
RoboFlamingo,2026052601,abc_d_fresh_sequence_1000seq_seed2026052601,608,1,0
RoboFlamingo,2026052601,abc_d_fresh_sequence_1000seq_seed2026052601,609,1,0
RoboFlamingo,2026052601,abc_d_fresh_sequence_1000seq_seed2026052601,610,3,0
RoboFlamingo,2026052601,abc_d_fresh_sequence_1000seq_seed2026052601,611,5,1
RoboFlamingo,2026052601,abc_d_fresh_sequence_1000seq_seed2026052601,612,1,0
RoboFlamingo,2026052601,abc_d_fresh_sequence_1000seq_seed2026052601,613,1,0
RoboFlamingo,2026052601,abc_d_fresh_sequence_1000seq_seed2026052601,614,0,0
RoboFlamingo,2026052601,abc_d_fresh_sequence_1000seq_seed2026052601,615,5,1
RoboFlamingo,2026052601,abc_d_fresh_sequence_1000seq_seed2026052601,616,3,0
RoboFlamingo,2026052601,abc_d_fresh_sequence_1000seq_seed2026052601,617,0,0
RoboFlamingo,2026052601,abc_d_fresh_sequence_1000seq_seed2026052601,618,4,0
RoboFlamingo,2026052601,abc_d_fresh_sequence_1000seq_seed2026052601,619,4,0
RoboFlamingo,2026052601,abc_d_fresh_sequence_1000seq_seed2026052601,620,3,0
RoboFlamingo,2026052601,abc_d_fresh_sequence_1000seq_seed2026052601,621,0,0
RoboFlamingo,2026052601,abc_d_fresh_sequence_1000seq_seed2026052601,622,3,0
RoboFlamingo,2026052601,abc_d_fresh_sequence_1000seq_seed2026052601,623,3,0
RoboFlamingo,2026052601,abc_d_fresh_sequence_1000seq_seed2026052601,624,0,0
RoboFlamingo,2026052601,abc_d_fresh_sequence_1000seq_seed2026052601,625,2,0
RoboFlamingo,2026052601,abc_d_fresh_sequence_1000seq_seed2026052601,626,4,0
RoboFlamingo,2026052601,abc_d_fresh_sequence_1000seq_seed2026052601,627,0,0
RoboFlamingo,2026052601,abc_d_fresh_sequence_1000seq_seed2026052601,628,5,1
RoboFlamingo,2026052601,abc_d_fresh_sequence_1000seq_seed2026052601,629,2,0
RoboFlamingo,2026052601,abc_d_fresh_sequence_1000seq_seed2026052601,630,1,0
RoboFlamingo,2026052601,abc_d_fresh_sequence_1000seq_seed2026052601,631,5,1
RoboFlamingo,2026052601,abc_d_fresh_sequence_1000seq_seed2026052601,632,4,0
RoboFlamingo,2026052601,abc_d_fresh_sequence_1000seq_seed2026052601,633,0,0
RoboFlamingo,2026052601,abc_d_fresh_sequence_1000seq_seed2026052601,634,5,1
RoboFlamingo,2026052601,abc_d_fresh_sequence_1000seq_seed2026052601,635,0,0
RoboFlamingo,2026052601,abc_d_fresh_sequence_1000seq_seed2026052601,636,0,0
RoboFlamingo,2026052601,abc_d_fresh_sequence_1000seq_seed2026052601,637,0,0
RoboFlamingo,2026052601,abc_d_fresh_sequence_1000seq_seed2026052601,638,5,1
RoboFlamingo,2026052601,abc_d_fresh_sequence_1000seq_seed2026052601,639,1,0
RoboFlamingo,2026052601,abc_d_fresh_sequence_1000seq_seed2026052601,640,0,0
RoboFlamingo,2026052601,abc_d_fresh_sequence_1000seq_seed2026052601,641,5,1
RoboFlamingo,2026052601,abc_d_fresh_sequence_1000seq_seed2026052601,642,4,0
RoboFlamingo,2026052601,abc_d_fresh_sequence_1000seq_seed2026052601,643,2,0
RoboFlamingo,2026052601,abc_d_fresh_sequence_1000seq_seed2026052601,644,2,0
RoboFlamingo,2026052601,abc_d_fresh_sequence_1000seq_seed2026052601,645,5,1
RoboFlamingo,2026052601,abc_d_fresh_sequence_1000seq_seed2026052601,646,3,0
RoboFlamingo,2026052601,abc_d_fresh_sequence_1000seq_seed2026052601,647,1,0
RoboFlamingo,2026052601,abc_d_fresh_sequence_1000seq_seed2026052601,648,4,0
RoboFlamingo,2026052601,abc_d_fresh_sequence_1000seq_seed2026052601,649,1,0
RoboFlamingo,2026052601,abc_d_fresh_sequence_1000seq_seed2026052601,650,5,1
RoboFlamingo,2026052601,abc_d_fresh_sequence_1000seq_seed2026052601,651,5,1
RoboFlamingo,2026052601,abc_d_fresh_sequence_1000seq_seed2026052601,652,1,0
RoboFlamingo,2026052601,abc_d_fresh_sequence_1000seq_seed2026052601,653,4,0
RoboFlamingo,2026052601,abc_d_fresh_sequence_1000seq_seed2026052601,654,1,0
RoboFlamingo,2026052601,abc_d_fresh_sequence_1000seq_seed2026052601,655,2,0
RoboFlamingo,2026052601,abc_d_fresh_sequence_1000seq_seed2026052601,656,2,0
RoboFlamingo,2026052601,abc_d_fresh_sequence_1000seq_seed2026052601,657,3,0
RoboFlamingo,2026052601,abc_d_fresh_sequence_1000seq_seed2026052601,658,4,0
RoboFlamingo,2026052601,abc_d_fresh_sequence_1000seq_seed2026052601,659,4,0
RoboFlamingo,2026052601,abc_d_fresh_sequence_1000seq_seed2026052601,660,5,1
RoboFlamingo,2026052601,abc_d_fresh_sequence_1000seq_seed2026052601,661,3,0
RoboFlamingo,2026052601,abc_d_fresh_sequence_1000seq_seed2026052601,662,5,1
RoboFlamingo,2026052601,abc_d_fresh_sequence_1000seq_seed2026052601,663,0,0
RoboFlamingo,2026052601,abc_d_fresh_sequence_1000seq_seed2026052601,664,0,0
RoboFlamingo,2026052601,abc_d_fresh_sequence_1000seq_seed2026052601,665,0,0
RoboFlamingo,2026052601,abc_d_fresh_sequence_1000seq_seed2026052601,666,4,0
RoboFlamingo,2026052601,abc_d_fresh_sequence_1000seq_seed2026052601,667,1,0
RoboFlamingo,2026052601,abc_d_fresh_sequence_1000seq_seed2026052601,668,5,1
RoboFlamingo,2026052601,abc_d_fresh_sequence_1000seq_seed2026052601,669,2,0
RoboFlamingo,2026052601,abc_d_fresh_sequence_1000seq_seed2026052601,670,3,0
RoboFlamingo,2026052601,abc_d_fresh_sequence_1000seq_seed2026052601,671,0,0
RoboFlamingo,2026052601,abc_d_fresh_sequence_1000seq_seed2026052601,672,5,1
RoboFlamingo,2026052601,abc_d_fresh_sequence_1000seq_seed2026052601,673,2,0
RoboFlamingo,2026052601,abc_d_fresh_sequence_1000seq_seed2026052601,674,0,0
RoboFlamingo,2026052601,abc_d_fresh_sequence_1000seq_seed2026052601,675,1,0
RoboFlamingo,2026052601,abc_d_fresh_sequence_1000seq_seed2026052601,676,2,0
RoboFlamingo,2026052601,abc_d_fresh_sequence_1000seq_seed2026052601,677,5,1
RoboFlamingo,2026052601,abc_d_fresh_sequence_1000seq_seed2026052601,678,1,0
RoboFlamingo,2026052601,abc_d_fresh_sequence_1000seq_seed2026052601,679,3,0
RoboFlamingo,2026052601,abc_d_fresh_sequence_1000seq_seed2026052601,680,1,0
RoboFlamingo,2026052601,abc_d_fresh_sequence_1000seq_seed2026052601,681,0,0
RoboFlamingo,2026052601,abc_d_fresh_sequence_1000seq_seed2026052601,682,5,1
RoboFlamingo,2026052601,abc_d_fresh_sequence_1000seq_seed2026052601,683,5,1
RoboFlamingo,2026052601,abc_d_fresh_sequence_1000seq_seed2026052601,684,5,1
RoboFlamingo,2026052601,abc_d_fresh_sequence_1000seq_seed2026052601,685,1,0
RoboFlamingo,2026052601,abc_d_fresh_sequence_1000seq_seed2026052601,686,2,0
RoboFlamingo,2026052601,abc_d_fresh_sequence_1000seq_seed2026052601,687,5,1
RoboFlamingo,2026052601,abc_d_fresh_sequence_1000seq_seed2026052601,688,1,0
RoboFlamingo,2026052601,abc_d_fresh_sequence_1000seq_seed2026052601,689,2,0
RoboFlamingo,2026052601,abc_d_fresh_sequence_1000seq_seed2026052601,690,1,0
RoboFlamingo,2026052601,abc_d_fresh_sequence_1000seq_seed2026052601,691,5,1
RoboFlamingo,2026052601,abc_d_fresh_sequence_1000seq_seed2026052601,692,1,0
RoboFlamingo,2026052601,abc_d_fresh_sequence_1000seq_seed2026052601,693,3,0
RoboFlamingo,2026052601,abc_d_fresh_sequence_1000seq_seed2026052601,694,1,0
RoboFlamingo,2026052601,abc_d_fresh_sequence_1000seq_seed2026052601,695,5,1
RoboFlamingo,2026052601,abc_d_fresh_sequence_1000seq_seed2026052601,696,0,0
RoboFlamingo,2026052601,abc_d_fresh_sequence_1000seq_seed2026052601,697,5,1
RoboFlamingo,2026052601,abc_d_fresh_sequence_1000seq_seed2026052601,698,5,1
RoboFlamingo,2026052601,abc_d_fresh_sequence_1000seq_seed2026052601,699,0,0
RoboFlamingo,2026052601,abc_d_fresh_sequence_1000seq_seed2026052601,700,0,0
RoboFlamingo,2026052601,abc_d_fresh_sequence_1000seq_seed2026052601,701,0,0
RoboFlamingo,2026052601,abc_d_fresh_sequence_1000seq_seed2026052601,702,1,0
RoboFlamingo,2026052601,abc_d_fresh_sequence_1000seq_seed2026052601,703,2,0
RoboFlamingo,2026052601,abc_d_fresh_sequence_1000seq_seed2026052601,704,5,1
RoboFlamingo,2026052601,abc_d_fresh_sequence_1000seq_seed2026052601,705,1,0
RoboFlamingo,2026052601,abc_d_fresh_sequence_1000seq_seed2026052601,706,0,0
RoboFlamingo,2026052601,abc_d_fresh_sequence_1000seq_seed2026052601,707,5,1
RoboFlamingo,2026052601,abc_d_fresh_sequence_1000seq_seed2026052601,708,3,0
RoboFlamingo,2026052601,abc_d_fresh_sequence_1000seq_seed2026052601,709,5,1
RoboFlamingo,2026052601,abc_d_fresh_sequence_1000seq_seed2026052601,710,1,0
RoboFlamingo,2026052601,abc_d_fresh_sequence_1000seq_seed2026052601,711,5,1
RoboFlamingo,2026052601,abc_d_fresh_sequence_1000seq_seed2026052601,712,3,0
RoboFlamingo,2026052601,abc_d_fresh_sequence_1000seq_seed2026052601,713,0,0
RoboFlamingo,2026052601,abc_d_fresh_sequence_1000seq_seed2026052601,714,3,0
RoboFlamingo,2026052601,abc_d_fresh_sequence_1000seq_seed2026052601,715,5,1
RoboFlamingo,2026052601,abc_d_fresh_sequence_1000seq_seed2026052601,716,1,0
RoboFlamingo,2026052601,abc_d_fresh_sequence_1000seq_seed2026052601,717,2,0
RoboFlamingo,2026052601,abc_d_fresh_sequence_1000seq_seed2026052601,718,0,0
RoboFlamingo,2026052601,abc_d_fresh_sequence_1000seq_seed2026052601,719,3,0
RoboFlamingo,2026052601,abc_d_fresh_sequence_1000seq_seed2026052601,720,5,1
RoboFlamingo,2026052601,abc_d_fresh_sequence_1000seq_seed2026052601,721,1,0
RoboFlamingo,2026052601,abc_d_fresh_sequence_1000seq_seed2026052601,722,3,0
RoboFlamingo,2026052601,abc_d_fresh_sequence_1000seq_seed2026052601,723,2,0
RoboFlamingo,2026052601,abc_d_fresh_sequence_1000seq_seed2026052601,724,2,0
RoboFlamingo,2026052601,abc_d_fresh_sequence_1000seq_seed2026052601,725,2,0
RoboFlamingo,2026052601,abc_d_fresh_sequence_1000seq_seed2026052601,726,3,0
RoboFlamingo,2026052601,abc_d_fresh_sequence_1000seq_seed2026052601,727,5,1
RoboFlamingo,2026052601,abc_d_fresh_sequence_1000seq_seed2026052601,728,1,0
RoboFlamingo,2026052601,abc_d_fresh_sequence_1000seq_seed2026052601,729,4,0
RoboFlamingo,2026052601,abc_d_fresh_sequence_1000seq_seed2026052601,730,1,0
RoboFlamingo,2026052601,abc_d_fresh_sequence_1000seq_seed2026052601,731,3,0
RoboFlamingo,2026052601,abc_d_fresh_sequence_1000seq_seed2026052601,732,2,0
RoboFlamingo,2026052601,abc_d_fresh_sequence_1000seq_seed2026052601,733,4,0
RoboFlamingo,2026052601,abc_d_fresh_sequence_1000seq_seed2026052601,734,3,0
RoboFlamingo,2026052601,abc_d_fresh_sequence_1000seq_seed2026052601,735,4,0
RoboFlamingo,2026052601,abc_d_fresh_sequence_1000seq_seed2026052601,736,5,1
RoboFlamingo,2026052601,abc_d_fresh_sequence_1000seq_seed2026052601,737,1,0
RoboFlamingo,2026052601,abc_d_fresh_sequence_1000seq_seed2026052601,738,5,1
RoboFlamingo,2026052601,abc_d_fresh_sequence_1000seq_seed2026052601,739,1,0
RoboFlamingo,2026052601,abc_d_fresh_sequence_1000seq_seed2026052601,740,5,1
RoboFlamingo,2026052601,abc_d_fresh_sequence_1000seq_seed2026052601,741,5,1
RoboFlamingo,2026052601,abc_d_fresh_sequence_1000seq_seed2026052601,742,5,1
RoboFlamingo,2026052601,abc_d_fresh_sequence_1000seq_seed2026052601,743,3,0
RoboFlamingo,2026052601,abc_d_fresh_sequence_1000seq_seed2026052601,744,5,1
RoboFlamingo,2026052601,abc_d_fresh_sequence_1000seq_seed2026052601,745,1,0
RoboFlamingo,2026052601,abc_d_fresh_sequence_1000seq_seed2026052601,746,4,0
RoboFlamingo,2026052601,abc_d_fresh_sequence_1000seq_seed2026052601,747,3,0
RoboFlamingo,2026052601,abc_d_fresh_sequence_1000seq_seed2026052601,748,5,1
RoboFlamingo,2026052601,abc_d_fresh_sequence_1000seq_seed2026052601,749,4,0
RoboFlamingo,2026052601,abc_d_fresh_sequence_1000seq_seed2026052601,750,1,0
RoboFlamingo,2026052601,abc_d_fresh_sequence_1000seq_seed2026052601,751,5,1
RoboFlamingo,2026052601,abc_d_fresh_sequence_1000seq_seed2026052601,752,5,1
RoboFlamingo,2026052601,abc_d_fresh_sequence_1000seq_seed2026052601,753,5,1
RoboFlamingo,2026052601,abc_d_fresh_sequence_1000seq_seed2026052601,754,3,0
RoboFlamingo,2026052601,abc_d_fresh_sequence_1000seq_seed2026052601,755,0,0
RoboFlamingo,2026052601,abc_d_fresh_sequence_1000seq_seed2026052601,756,2,0
RoboFlamingo,2026052601,abc_d_fresh_sequence_1000seq_seed2026052601,757,1,0
RoboFlamingo,2026052601,abc_d_fresh_sequence_1000seq_seed2026052601,758,5,1
RoboFlamingo,2026052601,abc_d_fresh_sequence_1000seq_seed2026052601,759,4,0
RoboFlamingo,2026052601,abc_d_fresh_sequence_1000seq_seed2026052601,760,5,1
RoboFlamingo,2026052601,abc_d_fresh_sequence_1000seq_seed2026052601,761,4,0
RoboFlamingo,2026052601,abc_d_fresh_sequence_1000seq_seed2026052601,762,4,0
RoboFlamingo,2026052601,abc_d_fresh_sequence_1000seq_seed2026052601,763,1,0
RoboFlamingo,2026052601,abc_d_fresh_sequence_1000seq_seed2026052601,764,2,0
RoboFlamingo,2026052601,abc_d_fresh_sequence_1000seq_seed2026052601,765,5,1
RoboFlamingo,2026052601,abc_d_fresh_sequence_1000seq_seed2026052601,766,3,0
RoboFlamingo,2026052601,abc_d_fresh_sequence_1000seq_seed2026052601,767,2,0
RoboFlamingo,2026052601,abc_d_fresh_sequence_1000seq_seed2026052601,768,1,0
RoboFlamingo,2026052601,abc_d_fresh_sequence_1000seq_seed2026052601,769,0,0
RoboFlamingo,2026052601,abc_d_fresh_sequence_1000seq_seed2026052601,770,5,1
RoboFlamingo,2026052601,abc_d_fresh_sequence_1000seq_seed2026052601,771,2,0
RoboFlamingo,2026052601,abc_d_fresh_sequence_1000seq_seed2026052601,772,1,0
RoboFlamingo,2026052601,abc_d_fresh_sequence_1000seq_seed2026052601,773,2,0
RoboFlamingo,2026052601,abc_d_fresh_sequence_1000seq_seed2026052601,774,0,0
RoboFlamingo,2026052601,abc_d_fresh_sequence_1000seq_seed2026052601,775,1,0
RoboFlamingo,2026052601,abc_d_fresh_sequence_1000seq_seed2026052601,776,1,0
RoboFlamingo,2026052601,abc_d_fresh_sequence_1000seq_seed2026052601,777,5,1
RoboFlamingo,2026052601,abc_d_fresh_sequence_1000seq_seed2026052601,778,2,0
RoboFlamingo,2026052601,abc_d_fresh_sequence_1000seq_seed2026052601,779,1,0
RoboFlamingo,2026052601,abc_d_fresh_sequence_1000seq_seed2026052601,780,2,0
RoboFlamingo,2026052601,abc_d_fresh_sequence_1000seq_seed2026052601,781,0,0
RoboFlamingo,2026052601,abc_d_fresh_sequence_1000seq_seed2026052601,782,3,0
RoboFlamingo,2026052601,abc_d_fresh_sequence_1000seq_seed2026052601,783,4,0
RoboFlamingo,2026052601,abc_d_fresh_sequence_1000seq_seed2026052601,784,0,0
RoboFlamingo,2026052601,abc_d_fresh_sequence_1000seq_seed2026052601,785,1,0
RoboFlamingo,2026052601,abc_d_fresh_sequence_1000seq_seed2026052601,786,4,0
RoboFlamingo,2026052601,abc_d_fresh_sequence_1000seq_seed2026052601,787,0,0
RoboFlamingo,2026052601,abc_d_fresh_sequence_1000seq_seed2026052601,788,5,1
RoboFlamingo,2026052601,abc_d_fresh_sequence_1000seq_seed2026052601,789,2,0
RoboFlamingo,2026052601,abc_d_fresh_sequence_1000seq_seed2026052601,790,5,1
RoboFlamingo,2026052601,abc_d_fresh_sequence_1000seq_seed2026052601,791,0,0
RoboFlamingo,2026052601,abc_d_fresh_sequence_1000seq_seed2026052601,792,3,0
RoboFlamingo,2026052601,abc_d_fresh_sequence_1000seq_seed2026052601,793,1,0
RoboFlamingo,2026052601,abc_d_fresh_sequence_1000seq_seed2026052601,794,1,0
RoboFlamingo,2026052601,abc_d_fresh_sequence_1000seq_seed2026052601,795,0,0
RoboFlamingo,2026052601,abc_d_fresh_sequence_1000seq_seed2026052601,796,1,0
RoboFlamingo,2026052601,abc_d_fresh_sequence_1000seq_seed2026052601,797,1,0
RoboFlamingo,2026052601,abc_d_fresh_sequence_1000seq_seed2026052601,798,3,0
RoboFlamingo,2026052601,abc_d_fresh_sequence_1000seq_seed2026052601,799,4,0
RoboFlamingo,2026052601,abc_d_fresh_sequence_1000seq_seed2026052601,800,3,0
RoboFlamingo,2026052601,abc_d_fresh_sequence_1000seq_seed2026052601,801,3,0
RoboFlamingo,2026052601,abc_d_fresh_sequence_1000seq_seed2026052601,802,5,1
RoboFlamingo,2026052601,abc_d_fresh_sequence_1000seq_seed2026052601,803,4,0
RoboFlamingo,2026052601,abc_d_fresh_sequence_1000seq_seed2026052601,804,1,0
RoboFlamingo,2026052601,abc_d_fresh_sequence_1000seq_seed2026052601,805,3,0
RoboFlamingo,2026052601,abc_d_fresh_sequence_1000seq_seed2026052601,806,1,0
RoboFlamingo,2026052601,abc_d_fresh_sequence_1000seq_seed2026052601,807,0,0
RoboFlamingo,2026052601,abc_d_fresh_sequence_1000seq_seed2026052601,808,5,1
RoboFlamingo,2026052601,abc_d_fresh_sequence_1000seq_seed2026052601,809,2,0
RoboFlamingo,2026052601,abc_d_fresh_sequence_1000seq_seed2026052601,810,2,0
RoboFlamingo,2026052601,abc_d_fresh_sequence_1000seq_seed2026052601,811,0,0
RoboFlamingo,2026052601,abc_d_fresh_sequence_1000seq_seed2026052601,812,0,0
RoboFlamingo,2026052601,abc_d_fresh_sequence_1000seq_seed2026052601,813,1,0
RoboFlamingo,2026052601,abc_d_fresh_sequence_1000seq_seed2026052601,814,1,0
RoboFlamingo,2026052601,abc_d_fresh_sequence_1000seq_seed2026052601,815,3,0
RoboFlamingo,2026052601,abc_d_fresh_sequence_1000seq_seed2026052601,816,3,0
RoboFlamingo,2026052601,abc_d_fresh_sequence_1000seq_seed2026052601,817,1,0
RoboFlamingo,2026052601,abc_d_fresh_sequence_1000seq_seed2026052601,818,4,0
RoboFlamingo,2026052601,abc_d_fresh_sequence_1000seq_seed2026052601,819,5,1
RoboFlamingo,2026052601,abc_d_fresh_sequence_1000seq_seed2026052601,820,1,0
RoboFlamingo,2026052601,abc_d_fresh_sequence_1000seq_seed2026052601,821,1,0
RoboFlamingo,2026052601,abc_d_fresh_sequence_1000seq_seed2026052601,822,5,1
RoboFlamingo,2026052601,abc_d_fresh_sequence_1000seq_seed2026052601,823,4,0
RoboFlamingo,2026052601,abc_d_fresh_sequence_1000seq_seed2026052601,824,1,0
RoboFlamingo,2026052601,abc_d_fresh_sequence_1000seq_seed2026052601,825,2,0
RoboFlamingo,2026052601,abc_d_fresh_sequence_1000seq_seed2026052601,826,2,0
RoboFlamingo,2026052601,abc_d_fresh_sequence_1000seq_seed2026052601,827,3,0
RoboFlamingo,2026052601,abc_d_fresh_sequence_1000seq_seed2026052601,828,0,0
RoboFlamingo,2026052601,abc_d_fresh_sequence_1000seq_seed2026052601,829,5,1
RoboFlamingo,2026052601,abc_d_fresh_sequence_1000seq_seed2026052601,830,4,0
RoboFlamingo,2026052601,abc_d_fresh_sequence_1000seq_seed2026052601,831,1,0
RoboFlamingo,2026052601,abc_d_fresh_sequence_1000seq_seed2026052601,832,3,0
RoboFlamingo,2026052601,abc_d_fresh_sequence_1000seq_seed2026052601,833,0,0
RoboFlamingo,2026052601,abc_d_fresh_sequence_1000seq_seed2026052601,834,1,0
RoboFlamingo,2026052601,abc_d_fresh_sequence_1000seq_seed2026052601,835,1,0
RoboFlamingo,2026052601,abc_d_fresh_sequence_1000seq_seed2026052601,836,1,0
RoboFlamingo,2026052601,abc_d_fresh_sequence_1000seq_seed2026052601,837,2,0
RoboFlamingo,2026052601,abc_d_fresh_sequence_1000seq_seed2026052601,838,4,0
RoboFlamingo,2026052601,abc_d_fresh_sequence_1000seq_seed2026052601,839,2,0
RoboFlamingo,2026052601,abc_d_fresh_sequence_1000seq_seed2026052601,840,0,0
RoboFlamingo,2026052601,abc_d_fresh_sequence_1000seq_seed2026052601,841,1,0
RoboFlamingo,2026052601,abc_d_fresh_sequence_1000seq_seed2026052601,842,1,0
RoboFlamingo,2026052601,abc_d_fresh_sequence_1000seq_seed2026052601,843,3,0
RoboFlamingo,2026052601,abc_d_fresh_sequence_1000seq_seed2026052601,844,5,1
RoboFlamingo,2026052601,abc_d_fresh_sequence_1000seq_seed2026052601,845,3,0
RoboFlamingo,2026052601,abc_d_fresh_sequence_1000seq_seed2026052601,846,1,0
RoboFlamingo,2026052601,abc_d_fresh_sequence_1000seq_seed2026052601,847,3,0
RoboFlamingo,2026052601,abc_d_fresh_sequence_1000seq_seed2026052601,848,0,0
RoboFlamingo,2026052601,abc_d_fresh_sequence_1000seq_seed2026052601,849,1,0
RoboFlamingo,2026052601,abc_d_fresh_sequence_1000seq_seed2026052601,850,1,0
RoboFlamingo,2026052601,abc_d_fresh_sequence_1000seq_seed2026052601,851,3,0
RoboFlamingo,2026052601,abc_d_fresh_sequence_1000seq_seed2026052601,852,2,0
RoboFlamingo,2026052601,abc_d_fresh_sequence_1000seq_seed2026052601,853,3,0
RoboFlamingo,2026052601,abc_d_fresh_sequence_1000seq_seed2026052601,854,5,1
RoboFlamingo,2026052601,abc_d_fresh_sequence_1000seq_seed2026052601,855,3,0
RoboFlamingo,2026052601,abc_d_fresh_sequence_1000seq_seed2026052601,856,3,0
RoboFlamingo,2026052601,abc_d_fresh_sequence_1000seq_seed2026052601,857,1,0
RoboFlamingo,2026052601,abc_d_fresh_sequence_1000seq_seed2026052601,858,1,0
RoboFlamingo,2026052601,abc_d_fresh_sequence_1000seq_seed2026052601,859,3,0
RoboFlamingo,2026052601,abc_d_fresh_sequence_1000seq_seed2026052601,860,2,0
RoboFlamingo,2026052601,abc_d_fresh_sequence_1000seq_seed2026052601,861,5,1
RoboFlamingo,2026052601,abc_d_fresh_sequence_1000seq_seed2026052601,862,0,0
RoboFlamingo,2026052601,abc_d_fresh_sequence_1000seq_seed2026052601,863,0,0
RoboFlamingo,2026052601,abc_d_fresh_sequence_1000seq_seed2026052601,864,3,0
RoboFlamingo,2026052601,abc_d_fresh_sequence_1000seq_seed2026052601,865,3,0
RoboFlamingo,2026052601,abc_d_fresh_sequence_1000seq_seed2026052601,866,2,0
RoboFlamingo,2026052601,abc_d_fresh_sequence_1000seq_seed2026052601,867,1,0
RoboFlamingo,2026052601,abc_d_fresh_sequence_1000seq_seed2026052601,868,1,0
RoboFlamingo,2026052601,abc_d_fresh_sequence_1000seq_seed2026052601,869,3,0
RoboFlamingo,2026052601,abc_d_fresh_sequence_1000seq_seed2026052601,870,5,1
RoboFlamingo,2026052601,abc_d_fresh_sequence_1000seq_seed2026052601,871,5,1
RoboFlamingo,2026052601,abc_d_fresh_sequence_1000seq_seed2026052601,872,1,0
RoboFlamingo,2026052601,abc_d_fresh_sequence_1000seq_seed2026052601,873,5,1
RoboFlamingo,2026052601,abc_d_fresh_sequence_1000seq_seed2026052601,874,5,1
RoboFlamingo,2026052601,abc_d_fresh_sequence_1000seq_seed2026052601,875,3,0
RoboFlamingo,2026052601,abc_d_fresh_sequence_1000seq_seed2026052601,876,5,1
RoboFlamingo,2026052601,abc_d_fresh_sequence_1000seq_seed2026052601,877,1,0
RoboFlamingo,2026052601,abc_d_fresh_sequence_1000seq_seed2026052601,878,4,0
RoboFlamingo,2026052601,abc_d_fresh_sequence_1000seq_seed2026052601,879,0,0
RoboFlamingo,2026052601,abc_d_fresh_sequence_1000seq_seed2026052601,880,1,0
RoboFlamingo,2026052601,abc_d_fresh_sequence_1000seq_seed2026052601,881,2,0
RoboFlamingo,2026052601,abc_d_fresh_sequence_1000seq_seed2026052601,882,1,0
RoboFlamingo,2026052601,abc_d_fresh_sequence_1000seq_seed2026052601,883,0,0
RoboFlamingo,2026052601,abc_d_fresh_sequence_1000seq_seed2026052601,884,5,1
RoboFlamingo,2026052601,abc_d_fresh_sequence_1000seq_seed2026052601,885,3,0
RoboFlamingo,2026052601,abc_d_fresh_sequence_1000seq_seed2026052601,886,4,0
RoboFlamingo,2026052601,abc_d_fresh_sequence_1000seq_seed2026052601,887,3,0
RoboFlamingo,2026052601,abc_d_fresh_sequence_1000seq_seed2026052601,888,1,0
RoboFlamingo,2026052601,abc_d_fresh_sequence_1000seq_seed2026052601,889,5,1
RoboFlamingo,2026052601,abc_d_fresh_sequence_1000seq_seed2026052601,890,1,0
RoboFlamingo,2026052601,abc_d_fresh_sequence_1000seq_seed2026052601,891,2,0
RoboFlamingo,2026052601,abc_d_fresh_sequence_1000seq_seed2026052601,892,3,0
RoboFlamingo,2026052601,abc_d_fresh_sequence_1000seq_seed2026052601,893,2,0
RoboFlamingo,2026052601,abc_d_fresh_sequence_1000seq_seed2026052601,894,0,0
RoboFlamingo,2026052601,abc_d_fresh_sequence_1000seq_seed2026052601,895,0,0
RoboFlamingo,2026052601,abc_d_fresh_sequence_1000seq_seed2026052601,896,0,0
RoboFlamingo,2026052601,abc_d_fresh_sequence_1000seq_seed2026052601,897,3,0
RoboFlamingo,2026052601,abc_d_fresh_sequence_1000seq_seed2026052601,898,5,1
RoboFlamingo,2026052601,abc_d_fresh_sequence_1000seq_seed2026052601,899,0,0
RoboFlamingo,2026052601,abc_d_fresh_sequence_1000seq_seed2026052601,900,1,0
RoboFlamingo,2026052601,abc_d_fresh_sequence_1000seq_seed2026052601,901,0,0
RoboFlamingo,2026052601,abc_d_fresh_sequence_1000seq_seed2026052601,902,3,0
RoboFlamingo,2026052601,abc_d_fresh_sequence_1000seq_seed2026052601,903,0,0
RoboFlamingo,2026052601,abc_d_fresh_sequence_1000seq_seed2026052601,904,3,0
RoboFlamingo,2026052601,abc_d_fresh_sequence_1000seq_seed2026052601,905,1,0
RoboFlamingo,2026052601,abc_d_fresh_sequence_1000seq_seed2026052601,906,0,0
RoboFlamingo,2026052601,abc_d_fresh_sequence_1000seq_seed2026052601,907,4,0
RoboFlamingo,2026052601,abc_d_fresh_sequence_1000seq_seed2026052601,908,0,0
RoboFlamingo,2026052601,abc_d_fresh_sequence_1000seq_seed2026052601,909,5,1
RoboFlamingo,2026052601,abc_d_fresh_sequence_1000seq_seed2026052601,910,1,0
RoboFlamingo,2026052601,abc_d_fresh_sequence_1000seq_seed2026052601,911,5,1
RoboFlamingo,2026052601,abc_d_fresh_sequence_1000seq_seed2026052601,912,2,0
RoboFlamingo,2026052601,abc_d_fresh_sequence_1000seq_seed2026052601,913,4,0
RoboFlamingo,2026052601,abc_d_fresh_sequence_1000seq_seed2026052601,914,2,0
RoboFlamingo,2026052601,abc_d_fresh_sequence_1000seq_seed2026052601,915,2,0
RoboFlamingo,2026052601,abc_d_fresh_sequence_1000seq_seed2026052601,916,0,0
RoboFlamingo,2026052601,abc_d_fresh_sequence_1000seq_seed2026052601,917,3,0
RoboFlamingo,2026052601,abc_d_fresh_sequence_1000seq_seed2026052601,918,2,0
RoboFlamingo,2026052601,abc_d_fresh_sequence_1000seq_seed2026052601,919,2,0
RoboFlamingo,2026052601,abc_d_fresh_sequence_1000seq_seed2026052601,920,1,0
RoboFlamingo,2026052601,abc_d_fresh_sequence_1000seq_seed2026052601,921,2,0
RoboFlamingo,2026052601,abc_d_fresh_sequence_1000seq_seed2026052601,922,5,1
RoboFlamingo,2026052601,abc_d_fresh_sequence_1000seq_seed2026052601,923,3,0
RoboFlamingo,2026052601,abc_d_fresh_sequence_1000seq_seed2026052601,924,2,0
RoboFlamingo,2026052601,abc_d_fresh_sequence_1000seq_seed2026052601,925,1,0
RoboFlamingo,2026052601,abc_d_fresh_sequence_1000seq_seed2026052601,926,2,0
RoboFlamingo,2026052601,abc_d_fresh_sequence_1000seq_seed2026052601,927,1,0
RoboFlamingo,2026052601,abc_d_fresh_sequence_1000seq_seed2026052601,928,0,0
RoboFlamingo,2026052601,abc_d_fresh_sequence_1000seq_seed2026052601,929,0,0
RoboFlamingo,2026052601,abc_d_fresh_sequence_1000seq_seed2026052601,930,2,0
RoboFlamingo,2026052601,abc_d_fresh_sequence_1000seq_seed2026052601,931,2,0
RoboFlamingo,2026052601,abc_d_fresh_sequence_1000seq_seed2026052601,932,3,0
RoboFlamingo,2026052601,abc_d_fresh_sequence_1000seq_seed2026052601,933,0,0
RoboFlamingo,2026052601,abc_d_fresh_sequence_1000seq_seed2026052601,934,1,0
RoboFlamingo,2026052601,abc_d_fresh_sequence_1000seq_seed2026052601,935,2,0
RoboFlamingo,2026052601,abc_d_fresh_sequence_1000seq_seed2026052601,936,1,0
RoboFlamingo,2026052601,abc_d_fresh_sequence_1000seq_seed2026052601,937,0,0
RoboFlamingo,2026052601,abc_d_fresh_sequence_1000seq_seed2026052601,938,0,0
RoboFlamingo,2026052601,abc_d_fresh_sequence_1000seq_seed2026052601,939,0,0
RoboFlamingo,2026052601,abc_d_fresh_sequence_1000seq_seed2026052601,940,2,0
RoboFlamingo,2026052601,abc_d_fresh_sequence_1000seq_seed2026052601,941,1,0
RoboFlamingo,2026052601,abc_d_fresh_sequence_1000seq_seed2026052601,942,0,0
RoboFlamingo,2026052601,abc_d_fresh_sequence_1000seq_seed2026052601,943,5,1
RoboFlamingo,2026052601,abc_d_fresh_sequence_1000seq_seed2026052601,944,2,0
RoboFlamingo,2026052601,abc_d_fresh_sequence_1000seq_seed2026052601,945,0,0
RoboFlamingo,2026052601,abc_d_fresh_sequence_1000seq_seed2026052601,946,5,1
RoboFlamingo,2026052601,abc_d_fresh_sequence_1000seq_seed2026052601,947,4,0
RoboFlamingo,2026052601,abc_d_fresh_sequence_1000seq_seed2026052601,948,0,0
RoboFlamingo,2026052601,abc_d_fresh_sequence_1000seq_seed2026052601,949,0,0
RoboFlamingo,2026052601,abc_d_fresh_sequence_1000seq_seed2026052601,950,1,0
RoboFlamingo,2026052601,abc_d_fresh_sequence_1000seq_seed2026052601,951,5,1
RoboFlamingo,2026052601,abc_d_fresh_sequence_1000seq_seed2026052601,952,4,0
RoboFlamingo,2026052601,abc_d_fresh_sequence_1000seq_seed2026052601,953,2,0
RoboFlamingo,2026052601,abc_d_fresh_sequence_1000seq_seed2026052601,954,1,0
RoboFlamingo,2026052601,abc_d_fresh_sequence_1000seq_seed2026052601,955,4,0
RoboFlamingo,2026052601,abc_d_fresh_sequence_1000seq_seed2026052601,956,0,0
RoboFlamingo,2026052601,abc_d_fresh_sequence_1000seq_seed2026052601,957,5,1
RoboFlamingo,2026052601,abc_d_fresh_sequence_1000seq_seed2026052601,958,1,0
RoboFlamingo,2026052601,abc_d_fresh_sequence_1000seq_seed2026052601,959,3,0
RoboFlamingo,2026052601,abc_d_fresh_sequence_1000seq_seed2026052601,960,0,0
RoboFlamingo,2026052601,abc_d_fresh_sequence_1000seq_seed2026052601,961,2,0
RoboFlamingo,2026052601,abc_d_fresh_sequence_1000seq_seed2026052601,962,0,0
RoboFlamingo,2026052601,abc_d_fresh_sequence_1000seq_seed2026052601,963,3,0
RoboFlamingo,2026052601,abc_d_fresh_sequence_1000seq_seed2026052601,964,1,0
RoboFlamingo,2026052601,abc_d_fresh_sequence_1000seq_seed2026052601,965,2,0
RoboFlamingo,2026052601,abc_d_fresh_sequence_1000seq_seed2026052601,966,1,0
RoboFlamingo,2026052601,abc_d_fresh_sequence_1000seq_seed2026052601,967,1,0
RoboFlamingo,2026052601,abc_d_fresh_sequence_1000seq_seed2026052601,968,5,1
RoboFlamingo,2026052601,abc_d_fresh_sequence_1000seq_seed2026052601,969,3,0
RoboFlamingo,2026052601,abc_d_fresh_sequence_1000seq_seed2026052601,970,0,0
RoboFlamingo,2026052601,abc_d_fresh_sequence_1000seq_seed2026052601,971,4,0
RoboFlamingo,2026052601,abc_d_fresh_sequence_1000seq_seed2026052601,972,2,0
RoboFlamingo,2026052601,abc_d_fresh_sequence_1000seq_seed2026052601,973,3,0
RoboFlamingo,2026052601,abc_d_fresh_sequence_1000seq_seed2026052601,974,2,0
RoboFlamingo,2026052601,abc_d_fresh_sequence_1000seq_seed2026052601,975,1,0
RoboFlamingo,2026052601,abc_d_fresh_sequence_1000seq_seed2026052601,976,5,1
RoboFlamingo,2026052601,abc_d_fresh_sequence_1000seq_seed2026052601,977,1,0
RoboFlamingo,2026052601,abc_d_fresh_sequence_1000seq_seed2026052601,978,1,0
RoboFlamingo,2026052601,abc_d_fresh_sequence_1000seq_seed2026052601,979,2,0
RoboFlamingo,2026052601,abc_d_fresh_sequence_1000seq_seed2026052601,980,3,0
RoboFlamingo,2026052601,abc_d_fresh_sequence_1000seq_seed2026052601,981,5,1
RoboFlamingo,2026052601,abc_d_fresh_sequence_1000seq_seed2026052601,982,2,0
RoboFlamingo,2026052601,abc_d_fresh_sequence_1000seq_seed2026052601,983,0,0
RoboFlamingo,2026052601,abc_d_fresh_sequence_1000seq_seed2026052601,984,5,1
RoboFlamingo,2026052601,abc_d_fresh_sequence_1000seq_seed2026052601,985,2,0
RoboFlamingo,2026052601,abc_d_fresh_sequence_1000seq_seed2026052601,986,4,0
RoboFlamingo,2026052601,abc_d_fresh_sequence_1000seq_seed2026052601,987,2,0
RoboFlamingo,2026052601,abc_d_fresh_sequence_1000seq_seed2026052601,988,0,0
RoboFlamingo,2026052601,abc_d_fresh_sequence_1000seq_seed2026052601,989,4,0
RoboFlamingo,2026052601,abc_d_fresh_sequence_1000seq_seed2026052601,990,4,0
RoboFlamingo,2026052601,abc_d_fresh_sequence_1000seq_seed2026052601,991,0,0
RoboFlamingo,2026052601,abc_d_fresh_sequence_1000seq_seed2026052601,992,5,1
RoboFlamingo,2026052601,abc_d_fresh_sequence_1000seq_seed2026052601,993,2,0
RoboFlamingo,2026052601,abc_d_fresh_sequence_1000seq_seed2026052601,994,1,0
RoboFlamingo,2026052601,abc_d_fresh_sequence_1000seq_seed2026052601,995,2,0
RoboFlamingo,2026052601,abc_d_fresh_sequence_1000seq_seed2026052601,996,1,0
RoboFlamingo,2026052601,abc_d_fresh_sequence_1000seq_seed2026052601,997,3,0
RoboFlamingo,2026052601,abc_d_fresh_sequence_1000seq_seed2026052601,998,5,1
RoboFlamingo,2026052601,abc_d_fresh_sequence_1000seq_seed2026052601,999,0,0
RoboFlamingo,2026052602,abc_d_fresh_sequence_1000seq_seed2026052602,0,1,0
RoboFlamingo,2026052602,abc_d_fresh_sequence_1000seq_seed2026052602,1,3,0
RoboFlamingo,2026052602,abc_d_fresh_sequence_1000seq_seed2026052602,2,2,0
RoboFlamingo,2026052602,abc_d_fresh_sequence_1000seq_seed2026052602,3,2,0
RoboFlamingo,2026052602,abc_d_fresh_sequence_1000seq_seed2026052602,4,5,1
RoboFlamingo,2026052602,abc_d_fresh_sequence_1000seq_seed2026052602,5,1,0
RoboFlamingo,2026052602,abc_d_fresh_sequence_1000seq_seed2026052602,6,4,0
RoboFlamingo,2026052602,abc_d_fresh_sequence_1000seq_seed2026052602,7,5,1
RoboFlamingo,2026052602,abc_d_fresh_sequence_1000seq_seed2026052602,8,3,0
RoboFlamingo,2026052602,abc_d_fresh_sequence_1000seq_seed2026052602,9,1,0
RoboFlamingo,2026052602,abc_d_fresh_sequence_1000seq_seed2026052602,10,0,0
RoboFlamingo,2026052602,abc_d_fresh_sequence_1000seq_seed2026052602,11,1,0
RoboFlamingo,2026052602,abc_d_fresh_sequence_1000seq_seed2026052602,12,4,0
RoboFlamingo,2026052602,abc_d_fresh_sequence_1000seq_seed2026052602,13,0,0
RoboFlamingo,2026052602,abc_d_fresh_sequence_1000seq_seed2026052602,14,1,0
RoboFlamingo,2026052602,abc_d_fresh_sequence_1000seq_seed2026052602,15,1,0
RoboFlamingo,2026052602,abc_d_fresh_sequence_1000seq_seed2026052602,16,1,0
RoboFlamingo,2026052602,abc_d_fresh_sequence_1000seq_seed2026052602,17,3,0
RoboFlamingo,2026052602,abc_d_fresh_sequence_1000seq_seed2026052602,18,0,0
RoboFlamingo,2026052602,abc_d_fresh_sequence_1000seq_seed2026052602,19,1,0
RoboFlamingo,2026052602,abc_d_fresh_sequence_1000seq_seed2026052602,20,3,0
RoboFlamingo,2026052602,abc_d_fresh_sequence_1000seq_seed2026052602,21,0,0
RoboFlamingo,2026052602,abc_d_fresh_sequence_1000seq_seed2026052602,22,5,1
RoboFlamingo,2026052602,abc_d_fresh_sequence_1000seq_seed2026052602,23,4,0
RoboFlamingo,2026052602,abc_d_fresh_sequence_1000seq_seed2026052602,24,0,0
RoboFlamingo,2026052602,abc_d_fresh_sequence_1000seq_seed2026052602,25,5,1
RoboFlamingo,2026052602,abc_d_fresh_sequence_1000seq_seed2026052602,26,1,0
RoboFlamingo,2026052602,abc_d_fresh_sequence_1000seq_seed2026052602,27,2,0
RoboFlamingo,2026052602,abc_d_fresh_sequence_1000seq_seed2026052602,28,5,1
RoboFlamingo,2026052602,abc_d_fresh_sequence_1000seq_seed2026052602,29,3,0
RoboFlamingo,2026052602,abc_d_fresh_sequence_1000seq_seed2026052602,30,0,0
RoboFlamingo,2026052602,abc_d_fresh_sequence_1000seq_seed2026052602,31,2,0
RoboFlamingo,2026052602,abc_d_fresh_sequence_1000seq_seed2026052602,32,5,1
RoboFlamingo,2026052602,abc_d_fresh_sequence_1000seq_seed2026052602,33,2,0
RoboFlamingo,2026052602,abc_d_fresh_sequence_1000seq_seed2026052602,34,1,0
RoboFlamingo,2026052602,abc_d_fresh_sequence_1000seq_seed2026052602,35,1,0
RoboFlamingo,2026052602,abc_d_fresh_sequence_1000seq_seed2026052602,36,1,0
RoboFlamingo,2026052602,abc_d_fresh_sequence_1000seq_seed2026052602,37,0,0
RoboFlamingo,2026052602,abc_d_fresh_sequence_1000seq_seed2026052602,38,5,1
RoboFlamingo,2026052602,abc_d_fresh_sequence_1000seq_seed2026052602,39,4,0
RoboFlamingo,2026052602,abc_d_fresh_sequence_1000seq_seed2026052602,40,2,0
RoboFlamingo,2026052602,abc_d_fresh_sequence_1000seq_seed2026052602,41,5,1
RoboFlamingo,2026052602,abc_d_fresh_sequence_1000seq_seed2026052602,42,2,0
RoboFlamingo,2026052602,abc_d_fresh_sequence_1000seq_seed2026052602,43,1,0
RoboFlamingo,2026052602,abc_d_fresh_sequence_1000seq_seed2026052602,44,2,0
RoboFlamingo,2026052602,abc_d_fresh_sequence_1000seq_seed2026052602,45,2,0
RoboFlamingo,2026052602,abc_d_fresh_sequence_1000seq_seed2026052602,46,0,0
RoboFlamingo,2026052602,abc_d_fresh_sequence_1000seq_seed2026052602,47,3,0
RoboFlamingo,2026052602,abc_d_fresh_sequence_1000seq_seed2026052602,48,1,0
RoboFlamingo,2026052602,abc_d_fresh_sequence_1000seq_seed2026052602,49,5,1
RoboFlamingo,2026052602,abc_d_fresh_sequence_1000seq_seed2026052602,50,4,0
RoboFlamingo,2026052602,abc_d_fresh_sequence_1000seq_seed2026052602,51,0,0
RoboFlamingo,2026052602,abc_d_fresh_sequence_1000seq_seed2026052602,52,5,1
RoboFlamingo,2026052602,abc_d_fresh_sequence_1000seq_seed2026052602,53,0,0
RoboFlamingo,2026052602,abc_d_fresh_sequence_1000seq_seed2026052602,54,5,1
RoboFlamingo,2026052602,abc_d_fresh_sequence_1000seq_seed2026052602,55,0,0
RoboFlamingo,2026052602,abc_d_fresh_sequence_1000seq_seed2026052602,56,2,0
RoboFlamingo,2026052602,abc_d_fresh_sequence_1000seq_seed2026052602,57,2,0
RoboFlamingo,2026052602,abc_d_fresh_sequence_1000seq_seed2026052602,58,0,0
RoboFlamingo,2026052602,abc_d_fresh_sequence_1000seq_seed2026052602,59,0,0
RoboFlamingo,2026052602,abc_d_fresh_sequence_1000seq_seed2026052602,60,2,0
RoboFlamingo,2026052602,abc_d_fresh_sequence_1000seq_seed2026052602,61,4,0
RoboFlamingo,2026052602,abc_d_fresh_sequence_1000seq_seed2026052602,62,3,0
RoboFlamingo,2026052602,abc_d_fresh_sequence_1000seq_seed2026052602,63,5,1
RoboFlamingo,2026052602,abc_d_fresh_sequence_1000seq_seed2026052602,64,2,0
RoboFlamingo,2026052602,abc_d_fresh_sequence_1000seq_seed2026052602,65,5,1
RoboFlamingo,2026052602,abc_d_fresh_sequence_1000seq_seed2026052602,66,1,0
RoboFlamingo,2026052602,abc_d_fresh_sequence_1000seq_seed2026052602,67,4,0
RoboFlamingo,2026052602,abc_d_fresh_sequence_1000seq_seed2026052602,68,4,0
RoboFlamingo,2026052602,abc_d_fresh_sequence_1000seq_seed2026052602,69,0,0
RoboFlamingo,2026052602,abc_d_fresh_sequence_1000seq_seed2026052602,70,5,1
RoboFlamingo,2026052602,abc_d_fresh_sequence_1000seq_seed2026052602,71,2,0
RoboFlamingo,2026052602,abc_d_fresh_sequence_1000seq_seed2026052602,72,1,0
RoboFlamingo,2026052602,abc_d_fresh_sequence_1000seq_seed2026052602,73,5,1
RoboFlamingo,2026052602,abc_d_fresh_sequence_1000seq_seed2026052602,74,5,1
RoboFlamingo,2026052602,abc_d_fresh_sequence_1000seq_seed2026052602,75,0,0
RoboFlamingo,2026052602,abc_d_fresh_sequence_1000seq_seed2026052602,76,3,0
RoboFlamingo,2026052602,abc_d_fresh_sequence_1000seq_seed2026052602,77,0,0
RoboFlamingo,2026052602,abc_d_fresh_sequence_1000seq_seed2026052602,78,0,0
RoboFlamingo,2026052602,abc_d_fresh_sequence_1000seq_seed2026052602,79,5,1
RoboFlamingo,2026052602,abc_d_fresh_sequence_1000seq_seed2026052602,80,5,1
RoboFlamingo,2026052602,abc_d_fresh_sequence_1000seq_seed2026052602,81,0,0
RoboFlamingo,2026052602,abc_d_fresh_sequence_1000seq_seed2026052602,82,2,0
RoboFlamingo,2026052602,abc_d_fresh_sequence_1000seq_seed2026052602,83,4,0
RoboFlamingo,2026052602,abc_d_fresh_sequence_1000seq_seed2026052602,84,4,0
RoboFlamingo,2026052602,abc_d_fresh_sequence_1000seq_seed2026052602,85,2,0
RoboFlamingo,2026052602,abc_d_fresh_sequence_1000seq_seed2026052602,86,3,0
RoboFlamingo,2026052602,abc_d_fresh_sequence_1000seq_seed2026052602,87,2,0
RoboFlamingo,2026052602,abc_d_fresh_sequence_1000seq_seed2026052602,88,1,0
RoboFlamingo,2026052602,abc_d_fresh_sequence_1000seq_seed2026052602,89,1,0
RoboFlamingo,2026052602,abc_d_fresh_sequence_1000seq_seed2026052602,90,4,0
RoboFlamingo,2026052602,abc_d_fresh_sequence_1000seq_seed2026052602,91,1,0
RoboFlamingo,2026052602,abc_d_fresh_sequence_1000seq_seed2026052602,92,0,0
RoboFlamingo,2026052602,abc_d_fresh_sequence_1000seq_seed2026052602,93,5,1
RoboFlamingo,2026052602,abc_d_fresh_sequence_1000seq_seed2026052602,94,1,0
RoboFlamingo,2026052602,abc_d_fresh_sequence_1000seq_seed2026052602,95,0,0
RoboFlamingo,2026052602,abc_d_fresh_sequence_1000seq_seed2026052602,96,2,0
RoboFlamingo,2026052602,abc_d_fresh_sequence_1000seq_seed2026052602,97,4,0
RoboFlamingo,2026052602,abc_d_fresh_sequence_1000seq_seed2026052602,98,2,0
RoboFlamingo,2026052602,abc_d_fresh_sequence_1000seq_seed2026052602,99,1,0
RoboFlamingo,2026052602,abc_d_fresh_sequence_1000seq_seed2026052602,100,1,0
RoboFlamingo,2026052602,abc_d_fresh_sequence_1000seq_seed2026052602,101,0,0
RoboFlamingo,2026052602,abc_d_fresh_sequence_1000seq_seed2026052602,102,3,0
RoboFlamingo,2026052602,abc_d_fresh_sequence_1000seq_seed2026052602,103,5,1
RoboFlamingo,2026052602,abc_d_fresh_sequence_1000seq_seed2026052602,104,1,0
RoboFlamingo,2026052602,abc_d_fresh_sequence_1000seq_seed2026052602,105,3,0
RoboFlamingo,2026052602,abc_d_fresh_sequence_1000seq_seed2026052602,106,0,0
RoboFlamingo,2026052602,abc_d_fresh_sequence_1000seq_seed2026052602,107,1,0
RoboFlamingo,2026052602,abc_d_fresh_sequence_1000seq_seed2026052602,108,5,1
RoboFlamingo,2026052602,abc_d_fresh_sequence_1000seq_seed2026052602,109,4,0
RoboFlamingo,2026052602,abc_d_fresh_sequence_1000seq_seed2026052602,110,3,0
RoboFlamingo,2026052602,abc_d_fresh_sequence_1000seq_seed2026052602,111,1,0
RoboFlamingo,2026052602,abc_d_fresh_sequence_1000seq_seed2026052602,112,0,0
RoboFlamingo,2026052602,abc_d_fresh_sequence_1000seq_seed2026052602,113,0,0
RoboFlamingo,2026052602,abc_d_fresh_sequence_1000seq_seed2026052602,114,0,0
RoboFlamingo,2026052602,abc_d_fresh_sequence_1000seq_seed2026052602,115,2,0
RoboFlamingo,2026052602,abc_d_fresh_sequence_1000seq_seed2026052602,116,0,0
RoboFlamingo,2026052602,abc_d_fresh_sequence_1000seq_seed2026052602,117,1,0
RoboFlamingo,2026052602,abc_d_fresh_sequence_1000seq_seed2026052602,118,5,1
RoboFlamingo,2026052602,abc_d_fresh_sequence_1000seq_seed2026052602,119,1,0
RoboFlamingo,2026052602,abc_d_fresh_sequence_1000seq_seed2026052602,120,1,0
RoboFlamingo,2026052602,abc_d_fresh_sequence_1000seq_seed2026052602,121,1,0
RoboFlamingo,2026052602,abc_d_fresh_sequence_1000seq_seed2026052602,122,0,0
RoboFlamingo,2026052602,abc_d_fresh_sequence_1000seq_seed2026052602,123,1,0
RoboFlamingo,2026052602,abc_d_fresh_sequence_1000seq_seed2026052602,124,5,1
RoboFlamingo,2026052602,abc_d_fresh_sequence_1000seq_seed2026052602,125,5,1
RoboFlamingo,2026052602,abc_d_fresh_sequence_1000seq_seed2026052602,126,1,0
RoboFlamingo,2026052602,abc_d_fresh_sequence_1000seq_seed2026052602,127,1,0
RoboFlamingo,2026052602,abc_d_fresh_sequence_1000seq_seed2026052602,128,4,0
RoboFlamingo,2026052602,abc_d_fresh_sequence_1000seq_seed2026052602,129,0,0
RoboFlamingo,2026052602,abc_d_fresh_sequence_1000seq_seed2026052602,130,1,0
RoboFlamingo,2026052602,abc_d_fresh_sequence_1000seq_seed2026052602,131,3,0
RoboFlamingo,2026052602,abc_d_fresh_sequence_1000seq_seed2026052602,132,4,0
RoboFlamingo,2026052602,abc_d_fresh_sequence_1000seq_seed2026052602,133,5,1
RoboFlamingo,2026052602,abc_d_fresh_sequence_1000seq_seed2026052602,134,1,0
RoboFlamingo,2026052602,abc_d_fresh_sequence_1000seq_seed2026052602,135,0,0
RoboFlamingo,2026052602,abc_d_fresh_sequence_1000seq_seed2026052602,136,2,0
RoboFlamingo,2026052602,abc_d_fresh_sequence_1000seq_seed2026052602,137,0,0
RoboFlamingo,2026052602,abc_d_fresh_sequence_1000seq_seed2026052602,138,4,0
RoboFlamingo,2026052602,abc_d_fresh_sequence_1000seq_seed2026052602,139,1,0
RoboFlamingo,2026052602,abc_d_fresh_sequence_1000seq_seed2026052602,140,0,0
RoboFlamingo,2026052602,abc_d_fresh_sequence_1000seq_seed2026052602,141,5,1
RoboFlamingo,2026052602,abc_d_fresh_sequence_1000seq_seed2026052602,142,1,0
RoboFlamingo,2026052602,abc_d_fresh_sequence_1000seq_seed2026052602,143,1,0
RoboFlamingo,2026052602,abc_d_fresh_sequence_1000seq_seed2026052602,144,0,0
RoboFlamingo,2026052602,abc_d_fresh_sequence_1000seq_seed2026052602,145,0,0
RoboFlamingo,2026052602,abc_d_fresh_sequence_1000seq_seed2026052602,146,4,0
RoboFlamingo,2026052602,abc_d_fresh_sequence_1000seq_seed2026052602,147,5,1
RoboFlamingo,2026052602,abc_d_fresh_sequence_1000seq_seed2026052602,148,1,0
RoboFlamingo,2026052602,abc_d_fresh_sequence_1000seq_seed2026052602,149,1,0
RoboFlamingo,2026052602,abc_d_fresh_sequence_1000seq_seed2026052602,150,0,0
RoboFlamingo,2026052602,abc_d_fresh_sequence_1000seq_seed2026052602,151,1,0
RoboFlamingo,2026052602,abc_d_fresh_sequence_1000seq_seed2026052602,152,1,0
RoboFlamingo,2026052602,abc_d_fresh_sequence_1000seq_seed2026052602,153,4,0
RoboFlamingo,2026052602,abc_d_fresh_sequence_1000seq_seed2026052602,154,2,0
RoboFlamingo,2026052602,abc_d_fresh_sequence_1000seq_seed2026052602,155,4,0
RoboFlamingo,2026052602,abc_d_fresh_sequence_1000seq_seed2026052602,156,3,0
RoboFlamingo,2026052602,abc_d_fresh_sequence_1000seq_seed2026052602,157,1,0
RoboFlamingo,2026052602,abc_d_fresh_sequence_1000seq_seed2026052602,158,0,0
RoboFlamingo,2026052602,abc_d_fresh_sequence_1000seq_seed2026052602,159,2,0
RoboFlamingo,2026052602,abc_d_fresh_sequence_1000seq_seed2026052602,160,5,1
RoboFlamingo,2026052602,abc_d_fresh_sequence_1000seq_seed2026052602,161,1,0
RoboFlamingo,2026052602,abc_d_fresh_sequence_1000seq_seed2026052602,162,0,0
RoboFlamingo,2026052602,abc_d_fresh_sequence_1000seq_seed2026052602,163,4,0
RoboFlamingo,2026052602,abc_d_fresh_sequence_1000seq_seed2026052602,164,5,1
RoboFlamingo,2026052602,abc_d_fresh_sequence_1000seq_seed2026052602,165,2,0
RoboFlamingo,2026052602,abc_d_fresh_sequence_1000seq_seed2026052602,166,1,0
RoboFlamingo,2026052602,abc_d_fresh_sequence_1000seq_seed2026052602,167,4,0
RoboFlamingo,2026052602,abc_d_fresh_sequence_1000seq_seed2026052602,168,0,0
RoboFlamingo,2026052602,abc_d_fresh_sequence_1000seq_seed2026052602,169,5,1
RoboFlamingo,2026052602,abc_d_fresh_sequence_1000seq_seed2026052602,170,5,1
RoboFlamingo,2026052602,abc_d_fresh_sequence_1000seq_seed2026052602,171,1,0
RoboFlamingo,2026052602,abc_d_fresh_sequence_1000seq_seed2026052602,172,3,0
RoboFlamingo,2026052602,abc_d_fresh_sequence_1000seq_seed2026052602,173,1,0
RoboFlamingo,2026052602,abc_d_fresh_sequence_1000seq_seed2026052602,174,5,1
RoboFlamingo,2026052602,abc_d_fresh_sequence_1000seq_seed2026052602,175,5,1
RoboFlamingo,2026052602,abc_d_fresh_sequence_1000seq_seed2026052602,176,0,0
RoboFlamingo,2026052602,abc_d_fresh_sequence_1000seq_seed2026052602,177,2,0
RoboFlamingo,2026052602,abc_d_fresh_sequence_1000seq_seed2026052602,178,5,1
RoboFlamingo,2026052602,abc_d_fresh_sequence_1000seq_seed2026052602,179,4,0
RoboFlamingo,2026052602,abc_d_fresh_sequence_1000seq_seed2026052602,180,1,0
RoboFlamingo,2026052602,abc_d_fresh_sequence_1000seq_seed2026052602,181,0,0
RoboFlamingo,2026052602,abc_d_fresh_sequence_1000seq_seed2026052602,182,1,0
RoboFlamingo,2026052602,abc_d_fresh_sequence_1000seq_seed2026052602,183,3,0
RoboFlamingo,2026052602,abc_d_fresh_sequence_1000seq_seed2026052602,184,5,1
RoboFlamingo,2026052602,abc_d_fresh_sequence_1000seq_seed2026052602,185,1,0
RoboFlamingo,2026052602,abc_d_fresh_sequence_1000seq_seed2026052602,186,4,0
RoboFlamingo,2026052602,abc_d_fresh_sequence_1000seq_seed2026052602,187,3,0
RoboFlamingo,2026052602,abc_d_fresh_sequence_1000seq_seed2026052602,188,2,0
RoboFlamingo,2026052602,abc_d_fresh_sequence_1000seq_seed2026052602,189,2,0
RoboFlamingo,2026052602,abc_d_fresh_sequence_1000seq_seed2026052602,190,1,0
RoboFlamingo,2026052602,abc_d_fresh_sequence_1000seq_seed2026052602,191,5,1
RoboFlamingo,2026052602,abc_d_fresh_sequence_1000seq_seed2026052602,192,0,0
RoboFlamingo,2026052602,abc_d_fresh_sequence_1000seq_seed2026052602,193,4,0
RoboFlamingo,2026052602,abc_d_fresh_sequence_1000seq_seed2026052602,194,0,0
RoboFlamingo,2026052602,abc_d_fresh_sequence_1000seq_seed2026052602,195,3,0
RoboFlamingo,2026052602,abc_d_fresh_sequence_1000seq_seed2026052602,196,2,0
RoboFlamingo,2026052602,abc_d_fresh_sequence_1000seq_seed2026052602,197,1,0
RoboFlamingo,2026052602,abc_d_fresh_sequence_1000seq_seed2026052602,198,1,0
RoboFlamingo,2026052602,abc_d_fresh_sequence_1000seq_seed2026052602,199,3,0
RoboFlamingo,2026052602,abc_d_fresh_sequence_1000seq_seed2026052602,200,5,1
RoboFlamingo,2026052602,abc_d_fresh_sequence_1000seq_seed2026052602,201,2,0
RoboFlamingo,2026052602,abc_d_fresh_sequence_1000seq_seed2026052602,202,1,0
RoboFlamingo,2026052602,abc_d_fresh_sequence_1000seq_seed2026052602,203,0,0
RoboFlamingo,2026052602,abc_d_fresh_sequence_1000seq_seed2026052602,204,0,0
RoboFlamingo,2026052602,abc_d_fresh_sequence_1000seq_seed2026052602,205,2,0
RoboFlamingo,2026052602,abc_d_fresh_sequence_1000seq_seed2026052602,206,5,1
RoboFlamingo,2026052602,abc_d_fresh_sequence_1000seq_seed2026052602,207,1,0
RoboFlamingo,2026052602,abc_d_fresh_sequence_1000seq_seed2026052602,208,0,0
RoboFlamingo,2026052602,abc_d_fresh_sequence_1000seq_seed2026052602,209,4,0
RoboFlamingo,2026052602,abc_d_fresh_sequence_1000seq_seed2026052602,210,0,0
RoboFlamingo,2026052602,abc_d_fresh_sequence_1000seq_seed2026052602,211,5,1
RoboFlamingo,2026052602,abc_d_fresh_sequence_1000seq_seed2026052602,212,2,0
RoboFlamingo,2026052602,abc_d_fresh_sequence_1000seq_seed2026052602,213,5,1
RoboFlamingo,2026052602,abc_d_fresh_sequence_1000seq_seed2026052602,214,3,0
RoboFlamingo,2026052602,abc_d_fresh_sequence_1000seq_seed2026052602,215,1,0
RoboFlamingo,2026052602,abc_d_fresh_sequence_1000seq_seed2026052602,216,2,0
RoboFlamingo,2026052602,abc_d_fresh_sequence_1000seq_seed2026052602,217,4,0
RoboFlamingo,2026052602,abc_d_fresh_sequence_1000seq_seed2026052602,218,3,0
RoboFlamingo,2026052602,abc_d_fresh_sequence_1000seq_seed2026052602,219,1,0
RoboFlamingo,2026052602,abc_d_fresh_sequence_1000seq_seed2026052602,220,1,0
RoboFlamingo,2026052602,abc_d_fresh_sequence_1000seq_seed2026052602,221,3,0
RoboFlamingo,2026052602,abc_d_fresh_sequence_1000seq_seed2026052602,222,5,1
RoboFlamingo,2026052602,abc_d_fresh_sequence_1000seq_seed2026052602,223,4,0
RoboFlamingo,2026052602,abc_d_fresh_sequence_1000seq_seed2026052602,224,2,0
RoboFlamingo,2026052602,abc_d_fresh_sequence_1000seq_seed2026052602,225,1,0
RoboFlamingo,2026052602,abc_d_fresh_sequence_1000seq_seed2026052602,226,1,0
RoboFlamingo,2026052602,abc_d_fresh_sequence_1000seq_seed2026052602,227,4,0
RoboFlamingo,2026052602,abc_d_fresh_sequence_1000seq_seed2026052602,228,2,0
RoboFlamingo,2026052602,abc_d_fresh_sequence_1000seq_seed2026052602,229,5,1
RoboFlamingo,2026052602,abc_d_fresh_sequence_1000seq_seed2026052602,230,2,0
RoboFlamingo,2026052602,abc_d_fresh_sequence_1000seq_seed2026052602,231,1,0
RoboFlamingo,2026052602,abc_d_fresh_sequence_1000seq_seed2026052602,232,2,0
RoboFlamingo,2026052602,abc_d_fresh_sequence_1000seq_seed2026052602,233,2,0
RoboFlamingo,2026052602,abc_d_fresh_sequence_1000seq_seed2026052602,234,0,0
RoboFlamingo,2026052602,abc_d_fresh_sequence_1000seq_seed2026052602,235,0,0
RoboFlamingo,2026052602,abc_d_fresh_sequence_1000seq_seed2026052602,236,0,0
RoboFlamingo,2026052602,abc_d_fresh_sequence_1000seq_seed2026052602,237,3,0
RoboFlamingo,2026052602,abc_d_fresh_sequence_1000seq_seed2026052602,238,0,0
RoboFlamingo,2026052602,abc_d_fresh_sequence_1000seq_seed2026052602,239,5,1
RoboFlamingo,2026052602,abc_d_fresh_sequence_1000seq_seed2026052602,240,5,1
RoboFlamingo,2026052602,abc_d_fresh_sequence_1000seq_seed2026052602,241,5,1
RoboFlamingo,2026052602,abc_d_fresh_sequence_1000seq_seed2026052602,242,0,0
RoboFlamingo,2026052602,abc_d_fresh_sequence_1000seq_seed2026052602,243,2,0
RoboFlamingo,2026052602,abc_d_fresh_sequence_1000seq_seed2026052602,244,0,0
RoboFlamingo,2026052602,abc_d_fresh_sequence_1000seq_seed2026052602,245,0,0
RoboFlamingo,2026052602,abc_d_fresh_sequence_1000seq_seed2026052602,246,0,0
RoboFlamingo,2026052602,abc_d_fresh_sequence_1000seq_seed2026052602,247,5,1
RoboFlamingo,2026052602,abc_d_fresh_sequence_1000seq_seed2026052602,248,2,0
RoboFlamingo,2026052602,abc_d_fresh_sequence_1000seq_seed2026052602,249,1,0
RoboFlamingo,2026052602,abc_d_fresh_sequence_1000seq_seed2026052602,250,3,0
RoboFlamingo,2026052602,abc_d_fresh_sequence_1000seq_seed2026052602,251,0,0
RoboFlamingo,2026052602,abc_d_fresh_sequence_1000seq_seed2026052602,252,5,1
RoboFlamingo,2026052602,abc_d_fresh_sequence_1000seq_seed2026052602,253,1,0
RoboFlamingo,2026052602,abc_d_fresh_sequence_1000seq_seed2026052602,254,1,0
RoboFlamingo,2026052602,abc_d_fresh_sequence_1000seq_seed2026052602,255,3,0
RoboFlamingo,2026052602,abc_d_fresh_sequence_1000seq_seed2026052602,256,0,0
RoboFlamingo,2026052602,abc_d_fresh_sequence_1000seq_seed2026052602,257,4,0
RoboFlamingo,2026052602,abc_d_fresh_sequence_1000seq_seed2026052602,258,4,0
RoboFlamingo,2026052602,abc_d_fresh_sequence_1000seq_seed2026052602,259,2,0
RoboFlamingo,2026052602,abc_d_fresh_sequence_1000seq_seed2026052602,260,2,0
RoboFlamingo,2026052602,abc_d_fresh_sequence_1000seq_seed2026052602,261,1,0
RoboFlamingo,2026052602,abc_d_fresh_sequence_1000seq_seed2026052602,262,0,0
RoboFlamingo,2026052602,abc_d_fresh_sequence_1000seq_seed2026052602,263,0,0
RoboFlamingo,2026052602,abc_d_fresh_sequence_1000seq_seed2026052602,264,4,0
RoboFlamingo,2026052602,abc_d_fresh_sequence_1000seq_seed2026052602,265,0,0
RoboFlamingo,2026052602,abc_d_fresh_sequence_1000seq_seed2026052602,266,5,1
RoboFlamingo,2026052602,abc_d_fresh_sequence_1000seq_seed2026052602,267,0,0
RoboFlamingo,2026052602,abc_d_fresh_sequence_1000seq_seed2026052602,268,0,0
RoboFlamingo,2026052602,abc_d_fresh_sequence_1000seq_seed2026052602,269,5,1
RoboFlamingo,2026052602,abc_d_fresh_sequence_1000seq_seed2026052602,270,4,0
RoboFlamingo,2026052602,abc_d_fresh_sequence_1000seq_seed2026052602,271,5,1
RoboFlamingo,2026052602,abc_d_fresh_sequence_1000seq_seed2026052602,272,5,1
RoboFlamingo,2026052602,abc_d_fresh_sequence_1000seq_seed2026052602,273,5,1
RoboFlamingo,2026052602,abc_d_fresh_sequence_1000seq_seed2026052602,274,3,0
RoboFlamingo,2026052602,abc_d_fresh_sequence_1000seq_seed2026052602,275,5,1
RoboFlamingo,2026052602,abc_d_fresh_sequence_1000seq_seed2026052602,276,0,0
RoboFlamingo,2026052602,abc_d_fresh_sequence_1000seq_seed2026052602,277,5,1
RoboFlamingo,2026052602,abc_d_fresh_sequence_1000seq_seed2026052602,278,2,0
RoboFlamingo,2026052602,abc_d_fresh_sequence_1000seq_seed2026052602,279,5,1
RoboFlamingo,2026052602,abc_d_fresh_sequence_1000seq_seed2026052602,280,2,0
RoboFlamingo,2026052602,abc_d_fresh_sequence_1000seq_seed2026052602,281,3,0
RoboFlamingo,2026052602,abc_d_fresh_sequence_1000seq_seed2026052602,282,1,0
RoboFlamingo,2026052602,abc_d_fresh_sequence_1000seq_seed2026052602,283,0,0
RoboFlamingo,2026052602,abc_d_fresh_sequence_1000seq_seed2026052602,284,1,0
RoboFlamingo,2026052602,abc_d_fresh_sequence_1000seq_seed2026052602,285,1,0
RoboFlamingo,2026052602,abc_d_fresh_sequence_1000seq_seed2026052602,286,5,1
RoboFlamingo,2026052602,abc_d_fresh_sequence_1000seq_seed2026052602,287,3,0
RoboFlamingo,2026052602,abc_d_fresh_sequence_1000seq_seed2026052602,288,0,0
RoboFlamingo,2026052602,abc_d_fresh_sequence_1000seq_seed2026052602,289,4,0
RoboFlamingo,2026052602,abc_d_fresh_sequence_1000seq_seed2026052602,290,0,0
RoboFlamingo,2026052602,abc_d_fresh_sequence_1000seq_seed2026052602,291,0,0
RoboFlamingo,2026052602,abc_d_fresh_sequence_1000seq_seed2026052602,292,2,0
RoboFlamingo,2026052602,abc_d_fresh_sequence_1000seq_seed2026052602,293,3,0
RoboFlamingo,2026052602,abc_d_fresh_sequence_1000seq_seed2026052602,294,0,0
RoboFlamingo,2026052602,abc_d_fresh_sequence_1000seq_seed2026052602,295,3,0
RoboFlamingo,2026052602,abc_d_fresh_sequence_1000seq_seed2026052602,296,1,0
RoboFlamingo,2026052602,abc_d_fresh_sequence_1000seq_seed2026052602,297,0,0
RoboFlamingo,2026052602,abc_d_fresh_sequence_1000seq_seed2026052602,298,1,0
RoboFlamingo,2026052602,abc_d_fresh_sequence_1000seq_seed2026052602,299,5,1
RoboFlamingo,2026052602,abc_d_fresh_sequence_1000seq_seed2026052602,300,2,0
RoboFlamingo,2026052602,abc_d_fresh_sequence_1000seq_seed2026052602,301,5,1
RoboFlamingo,2026052602,abc_d_fresh_sequence_1000seq_seed2026052602,302,0,0
RoboFlamingo,2026052602,abc_d_fresh_sequence_1000seq_seed2026052602,303,5,1
RoboFlamingo,2026052602,abc_d_fresh_sequence_1000seq_seed2026052602,304,2,0
RoboFlamingo,2026052602,abc_d_fresh_sequence_1000seq_seed2026052602,305,0,0
RoboFlamingo,2026052602,abc_d_fresh_sequence_1000seq_seed2026052602,306,5,1
RoboFlamingo,2026052602,abc_d_fresh_sequence_1000seq_seed2026052602,307,2,0
RoboFlamingo,2026052602,abc_d_fresh_sequence_1000seq_seed2026052602,308,3,0
RoboFlamingo,2026052602,abc_d_fresh_sequence_1000seq_seed2026052602,309,1,0
RoboFlamingo,2026052602,abc_d_fresh_sequence_1000seq_seed2026052602,310,1,0
RoboFlamingo,2026052602,abc_d_fresh_sequence_1000seq_seed2026052602,311,3,0
RoboFlamingo,2026052602,abc_d_fresh_sequence_1000seq_seed2026052602,312,0,0
RoboFlamingo,2026052602,abc_d_fresh_sequence_1000seq_seed2026052602,313,2,0
RoboFlamingo,2026052602,abc_d_fresh_sequence_1000seq_seed2026052602,314,3,0
RoboFlamingo,2026052602,abc_d_fresh_sequence_1000seq_seed2026052602,315,4,0
RoboFlamingo,2026052602,abc_d_fresh_sequence_1000seq_seed2026052602,316,1,0
RoboFlamingo,2026052602,abc_d_fresh_sequence_1000seq_seed2026052602,317,0,0
RoboFlamingo,2026052602,abc_d_fresh_sequence_1000seq_seed2026052602,318,1,0
RoboFlamingo,2026052602,abc_d_fresh_sequence_1000seq_seed2026052602,319,5,1
RoboFlamingo,2026052602,abc_d_fresh_sequence_1000seq_seed2026052602,320,3,0
RoboFlamingo,2026052602,abc_d_fresh_sequence_1000seq_seed2026052602,321,1,0
RoboFlamingo,2026052602,abc_d_fresh_sequence_1000seq_seed2026052602,322,3,0
RoboFlamingo,2026052602,abc_d_fresh_sequence_1000seq_seed2026052602,323,1,0
RoboFlamingo,2026052602,abc_d_fresh_sequence_1000seq_seed2026052602,324,5,1
RoboFlamingo,2026052602,abc_d_fresh_sequence_1000seq_seed2026052602,325,0,0
RoboFlamingo,2026052602,abc_d_fresh_sequence_1000seq_seed2026052602,326,3,0
RoboFlamingo,2026052602,abc_d_fresh_sequence_1000seq_seed2026052602,327,1,0
RoboFlamingo,2026052602,abc_d_fresh_sequence_1000seq_seed2026052602,328,0,0
RoboFlamingo,2026052602,abc_d_fresh_sequence_1000seq_seed2026052602,329,0,0
RoboFlamingo,2026052602,abc_d_fresh_sequence_1000seq_seed2026052602,330,0,0
RoboFlamingo,2026052602,abc_d_fresh_sequence_1000seq_seed2026052602,331,2,0
RoboFlamingo,2026052602,abc_d_fresh_sequence_1000seq_seed2026052602,332,5,1
RoboFlamingo,2026052602,abc_d_fresh_sequence_1000seq_seed2026052602,333,3,0
RoboFlamingo,2026052602,abc_d_fresh_sequence_1000seq_seed2026052602,334,2,0
RoboFlamingo,2026052602,abc_d_fresh_sequence_1000seq_seed2026052602,335,1,0
RoboFlamingo,2026052602,abc_d_fresh_sequence_1000seq_seed2026052602,336,3,0
RoboFlamingo,2026052602,abc_d_fresh_sequence_1000seq_seed2026052602,337,1,0
RoboFlamingo,2026052602,abc_d_fresh_sequence_1000seq_seed2026052602,338,3,0
RoboFlamingo,2026052602,abc_d_fresh_sequence_1000seq_seed2026052602,339,0,0
RoboFlamingo,2026052602,abc_d_fresh_sequence_1000seq_seed2026052602,340,2,0
RoboFlamingo,2026052602,abc_d_fresh_sequence_1000seq_seed2026052602,341,3,0
RoboFlamingo,2026052602,abc_d_fresh_sequence_1000seq_seed2026052602,342,3,0
RoboFlamingo,2026052602,abc_d_fresh_sequence_1000seq_seed2026052602,343,2,0
RoboFlamingo,2026052602,abc_d_fresh_sequence_1000seq_seed2026052602,344,0,0
RoboFlamingo,2026052602,abc_d_fresh_sequence_1000seq_seed2026052602,345,2,0
RoboFlamingo,2026052602,abc_d_fresh_sequence_1000seq_seed2026052602,346,0,0
RoboFlamingo,2026052602,abc_d_fresh_sequence_1000seq_seed2026052602,347,1,0
RoboFlamingo,2026052602,abc_d_fresh_sequence_1000seq_seed2026052602,348,3,0
RoboFlamingo,2026052602,abc_d_fresh_sequence_1000seq_seed2026052602,349,0,0
RoboFlamingo,2026052602,abc_d_fresh_sequence_1000seq_seed2026052602,350,2,0
RoboFlamingo,2026052602,abc_d_fresh_sequence_1000seq_seed2026052602,351,5,1
RoboFlamingo,2026052602,abc_d_fresh_sequence_1000seq_seed2026052602,352,0,0
RoboFlamingo,2026052602,abc_d_fresh_sequence_1000seq_seed2026052602,353,2,0
RoboFlamingo,2026052602,abc_d_fresh_sequence_1000seq_seed2026052602,354,1,0
RoboFlamingo,2026052602,abc_d_fresh_sequence_1000seq_seed2026052602,355,5,1
RoboFlamingo,2026052602,abc_d_fresh_sequence_1000seq_seed2026052602,356,1,0
RoboFlamingo,2026052602,abc_d_fresh_sequence_1000seq_seed2026052602,357,0,0
RoboFlamingo,2026052602,abc_d_fresh_sequence_1000seq_seed2026052602,358,1,0
RoboFlamingo,2026052602,abc_d_fresh_sequence_1000seq_seed2026052602,359,2,0
RoboFlamingo,2026052602,abc_d_fresh_sequence_1000seq_seed2026052602,360,1,0
RoboFlamingo,2026052602,abc_d_fresh_sequence_1000seq_seed2026052602,361,1,0
RoboFlamingo,2026052602,abc_d_fresh_sequence_1000seq_seed2026052602,362,0,0
RoboFlamingo,2026052602,abc_d_fresh_sequence_1000seq_seed2026052602,363,4,0
RoboFlamingo,2026052602,abc_d_fresh_sequence_1000seq_seed2026052602,364,5,1
RoboFlamingo,2026052602,abc_d_fresh_sequence_1000seq_seed2026052602,365,2,0
RoboFlamingo,2026052602,abc_d_fresh_sequence_1000seq_seed2026052602,366,1,0
RoboFlamingo,2026052602,abc_d_fresh_sequence_1000seq_seed2026052602,367,0,0
RoboFlamingo,2026052602,abc_d_fresh_sequence_1000seq_seed2026052602,368,1,0
RoboFlamingo,2026052602,abc_d_fresh_sequence_1000seq_seed2026052602,369,3,0
RoboFlamingo,2026052602,abc_d_fresh_sequence_1000seq_seed2026052602,370,4,0
RoboFlamingo,2026052602,abc_d_fresh_sequence_1000seq_seed2026052602,371,2,0
RoboFlamingo,2026052602,abc_d_fresh_sequence_1000seq_seed2026052602,372,2,0
RoboFlamingo,2026052602,abc_d_fresh_sequence_1000seq_seed2026052602,373,1,0
RoboFlamingo,2026052602,abc_d_fresh_sequence_1000seq_seed2026052602,374,5,1
RoboFlamingo,2026052602,abc_d_fresh_sequence_1000seq_seed2026052602,375,2,0
RoboFlamingo,2026052602,abc_d_fresh_sequence_1000seq_seed2026052602,376,4,0
RoboFlamingo,2026052602,abc_d_fresh_sequence_1000seq_seed2026052602,377,2,0
RoboFlamingo,2026052602,abc_d_fresh_sequence_1000seq_seed2026052602,378,3,0
RoboFlamingo,2026052602,abc_d_fresh_sequence_1000seq_seed2026052602,379,5,1
RoboFlamingo,2026052602,abc_d_fresh_sequence_1000seq_seed2026052602,380,2,0
RoboFlamingo,2026052602,abc_d_fresh_sequence_1000seq_seed2026052602,381,1,0
RoboFlamingo,2026052602,abc_d_fresh_sequence_1000seq_seed2026052602,382,2,0
RoboFlamingo,2026052602,abc_d_fresh_sequence_1000seq_seed2026052602,383,2,0
RoboFlamingo,2026052602,abc_d_fresh_sequence_1000seq_seed2026052602,384,0,0
RoboFlamingo,2026052602,abc_d_fresh_sequence_1000seq_seed2026052602,385,5,1
RoboFlamingo,2026052602,abc_d_fresh_sequence_1000seq_seed2026052602,386,0,0
RoboFlamingo,2026052602,abc_d_fresh_sequence_1000seq_seed2026052602,387,4,0
RoboFlamingo,2026052602,abc_d_fresh_sequence_1000seq_seed2026052602,388,2,0
RoboFlamingo,2026052602,abc_d_fresh_sequence_1000seq_seed2026052602,389,4,0
RoboFlamingo,2026052602,abc_d_fresh_sequence_1000seq_seed2026052602,390,4,0
RoboFlamingo,2026052602,abc_d_fresh_sequence_1000seq_seed2026052602,391,3,0
RoboFlamingo,2026052602,abc_d_fresh_sequence_1000seq_seed2026052602,392,5,1
RoboFlamingo,2026052602,abc_d_fresh_sequence_1000seq_seed2026052602,393,1,0
RoboFlamingo,2026052602,abc_d_fresh_sequence_1000seq_seed2026052602,394,5,1
RoboFlamingo,2026052602,abc_d_fresh_sequence_1000seq_seed2026052602,395,2,0
RoboFlamingo,2026052602,abc_d_fresh_sequence_1000seq_seed2026052602,396,1,0
RoboFlamingo,2026052602,abc_d_fresh_sequence_1000seq_seed2026052602,397,3,0
RoboFlamingo,2026052602,abc_d_fresh_sequence_1000seq_seed2026052602,398,3,0
RoboFlamingo,2026052602,abc_d_fresh_sequence_1000seq_seed2026052602,399,5,1
RoboFlamingo,2026052602,abc_d_fresh_sequence_1000seq_seed2026052602,400,2,0
RoboFlamingo,2026052602,abc_d_fresh_sequence_1000seq_seed2026052602,401,1,0
RoboFlamingo,2026052602,abc_d_fresh_sequence_1000seq_seed2026052602,402,2,0
RoboFlamingo,2026052602,abc_d_fresh_sequence_1000seq_seed2026052602,403,5,1
RoboFlamingo,2026052602,abc_d_fresh_sequence_1000seq_seed2026052602,404,1,0
RoboFlamingo,2026052602,abc_d_fresh_sequence_1000seq_seed2026052602,405,5,1
RoboFlamingo,2026052602,abc_d_fresh_sequence_1000seq_seed2026052602,406,2,0
RoboFlamingo,2026052602,abc_d_fresh_sequence_1000seq_seed2026052602,407,1,0
RoboFlamingo,2026052602,abc_d_fresh_sequence_1000seq_seed2026052602,408,5,1
RoboFlamingo,2026052602,abc_d_fresh_sequence_1000seq_seed2026052602,409,1,0
RoboFlamingo,2026052602,abc_d_fresh_sequence_1000seq_seed2026052602,410,4,0
RoboFlamingo,2026052602,abc_d_fresh_sequence_1000seq_seed2026052602,411,5,1
RoboFlamingo,2026052602,abc_d_fresh_sequence_1000seq_seed2026052602,412,2,0
RoboFlamingo,2026052602,abc_d_fresh_sequence_1000seq_seed2026052602,413,1,0
RoboFlamingo,2026052602,abc_d_fresh_sequence_1000seq_seed2026052602,414,0,0
RoboFlamingo,2026052602,abc_d_fresh_sequence_1000seq_seed2026052602,415,3,0
RoboFlamingo,2026052602,abc_d_fresh_sequence_1000seq_seed2026052602,416,0,0
RoboFlamingo,2026052602,abc_d_fresh_sequence_1000seq_seed2026052602,417,0,0
RoboFlamingo,2026052602,abc_d_fresh_sequence_1000seq_seed2026052602,418,2,0
RoboFlamingo,2026052602,abc_d_fresh_sequence_1000seq_seed2026052602,419,3,0
RoboFlamingo,2026052602,abc_d_fresh_sequence_1000seq_seed2026052602,420,4,0
RoboFlamingo,2026052602,abc_d_fresh_sequence_1000seq_seed2026052602,421,5,1
RoboFlamingo,2026052602,abc_d_fresh_sequence_1000seq_seed2026052602,422,5,1
RoboFlamingo,2026052602,abc_d_fresh_sequence_1000seq_seed2026052602,423,2,0
RoboFlamingo,2026052602,abc_d_fresh_sequence_1000seq_seed2026052602,424,4,0
RoboFlamingo,2026052602,abc_d_fresh_sequence_1000seq_seed2026052602,425,1,0
RoboFlamingo,2026052602,abc_d_fresh_sequence_1000seq_seed2026052602,426,3,0
RoboFlamingo,2026052602,abc_d_fresh_sequence_1000seq_seed2026052602,427,5,1
RoboFlamingo,2026052602,abc_d_fresh_sequence_1000seq_seed2026052602,428,0,0
RoboFlamingo,2026052602,abc_d_fresh_sequence_1000seq_seed2026052602,429,2,0
RoboFlamingo,2026052602,abc_d_fresh_sequence_1000seq_seed2026052602,430,4,0
RoboFlamingo,2026052602,abc_d_fresh_sequence_1000seq_seed2026052602,431,0,0
RoboFlamingo,2026052602,abc_d_fresh_sequence_1000seq_seed2026052602,432,5,1
RoboFlamingo,2026052602,abc_d_fresh_sequence_1000seq_seed2026052602,433,2,0
RoboFlamingo,2026052602,abc_d_fresh_sequence_1000seq_seed2026052602,434,1,0
RoboFlamingo,2026052602,abc_d_fresh_sequence_1000seq_seed2026052602,435,2,0
RoboFlamingo,2026052602,abc_d_fresh_sequence_1000seq_seed2026052602,436,2,0
RoboFlamingo,2026052602,abc_d_fresh_sequence_1000seq_seed2026052602,437,1,0
RoboFlamingo,2026052602,abc_d_fresh_sequence_1000seq_seed2026052602,438,1,0
RoboFlamingo,2026052602,abc_d_fresh_sequence_1000seq_seed2026052602,439,1,0
RoboFlamingo,2026052602,abc_d_fresh_sequence_1000seq_seed2026052602,440,3,0
RoboFlamingo,2026052602,abc_d_fresh_sequence_1000seq_seed2026052602,441,5,1
RoboFlamingo,2026052602,abc_d_fresh_sequence_1000seq_seed2026052602,442,2,0
RoboFlamingo,2026052602,abc_d_fresh_sequence_1000seq_seed2026052602,443,3,0
RoboFlamingo,2026052602,abc_d_fresh_sequence_1000seq_seed2026052602,444,3,0
RoboFlamingo,2026052602,abc_d_fresh_sequence_1000seq_seed2026052602,445,0,0
RoboFlamingo,2026052602,abc_d_fresh_sequence_1000seq_seed2026052602,446,0,0
RoboFlamingo,2026052602,abc_d_fresh_sequence_1000seq_seed2026052602,447,2,0
RoboFlamingo,2026052602,abc_d_fresh_sequence_1000seq_seed2026052602,448,1,0
RoboFlamingo,2026052602,abc_d_fresh_sequence_1000seq_seed2026052602,449,1,0
RoboFlamingo,2026052602,abc_d_fresh_sequence_1000seq_seed2026052602,450,1,0
RoboFlamingo,2026052602,abc_d_fresh_sequence_1000seq_seed2026052602,451,5,1
RoboFlamingo,2026052602,abc_d_fresh_sequence_1000seq_seed2026052602,452,0,0
RoboFlamingo,2026052602,abc_d_fresh_sequence_1000seq_seed2026052602,453,5,1
RoboFlamingo,2026052602,abc_d_fresh_sequence_1000seq_seed2026052602,454,1,0
RoboFlamingo,2026052602,abc_d_fresh_sequence_1000seq_seed2026052602,455,1,0
RoboFlamingo,2026052602,abc_d_fresh_sequence_1000seq_seed2026052602,456,1,0
RoboFlamingo,2026052602,abc_d_fresh_sequence_1000seq_seed2026052602,457,0,0
RoboFlamingo,2026052602,abc_d_fresh_sequence_1000seq_seed2026052602,458,1,0
RoboFlamingo,2026052602,abc_d_fresh_sequence_1000seq_seed2026052602,459,2,0
RoboFlamingo,2026052602,abc_d_fresh_sequence_1000seq_seed2026052602,460,3,0
RoboFlamingo,2026052602,abc_d_fresh_sequence_1000seq_seed2026052602,461,5,1
RoboFlamingo,2026052602,abc_d_fresh_sequence_1000seq_seed2026052602,462,0,0
RoboFlamingo,2026052602,abc_d_fresh_sequence_1000seq_seed2026052602,463,1,0
RoboFlamingo,2026052602,abc_d_fresh_sequence_1000seq_seed2026052602,464,1,0
RoboFlamingo,2026052602,abc_d_fresh_sequence_1000seq_seed2026052602,465,4,0
RoboFlamingo,2026052602,abc_d_fresh_sequence_1000seq_seed2026052602,466,3,0
RoboFlamingo,2026052602,abc_d_fresh_sequence_1000seq_seed2026052602,467,3,0
RoboFlamingo,2026052602,abc_d_fresh_sequence_1000seq_seed2026052602,468,2,0
RoboFlamingo,2026052602,abc_d_fresh_sequence_1000seq_seed2026052602,469,3,0
RoboFlamingo,2026052602,abc_d_fresh_sequence_1000seq_seed2026052602,470,4,0
RoboFlamingo,2026052602,abc_d_fresh_sequence_1000seq_seed2026052602,471,3,0
RoboFlamingo,2026052602,abc_d_fresh_sequence_1000seq_seed2026052602,472,4,0
RoboFlamingo,2026052602,abc_d_fresh_sequence_1000seq_seed2026052602,473,2,0
RoboFlamingo,2026052602,abc_d_fresh_sequence_1000seq_seed2026052602,474,1,0
RoboFlamingo,2026052602,abc_d_fresh_sequence_1000seq_seed2026052602,475,1,0
RoboFlamingo,2026052602,abc_d_fresh_sequence_1000seq_seed2026052602,476,0,0
RoboFlamingo,2026052602,abc_d_fresh_sequence_1000seq_seed2026052602,477,1,0
RoboFlamingo,2026052602,abc_d_fresh_sequence_1000seq_seed2026052602,478,3,0
RoboFlamingo,2026052602,abc_d_fresh_sequence_1000seq_seed2026052602,479,5,1
RoboFlamingo,2026052602,abc_d_fresh_sequence_1000seq_seed2026052602,480,4,0
RoboFlamingo,2026052602,abc_d_fresh_sequence_1000seq_seed2026052602,481,1,0
RoboFlamingo,2026052602,abc_d_fresh_sequence_1000seq_seed2026052602,482,3,0
RoboFlamingo,2026052602,abc_d_fresh_sequence_1000seq_seed2026052602,483,2,0
RoboFlamingo,2026052602,abc_d_fresh_sequence_1000seq_seed2026052602,484,0,0
RoboFlamingo,2026052602,abc_d_fresh_sequence_1000seq_seed2026052602,485,2,0
RoboFlamingo,2026052602,abc_d_fresh_sequence_1000seq_seed2026052602,486,3,0
RoboFlamingo,2026052602,abc_d_fresh_sequence_1000seq_seed2026052602,487,2,0
RoboFlamingo,2026052602,abc_d_fresh_sequence_1000seq_seed2026052602,488,4,0
RoboFlamingo,2026052602,abc_d_fresh_sequence_1000seq_seed2026052602,489,1,0
RoboFlamingo,2026052602,abc_d_fresh_sequence_1000seq_seed2026052602,490,2,0
RoboFlamingo,2026052602,abc_d_fresh_sequence_1000seq_seed2026052602,491,0,0
RoboFlamingo,2026052602,abc_d_fresh_sequence_1000seq_seed2026052602,492,2,0
RoboFlamingo,2026052602,abc_d_fresh_sequence_1000seq_seed2026052602,493,1,0
RoboFlamingo,2026052602,abc_d_fresh_sequence_1000seq_seed2026052602,494,2,0
RoboFlamingo,2026052602,abc_d_fresh_sequence_1000seq_seed2026052602,495,2,0
RoboFlamingo,2026052602,abc_d_fresh_sequence_1000seq_seed2026052602,496,4,0
RoboFlamingo,2026052602,abc_d_fresh_sequence_1000seq_seed2026052602,497,1,0
RoboFlamingo,2026052602,abc_d_fresh_sequence_1000seq_seed2026052602,498,0,0
RoboFlamingo,2026052602,abc_d_fresh_sequence_1000seq_seed2026052602,499,4,0
RoboFlamingo,2026052602,abc_d_fresh_sequence_1000seq_seed2026052602,500,5,1
RoboFlamingo,2026052602,abc_d_fresh_sequence_1000seq_seed2026052602,501,1,0
RoboFlamingo,2026052602,abc_d_fresh_sequence_1000seq_seed2026052602,502,5,1
RoboFlamingo,2026052602,abc_d_fresh_sequence_1000seq_seed2026052602,503,5,1
RoboFlamingo,2026052602,abc_d_fresh_sequence_1000seq_seed2026052602,504,1,0
RoboFlamingo,2026052602,abc_d_fresh_sequence_1000seq_seed2026052602,505,5,1
RoboFlamingo,2026052602,abc_d_fresh_sequence_1000seq_seed2026052602,506,2,0
RoboFlamingo,2026052602,abc_d_fresh_sequence_1000seq_seed2026052602,507,4,0
RoboFlamingo,2026052602,abc_d_fresh_sequence_1000seq_seed2026052602,508,1,0
RoboFlamingo,2026052602,abc_d_fresh_sequence_1000seq_seed2026052602,509,5,1
RoboFlamingo,2026052602,abc_d_fresh_sequence_1000seq_seed2026052602,510,2,0
RoboFlamingo,2026052602,abc_d_fresh_sequence_1000seq_seed2026052602,511,3,0
RoboFlamingo,2026052602,abc_d_fresh_sequence_1000seq_seed2026052602,512,3,0
RoboFlamingo,2026052602,abc_d_fresh_sequence_1000seq_seed2026052602,513,2,0
RoboFlamingo,2026052602,abc_d_fresh_sequence_1000seq_seed2026052602,514,5,1
RoboFlamingo,2026052602,abc_d_fresh_sequence_1000seq_seed2026052602,515,3,0
RoboFlamingo,2026052602,abc_d_fresh_sequence_1000seq_seed2026052602,516,1,0
RoboFlamingo,2026052602,abc_d_fresh_sequence_1000seq_seed2026052602,517,5,1
RoboFlamingo,2026052602,abc_d_fresh_sequence_1000seq_seed2026052602,518,0,0
RoboFlamingo,2026052602,abc_d_fresh_sequence_1000seq_seed2026052602,519,0,0
RoboFlamingo,2026052602,abc_d_fresh_sequence_1000seq_seed2026052602,520,4,0
RoboFlamingo,2026052602,abc_d_fresh_sequence_1000seq_seed2026052602,521,1,0
RoboFlamingo,2026052602,abc_d_fresh_sequence_1000seq_seed2026052602,522,5,1
RoboFlamingo,2026052602,abc_d_fresh_sequence_1000seq_seed2026052602,523,5,1
RoboFlamingo,2026052602,abc_d_fresh_sequence_1000seq_seed2026052602,524,5,1
RoboFlamingo,2026052602,abc_d_fresh_sequence_1000seq_seed2026052602,525,4,0
RoboFlamingo,2026052602,abc_d_fresh_sequence_1000seq_seed2026052602,526,3,0
RoboFlamingo,2026052602,abc_d_fresh_sequence_1000seq_seed2026052602,527,2,0
RoboFlamingo,2026052602,abc_d_fresh_sequence_1000seq_seed2026052602,528,2,0
RoboFlamingo,2026052602,abc_d_fresh_sequence_1000seq_seed2026052602,529,2,0
RoboFlamingo,2026052602,abc_d_fresh_sequence_1000seq_seed2026052602,530,1,0
RoboFlamingo,2026052602,abc_d_fresh_sequence_1000seq_seed2026052602,531,1,0
RoboFlamingo,2026052602,abc_d_fresh_sequence_1000seq_seed2026052602,532,3,0
RoboFlamingo,2026052602,abc_d_fresh_sequence_1000seq_seed2026052602,533,4,0
RoboFlamingo,2026052602,abc_d_fresh_sequence_1000seq_seed2026052602,534,3,0
RoboFlamingo,2026052602,abc_d_fresh_sequence_1000seq_seed2026052602,535,0,0
RoboFlamingo,2026052602,abc_d_fresh_sequence_1000seq_seed2026052602,536,0,0
RoboFlamingo,2026052602,abc_d_fresh_sequence_1000seq_seed2026052602,537,4,0
RoboFlamingo,2026052602,abc_d_fresh_sequence_1000seq_seed2026052602,538,5,1
RoboFlamingo,2026052602,abc_d_fresh_sequence_1000seq_seed2026052602,539,3,0
RoboFlamingo,2026052602,abc_d_fresh_sequence_1000seq_seed2026052602,540,4,0
RoboFlamingo,2026052602,abc_d_fresh_sequence_1000seq_seed2026052602,541,3,0
RoboFlamingo,2026052602,abc_d_fresh_sequence_1000seq_seed2026052602,542,4,0
RoboFlamingo,2026052602,abc_d_fresh_sequence_1000seq_seed2026052602,543,1,0
RoboFlamingo,2026052602,abc_d_fresh_sequence_1000seq_seed2026052602,544,1,0
RoboFlamingo,2026052602,abc_d_fresh_sequence_1000seq_seed2026052602,545,0,0
RoboFlamingo,2026052602,abc_d_fresh_sequence_1000seq_seed2026052602,546,1,0
RoboFlamingo,2026052602,abc_d_fresh_sequence_1000seq_seed2026052602,547,5,1
RoboFlamingo,2026052602,abc_d_fresh_sequence_1000seq_seed2026052602,548,5,1
RoboFlamingo,2026052602,abc_d_fresh_sequence_1000seq_seed2026052602,549,3,0
RoboFlamingo,2026052602,abc_d_fresh_sequence_1000seq_seed2026052602,550,1,0
RoboFlamingo,2026052602,abc_d_fresh_sequence_1000seq_seed2026052602,551,1,0
RoboFlamingo,2026052602,abc_d_fresh_sequence_1000seq_seed2026052602,552,2,0
RoboFlamingo,2026052602,abc_d_fresh_sequence_1000seq_seed2026052602,553,4,0
RoboFlamingo,2026052602,abc_d_fresh_sequence_1000seq_seed2026052602,554,5,1
RoboFlamingo,2026052602,abc_d_fresh_sequence_1000seq_seed2026052602,555,1,0
RoboFlamingo,2026052602,abc_d_fresh_sequence_1000seq_seed2026052602,556,3,0
RoboFlamingo,2026052602,abc_d_fresh_sequence_1000seq_seed2026052602,557,1,0
RoboFlamingo,2026052602,abc_d_fresh_sequence_1000seq_seed2026052602,558,2,0
RoboFlamingo,2026052602,abc_d_fresh_sequence_1000seq_seed2026052602,559,0,0
RoboFlamingo,2026052602,abc_d_fresh_sequence_1000seq_seed2026052602,560,2,0
RoboFlamingo,2026052602,abc_d_fresh_sequence_1000seq_seed2026052602,561,5,1
RoboFlamingo,2026052602,abc_d_fresh_sequence_1000seq_seed2026052602,562,3,0
RoboFlamingo,2026052602,abc_d_fresh_sequence_1000seq_seed2026052602,563,1,0
RoboFlamingo,2026052602,abc_d_fresh_sequence_1000seq_seed2026052602,564,5,1
RoboFlamingo,2026052602,abc_d_fresh_sequence_1000seq_seed2026052602,565,2,0
RoboFlamingo,2026052602,abc_d_fresh_sequence_1000seq_seed2026052602,566,5,1
RoboFlamingo,2026052602,abc_d_fresh_sequence_1000seq_seed2026052602,567,2,0
RoboFlamingo,2026052602,abc_d_fresh_sequence_1000seq_seed2026052602,568,1,0
RoboFlamingo,2026052602,abc_d_fresh_sequence_1000seq_seed2026052602,569,0,0
RoboFlamingo,2026052602,abc_d_fresh_sequence_1000seq_seed2026052602,570,1,0
RoboFlamingo,2026052602,abc_d_fresh_sequence_1000seq_seed2026052602,571,0,0
RoboFlamingo,2026052602,abc_d_fresh_sequence_1000seq_seed2026052602,572,1,0
RoboFlamingo,2026052602,abc_d_fresh_sequence_1000seq_seed2026052602,573,1,0
RoboFlamingo,2026052602,abc_d_fresh_sequence_1000seq_seed2026052602,574,4,0
RoboFlamingo,2026052602,abc_d_fresh_sequence_1000seq_seed2026052602,575,0,0
RoboFlamingo,2026052602,abc_d_fresh_sequence_1000seq_seed2026052602,576,1,0
RoboFlamingo,2026052602,abc_d_fresh_sequence_1000seq_seed2026052602,577,1,0
RoboFlamingo,2026052602,abc_d_fresh_sequence_1000seq_seed2026052602,578,5,1
RoboFlamingo,2026052602,abc_d_fresh_sequence_1000seq_seed2026052602,579,1,0
RoboFlamingo,2026052602,abc_d_fresh_sequence_1000seq_seed2026052602,580,3,0
RoboFlamingo,2026052602,abc_d_fresh_sequence_1000seq_seed2026052602,581,0,0
RoboFlamingo,2026052602,abc_d_fresh_sequence_1000seq_seed2026052602,582,1,0
RoboFlamingo,2026052602,abc_d_fresh_sequence_1000seq_seed2026052602,583,0,0
RoboFlamingo,2026052602,abc_d_fresh_sequence_1000seq_seed2026052602,584,1,0
RoboFlamingo,2026052602,abc_d_fresh_sequence_1000seq_seed2026052602,585,1,0
RoboFlamingo,2026052602,abc_d_fresh_sequence_1000seq_seed2026052602,586,5,1
RoboFlamingo,2026052602,abc_d_fresh_sequence_1000seq_seed2026052602,587,5,1
RoboFlamingo,2026052602,abc_d_fresh_sequence_1000seq_seed2026052602,588,3,0
RoboFlamingo,2026052602,abc_d_fresh_sequence_1000seq_seed2026052602,589,3,0
RoboFlamingo,2026052602,abc_d_fresh_sequence_1000seq_seed2026052602,590,1,0
RoboFlamingo,2026052602,abc_d_fresh_sequence_1000seq_seed2026052602,591,5,1
RoboFlamingo,2026052602,abc_d_fresh_sequence_1000seq_seed2026052602,592,3,0
RoboFlamingo,2026052602,abc_d_fresh_sequence_1000seq_seed2026052602,593,0,0
RoboFlamingo,2026052602,abc_d_fresh_sequence_1000seq_seed2026052602,594,2,0
RoboFlamingo,2026052602,abc_d_fresh_sequence_1000seq_seed2026052602,595,0,0
RoboFlamingo,2026052602,abc_d_fresh_sequence_1000seq_seed2026052602,596,1,0
RoboFlamingo,2026052602,abc_d_fresh_sequence_1000seq_seed2026052602,597,4,0
RoboFlamingo,2026052602,abc_d_fresh_sequence_1000seq_seed2026052602,598,0,0
RoboFlamingo,2026052602,abc_d_fresh_sequence_1000seq_seed2026052602,599,0,0
RoboFlamingo,2026052602,abc_d_fresh_sequence_1000seq_seed2026052602,600,3,0
RoboFlamingo,2026052602,abc_d_fresh_sequence_1000seq_seed2026052602,601,0,0
RoboFlamingo,2026052602,abc_d_fresh_sequence_1000seq_seed2026052602,602,5,1
RoboFlamingo,2026052602,abc_d_fresh_sequence_1000seq_seed2026052602,603,2,0
RoboFlamingo,2026052602,abc_d_fresh_sequence_1000seq_seed2026052602,604,2,0
RoboFlamingo,2026052602,abc_d_fresh_sequence_1000seq_seed2026052602,605,2,0
RoboFlamingo,2026052602,abc_d_fresh_sequence_1000seq_seed2026052602,606,4,0
RoboFlamingo,2026052602,abc_d_fresh_sequence_1000seq_seed2026052602,607,0,0
RoboFlamingo,2026052602,abc_d_fresh_sequence_1000seq_seed2026052602,608,2,0
RoboFlamingo,2026052602,abc_d_fresh_sequence_1000seq_seed2026052602,609,0,0
RoboFlamingo,2026052602,abc_d_fresh_sequence_1000seq_seed2026052602,610,1,0
RoboFlamingo,2026052602,abc_d_fresh_sequence_1000seq_seed2026052602,611,5,1
RoboFlamingo,2026052602,abc_d_fresh_sequence_1000seq_seed2026052602,612,0,0
RoboFlamingo,2026052602,abc_d_fresh_sequence_1000seq_seed2026052602,613,3,0
RoboFlamingo,2026052602,abc_d_fresh_sequence_1000seq_seed2026052602,614,2,0
RoboFlamingo,2026052602,abc_d_fresh_sequence_1000seq_seed2026052602,615,2,0
RoboFlamingo,2026052602,abc_d_fresh_sequence_1000seq_seed2026052602,616,5,1
RoboFlamingo,2026052602,abc_d_fresh_sequence_1000seq_seed2026052602,617,0,0
RoboFlamingo,2026052602,abc_d_fresh_sequence_1000seq_seed2026052602,618,0,0
RoboFlamingo,2026052602,abc_d_fresh_sequence_1000seq_seed2026052602,619,0,0
RoboFlamingo,2026052602,abc_d_fresh_sequence_1000seq_seed2026052602,620,5,1
RoboFlamingo,2026052602,abc_d_fresh_sequence_1000seq_seed2026052602,621,5,1
RoboFlamingo,2026052602,abc_d_fresh_sequence_1000seq_seed2026052602,622,3,0
RoboFlamingo,2026052602,abc_d_fresh_sequence_1000seq_seed2026052602,623,1,0
RoboFlamingo,2026052602,abc_d_fresh_sequence_1000seq_seed2026052602,624,4,0
RoboFlamingo,2026052602,abc_d_fresh_sequence_1000seq_seed2026052602,625,1,0
RoboFlamingo,2026052602,abc_d_fresh_sequence_1000seq_seed2026052602,626,5,1
RoboFlamingo,2026052602,abc_d_fresh_sequence_1000seq_seed2026052602,627,2,0
RoboFlamingo,2026052602,abc_d_fresh_sequence_1000seq_seed2026052602,628,3,0
RoboFlamingo,2026052602,abc_d_fresh_sequence_1000seq_seed2026052602,629,0,0
RoboFlamingo,2026052602,abc_d_fresh_sequence_1000seq_seed2026052602,630,2,0
RoboFlamingo,2026052602,abc_d_fresh_sequence_1000seq_seed2026052602,631,0,0
RoboFlamingo,2026052602,abc_d_fresh_sequence_1000seq_seed2026052602,632,4,0
RoboFlamingo,2026052602,abc_d_fresh_sequence_1000seq_seed2026052602,633,2,0
RoboFlamingo,2026052602,abc_d_fresh_sequence_1000seq_seed2026052602,634,1,0
RoboFlamingo,2026052602,abc_d_fresh_sequence_1000seq_seed2026052602,635,3,0
RoboFlamingo,2026052602,abc_d_fresh_sequence_1000seq_seed2026052602,636,0,0
RoboFlamingo,2026052602,abc_d_fresh_sequence_1000seq_seed2026052602,637,2,0
RoboFlamingo,2026052602,abc_d_fresh_sequence_1000seq_seed2026052602,638,5,1
RoboFlamingo,2026052602,abc_d_fresh_sequence_1000seq_seed2026052602,639,3,0
RoboFlamingo,2026052602,abc_d_fresh_sequence_1000seq_seed2026052602,640,0,0
RoboFlamingo,2026052602,abc_d_fresh_sequence_1000seq_seed2026052602,641,1,0
RoboFlamingo,2026052602,abc_d_fresh_sequence_1000seq_seed2026052602,642,5,1
RoboFlamingo,2026052602,abc_d_fresh_sequence_1000seq_seed2026052602,643,2,0
RoboFlamingo,2026052602,abc_d_fresh_sequence_1000seq_seed2026052602,644,4,0
RoboFlamingo,2026052602,abc_d_fresh_sequence_1000seq_seed2026052602,645,4,0
RoboFlamingo,2026052602,abc_d_fresh_sequence_1000seq_seed2026052602,646,5,1
RoboFlamingo,2026052602,abc_d_fresh_sequence_1000seq_seed2026052602,647,1,0
RoboFlamingo,2026052602,abc_d_fresh_sequence_1000seq_seed2026052602,648,2,0
RoboFlamingo,2026052602,abc_d_fresh_sequence_1000seq_seed2026052602,649,1,0
RoboFlamingo,2026052602,abc_d_fresh_sequence_1000seq_seed2026052602,650,0,0
RoboFlamingo,2026052602,abc_d_fresh_sequence_1000seq_seed2026052602,651,1,0
RoboFlamingo,2026052602,abc_d_fresh_sequence_1000seq_seed2026052602,652,2,0
RoboFlamingo,2026052602,abc_d_fresh_sequence_1000seq_seed2026052602,653,0,0
RoboFlamingo,2026052602,abc_d_fresh_sequence_1000seq_seed2026052602,654,0,0
RoboFlamingo,2026052602,abc_d_fresh_sequence_1000seq_seed2026052602,655,4,0
RoboFlamingo,2026052602,abc_d_fresh_sequence_1000seq_seed2026052602,656,2,0
RoboFlamingo,2026052602,abc_d_fresh_sequence_1000seq_seed2026052602,657,1,0
RoboFlamingo,2026052602,abc_d_fresh_sequence_1000seq_seed2026052602,658,4,0
RoboFlamingo,2026052602,abc_d_fresh_sequence_1000seq_seed2026052602,659,4,0
RoboFlamingo,2026052602,abc_d_fresh_sequence_1000seq_seed2026052602,660,5,1
RoboFlamingo,2026052602,abc_d_fresh_sequence_1000seq_seed2026052602,661,5,1
RoboFlamingo,2026052602,abc_d_fresh_sequence_1000seq_seed2026052602,662,4,0
RoboFlamingo,2026052602,abc_d_fresh_sequence_1000seq_seed2026052602,663,1,0
RoboFlamingo,2026052602,abc_d_fresh_sequence_1000seq_seed2026052602,664,1,0
RoboFlamingo,2026052602,abc_d_fresh_sequence_1000seq_seed2026052602,665,1,0
RoboFlamingo,2026052602,abc_d_fresh_sequence_1000seq_seed2026052602,666,3,0
RoboFlamingo,2026052602,abc_d_fresh_sequence_1000seq_seed2026052602,667,3,0
RoboFlamingo,2026052602,abc_d_fresh_sequence_1000seq_seed2026052602,668,3,0
RoboFlamingo,2026052602,abc_d_fresh_sequence_1000seq_seed2026052602,669,1,0
RoboFlamingo,2026052602,abc_d_fresh_sequence_1000seq_seed2026052602,670,4,0
RoboFlamingo,2026052602,abc_d_fresh_sequence_1000seq_seed2026052602,671,5,1
RoboFlamingo,2026052602,abc_d_fresh_sequence_1000seq_seed2026052602,672,4,0
RoboFlamingo,2026052602,abc_d_fresh_sequence_1000seq_seed2026052602,673,4,0
RoboFlamingo,2026052602,abc_d_fresh_sequence_1000seq_seed2026052602,674,0,0
RoboFlamingo,2026052602,abc_d_fresh_sequence_1000seq_seed2026052602,675,5,1
RoboFlamingo,2026052602,abc_d_fresh_sequence_1000seq_seed2026052602,676,1,0
RoboFlamingo,2026052602,abc_d_fresh_sequence_1000seq_seed2026052602,677,0,0
RoboFlamingo,2026052602,abc_d_fresh_sequence_1000seq_seed2026052602,678,0,0
RoboFlamingo,2026052602,abc_d_fresh_sequence_1000seq_seed2026052602,679,0,0
RoboFlamingo,2026052602,abc_d_fresh_sequence_1000seq_seed2026052602,680,4,0
RoboFlamingo,2026052602,abc_d_fresh_sequence_1000seq_seed2026052602,681,3,0
RoboFlamingo,2026052602,abc_d_fresh_sequence_1000seq_seed2026052602,682,0,0
RoboFlamingo,2026052602,abc_d_fresh_sequence_1000seq_seed2026052602,683,0,0
RoboFlamingo,2026052602,abc_d_fresh_sequence_1000seq_seed2026052602,684,3,0
RoboFlamingo,2026052602,abc_d_fresh_sequence_1000seq_seed2026052602,685,1,0
RoboFlamingo,2026052602,abc_d_fresh_sequence_1000seq_seed2026052602,686,2,0
RoboFlamingo,2026052602,abc_d_fresh_sequence_1000seq_seed2026052602,687,1,0
RoboFlamingo,2026052602,abc_d_fresh_sequence_1000seq_seed2026052602,688,2,0
RoboFlamingo,2026052602,abc_d_fresh_sequence_1000seq_seed2026052602,689,0,0
RoboFlamingo,2026052602,abc_d_fresh_sequence_1000seq_seed2026052602,690,4,0
RoboFlamingo,2026052602,abc_d_fresh_sequence_1000seq_seed2026052602,691,1,0
RoboFlamingo,2026052602,abc_d_fresh_sequence_1000seq_seed2026052602,692,2,0
RoboFlamingo,2026052602,abc_d_fresh_sequence_1000seq_seed2026052602,693,3,0
RoboFlamingo,2026052602,abc_d_fresh_sequence_1000seq_seed2026052602,694,0,0
RoboFlamingo,2026052602,abc_d_fresh_sequence_1000seq_seed2026052602,695,2,0
RoboFlamingo,2026052602,abc_d_fresh_sequence_1000seq_seed2026052602,696,3,0
RoboFlamingo,2026052602,abc_d_fresh_sequence_1000seq_seed2026052602,697,2,0
RoboFlamingo,2026052602,abc_d_fresh_sequence_1000seq_seed2026052602,698,5,1
RoboFlamingo,2026052602,abc_d_fresh_sequence_1000seq_seed2026052602,699,1,0
RoboFlamingo,2026052602,abc_d_fresh_sequence_1000seq_seed2026052602,700,0,0
RoboFlamingo,2026052602,abc_d_fresh_sequence_1000seq_seed2026052602,701,1,0
RoboFlamingo,2026052602,abc_d_fresh_sequence_1000seq_seed2026052602,702,1,0
RoboFlamingo,2026052602,abc_d_fresh_sequence_1000seq_seed2026052602,703,0,0
RoboFlamingo,2026052602,abc_d_fresh_sequence_1000seq_seed2026052602,704,2,0
RoboFlamingo,2026052602,abc_d_fresh_sequence_1000seq_seed2026052602,705,5,1
RoboFlamingo,2026052602,abc_d_fresh_sequence_1000seq_seed2026052602,706,2,0
RoboFlamingo,2026052602,abc_d_fresh_sequence_1000seq_seed2026052602,707,1,0
RoboFlamingo,2026052602,abc_d_fresh_sequence_1000seq_seed2026052602,708,5,1
RoboFlamingo,2026052602,abc_d_fresh_sequence_1000seq_seed2026052602,709,0,0
RoboFlamingo,2026052602,abc_d_fresh_sequence_1000seq_seed2026052602,710,5,1
RoboFlamingo,2026052602,abc_d_fresh_sequence_1000seq_seed2026052602,711,0,0
RoboFlamingo,2026052602,abc_d_fresh_sequence_1000seq_seed2026052602,712,2,0
RoboFlamingo,2026052602,abc_d_fresh_sequence_1000seq_seed2026052602,713,3,0
RoboFlamingo,2026052602,abc_d_fresh_sequence_1000seq_seed2026052602,714,5,1
RoboFlamingo,2026052602,abc_d_fresh_sequence_1000seq_seed2026052602,715,0,0
RoboFlamingo,2026052602,abc_d_fresh_sequence_1000seq_seed2026052602,716,0,0
RoboFlamingo,2026052602,abc_d_fresh_sequence_1000seq_seed2026052602,717,5,1
RoboFlamingo,2026052602,abc_d_fresh_sequence_1000seq_seed2026052602,718,5,1
RoboFlamingo,2026052602,abc_d_fresh_sequence_1000seq_seed2026052602,719,5,1
RoboFlamingo,2026052602,abc_d_fresh_sequence_1000seq_seed2026052602,720,5,1
RoboFlamingo,2026052602,abc_d_fresh_sequence_1000seq_seed2026052602,721,2,0
RoboFlamingo,2026052602,abc_d_fresh_sequence_1000seq_seed2026052602,722,4,0
RoboFlamingo,2026052602,abc_d_fresh_sequence_1000seq_seed2026052602,723,4,0
RoboFlamingo,2026052602,abc_d_fresh_sequence_1000seq_seed2026052602,724,1,0
RoboFlamingo,2026052602,abc_d_fresh_sequence_1000seq_seed2026052602,725,5,1
RoboFlamingo,2026052602,abc_d_fresh_sequence_1000seq_seed2026052602,726,3,0
RoboFlamingo,2026052602,abc_d_fresh_sequence_1000seq_seed2026052602,727,0,0
RoboFlamingo,2026052602,abc_d_fresh_sequence_1000seq_seed2026052602,728,1,0
RoboFlamingo,2026052602,abc_d_fresh_sequence_1000seq_seed2026052602,729,3,0
RoboFlamingo,2026052602,abc_d_fresh_sequence_1000seq_seed2026052602,730,3,0
RoboFlamingo,2026052602,abc_d_fresh_sequence_1000seq_seed2026052602,731,0,0
RoboFlamingo,2026052602,abc_d_fresh_sequence_1000seq_seed2026052602,732,5,1
RoboFlamingo,2026052602,abc_d_fresh_sequence_1000seq_seed2026052602,733,1,0
RoboFlamingo,2026052602,abc_d_fresh_sequence_1000seq_seed2026052602,734,1,0
RoboFlamingo,2026052602,abc_d_fresh_sequence_1000seq_seed2026052602,735,0,0
RoboFlamingo,2026052602,abc_d_fresh_sequence_1000seq_seed2026052602,736,3,0
RoboFlamingo,2026052602,abc_d_fresh_sequence_1000seq_seed2026052602,737,0,0
RoboFlamingo,2026052602,abc_d_fresh_sequence_1000seq_seed2026052602,738,0,0
RoboFlamingo,2026052602,abc_d_fresh_sequence_1000seq_seed2026052602,739,2,0
RoboFlamingo,2026052602,abc_d_fresh_sequence_1000seq_seed2026052602,740,0,0
RoboFlamingo,2026052602,abc_d_fresh_sequence_1000seq_seed2026052602,741,0,0
RoboFlamingo,2026052602,abc_d_fresh_sequence_1000seq_seed2026052602,742,4,0
RoboFlamingo,2026052602,abc_d_fresh_sequence_1000seq_seed2026052602,743,0,0
RoboFlamingo,2026052602,abc_d_fresh_sequence_1000seq_seed2026052602,744,4,0
RoboFlamingo,2026052602,abc_d_fresh_sequence_1000seq_seed2026052602,745,5,1
RoboFlamingo,2026052602,abc_d_fresh_sequence_1000seq_seed2026052602,746,0,0
RoboFlamingo,2026052602,abc_d_fresh_sequence_1000seq_seed2026052602,747,5,1
RoboFlamingo,2026052602,abc_d_fresh_sequence_1000seq_seed2026052602,748,1,0
RoboFlamingo,2026052602,abc_d_fresh_sequence_1000seq_seed2026052602,749,1,0
RoboFlamingo,2026052602,abc_d_fresh_sequence_1000seq_seed2026052602,750,0,0
RoboFlamingo,2026052602,abc_d_fresh_sequence_1000seq_seed2026052602,751,3,0
RoboFlamingo,2026052602,abc_d_fresh_sequence_1000seq_seed2026052602,752,5,1
RoboFlamingo,2026052602,abc_d_fresh_sequence_1000seq_seed2026052602,753,0,0
RoboFlamingo,2026052602,abc_d_fresh_sequence_1000seq_seed2026052602,754,2,0
RoboFlamingo,2026052602,abc_d_fresh_sequence_1000seq_seed2026052602,755,0,0
RoboFlamingo,2026052602,abc_d_fresh_sequence_1000seq_seed2026052602,756,1,0
RoboFlamingo,2026052602,abc_d_fresh_sequence_1000seq_seed2026052602,757,2,0
RoboFlamingo,2026052602,abc_d_fresh_sequence_1000seq_seed2026052602,758,5,1
RoboFlamingo,2026052602,abc_d_fresh_sequence_1000seq_seed2026052602,759,2,0
RoboFlamingo,2026052602,abc_d_fresh_sequence_1000seq_seed2026052602,760,3,0
RoboFlamingo,2026052602,abc_d_fresh_sequence_1000seq_seed2026052602,761,2,0
RoboFlamingo,2026052602,abc_d_fresh_sequence_1000seq_seed2026052602,762,4,0
RoboFlamingo,2026052602,abc_d_fresh_sequence_1000seq_seed2026052602,763,1,0
RoboFlamingo,2026052602,abc_d_fresh_sequence_1000seq_seed2026052602,764,3,0
RoboFlamingo,2026052602,abc_d_fresh_sequence_1000seq_seed2026052602,765,2,0
RoboFlamingo,2026052602,abc_d_fresh_sequence_1000seq_seed2026052602,766,3,0
RoboFlamingo,2026052602,abc_d_fresh_sequence_1000seq_seed2026052602,767,5,1
RoboFlamingo,2026052602,abc_d_fresh_sequence_1000seq_seed2026052602,768,1,0
RoboFlamingo,2026052602,abc_d_fresh_sequence_1000seq_seed2026052602,769,0,0
RoboFlamingo,2026052602,abc_d_fresh_sequence_1000seq_seed2026052602,770,4,0
RoboFlamingo,2026052602,abc_d_fresh_sequence_1000seq_seed2026052602,771,3,0
RoboFlamingo,2026052602,abc_d_fresh_sequence_1000seq_seed2026052602,772,3,0
RoboFlamingo,2026052602,abc_d_fresh_sequence_1000seq_seed2026052602,773,0,0
RoboFlamingo,2026052602,abc_d_fresh_sequence_1000seq_seed2026052602,774,2,0
RoboFlamingo,2026052602,abc_d_fresh_sequence_1000seq_seed2026052602,775,2,0
RoboFlamingo,2026052602,abc_d_fresh_sequence_1000seq_seed2026052602,776,4,0
RoboFlamingo,2026052602,abc_d_fresh_sequence_1000seq_seed2026052602,777,2,0
RoboFlamingo,2026052602,abc_d_fresh_sequence_1000seq_seed2026052602,778,3,0
RoboFlamingo,2026052602,abc_d_fresh_sequence_1000seq_seed2026052602,779,4,0
RoboFlamingo,2026052602,abc_d_fresh_sequence_1000seq_seed2026052602,780,1,0
RoboFlamingo,2026052602,abc_d_fresh_sequence_1000seq_seed2026052602,781,1,0
RoboFlamingo,2026052602,abc_d_fresh_sequence_1000seq_seed2026052602,782,0,0
RoboFlamingo,2026052602,abc_d_fresh_sequence_1000seq_seed2026052602,783,4,0
RoboFlamingo,2026052602,abc_d_fresh_sequence_1000seq_seed2026052602,784,0,0
RoboFlamingo,2026052602,abc_d_fresh_sequence_1000seq_seed2026052602,785,5,1
RoboFlamingo,2026052602,abc_d_fresh_sequence_1000seq_seed2026052602,786,5,1
RoboFlamingo,2026052602,abc_d_fresh_sequence_1000seq_seed2026052602,787,4,0
RoboFlamingo,2026052602,abc_d_fresh_sequence_1000seq_seed2026052602,788,5,1
RoboFlamingo,2026052602,abc_d_fresh_sequence_1000seq_seed2026052602,789,0,0
RoboFlamingo,2026052602,abc_d_fresh_sequence_1000seq_seed2026052602,790,4,0
RoboFlamingo,2026052602,abc_d_fresh_sequence_1000seq_seed2026052602,791,3,0
RoboFlamingo,2026052602,abc_d_fresh_sequence_1000seq_seed2026052602,792,5,1
RoboFlamingo,2026052602,abc_d_fresh_sequence_1000seq_seed2026052602,793,0,0
RoboFlamingo,2026052602,abc_d_fresh_sequence_1000seq_seed2026052602,794,0,0
RoboFlamingo,2026052602,abc_d_fresh_sequence_1000seq_seed2026052602,795,2,0
RoboFlamingo,2026052602,abc_d_fresh_sequence_1000seq_seed2026052602,796,2,0
RoboFlamingo,2026052602,abc_d_fresh_sequence_1000seq_seed2026052602,797,1,0
RoboFlamingo,2026052602,abc_d_fresh_sequence_1000seq_seed2026052602,798,0,0
RoboFlamingo,2026052602,abc_d_fresh_sequence_1000seq_seed2026052602,799,3,0
RoboFlamingo,2026052602,abc_d_fresh_sequence_1000seq_seed2026052602,800,0,0
RoboFlamingo,2026052602,abc_d_fresh_sequence_1000seq_seed2026052602,801,0,0
RoboFlamingo,2026052602,abc_d_fresh_sequence_1000seq_seed2026052602,802,5,1
RoboFlamingo,2026052602,abc_d_fresh_sequence_1000seq_seed2026052602,803,4,0
RoboFlamingo,2026052602,abc_d_fresh_sequence_1000seq_seed2026052602,804,3,0
RoboFlamingo,2026052602,abc_d_fresh_sequence_1000seq_seed2026052602,805,0,0
RoboFlamingo,2026052602,abc_d_fresh_sequence_1000seq_seed2026052602,806,5,1
RoboFlamingo,2026052602,abc_d_fresh_sequence_1000seq_seed2026052602,807,2,0
RoboFlamingo,2026052602,abc_d_fresh_sequence_1000seq_seed2026052602,808,1,0
RoboFlamingo,2026052602,abc_d_fresh_sequence_1000seq_seed2026052602,809,5,1
RoboFlamingo,2026052602,abc_d_fresh_sequence_1000seq_seed2026052602,810,4,0
RoboFlamingo,2026052602,abc_d_fresh_sequence_1000seq_seed2026052602,811,2,0
RoboFlamingo,2026052602,abc_d_fresh_sequence_1000seq_seed2026052602,812,1,0
RoboFlamingo,2026052602,abc_d_fresh_sequence_1000seq_seed2026052602,813,5,1
RoboFlamingo,2026052602,abc_d_fresh_sequence_1000seq_seed2026052602,814,1,0
RoboFlamingo,2026052602,abc_d_fresh_sequence_1000seq_seed2026052602,815,4,0
RoboFlamingo,2026052602,abc_d_fresh_sequence_1000seq_seed2026052602,816,2,0
RoboFlamingo,2026052602,abc_d_fresh_sequence_1000seq_seed2026052602,817,5,1
RoboFlamingo,2026052602,abc_d_fresh_sequence_1000seq_seed2026052602,818,0,0
RoboFlamingo,2026052602,abc_d_fresh_sequence_1000seq_seed2026052602,819,0,0
RoboFlamingo,2026052602,abc_d_fresh_sequence_1000seq_seed2026052602,820,5,1
RoboFlamingo,2026052602,abc_d_fresh_sequence_1000seq_seed2026052602,821,1,0
RoboFlamingo,2026052602,abc_d_fresh_sequence_1000seq_seed2026052602,822,4,0
RoboFlamingo,2026052602,abc_d_fresh_sequence_1000seq_seed2026052602,823,3,0
RoboFlamingo,2026052602,abc_d_fresh_sequence_1000seq_seed2026052602,824,1,0
RoboFlamingo,2026052602,abc_d_fresh_sequence_1000seq_seed2026052602,825,3,0
RoboFlamingo,2026052602,abc_d_fresh_sequence_1000seq_seed2026052602,826,0,0
RoboFlamingo,2026052602,abc_d_fresh_sequence_1000seq_seed2026052602,827,0,0
RoboFlamingo,2026052602,abc_d_fresh_sequence_1000seq_seed2026052602,828,5,1
RoboFlamingo,2026052602,abc_d_fresh_sequence_1000seq_seed2026052602,829,0,0
RoboFlamingo,2026052602,abc_d_fresh_sequence_1000seq_seed2026052602,830,1,0
RoboFlamingo,2026052602,abc_d_fresh_sequence_1000seq_seed2026052602,831,1,0
RoboFlamingo,2026052602,abc_d_fresh_sequence_1000seq_seed2026052602,832,3,0
RoboFlamingo,2026052602,abc_d_fresh_sequence_1000seq_seed2026052602,833,5,1
RoboFlamingo,2026052602,abc_d_fresh_sequence_1000seq_seed2026052602,834,2,0
RoboFlamingo,2026052602,abc_d_fresh_sequence_1000seq_seed2026052602,835,0,0
RoboFlamingo,2026052602,abc_d_fresh_sequence_1000seq_seed2026052602,836,3,0
RoboFlamingo,2026052602,abc_d_fresh_sequence_1000seq_seed2026052602,837,5,1
RoboFlamingo,2026052602,abc_d_fresh_sequence_1000seq_seed2026052602,838,3,0
RoboFlamingo,2026052602,abc_d_fresh_sequence_1000seq_seed2026052602,839,4,0
RoboFlamingo,2026052602,abc_d_fresh_sequence_1000seq_seed2026052602,840,1,0
RoboFlamingo,2026052602,abc_d_fresh_sequence_1000seq_seed2026052602,841,0,0
RoboFlamingo,2026052602,abc_d_fresh_sequence_1000seq_seed2026052602,842,1,0
RoboFlamingo,2026052602,abc_d_fresh_sequence_1000seq_seed2026052602,843,3,0
RoboFlamingo,2026052602,abc_d_fresh_sequence_1000seq_seed2026052602,844,2,0
RoboFlamingo,2026052602,abc_d_fresh_sequence_1000seq_seed2026052602,845,5,1
RoboFlamingo,2026052602,abc_d_fresh_sequence_1000seq_seed2026052602,846,5,1
RoboFlamingo,2026052602,abc_d_fresh_sequence_1000seq_seed2026052602,847,4,0
RoboFlamingo,2026052602,abc_d_fresh_sequence_1000seq_seed2026052602,848,0,0
RoboFlamingo,2026052602,abc_d_fresh_sequence_1000seq_seed2026052602,849,5,1
RoboFlamingo,2026052602,abc_d_fresh_sequence_1000seq_seed2026052602,850,1,0
RoboFlamingo,2026052602,abc_d_fresh_sequence_1000seq_seed2026052602,851,5,1
RoboFlamingo,2026052602,abc_d_fresh_sequence_1000seq_seed2026052602,852,2,0
RoboFlamingo,2026052602,abc_d_fresh_sequence_1000seq_seed2026052602,853,0,0
RoboFlamingo,2026052602,abc_d_fresh_sequence_1000seq_seed2026052602,854,2,0
RoboFlamingo,2026052602,abc_d_fresh_sequence_1000seq_seed2026052602,855,0,0
RoboFlamingo,2026052602,abc_d_fresh_sequence_1000seq_seed2026052602,856,3,0
RoboFlamingo,2026052602,abc_d_fresh_sequence_1000seq_seed2026052602,857,4,0
RoboFlamingo,2026052602,abc_d_fresh_sequence_1000seq_seed2026052602,858,5,1
RoboFlamingo,2026052602,abc_d_fresh_sequence_1000seq_seed2026052602,859,5,1
RoboFlamingo,2026052602,abc_d_fresh_sequence_1000seq_seed2026052602,860,4,0
RoboFlamingo,2026052602,abc_d_fresh_sequence_1000seq_seed2026052602,861,0,0
RoboFlamingo,2026052602,abc_d_fresh_sequence_1000seq_seed2026052602,862,5,1
RoboFlamingo,2026052602,abc_d_fresh_sequence_1000seq_seed2026052602,863,4,0
RoboFlamingo,2026052602,abc_d_fresh_sequence_1000seq_seed2026052602,864,4,0
RoboFlamingo,2026052602,abc_d_fresh_sequence_1000seq_seed2026052602,865,2,0
RoboFlamingo,2026052602,abc_d_fresh_sequence_1000seq_seed2026052602,866,0,0
RoboFlamingo,2026052602,abc_d_fresh_sequence_1000seq_seed2026052602,867,0,0
RoboFlamingo,2026052602,abc_d_fresh_sequence_1000seq_seed2026052602,868,1,0
RoboFlamingo,2026052602,abc_d_fresh_sequence_1000seq_seed2026052602,869,1,0
RoboFlamingo,2026052602,abc_d_fresh_sequence_1000seq_seed2026052602,870,4,0
RoboFlamingo,2026052602,abc_d_fresh_sequence_1000seq_seed2026052602,871,5,1
RoboFlamingo,2026052602,abc_d_fresh_sequence_1000seq_seed2026052602,872,5,1
RoboFlamingo,2026052602,abc_d_fresh_sequence_1000seq_seed2026052602,873,4,0
RoboFlamingo,2026052602,abc_d_fresh_sequence_1000seq_seed2026052602,874,2,0
RoboFlamingo,2026052602,abc_d_fresh_sequence_1000seq_seed2026052602,875,4,0
RoboFlamingo,2026052602,abc_d_fresh_sequence_1000seq_seed2026052602,876,4,0
RoboFlamingo,2026052602,abc_d_fresh_sequence_1000seq_seed2026052602,877,0,0
RoboFlamingo,2026052602,abc_d_fresh_sequence_1000seq_seed2026052602,878,4,0
RoboFlamingo,2026052602,abc_d_fresh_sequence_1000seq_seed2026052602,879,1,0
RoboFlamingo,2026052602,abc_d_fresh_sequence_1000seq_seed2026052602,880,4,0
RoboFlamingo,2026052602,abc_d_fresh_sequence_1000seq_seed2026052602,881,5,1
RoboFlamingo,2026052602,abc_d_fresh_sequence_1000seq_seed2026052602,882,0,0
RoboFlamingo,2026052602,abc_d_fresh_sequence_1000seq_seed2026052602,883,3,0
RoboFlamingo,2026052602,abc_d_fresh_sequence_1000seq_seed2026052602,884,1,0
RoboFlamingo,2026052602,abc_d_fresh_sequence_1000seq_seed2026052602,885,1,0
RoboFlamingo,2026052602,abc_d_fresh_sequence_1000seq_seed2026052602,886,2,0
RoboFlamingo,2026052602,abc_d_fresh_sequence_1000seq_seed2026052602,887,5,1
RoboFlamingo,2026052602,abc_d_fresh_sequence_1000seq_seed2026052602,888,3,0
RoboFlamingo,2026052602,abc_d_fresh_sequence_1000seq_seed2026052602,889,5,1
RoboFlamingo,2026052602,abc_d_fresh_sequence_1000seq_seed2026052602,890,4,0
RoboFlamingo,2026052602,abc_d_fresh_sequence_1000seq_seed2026052602,891,2,0
RoboFlamingo,2026052602,abc_d_fresh_sequence_1000seq_seed2026052602,892,2,0
RoboFlamingo,2026052602,abc_d_fresh_sequence_1000seq_seed2026052602,893,5,1
RoboFlamingo,2026052602,abc_d_fresh_sequence_1000seq_seed2026052602,894,5,1
RoboFlamingo,2026052602,abc_d_fresh_sequence_1000seq_seed2026052602,895,5,1
RoboFlamingo,2026052602,abc_d_fresh_sequence_1000seq_seed2026052602,896,4,0
RoboFlamingo,2026052602,abc_d_fresh_sequence_1000seq_seed2026052602,897,0,0
RoboFlamingo,2026052602,abc_d_fresh_sequence_1000seq_seed2026052602,898,0,0
RoboFlamingo,2026052602,abc_d_fresh_sequence_1000seq_seed2026052602,899,1,0
RoboFlamingo,2026052602,abc_d_fresh_sequence_1000seq_seed2026052602,900,5,1
RoboFlamingo,2026052602,abc_d_fresh_sequence_1000seq_seed2026052602,901,0,0
RoboFlamingo,2026052602,abc_d_fresh_sequence_1000seq_seed2026052602,902,5,1
RoboFlamingo,2026052602,abc_d_fresh_sequence_1000seq_seed2026052602,903,4,0
RoboFlamingo,2026052602,abc_d_fresh_sequence_1000seq_seed2026052602,904,4,0
RoboFlamingo,2026052602,abc_d_fresh_sequence_1000seq_seed2026052602,905,1,0
RoboFlamingo,2026052602,abc_d_fresh_sequence_1000seq_seed2026052602,906,4,0
RoboFlamingo,2026052602,abc_d_fresh_sequence_1000seq_seed2026052602,907,5,1
RoboFlamingo,2026052602,abc_d_fresh_sequence_1000seq_seed2026052602,908,2,0
RoboFlamingo,2026052602,abc_d_fresh_sequence_1000seq_seed2026052602,909,5,1
RoboFlamingo,2026052602,abc_d_fresh_sequence_1000seq_seed2026052602,910,3,0
RoboFlamingo,2026052602,abc_d_fresh_sequence_1000seq_seed2026052602,911,1,0
RoboFlamingo,2026052602,abc_d_fresh_sequence_1000seq_seed2026052602,912,2,0
RoboFlamingo,2026052602,abc_d_fresh_sequence_1000seq_seed2026052602,913,1,0
RoboFlamingo,2026052602,abc_d_fresh_sequence_1000seq_seed2026052602,914,1,0
RoboFlamingo,2026052602,abc_d_fresh_sequence_1000seq_seed2026052602,915,0,0
RoboFlamingo,2026052602,abc_d_fresh_sequence_1000seq_seed2026052602,916,3,0
RoboFlamingo,2026052602,abc_d_fresh_sequence_1000seq_seed2026052602,917,5,1
RoboFlamingo,2026052602,abc_d_fresh_sequence_1000seq_seed2026052602,918,1,0
RoboFlamingo,2026052602,abc_d_fresh_sequence_1000seq_seed2026052602,919,5,1
RoboFlamingo,2026052602,abc_d_fresh_sequence_1000seq_seed2026052602,920,5,1
RoboFlamingo,2026052602,abc_d_fresh_sequence_1000seq_seed2026052602,921,1,0
RoboFlamingo,2026052602,abc_d_fresh_sequence_1000seq_seed2026052602,922,3,0
RoboFlamingo,2026052602,abc_d_fresh_sequence_1000seq_seed2026052602,923,3,0
RoboFlamingo,2026052602,abc_d_fresh_sequence_1000seq_seed2026052602,924,5,1
RoboFlamingo,2026052602,abc_d_fresh_sequence_1000seq_seed2026052602,925,5,1
RoboFlamingo,2026052602,abc_d_fresh_sequence_1000seq_seed2026052602,926,1,0
RoboFlamingo,2026052602,abc_d_fresh_sequence_1000seq_seed2026052602,927,5,1
RoboFlamingo,2026052602,abc_d_fresh_sequence_1000seq_seed2026052602,928,3,0
RoboFlamingo,2026052602,abc_d_fresh_sequence_1000seq_seed2026052602,929,1,0
RoboFlamingo,2026052602,abc_d_fresh_sequence_1000seq_seed2026052602,930,2,0
RoboFlamingo,2026052602,abc_d_fresh_sequence_1000seq_seed2026052602,931,4,0
RoboFlamingo,2026052602,abc_d_fresh_sequence_1000seq_seed2026052602,932,5,1
RoboFlamingo,2026052602,abc_d_fresh_sequence_1000seq_seed2026052602,933,5,1
RoboFlamingo,2026052602,abc_d_fresh_sequence_1000seq_seed2026052602,934,2,0
RoboFlamingo,2026052602,abc_d_fresh_sequence_1000seq_seed2026052602,935,2,0
RoboFlamingo,2026052602,abc_d_fresh_sequence_1000seq_seed2026052602,936,4,0
RoboFlamingo,2026052602,abc_d_fresh_sequence_1000seq_seed2026052602,937,1,0
RoboFlamingo,2026052602,abc_d_fresh_sequence_1000seq_seed2026052602,938,1,0
RoboFlamingo,2026052602,abc_d_fresh_sequence_1000seq_seed2026052602,939,0,0
RoboFlamingo,2026052602,abc_d_fresh_sequence_1000seq_seed2026052602,940,5,1
RoboFlamingo,2026052602,abc_d_fresh_sequence_1000seq_seed2026052602,941,1,0
RoboFlamingo,2026052602,abc_d_fresh_sequence_1000seq_seed2026052602,942,3,0
RoboFlamingo,2026052602,abc_d_fresh_sequence_1000seq_seed2026052602,943,5,1
RoboFlamingo,2026052602,abc_d_fresh_sequence_1000seq_seed2026052602,944,5,1
RoboFlamingo,2026052602,abc_d_fresh_sequence_1000seq_seed2026052602,945,4,0
RoboFlamingo,2026052602,abc_d_fresh_sequence_1000seq_seed2026052602,946,5,1
RoboFlamingo,2026052602,abc_d_fresh_sequence_1000seq_seed2026052602,947,2,0
RoboFlamingo,2026052602,abc_d_fresh_sequence_1000seq_seed2026052602,948,2,0
RoboFlamingo,2026052602,abc_d_fresh_sequence_1000seq_seed2026052602,949,1,0
RoboFlamingo,2026052602,abc_d_fresh_sequence_1000seq_seed2026052602,950,5,1
RoboFlamingo,2026052602,abc_d_fresh_sequence_1000seq_seed2026052602,951,5,1
RoboFlamingo,2026052602,abc_d_fresh_sequence_1000seq_seed2026052602,952,0,0
RoboFlamingo,2026052602,abc_d_fresh_sequence_1000seq_seed2026052602,953,2,0
RoboFlamingo,2026052602,abc_d_fresh_sequence_1000seq_seed2026052602,954,5,1
RoboFlamingo,2026052602,abc_d_fresh_sequence_1000seq_seed2026052602,955,3,0
RoboFlamingo,2026052602,abc_d_fresh_sequence_1000seq_seed2026052602,956,0,0
RoboFlamingo,2026052602,abc_d_fresh_sequence_1000seq_seed2026052602,957,0,0
RoboFlamingo,2026052602,abc_d_fresh_sequence_1000seq_seed2026052602,958,0,0
RoboFlamingo,2026052602,abc_d_fresh_sequence_1000seq_seed2026052602,959,1,0
RoboFlamingo,2026052602,abc_d_fresh_sequence_1000seq_seed2026052602,960,2,0
RoboFlamingo,2026052602,abc_d_fresh_sequence_1000seq_seed2026052602,961,1,0
RoboFlamingo,2026052602,abc_d_fresh_sequence_1000seq_seed2026052602,962,1,0
RoboFlamingo,2026052602,abc_d_fresh_sequence_1000seq_seed2026052602,963,4,0
RoboFlamingo,2026052602,abc_d_fresh_sequence_1000seq_seed2026052602,964,4,0
RoboFlamingo,2026052602,abc_d_fresh_sequence_1000seq_seed2026052602,965,5,1
RoboFlamingo,2026052602,abc_d_fresh_sequence_1000seq_seed2026052602,966,5,1
RoboFlamingo,2026052602,abc_d_fresh_sequence_1000seq_seed2026052602,967,1,0
RoboFlamingo,2026052602,abc_d_fresh_sequence_1000seq_seed2026052602,968,0,0
RoboFlamingo,2026052602,abc_d_fresh_sequence_1000seq_seed2026052602,969,2,0
RoboFlamingo,2026052602,abc_d_fresh_sequence_1000seq_seed2026052602,970,3,0
RoboFlamingo,2026052602,abc_d_fresh_sequence_1000seq_seed2026052602,971,0,0
RoboFlamingo,2026052602,abc_d_fresh_sequence_1000seq_seed2026052602,972,5,1
RoboFlamingo,2026052602,abc_d_fresh_sequence_1000seq_seed2026052602,973,2,0
RoboFlamingo,2026052602,abc_d_fresh_sequence_1000seq_seed2026052602,974,1,0
RoboFlamingo,2026052602,abc_d_fresh_sequence_1000seq_seed2026052602,975,0,0
RoboFlamingo,2026052602,abc_d_fresh_sequence_1000seq_seed2026052602,976,2,0
RoboFlamingo,2026052602,abc_d_fresh_sequence_1000seq_seed2026052602,977,0,0
RoboFlamingo,2026052602,abc_d_fresh_sequence_1000seq_seed2026052602,978,2,0
RoboFlamingo,2026052602,abc_d_fresh_sequence_1000seq_seed2026052602,979,2,0
RoboFlamingo,2026052602,abc_d_fresh_sequence_1000seq_seed2026052602,980,2,0
RoboFlamingo,2026052602,abc_d_fresh_sequence_1000seq_seed2026052602,981,5,1
RoboFlamingo,2026052602,abc_d_fresh_sequence_1000seq_seed2026052602,982,5,1
RoboFlamingo,2026052602,abc_d_fresh_sequence_1000seq_seed2026052602,983,5,1
RoboFlamingo,2026052602,abc_d_fresh_sequence_1000seq_seed2026052602,984,1,0
RoboFlamingo,2026052602,abc_d_fresh_sequence_1000seq_seed2026052602,985,1,0
RoboFlamingo,2026052602,abc_d_fresh_sequence_1000seq_seed2026052602,986,1,0
RoboFlamingo,2026052602,abc_d_fresh_sequence_1000seq_seed2026052602,987,5,1
RoboFlamingo,2026052602,abc_d_fresh_sequence_1000seq_seed2026052602,988,3,0
RoboFlamingo,2026052602,abc_d_fresh_sequence_1000seq_seed2026052602,989,1,0
RoboFlamingo,2026052602,abc_d_fresh_sequence_1000seq_seed2026052602,990,2,0
RoboFlamingo,2026052602,abc_d_fresh_sequence_1000seq_seed2026052602,991,3,0
RoboFlamingo,2026052602,abc_d_fresh_sequence_1000seq_seed2026052602,992,1,0
RoboFlamingo,2026052602,abc_d_fresh_sequence_1000seq_seed2026052602,993,0,0
RoboFlamingo,2026052602,abc_d_fresh_sequence_1000seq_seed2026052602,994,1,0
RoboFlamingo,2026052602,abc_d_fresh_sequence_1000seq_seed2026052602,995,0,0
RoboFlamingo,2026052602,abc_d_fresh_sequence_1000seq_seed2026052602,996,0,0
RoboFlamingo,2026052602,abc_d_fresh_sequence_1000seq_seed2026052602,997,1,0
RoboFlamingo,2026052602,abc_d_fresh_sequence_1000seq_seed2026052602,998,5,1
RoboFlamingo,2026052602,abc_d_fresh_sequence_1000seq_seed2026052602,999,0,0
