policy,condition,manifest_id,global_index,tasks_completed,chain_success
X-VLA,calibration,abc_d_official_1000seq_workers4,0,5,1
X-VLA,calibration,abc_d_official_1000seq_workers4,1,5,1
X-VLA,calibration,abc_d_official_1000seq_workers4,2,5,1
X-VLA,calibration,abc_d_official_1000seq_workers4,3,5,1
X-VLA,calibration,abc_d_official_1000seq_workers4,4,5,1
X-VLA,calibration,abc_d_official_1000seq_workers4,5,5,1
X-VLA,calibration,abc_d_official_1000seq_workers4,6,5,1
X-VLA,calibration,abc_d_official_1000seq_workers4,7,5,1
X-VLA,calibration,abc_d_official_1000seq_workers4,8,1,0
X-VLA,calibration,abc_d_official_1000seq_workers4,9,1,0
X-VLA,calibration,abc_d_official_1000seq_workers4,10,5,1
X-VLA,calibration,abc_d_official_1000seq_workers4,11,5,1
X-VLA,calibration,abc_d_official_1000seq_workers4,12,2,0
X-VLA,calibration,abc_d_official_1000seq_workers4,13,2,0
X-VLA,calibration,abc_d_official_1000seq_workers4,14,5,1
X-VLA,calibration,abc_d_official_1000seq_workers4,15,5,1
X-VLA,calibration,abc_d_official_1000seq_workers4,16,5,1
X-VLA,calibration,abc_d_official_1000seq_workers4,17,5,1
X-VLA,calibration,abc_d_official_1000seq_workers4,18,5,1
X-VLA,calibration,abc_d_official_1000seq_workers4,19,5,1
X-VLA,calibration,abc_d_official_1000seq_workers4,20,5,1
X-VLA,calibration,abc_d_official_1000seq_workers4,21,5,1
X-VLA,calibration,abc_d_official_1000seq_workers4,22,5,1
X-VLA,calibration,abc_d_official_1000seq_workers4,23,5,1
X-VLA,calibration,abc_d_official_1000seq_workers4,24,5,1
X-VLA,calibration,abc_d_official_1000seq_workers4,25,3,0
X-VLA,calibration,abc_d_official_1000seq_workers4,26,0,0
X-VLA,calibration,abc_d_official_1000seq_workers4,27,0,0
X-VLA,calibration,abc_d_official_1000seq_workers4,28,5,1
X-VLA,calibration,abc_d_official_1000seq_workers4,29,5,1
X-VLA,calibration,abc_d_official_1000seq_workers4,30,5,1
X-VLA,calibration,abc_d_official_1000seq_workers4,31,5,1
X-VLA,calibration,abc_d_official_1000seq_workers4,32,2,0
X-VLA,calibration,abc_d_official_1000seq_workers4,33,2,0
X-VLA,calibration,abc_d_official_1000seq_workers4,34,5,1
X-VLA,calibration,abc_d_official_1000seq_workers4,35,5,1
X-VLA,calibration,abc_d_official_1000seq_workers4,36,4,0
X-VLA,calibration,abc_d_official_1000seq_workers4,37,2,0
X-VLA,calibration,abc_d_official_1000seq_workers4,38,2,0
X-VLA,calibration,abc_d_official_1000seq_workers4,39,5,1
X-VLA,calibration,abc_d_official_1000seq_workers4,40,3,0
X-VLA,calibration,abc_d_official_1000seq_workers4,41,5,1
X-VLA,calibration,abc_d_official_1000seq_workers4,42,4,0
X-VLA,calibration,abc_d_official_1000seq_workers4,43,5,1
X-VLA,calibration,abc_d_official_1000seq_workers4,44,0,0
X-VLA,calibration,abc_d_official_1000seq_workers4,45,5,1
X-VLA,calibration,abc_d_official_1000seq_workers4,46,5,1
X-VLA,calibration,abc_d_official_1000seq_workers4,47,1,0
X-VLA,calibration,abc_d_official_1000seq_workers4,48,5,1
X-VLA,calibration,abc_d_official_1000seq_workers4,49,5,1
X-VLA,calibration,abc_d_official_1000seq_workers4,50,1,0
X-VLA,calibration,abc_d_official_1000seq_workers4,51,5,1
X-VLA,calibration,abc_d_official_1000seq_workers4,52,2,0
X-VLA,calibration,abc_d_official_1000seq_workers4,53,5,1
X-VLA,calibration,abc_d_official_1000seq_workers4,54,5,1
X-VLA,calibration,abc_d_official_1000seq_workers4,55,3,0
X-VLA,calibration,abc_d_official_1000seq_workers4,56,2,0
X-VLA,calibration,abc_d_official_1000seq_workers4,57,1,0
X-VLA,calibration,abc_d_official_1000seq_workers4,58,5,1
X-VLA,calibration,abc_d_official_1000seq_workers4,59,5,1
X-VLA,calibration,abc_d_official_1000seq_workers4,60,5,1
X-VLA,calibration,abc_d_official_1000seq_workers4,61,0,0
X-VLA,calibration,abc_d_official_1000seq_workers4,62,5,1
X-VLA,calibration,abc_d_official_1000seq_workers4,63,5,1
X-VLA,calibration,abc_d_official_1000seq_workers4,64,1,0
X-VLA,calibration,abc_d_official_1000seq_workers4,65,5,1
X-VLA,calibration,abc_d_official_1000seq_workers4,66,5,1
X-VLA,calibration,abc_d_official_1000seq_workers4,67,4,0
X-VLA,calibration,abc_d_official_1000seq_workers4,68,5,1
X-VLA,calibration,abc_d_official_1000seq_workers4,69,5,1
X-VLA,calibration,abc_d_official_1000seq_workers4,70,2,0
X-VLA,calibration,abc_d_official_1000seq_workers4,71,5,1
X-VLA,calibration,abc_d_official_1000seq_workers4,72,5,1
X-VLA,calibration,abc_d_official_1000seq_workers4,73,5,1
X-VLA,calibration,abc_d_official_1000seq_workers4,74,5,1
X-VLA,calibration,abc_d_official_1000seq_workers4,75,5,1
X-VLA,calibration,abc_d_official_1000seq_workers4,76,4,0
X-VLA,calibration,abc_d_official_1000seq_workers4,77,5,1
X-VLA,calibration,abc_d_official_1000seq_workers4,78,5,1
X-VLA,calibration,abc_d_official_1000seq_workers4,79,5,1
X-VLA,calibration,abc_d_official_1000seq_workers4,80,5,1
X-VLA,calibration,abc_d_official_1000seq_workers4,81,5,1
X-VLA,calibration,abc_d_official_1000seq_workers4,82,5,1
X-VLA,calibration,abc_d_official_1000seq_workers4,83,5,1
X-VLA,calibration,abc_d_official_1000seq_workers4,84,5,1
X-VLA,calibration,abc_d_official_1000seq_workers4,85,5,1
X-VLA,calibration,abc_d_official_1000seq_workers4,86,5,1
X-VLA,calibration,abc_d_official_1000seq_workers4,87,0,0
X-VLA,calibration,abc_d_official_1000seq_workers4,88,5,1
X-VLA,calibration,abc_d_official_1000seq_workers4,89,5,1
X-VLA,calibration,abc_d_official_1000seq_workers4,90,5,1
X-VLA,calibration,abc_d_official_1000seq_workers4,91,5,1
X-VLA,calibration,abc_d_official_1000seq_workers4,92,2,0
X-VLA,calibration,abc_d_official_1000seq_workers4,93,0,0
X-VLA,calibration,abc_d_official_1000seq_workers4,94,5,1
X-VLA,calibration,abc_d_official_1000seq_workers4,95,5,1
X-VLA,calibration,abc_d_official_1000seq_workers4,96,4,0
X-VLA,calibration,abc_d_official_1000seq_workers4,97,4,0
X-VLA,calibration,abc_d_official_1000seq_workers4,98,2,0
X-VLA,calibration,abc_d_official_1000seq_workers4,99,5,1
X-VLA,calibration,abc_d_official_1000seq_workers4,100,5,1
X-VLA,calibration,abc_d_official_1000seq_workers4,101,5,1
X-VLA,calibration,abc_d_official_1000seq_workers4,102,5,1
X-VLA,calibration,abc_d_official_1000seq_workers4,103,2,0
X-VLA,calibration,abc_d_official_1000seq_workers4,104,5,1
X-VLA,calibration,abc_d_official_1000seq_workers4,105,0,0
X-VLA,calibration,abc_d_official_1000seq_workers4,106,4,0
X-VLA,calibration,abc_d_official_1000seq_workers4,107,5,1
X-VLA,calibration,abc_d_official_1000seq_workers4,108,1,0
X-VLA,calibration,abc_d_official_1000seq_workers4,109,5,1
X-VLA,calibration,abc_d_official_1000seq_workers4,110,2,0
X-VLA,calibration,abc_d_official_1000seq_workers4,111,5,1
X-VLA,calibration,abc_d_official_1000seq_workers4,112,3,0
X-VLA,calibration,abc_d_official_1000seq_workers4,113,5,1
X-VLA,calibration,abc_d_official_1000seq_workers4,114,5,1
X-VLA,calibration,abc_d_official_1000seq_workers4,115,3,0
X-VLA,calibration,abc_d_official_1000seq_workers4,116,5,1
X-VLA,calibration,abc_d_official_1000seq_workers4,117,0,0
X-VLA,calibration,abc_d_official_1000seq_workers4,118,5,1
X-VLA,calibration,abc_d_official_1000seq_workers4,119,1,0
X-VLA,calibration,abc_d_official_1000seq_workers4,120,2,0
X-VLA,calibration,abc_d_official_1000seq_workers4,121,5,1
X-VLA,calibration,abc_d_official_1000seq_workers4,122,5,1
X-VLA,calibration,abc_d_official_1000seq_workers4,123,5,1
X-VLA,calibration,abc_d_official_1000seq_workers4,124,5,1
X-VLA,calibration,abc_d_official_1000seq_workers4,125,5,1
X-VLA,calibration,abc_d_official_1000seq_workers4,126,5,1
X-VLA,calibration,abc_d_official_1000seq_workers4,127,2,0
X-VLA,calibration,abc_d_official_1000seq_workers4,128,5,1
X-VLA,calibration,abc_d_official_1000seq_workers4,129,5,1
X-VLA,calibration,abc_d_official_1000seq_workers4,130,4,0
X-VLA,calibration,abc_d_official_1000seq_workers4,131,1,0
X-VLA,calibration,abc_d_official_1000seq_workers4,132,3,0
X-VLA,calibration,abc_d_official_1000seq_workers4,133,5,1
X-VLA,calibration,abc_d_official_1000seq_workers4,134,5,1
X-VLA,calibration,abc_d_official_1000seq_workers4,135,5,1
X-VLA,calibration,abc_d_official_1000seq_workers4,136,4,0
X-VLA,calibration,abc_d_official_1000seq_workers4,137,5,1
X-VLA,calibration,abc_d_official_1000seq_workers4,138,5,1
X-VLA,calibration,abc_d_official_1000seq_workers4,139,5,1
X-VLA,calibration,abc_d_official_1000seq_workers4,140,5,1
X-VLA,calibration,abc_d_official_1000seq_workers4,141,3,0
X-VLA,calibration,abc_d_official_1000seq_workers4,142,5,1
X-VLA,calibration,abc_d_official_1000seq_workers4,143,5,1
X-VLA,calibration,abc_d_official_1000seq_workers4,144,5,1
X-VLA,calibration,abc_d_official_1000seq_workers4,145,5,1
X-VLA,calibration,abc_d_official_1000seq_workers4,146,0,0
X-VLA,calibration,abc_d_official_1000seq_workers4,147,5,1
X-VLA,calibration,abc_d_official_1000seq_workers4,148,5,1
X-VLA,calibration,abc_d_official_1000seq_workers4,149,3,0
X-VLA,calibration,abc_d_official_1000seq_workers4,150,5,1
X-VLA,calibration,abc_d_official_1000seq_workers4,151,5,1
X-VLA,calibration,abc_d_official_1000seq_workers4,152,5,1
X-VLA,calibration,abc_d_official_1000seq_workers4,153,5,1
X-VLA,calibration,abc_d_official_1000seq_workers4,154,1,0
X-VLA,calibration,abc_d_official_1000seq_workers4,155,5,1
X-VLA,calibration,abc_d_official_1000seq_workers4,156,5,1
X-VLA,calibration,abc_d_official_1000seq_workers4,157,5,1
X-VLA,calibration,abc_d_official_1000seq_workers4,158,5,1
X-VLA,calibration,abc_d_official_1000seq_workers4,159,5,1
X-VLA,calibration,abc_d_official_1000seq_workers4,160,5,1
X-VLA,calibration,abc_d_official_1000seq_workers4,161,5,1
X-VLA,calibration,abc_d_official_1000seq_workers4,162,5,1
X-VLA,calibration,abc_d_official_1000seq_workers4,163,1,0
X-VLA,calibration,abc_d_official_1000seq_workers4,164,5,1
X-VLA,calibration,abc_d_official_1000seq_workers4,165,3,0
X-VLA,calibration,abc_d_official_1000seq_workers4,166,5,1
X-VLA,calibration,abc_d_official_1000seq_workers4,167,5,1
X-VLA,calibration,abc_d_official_1000seq_workers4,168,5,1
X-VLA,calibration,abc_d_official_1000seq_workers4,169,5,1
X-VLA,calibration,abc_d_official_1000seq_workers4,170,5,1
X-VLA,calibration,abc_d_official_1000seq_workers4,171,5,1
X-VLA,calibration,abc_d_official_1000seq_workers4,172,5,1
X-VLA,calibration,abc_d_official_1000seq_workers4,173,5,1
X-VLA,calibration,abc_d_official_1000seq_workers4,174,0,0
X-VLA,calibration,abc_d_official_1000seq_workers4,175,2,0
X-VLA,calibration,abc_d_official_1000seq_workers4,176,5,1
X-VLA,calibration,abc_d_official_1000seq_workers4,177,5,1
X-VLA,calibration,abc_d_official_1000seq_workers4,178,5,1
X-VLA,calibration,abc_d_official_1000seq_workers4,179,5,1
X-VLA,calibration,abc_d_official_1000seq_workers4,180,5,1
X-VLA,calibration,abc_d_official_1000seq_workers4,181,3,0
X-VLA,calibration,abc_d_official_1000seq_workers4,182,5,1
X-VLA,calibration,abc_d_official_1000seq_workers4,183,5,1
X-VLA,calibration,abc_d_official_1000seq_workers4,184,1,0
X-VLA,calibration,abc_d_official_1000seq_workers4,185,0,0
X-VLA,calibration,abc_d_official_1000seq_workers4,186,5,1
X-VLA,calibration,abc_d_official_1000seq_workers4,187,5,1
X-VLA,calibration,abc_d_official_1000seq_workers4,188,1,0
X-VLA,calibration,abc_d_official_1000seq_workers4,189,5,1
X-VLA,calibration,abc_d_official_1000seq_workers4,190,5,1
X-VLA,calibration,abc_d_official_1000seq_workers4,191,5,1
X-VLA,calibration,abc_d_official_1000seq_workers4,192,5,1
X-VLA,calibration,abc_d_official_1000seq_workers4,193,5,1
X-VLA,calibration,abc_d_official_1000seq_workers4,194,5,1
X-VLA,calibration,abc_d_official_1000seq_workers4,195,5,1
X-VLA,calibration,abc_d_official_1000seq_workers4,196,5,1
X-VLA,calibration,abc_d_official_1000seq_workers4,197,5,1
X-VLA,calibration,abc_d_official_1000seq_workers4,198,5,1
X-VLA,calibration,abc_d_official_1000seq_workers4,199,5,1
X-VLA,calibration,abc_d_official_1000seq_workers4,200,5,1
X-VLA,calibration,abc_d_official_1000seq_workers4,201,5,1
X-VLA,calibration,abc_d_official_1000seq_workers4,202,2,0
X-VLA,calibration,abc_d_official_1000seq_workers4,203,5,1
X-VLA,calibration,abc_d_official_1000seq_workers4,204,5,1
X-VLA,calibration,abc_d_official_1000seq_workers4,205,5,1
X-VLA,calibration,abc_d_official_1000seq_workers4,206,5,1
X-VLA,calibration,abc_d_official_1000seq_workers4,207,5,1
X-VLA,calibration,abc_d_official_1000seq_workers4,208,1,0
X-VLA,calibration,abc_d_official_1000seq_workers4,209,5,1
X-VLA,calibration,abc_d_official_1000seq_workers4,210,5,1
X-VLA,calibration,abc_d_official_1000seq_workers4,211,4,0
X-VLA,calibration,abc_d_official_1000seq_workers4,212,3,0
X-VLA,calibration,abc_d_official_1000seq_workers4,213,4,0
X-VLA,calibration,abc_d_official_1000seq_workers4,214,5,1
X-VLA,calibration,abc_d_official_1000seq_workers4,215,5,1
X-VLA,calibration,abc_d_official_1000seq_workers4,216,5,1
X-VLA,calibration,abc_d_official_1000seq_workers4,217,5,1
X-VLA,calibration,abc_d_official_1000seq_workers4,218,5,1
X-VLA,calibration,abc_d_official_1000seq_workers4,219,5,1
X-VLA,calibration,abc_d_official_1000seq_workers4,220,5,1
X-VLA,calibration,abc_d_official_1000seq_workers4,221,4,0
X-VLA,calibration,abc_d_official_1000seq_workers4,222,5,1
X-VLA,calibration,abc_d_official_1000seq_workers4,223,5,1
X-VLA,calibration,abc_d_official_1000seq_workers4,224,5,1
X-VLA,calibration,abc_d_official_1000seq_workers4,225,1,0
X-VLA,calibration,abc_d_official_1000seq_workers4,226,4,0
X-VLA,calibration,abc_d_official_1000seq_workers4,227,5,1
X-VLA,calibration,abc_d_official_1000seq_workers4,228,5,1
X-VLA,calibration,abc_d_official_1000seq_workers4,229,5,1
X-VLA,calibration,abc_d_official_1000seq_workers4,230,2,0
X-VLA,calibration,abc_d_official_1000seq_workers4,231,5,1
X-VLA,calibration,abc_d_official_1000seq_workers4,232,5,1
X-VLA,calibration,abc_d_official_1000seq_workers4,233,4,0
X-VLA,calibration,abc_d_official_1000seq_workers4,234,5,1
X-VLA,calibration,abc_d_official_1000seq_workers4,235,1,0
X-VLA,calibration,abc_d_official_1000seq_workers4,236,3,0
X-VLA,calibration,abc_d_official_1000seq_workers4,237,3,0
X-VLA,calibration,abc_d_official_1000seq_workers4,238,1,0
X-VLA,calibration,abc_d_official_1000seq_workers4,239,5,1
X-VLA,calibration,abc_d_official_1000seq_workers4,240,2,0
X-VLA,calibration,abc_d_official_1000seq_workers4,241,5,1
X-VLA,calibration,abc_d_official_1000seq_workers4,242,5,1
X-VLA,calibration,abc_d_official_1000seq_workers4,243,5,1
X-VLA,calibration,abc_d_official_1000seq_workers4,244,5,1
X-VLA,calibration,abc_d_official_1000seq_workers4,245,5,1
X-VLA,calibration,abc_d_official_1000seq_workers4,246,5,1
X-VLA,calibration,abc_d_official_1000seq_workers4,247,5,1
X-VLA,calibration,abc_d_official_1000seq_workers4,248,5,1
X-VLA,calibration,abc_d_official_1000seq_workers4,249,2,0
X-VLA,calibration,abc_d_official_1000seq_workers4,250,5,1
X-VLA,calibration,abc_d_official_1000seq_workers4,251,5,1
X-VLA,calibration,abc_d_official_1000seq_workers4,252,5,1
X-VLA,calibration,abc_d_official_1000seq_workers4,253,5,1
X-VLA,calibration,abc_d_official_1000seq_workers4,254,5,1
X-VLA,calibration,abc_d_official_1000seq_workers4,255,3,0
X-VLA,calibration,abc_d_official_1000seq_workers4,256,5,1
X-VLA,calibration,abc_d_official_1000seq_workers4,257,3,0
X-VLA,calibration,abc_d_official_1000seq_workers4,258,5,1
X-VLA,calibration,abc_d_official_1000seq_workers4,259,1,0
X-VLA,calibration,abc_d_official_1000seq_workers4,260,5,1
X-VLA,calibration,abc_d_official_1000seq_workers4,261,1,0
X-VLA,calibration,abc_d_official_1000seq_workers4,262,5,1
X-VLA,calibration,abc_d_official_1000seq_workers4,263,5,1
X-VLA,calibration,abc_d_official_1000seq_workers4,264,4,0
X-VLA,calibration,abc_d_official_1000seq_workers4,265,4,0
X-VLA,calibration,abc_d_official_1000seq_workers4,266,0,0
X-VLA,calibration,abc_d_official_1000seq_workers4,267,5,1
X-VLA,calibration,abc_d_official_1000seq_workers4,268,2,0
X-VLA,calibration,abc_d_official_1000seq_workers4,269,5,1
X-VLA,calibration,abc_d_official_1000seq_workers4,270,5,1
X-VLA,calibration,abc_d_official_1000seq_workers4,271,5,1
X-VLA,calibration,abc_d_official_1000seq_workers4,272,5,1
X-VLA,calibration,abc_d_official_1000seq_workers4,273,5,1
X-VLA,calibration,abc_d_official_1000seq_workers4,274,3,0
X-VLA,calibration,abc_d_official_1000seq_workers4,275,4,0
X-VLA,calibration,abc_d_official_1000seq_workers4,276,5,1
X-VLA,calibration,abc_d_official_1000seq_workers4,277,5,1
X-VLA,calibration,abc_d_official_1000seq_workers4,278,5,1
X-VLA,calibration,abc_d_official_1000seq_workers4,279,5,1
X-VLA,calibration,abc_d_official_1000seq_workers4,280,5,1
X-VLA,calibration,abc_d_official_1000seq_workers4,281,5,1
X-VLA,calibration,abc_d_official_1000seq_workers4,282,5,1
X-VLA,calibration,abc_d_official_1000seq_workers4,283,5,1
X-VLA,calibration,abc_d_official_1000seq_workers4,284,5,1
X-VLA,calibration,abc_d_official_1000seq_workers4,285,5,1
X-VLA,calibration,abc_d_official_1000seq_workers4,286,0,0
X-VLA,calibration,abc_d_official_1000seq_workers4,287,5,1
X-VLA,calibration,abc_d_official_1000seq_workers4,288,5,1
X-VLA,calibration,abc_d_official_1000seq_workers4,289,5,1
X-VLA,calibration,abc_d_official_1000seq_workers4,290,5,1
X-VLA,calibration,abc_d_official_1000seq_workers4,291,5,1
X-VLA,calibration,abc_d_official_1000seq_workers4,292,5,1
X-VLA,calibration,abc_d_official_1000seq_workers4,293,5,1
X-VLA,calibration,abc_d_official_1000seq_workers4,294,4,0
X-VLA,calibration,abc_d_official_1000seq_workers4,295,1,0
X-VLA,calibration,abc_d_official_1000seq_workers4,296,5,1
X-VLA,calibration,abc_d_official_1000seq_workers4,297,5,1
X-VLA,calibration,abc_d_official_1000seq_workers4,298,5,1
X-VLA,calibration,abc_d_official_1000seq_workers4,299,5,1
X-VLA,calibration,abc_d_official_1000seq_workers4,300,5,1
X-VLA,calibration,abc_d_official_1000seq_workers4,301,5,1
X-VLA,calibration,abc_d_official_1000seq_workers4,302,0,0
X-VLA,calibration,abc_d_official_1000seq_workers4,303,5,1
X-VLA,calibration,abc_d_official_1000seq_workers4,304,5,1
X-VLA,calibration,abc_d_official_1000seq_workers4,305,5,1
X-VLA,calibration,abc_d_official_1000seq_workers4,306,4,0
X-VLA,calibration,abc_d_official_1000seq_workers4,307,5,1
X-VLA,calibration,abc_d_official_1000seq_workers4,308,5,1
X-VLA,calibration,abc_d_official_1000seq_workers4,309,5,1
X-VLA,calibration,abc_d_official_1000seq_workers4,310,5,1
X-VLA,calibration,abc_d_official_1000seq_workers4,311,5,1
X-VLA,calibration,abc_d_official_1000seq_workers4,312,2,0
X-VLA,calibration,abc_d_official_1000seq_workers4,313,5,1
X-VLA,calibration,abc_d_official_1000seq_workers4,314,5,1
X-VLA,calibration,abc_d_official_1000seq_workers4,315,5,1
X-VLA,calibration,abc_d_official_1000seq_workers4,316,5,1
X-VLA,calibration,abc_d_official_1000seq_workers4,317,5,1
X-VLA,calibration,abc_d_official_1000seq_workers4,318,5,1
X-VLA,calibration,abc_d_official_1000seq_workers4,319,5,1
X-VLA,calibration,abc_d_official_1000seq_workers4,320,5,1
X-VLA,calibration,abc_d_official_1000seq_workers4,321,5,1
X-VLA,calibration,abc_d_official_1000seq_workers4,322,5,1
X-VLA,calibration,abc_d_official_1000seq_workers4,323,5,1
X-VLA,calibration,abc_d_official_1000seq_workers4,324,5,1
X-VLA,calibration,abc_d_official_1000seq_workers4,325,5,1
X-VLA,calibration,abc_d_official_1000seq_workers4,326,5,1
X-VLA,calibration,abc_d_official_1000seq_workers4,327,4,0
X-VLA,calibration,abc_d_official_1000seq_workers4,328,5,1
X-VLA,calibration,abc_d_official_1000seq_workers4,329,5,1
X-VLA,calibration,abc_d_official_1000seq_workers4,330,5,1
X-VLA,calibration,abc_d_official_1000seq_workers4,331,5,1
X-VLA,calibration,abc_d_official_1000seq_workers4,332,5,1
X-VLA,calibration,abc_d_official_1000seq_workers4,333,5,1
X-VLA,calibration,abc_d_official_1000seq_workers4,334,5,1
X-VLA,calibration,abc_d_official_1000seq_workers4,335,5,1
X-VLA,calibration,abc_d_official_1000seq_workers4,336,5,1
X-VLA,calibration,abc_d_official_1000seq_workers4,337,4,0
X-VLA,calibration,abc_d_official_1000seq_workers4,338,5,1
X-VLA,calibration,abc_d_official_1000seq_workers4,339,5,1
X-VLA,calibration,abc_d_official_1000seq_workers4,340,5,1
X-VLA,calibration,abc_d_official_1000seq_workers4,341,4,0
X-VLA,calibration,abc_d_official_1000seq_workers4,342,5,1
X-VLA,calibration,abc_d_official_1000seq_workers4,343,1,0
X-VLA,calibration,abc_d_official_1000seq_workers4,344,5,1
X-VLA,calibration,abc_d_official_1000seq_workers4,345,3,0
X-VLA,calibration,abc_d_official_1000seq_workers4,346,5,1
X-VLA,calibration,abc_d_official_1000seq_workers4,347,1,0
X-VLA,calibration,abc_d_official_1000seq_workers4,348,3,0
X-VLA,calibration,abc_d_official_1000seq_workers4,349,5,1
X-VLA,calibration,abc_d_official_1000seq_workers4,350,5,1
X-VLA,calibration,abc_d_official_1000seq_workers4,351,5,1
X-VLA,calibration,abc_d_official_1000seq_workers4,352,5,1
X-VLA,calibration,abc_d_official_1000seq_workers4,353,5,1
X-VLA,calibration,abc_d_official_1000seq_workers4,354,5,1
X-VLA,calibration,abc_d_official_1000seq_workers4,355,5,1
X-VLA,calibration,abc_d_official_1000seq_workers4,356,5,1
X-VLA,calibration,abc_d_official_1000seq_workers4,357,5,1
X-VLA,calibration,abc_d_official_1000seq_workers4,358,5,1
X-VLA,calibration,abc_d_official_1000seq_workers4,359,0,0
X-VLA,calibration,abc_d_official_1000seq_workers4,360,5,1
X-VLA,calibration,abc_d_official_1000seq_workers4,361,5,1
X-VLA,calibration,abc_d_official_1000seq_workers4,362,2,0
X-VLA,calibration,abc_d_official_1000seq_workers4,363,5,1
X-VLA,calibration,abc_d_official_1000seq_workers4,364,5,1
X-VLA,calibration,abc_d_official_1000seq_workers4,365,5,1
X-VLA,calibration,abc_d_official_1000seq_workers4,366,4,0
X-VLA,calibration,abc_d_official_1000seq_workers4,367,5,1
X-VLA,calibration,abc_d_official_1000seq_workers4,368,5,1
X-VLA,calibration,abc_d_official_1000seq_workers4,369,5,1
X-VLA,calibration,abc_d_official_1000seq_workers4,370,5,1
X-VLA,calibration,abc_d_official_1000seq_workers4,371,4,0
X-VLA,calibration,abc_d_official_1000seq_workers4,372,1,0
X-VLA,calibration,abc_d_official_1000seq_workers4,373,0,0
X-VLA,calibration,abc_d_official_1000seq_workers4,374,1,0
X-VLA,calibration,abc_d_official_1000seq_workers4,375,5,1
X-VLA,calibration,abc_d_official_1000seq_workers4,376,1,0
X-VLA,calibration,abc_d_official_1000seq_workers4,377,5,1
X-VLA,calibration,abc_d_official_1000seq_workers4,378,1,0
X-VLA,calibration,abc_d_official_1000seq_workers4,379,1,0
X-VLA,calibration,abc_d_official_1000seq_workers4,380,5,1
X-VLA,calibration,abc_d_official_1000seq_workers4,381,5,1
X-VLA,calibration,abc_d_official_1000seq_workers4,382,2,0
X-VLA,calibration,abc_d_official_1000seq_workers4,383,2,0
X-VLA,calibration,abc_d_official_1000seq_workers4,384,5,1
X-VLA,calibration,abc_d_official_1000seq_workers4,385,5,1
X-VLA,calibration,abc_d_official_1000seq_workers4,386,3,0
X-VLA,calibration,abc_d_official_1000seq_workers4,387,5,1
X-VLA,calibration,abc_d_official_1000seq_workers4,388,5,1
X-VLA,calibration,abc_d_official_1000seq_workers4,389,5,1
X-VLA,calibration,abc_d_official_1000seq_workers4,390,5,1
X-VLA,calibration,abc_d_official_1000seq_workers4,391,4,0
X-VLA,calibration,abc_d_official_1000seq_workers4,392,5,1
X-VLA,calibration,abc_d_official_1000seq_workers4,393,5,1
X-VLA,calibration,abc_d_official_1000seq_workers4,394,5,1
X-VLA,calibration,abc_d_official_1000seq_workers4,395,4,0
X-VLA,calibration,abc_d_official_1000seq_workers4,396,5,1
X-VLA,calibration,abc_d_official_1000seq_workers4,397,5,1
X-VLA,calibration,abc_d_official_1000seq_workers4,398,5,1
X-VLA,calibration,abc_d_official_1000seq_workers4,399,5,1
X-VLA,calibration,abc_d_official_1000seq_workers4,400,5,1
X-VLA,calibration,abc_d_official_1000seq_workers4,401,5,1
X-VLA,calibration,abc_d_official_1000seq_workers4,402,0,0
X-VLA,calibration,abc_d_official_1000seq_workers4,403,5,1
X-VLA,calibration,abc_d_official_1000seq_workers4,404,3,0
X-VLA,calibration,abc_d_official_1000seq_workers4,405,5,1
X-VLA,calibration,abc_d_official_1000seq_workers4,406,5,1
X-VLA,calibration,abc_d_official_1000seq_workers4,407,2,0
X-VLA,calibration,abc_d_official_1000seq_workers4,408,5,1
X-VLA,calibration,abc_d_official_1000seq_workers4,409,1,0
X-VLA,calibration,abc_d_official_1000seq_workers4,410,5,1
X-VLA,calibration,abc_d_official_1000seq_workers4,411,3,0
X-VLA,calibration,abc_d_official_1000seq_workers4,412,5,1
X-VLA,calibration,abc_d_official_1000seq_workers4,413,5,1
X-VLA,calibration,abc_d_official_1000seq_workers4,414,1,0
X-VLA,calibration,abc_d_official_1000seq_workers4,415,5,1
X-VLA,calibration,abc_d_official_1000seq_workers4,416,5,1
X-VLA,calibration,abc_d_official_1000seq_workers4,417,5,1
X-VLA,calibration,abc_d_official_1000seq_workers4,418,1,0
X-VLA,calibration,abc_d_official_1000seq_workers4,419,5,1
X-VLA,calibration,abc_d_official_1000seq_workers4,420,5,1
X-VLA,calibration,abc_d_official_1000seq_workers4,421,4,0
X-VLA,calibration,abc_d_official_1000seq_workers4,422,4,0
X-VLA,calibration,abc_d_official_1000seq_workers4,423,5,1
X-VLA,calibration,abc_d_official_1000seq_workers4,424,5,1
X-VLA,calibration,abc_d_official_1000seq_workers4,425,5,1
X-VLA,calibration,abc_d_official_1000seq_workers4,426,5,1
X-VLA,calibration,abc_d_official_1000seq_workers4,427,2,0
X-VLA,calibration,abc_d_official_1000seq_workers4,428,5,1
X-VLA,calibration,abc_d_official_1000seq_workers4,429,5,1
X-VLA,calibration,abc_d_official_1000seq_workers4,430,5,1
X-VLA,calibration,abc_d_official_1000seq_workers4,431,3,0
X-VLA,calibration,abc_d_official_1000seq_workers4,432,5,1
X-VLA,calibration,abc_d_official_1000seq_workers4,433,5,1
X-VLA,calibration,abc_d_official_1000seq_workers4,434,4,0
X-VLA,calibration,abc_d_official_1000seq_workers4,435,5,1
X-VLA,calibration,abc_d_official_1000seq_workers4,436,5,1
X-VLA,calibration,abc_d_official_1000seq_workers4,437,5,1
X-VLA,calibration,abc_d_official_1000seq_workers4,438,5,1
X-VLA,calibration,abc_d_official_1000seq_workers4,439,5,1
X-VLA,calibration,abc_d_official_1000seq_workers4,440,5,1
X-VLA,calibration,abc_d_official_1000seq_workers4,441,5,1
X-VLA,calibration,abc_d_official_1000seq_workers4,442,5,1
X-VLA,calibration,abc_d_official_1000seq_workers4,443,5,1
X-VLA,calibration,abc_d_official_1000seq_workers4,444,5,1
X-VLA,calibration,abc_d_official_1000seq_workers4,445,5,1
X-VLA,calibration,abc_d_official_1000seq_workers4,446,1,0
X-VLA,calibration,abc_d_official_1000seq_workers4,447,5,1
X-VLA,calibration,abc_d_official_1000seq_workers4,448,1,0
X-VLA,calibration,abc_d_official_1000seq_workers4,449,5,1
X-VLA,calibration,abc_d_official_1000seq_workers4,450,5,1
X-VLA,calibration,abc_d_official_1000seq_workers4,451,0,0
X-VLA,calibration,abc_d_official_1000seq_workers4,452,5,1
X-VLA,calibration,abc_d_official_1000seq_workers4,453,5,1
X-VLA,calibration,abc_d_official_1000seq_workers4,454,5,1
X-VLA,calibration,abc_d_official_1000seq_workers4,455,5,1
X-VLA,calibration,abc_d_official_1000seq_workers4,456,0,0
X-VLA,calibration,abc_d_official_1000seq_workers4,457,5,1
X-VLA,calibration,abc_d_official_1000seq_workers4,458,2,0
X-VLA,calibration,abc_d_official_1000seq_workers4,459,5,1
X-VLA,calibration,abc_d_official_1000seq_workers4,460,2,0
X-VLA,calibration,abc_d_official_1000seq_workers4,461,5,1
X-VLA,calibration,abc_d_official_1000seq_workers4,462,2,0
X-VLA,calibration,abc_d_official_1000seq_workers4,463,2,0
X-VLA,calibration,abc_d_official_1000seq_workers4,464,5,1
X-VLA,calibration,abc_d_official_1000seq_workers4,465,5,1
X-VLA,calibration,abc_d_official_1000seq_workers4,466,5,1
X-VLA,calibration,abc_d_official_1000seq_workers4,467,4,0
X-VLA,calibration,abc_d_official_1000seq_workers4,468,4,0
X-VLA,calibration,abc_d_official_1000seq_workers4,469,5,1
X-VLA,calibration,abc_d_official_1000seq_workers4,470,5,1
X-VLA,calibration,abc_d_official_1000seq_workers4,471,5,1
X-VLA,calibration,abc_d_official_1000seq_workers4,472,4,0
X-VLA,calibration,abc_d_official_1000seq_workers4,473,3,0
X-VLA,calibration,abc_d_official_1000seq_workers4,474,5,1
X-VLA,calibration,abc_d_official_1000seq_workers4,475,1,0
X-VLA,calibration,abc_d_official_1000seq_workers4,476,5,1
X-VLA,calibration,abc_d_official_1000seq_workers4,477,5,1
X-VLA,calibration,abc_d_official_1000seq_workers4,478,4,0
X-VLA,calibration,abc_d_official_1000seq_workers4,479,4,0
X-VLA,calibration,abc_d_official_1000seq_workers4,480,1,0
X-VLA,calibration,abc_d_official_1000seq_workers4,481,3,0
X-VLA,calibration,abc_d_official_1000seq_workers4,482,4,0
X-VLA,calibration,abc_d_official_1000seq_workers4,483,5,1
X-VLA,calibration,abc_d_official_1000seq_workers4,484,5,1
X-VLA,calibration,abc_d_official_1000seq_workers4,485,5,1
X-VLA,calibration,abc_d_official_1000seq_workers4,486,5,1
X-VLA,calibration,abc_d_official_1000seq_workers4,487,5,1
X-VLA,calibration,abc_d_official_1000seq_workers4,488,5,1
X-VLA,calibration,abc_d_official_1000seq_workers4,489,5,1
X-VLA,calibration,abc_d_official_1000seq_workers4,490,5,1
X-VLA,calibration,abc_d_official_1000seq_workers4,491,5,1
X-VLA,calibration,abc_d_official_1000seq_workers4,492,5,1
X-VLA,calibration,abc_d_official_1000seq_workers4,493,3,0
X-VLA,calibration,abc_d_official_1000seq_workers4,494,5,1
X-VLA,calibration,abc_d_official_1000seq_workers4,495,4,0
X-VLA,calibration,abc_d_official_1000seq_workers4,496,5,1
X-VLA,calibration,abc_d_official_1000seq_workers4,497,5,1
X-VLA,calibration,abc_d_official_1000seq_workers4,498,5,1
X-VLA,calibration,abc_d_official_1000seq_workers4,499,5,1
X-VLA,calibration,abc_d_official_1000seq_workers4,500,0,0
X-VLA,calibration,abc_d_official_1000seq_workers4,501,5,1
X-VLA,calibration,abc_d_official_1000seq_workers4,502,3,0
X-VLA,calibration,abc_d_official_1000seq_workers4,503,5,1
X-VLA,calibration,abc_d_official_1000seq_workers4,504,5,1
X-VLA,calibration,abc_d_official_1000seq_workers4,505,5,1
X-VLA,calibration,abc_d_official_1000seq_workers4,506,5,1
X-VLA,calibration,abc_d_official_1000seq_workers4,507,5,1
X-VLA,calibration,abc_d_official_1000seq_workers4,508,1,0
X-VLA,calibration,abc_d_official_1000seq_workers4,509,5,1
X-VLA,calibration,abc_d_official_1000seq_workers4,510,5,1
X-VLA,calibration,abc_d_official_1000seq_workers4,511,0,0
X-VLA,calibration,abc_d_official_1000seq_workers4,512,5,1
X-VLA,calibration,abc_d_official_1000seq_workers4,513,5,1
X-VLA,calibration,abc_d_official_1000seq_workers4,514,2,0
X-VLA,calibration,abc_d_official_1000seq_workers4,515,2,0
X-VLA,calibration,abc_d_official_1000seq_workers4,516,3,0
X-VLA,calibration,abc_d_official_1000seq_workers4,517,5,1
X-VLA,calibration,abc_d_official_1000seq_workers4,518,5,1
X-VLA,calibration,abc_d_official_1000seq_workers4,519,5,1
X-VLA,calibration,abc_d_official_1000seq_workers4,520,1,0
X-VLA,calibration,abc_d_official_1000seq_workers4,521,5,1
X-VLA,calibration,abc_d_official_1000seq_workers4,522,5,1
X-VLA,calibration,abc_d_official_1000seq_workers4,523,5,1
X-VLA,calibration,abc_d_official_1000seq_workers4,524,5,1
X-VLA,calibration,abc_d_official_1000seq_workers4,525,3,0
X-VLA,calibration,abc_d_official_1000seq_workers4,526,5,1
X-VLA,calibration,abc_d_official_1000seq_workers4,527,5,1
X-VLA,calibration,abc_d_official_1000seq_workers4,528,5,1
X-VLA,calibration,abc_d_official_1000seq_workers4,529,5,1
X-VLA,calibration,abc_d_official_1000seq_workers4,530,5,1
X-VLA,calibration,abc_d_official_1000seq_workers4,531,1,0
X-VLA,calibration,abc_d_official_1000seq_workers4,532,0,0
X-VLA,calibration,abc_d_official_1000seq_workers4,533,5,1
X-VLA,calibration,abc_d_official_1000seq_workers4,534,5,1
X-VLA,calibration,abc_d_official_1000seq_workers4,535,5,1
X-VLA,calibration,abc_d_official_1000seq_workers4,536,0,0
X-VLA,calibration,abc_d_official_1000seq_workers4,537,5,1
X-VLA,calibration,abc_d_official_1000seq_workers4,538,1,0
X-VLA,calibration,abc_d_official_1000seq_workers4,539,0,0
X-VLA,calibration,abc_d_official_1000seq_workers4,540,0,0
X-VLA,calibration,abc_d_official_1000seq_workers4,541,0,0
X-VLA,calibration,abc_d_official_1000seq_workers4,542,5,1
X-VLA,calibration,abc_d_official_1000seq_workers4,543,5,1
X-VLA,calibration,abc_d_official_1000seq_workers4,544,5,1
X-VLA,calibration,abc_d_official_1000seq_workers4,545,5,1
X-VLA,calibration,abc_d_official_1000seq_workers4,546,0,0
X-VLA,calibration,abc_d_official_1000seq_workers4,547,1,0
X-VLA,calibration,abc_d_official_1000seq_workers4,548,5,1
X-VLA,calibration,abc_d_official_1000seq_workers4,549,5,1
X-VLA,calibration,abc_d_official_1000seq_workers4,550,5,1
X-VLA,calibration,abc_d_official_1000seq_workers4,551,5,1
X-VLA,calibration,abc_d_official_1000seq_workers4,552,5,1
X-VLA,calibration,abc_d_official_1000seq_workers4,553,5,1
X-VLA,calibration,abc_d_official_1000seq_workers4,554,0,0
X-VLA,calibration,abc_d_official_1000seq_workers4,555,5,1
X-VLA,calibration,abc_d_official_1000seq_workers4,556,1,0
X-VLA,calibration,abc_d_official_1000seq_workers4,557,4,0
X-VLA,calibration,abc_d_official_1000seq_workers4,558,5,1
X-VLA,calibration,abc_d_official_1000seq_workers4,559,4,0
X-VLA,calibration,abc_d_official_1000seq_workers4,560,5,1
X-VLA,calibration,abc_d_official_1000seq_workers4,561,1,0
X-VLA,calibration,abc_d_official_1000seq_workers4,562,0,0
X-VLA,calibration,abc_d_official_1000seq_workers4,563,5,1
X-VLA,calibration,abc_d_official_1000seq_workers4,564,3,0
X-VLA,calibration,abc_d_official_1000seq_workers4,565,5,1
X-VLA,calibration,abc_d_official_1000seq_workers4,566,5,1
X-VLA,calibration,abc_d_official_1000seq_workers4,567,5,1
X-VLA,calibration,abc_d_official_1000seq_workers4,568,5,1
X-VLA,calibration,abc_d_official_1000seq_workers4,569,5,1
X-VLA,calibration,abc_d_official_1000seq_workers4,570,5,1
X-VLA,calibration,abc_d_official_1000seq_workers4,571,2,0
X-VLA,calibration,abc_d_official_1000seq_workers4,572,3,0
X-VLA,calibration,abc_d_official_1000seq_workers4,573,1,0
X-VLA,calibration,abc_d_official_1000seq_workers4,574,5,1
X-VLA,calibration,abc_d_official_1000seq_workers4,575,5,1
X-VLA,calibration,abc_d_official_1000seq_workers4,576,5,1
X-VLA,calibration,abc_d_official_1000seq_workers4,577,5,1
X-VLA,calibration,abc_d_official_1000seq_workers4,578,5,1
X-VLA,calibration,abc_d_official_1000seq_workers4,579,1,0
X-VLA,calibration,abc_d_official_1000seq_workers4,580,2,0
X-VLA,calibration,abc_d_official_1000seq_workers4,581,5,1
X-VLA,calibration,abc_d_official_1000seq_workers4,582,4,0
X-VLA,calibration,abc_d_official_1000seq_workers4,583,2,0
X-VLA,calibration,abc_d_official_1000seq_workers4,584,0,0
X-VLA,calibration,abc_d_official_1000seq_workers4,585,5,1
X-VLA,calibration,abc_d_official_1000seq_workers4,586,5,1
X-VLA,calibration,abc_d_official_1000seq_workers4,587,5,1
X-VLA,calibration,abc_d_official_1000seq_workers4,588,0,0
X-VLA,calibration,abc_d_official_1000seq_workers4,589,5,1
X-VLA,calibration,abc_d_official_1000seq_workers4,590,5,1
X-VLA,calibration,abc_d_official_1000seq_workers4,591,5,1
X-VLA,calibration,abc_d_official_1000seq_workers4,592,5,1
X-VLA,calibration,abc_d_official_1000seq_workers4,593,3,0
X-VLA,calibration,abc_d_official_1000seq_workers4,594,5,1
X-VLA,calibration,abc_d_official_1000seq_workers4,595,4,0
X-VLA,calibration,abc_d_official_1000seq_workers4,596,5,1
X-VLA,calibration,abc_d_official_1000seq_workers4,597,2,0
X-VLA,calibration,abc_d_official_1000seq_workers4,598,5,1
X-VLA,calibration,abc_d_official_1000seq_workers4,599,4,0
X-VLA,calibration,abc_d_official_1000seq_workers4,600,5,1
X-VLA,calibration,abc_d_official_1000seq_workers4,601,5,1
X-VLA,calibration,abc_d_official_1000seq_workers4,602,5,1
X-VLA,calibration,abc_d_official_1000seq_workers4,603,5,1
X-VLA,calibration,abc_d_official_1000seq_workers4,604,2,0
X-VLA,calibration,abc_d_official_1000seq_workers4,605,1,0
X-VLA,calibration,abc_d_official_1000seq_workers4,606,4,0
X-VLA,calibration,abc_d_official_1000seq_workers4,607,5,1
X-VLA,calibration,abc_d_official_1000seq_workers4,608,0,0
X-VLA,calibration,abc_d_official_1000seq_workers4,609,5,1
X-VLA,calibration,abc_d_official_1000seq_workers4,610,5,1
X-VLA,calibration,abc_d_official_1000seq_workers4,611,4,0
X-VLA,calibration,abc_d_official_1000seq_workers4,612,5,1
X-VLA,calibration,abc_d_official_1000seq_workers4,613,4,0
X-VLA,calibration,abc_d_official_1000seq_workers4,614,5,1
X-VLA,calibration,abc_d_official_1000seq_workers4,615,5,1
X-VLA,calibration,abc_d_official_1000seq_workers4,616,3,0
X-VLA,calibration,abc_d_official_1000seq_workers4,617,3,0
X-VLA,calibration,abc_d_official_1000seq_workers4,618,5,1
X-VLA,calibration,abc_d_official_1000seq_workers4,619,4,0
X-VLA,calibration,abc_d_official_1000seq_workers4,620,5,1
X-VLA,calibration,abc_d_official_1000seq_workers4,621,5,1
X-VLA,calibration,abc_d_official_1000seq_workers4,622,5,1
X-VLA,calibration,abc_d_official_1000seq_workers4,623,5,1
X-VLA,calibration,abc_d_official_1000seq_workers4,624,0,0
X-VLA,calibration,abc_d_official_1000seq_workers4,625,3,0
X-VLA,calibration,abc_d_official_1000seq_workers4,626,5,1
X-VLA,calibration,abc_d_official_1000seq_workers4,627,5,1
X-VLA,calibration,abc_d_official_1000seq_workers4,628,5,1
X-VLA,calibration,abc_d_official_1000seq_workers4,629,5,1
X-VLA,calibration,abc_d_official_1000seq_workers4,630,5,1
X-VLA,calibration,abc_d_official_1000seq_workers4,631,3,0
X-VLA,calibration,abc_d_official_1000seq_workers4,632,0,0
X-VLA,calibration,abc_d_official_1000seq_workers4,633,5,1
X-VLA,calibration,abc_d_official_1000seq_workers4,634,0,0
X-VLA,calibration,abc_d_official_1000seq_workers4,635,5,1
X-VLA,calibration,abc_d_official_1000seq_workers4,636,5,1
X-VLA,calibration,abc_d_official_1000seq_workers4,637,4,0
X-VLA,calibration,abc_d_official_1000seq_workers4,638,5,1
X-VLA,calibration,abc_d_official_1000seq_workers4,639,4,0
X-VLA,calibration,abc_d_official_1000seq_workers4,640,5,1
X-VLA,calibration,abc_d_official_1000seq_workers4,641,5,1
X-VLA,calibration,abc_d_official_1000seq_workers4,642,5,1
X-VLA,calibration,abc_d_official_1000seq_workers4,643,4,0
X-VLA,calibration,abc_d_official_1000seq_workers4,644,5,1
X-VLA,calibration,abc_d_official_1000seq_workers4,645,5,1
X-VLA,calibration,abc_d_official_1000seq_workers4,646,5,1
X-VLA,calibration,abc_d_official_1000seq_workers4,647,5,1
X-VLA,calibration,abc_d_official_1000seq_workers4,648,1,0
X-VLA,calibration,abc_d_official_1000seq_workers4,649,3,0
X-VLA,calibration,abc_d_official_1000seq_workers4,650,5,1
X-VLA,calibration,abc_d_official_1000seq_workers4,651,5,1
X-VLA,calibration,abc_d_official_1000seq_workers4,652,5,1
X-VLA,calibration,abc_d_official_1000seq_workers4,653,1,0
X-VLA,calibration,abc_d_official_1000seq_workers4,654,5,1
X-VLA,calibration,abc_d_official_1000seq_workers4,655,1,0
X-VLA,calibration,abc_d_official_1000seq_workers4,656,5,1
X-VLA,calibration,abc_d_official_1000seq_workers4,657,5,1
X-VLA,calibration,abc_d_official_1000seq_workers4,658,1,0
X-VLA,calibration,abc_d_official_1000seq_workers4,659,0,0
X-VLA,calibration,abc_d_official_1000seq_workers4,660,5,1
X-VLA,calibration,abc_d_official_1000seq_workers4,661,5,1
X-VLA,calibration,abc_d_official_1000seq_workers4,662,0,0
X-VLA,calibration,abc_d_official_1000seq_workers4,663,5,1
X-VLA,calibration,abc_d_official_1000seq_workers4,664,5,1
X-VLA,calibration,abc_d_official_1000seq_workers4,665,5,1
X-VLA,calibration,abc_d_official_1000seq_workers4,666,5,1
X-VLA,calibration,abc_d_official_1000seq_workers4,667,5,1
X-VLA,calibration,abc_d_official_1000seq_workers4,668,5,1
X-VLA,calibration,abc_d_official_1000seq_workers4,669,5,1
X-VLA,calibration,abc_d_official_1000seq_workers4,670,3,0
X-VLA,calibration,abc_d_official_1000seq_workers4,671,5,1
X-VLA,calibration,abc_d_official_1000seq_workers4,672,5,1
X-VLA,calibration,abc_d_official_1000seq_workers4,673,2,0
X-VLA,calibration,abc_d_official_1000seq_workers4,674,5,1
X-VLA,calibration,abc_d_official_1000seq_workers4,675,5,1
X-VLA,calibration,abc_d_official_1000seq_workers4,676,1,0
X-VLA,calibration,abc_d_official_1000seq_workers4,677,5,1
X-VLA,calibration,abc_d_official_1000seq_workers4,678,5,1
X-VLA,calibration,abc_d_official_1000seq_workers4,679,5,1
X-VLA,calibration,abc_d_official_1000seq_workers4,680,5,1
X-VLA,calibration,abc_d_official_1000seq_workers4,681,5,1
X-VLA,calibration,abc_d_official_1000seq_workers4,682,3,0
X-VLA,calibration,abc_d_official_1000seq_workers4,683,5,1
X-VLA,calibration,abc_d_official_1000seq_workers4,684,3,0
X-VLA,calibration,abc_d_official_1000seq_workers4,685,5,1
X-VLA,calibration,abc_d_official_1000seq_workers4,686,5,1
X-VLA,calibration,abc_d_official_1000seq_workers4,687,5,1
X-VLA,calibration,abc_d_official_1000seq_workers4,688,5,1
X-VLA,calibration,abc_d_official_1000seq_workers4,689,5,1
X-VLA,calibration,abc_d_official_1000seq_workers4,690,0,0
X-VLA,calibration,abc_d_official_1000seq_workers4,691,5,1
X-VLA,calibration,abc_d_official_1000seq_workers4,692,5,1
X-VLA,calibration,abc_d_official_1000seq_workers4,693,5,1
X-VLA,calibration,abc_d_official_1000seq_workers4,694,5,1
X-VLA,calibration,abc_d_official_1000seq_workers4,695,5,1
X-VLA,calibration,abc_d_official_1000seq_workers4,696,5,1
X-VLA,calibration,abc_d_official_1000seq_workers4,697,5,1
X-VLA,calibration,abc_d_official_1000seq_workers4,698,5,1
X-VLA,calibration,abc_d_official_1000seq_workers4,699,5,1
X-VLA,calibration,abc_d_official_1000seq_workers4,700,5,1
X-VLA,calibration,abc_d_official_1000seq_workers4,701,4,0
X-VLA,calibration,abc_d_official_1000seq_workers4,702,5,1
X-VLA,calibration,abc_d_official_1000seq_workers4,703,5,1
X-VLA,calibration,abc_d_official_1000seq_workers4,704,4,0
X-VLA,calibration,abc_d_official_1000seq_workers4,705,5,1
X-VLA,calibration,abc_d_official_1000seq_workers4,706,5,1
X-VLA,calibration,abc_d_official_1000seq_workers4,707,5,1
X-VLA,calibration,abc_d_official_1000seq_workers4,708,5,1
X-VLA,calibration,abc_d_official_1000seq_workers4,709,5,1
X-VLA,calibration,abc_d_official_1000seq_workers4,710,1,0
X-VLA,calibration,abc_d_official_1000seq_workers4,711,4,0
X-VLA,calibration,abc_d_official_1000seq_workers4,712,4,0
X-VLA,calibration,abc_d_official_1000seq_workers4,713,5,1
X-VLA,calibration,abc_d_official_1000seq_workers4,714,5,1
X-VLA,calibration,abc_d_official_1000seq_workers4,715,1,0
X-VLA,calibration,abc_d_official_1000seq_workers4,716,5,1
X-VLA,calibration,abc_d_official_1000seq_workers4,717,5,1
X-VLA,calibration,abc_d_official_1000seq_workers4,718,5,1
X-VLA,calibration,abc_d_official_1000seq_workers4,719,5,1
X-VLA,calibration,abc_d_official_1000seq_workers4,720,5,1
X-VLA,calibration,abc_d_official_1000seq_workers4,721,5,1
X-VLA,calibration,abc_d_official_1000seq_workers4,722,5,1
X-VLA,calibration,abc_d_official_1000seq_workers4,723,5,1
X-VLA,calibration,abc_d_official_1000seq_workers4,724,5,1
X-VLA,calibration,abc_d_official_1000seq_workers4,725,5,1
X-VLA,calibration,abc_d_official_1000seq_workers4,726,5,1
X-VLA,calibration,abc_d_official_1000seq_workers4,727,5,1
X-VLA,calibration,abc_d_official_1000seq_workers4,728,5,1
X-VLA,calibration,abc_d_official_1000seq_workers4,729,5,1
X-VLA,calibration,abc_d_official_1000seq_workers4,730,5,1
X-VLA,calibration,abc_d_official_1000seq_workers4,731,5,1
X-VLA,calibration,abc_d_official_1000seq_workers4,732,2,0
X-VLA,calibration,abc_d_official_1000seq_workers4,733,4,0
X-VLA,calibration,abc_d_official_1000seq_workers4,734,5,1
X-VLA,calibration,abc_d_official_1000seq_workers4,735,5,1
X-VLA,calibration,abc_d_official_1000seq_workers4,736,5,1
X-VLA,calibration,abc_d_official_1000seq_workers4,737,5,1
X-VLA,calibration,abc_d_official_1000seq_workers4,738,5,1
X-VLA,calibration,abc_d_official_1000seq_workers4,739,5,1
X-VLA,calibration,abc_d_official_1000seq_workers4,740,5,1
X-VLA,calibration,abc_d_official_1000seq_workers4,741,5,1
X-VLA,calibration,abc_d_official_1000seq_workers4,742,5,1
X-VLA,calibration,abc_d_official_1000seq_workers4,743,2,0
X-VLA,calibration,abc_d_official_1000seq_workers4,744,2,0
X-VLA,calibration,abc_d_official_1000seq_workers4,745,5,1
X-VLA,calibration,abc_d_official_1000seq_workers4,746,5,1
X-VLA,calibration,abc_d_official_1000seq_workers4,747,4,0
X-VLA,calibration,abc_d_official_1000seq_workers4,748,5,1
X-VLA,calibration,abc_d_official_1000seq_workers4,749,5,1
X-VLA,calibration,abc_d_official_1000seq_workers4,750,5,1
X-VLA,calibration,abc_d_official_1000seq_workers4,751,4,0
X-VLA,calibration,abc_d_official_1000seq_workers4,752,3,0
X-VLA,calibration,abc_d_official_1000seq_workers4,753,5,1
X-VLA,calibration,abc_d_official_1000seq_workers4,754,5,1
X-VLA,calibration,abc_d_official_1000seq_workers4,755,4,0
X-VLA,calibration,abc_d_official_1000seq_workers4,756,5,1
X-VLA,calibration,abc_d_official_1000seq_workers4,757,5,1
X-VLA,calibration,abc_d_official_1000seq_workers4,758,5,1
X-VLA,calibration,abc_d_official_1000seq_workers4,759,4,0
X-VLA,calibration,abc_d_official_1000seq_workers4,760,0,0
X-VLA,calibration,abc_d_official_1000seq_workers4,761,5,1
X-VLA,calibration,abc_d_official_1000seq_workers4,762,5,1
X-VLA,calibration,abc_d_official_1000seq_workers4,763,5,1
X-VLA,calibration,abc_d_official_1000seq_workers4,764,2,0
X-VLA,calibration,abc_d_official_1000seq_workers4,765,5,1
X-VLA,calibration,abc_d_official_1000seq_workers4,766,5,1
X-VLA,calibration,abc_d_official_1000seq_workers4,767,5,1
X-VLA,calibration,abc_d_official_1000seq_workers4,768,5,1
X-VLA,calibration,abc_d_official_1000seq_workers4,769,5,1
X-VLA,calibration,abc_d_official_1000seq_workers4,770,5,1
X-VLA,calibration,abc_d_official_1000seq_workers4,771,4,0
X-VLA,calibration,abc_d_official_1000seq_workers4,772,0,0
X-VLA,calibration,abc_d_official_1000seq_workers4,773,5,1
X-VLA,calibration,abc_d_official_1000seq_workers4,774,5,1
X-VLA,calibration,abc_d_official_1000seq_workers4,775,5,1
X-VLA,calibration,abc_d_official_1000seq_workers4,776,5,1
X-VLA,calibration,abc_d_official_1000seq_workers4,777,5,1
X-VLA,calibration,abc_d_official_1000seq_workers4,778,5,1
X-VLA,calibration,abc_d_official_1000seq_workers4,779,1,0
X-VLA,calibration,abc_d_official_1000seq_workers4,780,5,1
X-VLA,calibration,abc_d_official_1000seq_workers4,781,4,0
X-VLA,calibration,abc_d_official_1000seq_workers4,782,5,1
X-VLA,calibration,abc_d_official_1000seq_workers4,783,5,1
X-VLA,calibration,abc_d_official_1000seq_workers4,784,5,1
X-VLA,calibration,abc_d_official_1000seq_workers4,785,5,1
X-VLA,calibration,abc_d_official_1000seq_workers4,786,5,1
X-VLA,calibration,abc_d_official_1000seq_workers4,787,4,0
X-VLA,calibration,abc_d_official_1000seq_workers4,788,0,0
X-VLA,calibration,abc_d_official_1000seq_workers4,789,5,1
X-VLA,calibration,abc_d_official_1000seq_workers4,790,5,1
X-VLA,calibration,abc_d_official_1000seq_workers4,791,5,1
X-VLA,calibration,abc_d_official_1000seq_workers4,792,1,0
X-VLA,calibration,abc_d_official_1000seq_workers4,793,5,1
X-VLA,calibration,abc_d_official_1000seq_workers4,794,5,1
X-VLA,calibration,abc_d_official_1000seq_workers4,795,5,1
X-VLA,calibration,abc_d_official_1000seq_workers4,796,5,1
X-VLA,calibration,abc_d_official_1000seq_workers4,797,5,1
X-VLA,calibration,abc_d_official_1000seq_workers4,798,5,1
X-VLA,calibration,abc_d_official_1000seq_workers4,799,5,1
X-VLA,calibration,abc_d_official_1000seq_workers4,800,5,1
X-VLA,calibration,abc_d_official_1000seq_workers4,801,5,1
X-VLA,calibration,abc_d_official_1000seq_workers4,802,5,1
X-VLA,calibration,abc_d_official_1000seq_workers4,803,5,1
X-VLA,calibration,abc_d_official_1000seq_workers4,804,3,0
X-VLA,calibration,abc_d_official_1000seq_workers4,805,5,1
X-VLA,calibration,abc_d_official_1000seq_workers4,806,5,1
X-VLA,calibration,abc_d_official_1000seq_workers4,807,5,1
X-VLA,calibration,abc_d_official_1000seq_workers4,808,5,1
X-VLA,calibration,abc_d_official_1000seq_workers4,809,5,1
X-VLA,calibration,abc_d_official_1000seq_workers4,810,3,0
X-VLA,calibration,abc_d_official_1000seq_workers4,811,5,1
X-VLA,calibration,abc_d_official_1000seq_workers4,812,5,1
X-VLA,calibration,abc_d_official_1000seq_workers4,813,5,1
X-VLA,calibration,abc_d_official_1000seq_workers4,814,5,1
X-VLA,calibration,abc_d_official_1000seq_workers4,815,5,1
X-VLA,calibration,abc_d_official_1000seq_workers4,816,5,1
X-VLA,calibration,abc_d_official_1000seq_workers4,817,5,1
X-VLA,calibration,abc_d_official_1000seq_workers4,818,5,1
X-VLA,calibration,abc_d_official_1000seq_workers4,819,5,1
X-VLA,calibration,abc_d_official_1000seq_workers4,820,5,1
X-VLA,calibration,abc_d_official_1000seq_workers4,821,5,1
X-VLA,calibration,abc_d_official_1000seq_workers4,822,5,1
X-VLA,calibration,abc_d_official_1000seq_workers4,823,5,1
X-VLA,calibration,abc_d_official_1000seq_workers4,824,5,1
X-VLA,calibration,abc_d_official_1000seq_workers4,825,5,1
X-VLA,calibration,abc_d_official_1000seq_workers4,826,5,1
X-VLA,calibration,abc_d_official_1000seq_workers4,827,0,0
X-VLA,calibration,abc_d_official_1000seq_workers4,828,5,1
X-VLA,calibration,abc_d_official_1000seq_workers4,829,5,1
X-VLA,calibration,abc_d_official_1000seq_workers4,830,1,0
X-VLA,calibration,abc_d_official_1000seq_workers4,831,5,1
X-VLA,calibration,abc_d_official_1000seq_workers4,832,5,1
X-VLA,calibration,abc_d_official_1000seq_workers4,833,1,0
X-VLA,calibration,abc_d_official_1000seq_workers4,834,5,1
X-VLA,calibration,abc_d_official_1000seq_workers4,835,5,1
X-VLA,calibration,abc_d_official_1000seq_workers4,836,5,1
X-VLA,calibration,abc_d_official_1000seq_workers4,837,4,0
X-VLA,calibration,abc_d_official_1000seq_workers4,838,5,1
X-VLA,calibration,abc_d_official_1000seq_workers4,839,5,1
X-VLA,calibration,abc_d_official_1000seq_workers4,840,3,0
X-VLA,calibration,abc_d_official_1000seq_workers4,841,2,0
X-VLA,calibration,abc_d_official_1000seq_workers4,842,5,1
X-VLA,calibration,abc_d_official_1000seq_workers4,843,5,1
X-VLA,calibration,abc_d_official_1000seq_workers4,844,5,1
X-VLA,calibration,abc_d_official_1000seq_workers4,845,5,1
X-VLA,calibration,abc_d_official_1000seq_workers4,846,5,1
X-VLA,calibration,abc_d_official_1000seq_workers4,847,5,1
X-VLA,calibration,abc_d_official_1000seq_workers4,848,5,1
X-VLA,calibration,abc_d_official_1000seq_workers4,849,5,1
X-VLA,calibration,abc_d_official_1000seq_workers4,850,5,1
X-VLA,calibration,abc_d_official_1000seq_workers4,851,5,1
X-VLA,calibration,abc_d_official_1000seq_workers4,852,4,0
X-VLA,calibration,abc_d_official_1000seq_workers4,853,4,0
X-VLA,calibration,abc_d_official_1000seq_workers4,854,1,0
X-VLA,calibration,abc_d_official_1000seq_workers4,855,5,1
X-VLA,calibration,abc_d_official_1000seq_workers4,856,5,1
X-VLA,calibration,abc_d_official_1000seq_workers4,857,5,1
X-VLA,calibration,abc_d_official_1000seq_workers4,858,5,1
X-VLA,calibration,abc_d_official_1000seq_workers4,859,4,0
X-VLA,calibration,abc_d_official_1000seq_workers4,860,5,1
X-VLA,calibration,abc_d_official_1000seq_workers4,861,4,0
X-VLA,calibration,abc_d_official_1000seq_workers4,862,4,0
X-VLA,calibration,abc_d_official_1000seq_workers4,863,5,1
X-VLA,calibration,abc_d_official_1000seq_workers4,864,5,1
X-VLA,calibration,abc_d_official_1000seq_workers4,865,5,1
X-VLA,calibration,abc_d_official_1000seq_workers4,866,5,1
X-VLA,calibration,abc_d_official_1000seq_workers4,867,1,0
X-VLA,calibration,abc_d_official_1000seq_workers4,868,5,1
X-VLA,calibration,abc_d_official_1000seq_workers4,869,4,0
X-VLA,calibration,abc_d_official_1000seq_workers4,870,2,0
X-VLA,calibration,abc_d_official_1000seq_workers4,871,5,1
X-VLA,calibration,abc_d_official_1000seq_workers4,872,5,1
X-VLA,calibration,abc_d_official_1000seq_workers4,873,5,1
X-VLA,calibration,abc_d_official_1000seq_workers4,874,5,1
X-VLA,calibration,abc_d_official_1000seq_workers4,875,5,1
X-VLA,calibration,abc_d_official_1000seq_workers4,876,1,0
X-VLA,calibration,abc_d_official_1000seq_workers4,877,2,0
X-VLA,calibration,abc_d_official_1000seq_workers4,878,5,1
X-VLA,calibration,abc_d_official_1000seq_workers4,879,5,1
X-VLA,calibration,abc_d_official_1000seq_workers4,880,2,0
X-VLA,calibration,abc_d_official_1000seq_workers4,881,5,1
X-VLA,calibration,abc_d_official_1000seq_workers4,882,5,1
X-VLA,calibration,abc_d_official_1000seq_workers4,883,1,0
X-VLA,calibration,abc_d_official_1000seq_workers4,884,5,1
X-VLA,calibration,abc_d_official_1000seq_workers4,885,0,0
X-VLA,calibration,abc_d_official_1000seq_workers4,886,5,1
X-VLA,calibration,abc_d_official_1000seq_workers4,887,5,1
X-VLA,calibration,abc_d_official_1000seq_workers4,888,5,1
X-VLA,calibration,abc_d_official_1000seq_workers4,889,5,1
X-VLA,calibration,abc_d_official_1000seq_workers4,890,5,1
X-VLA,calibration,abc_d_official_1000seq_workers4,891,5,1
X-VLA,calibration,abc_d_official_1000seq_workers4,892,4,0
X-VLA,calibration,abc_d_official_1000seq_workers4,893,0,0
X-VLA,calibration,abc_d_official_1000seq_workers4,894,2,0
X-VLA,calibration,abc_d_official_1000seq_workers4,895,4,0
X-VLA,calibration,abc_d_official_1000seq_workers4,896,5,1
X-VLA,calibration,abc_d_official_1000seq_workers4,897,5,1
X-VLA,calibration,abc_d_official_1000seq_workers4,898,5,1
X-VLA,calibration,abc_d_official_1000seq_workers4,899,2,0
X-VLA,calibration,abc_d_official_1000seq_workers4,900,5,1
X-VLA,calibration,abc_d_official_1000seq_workers4,901,5,1
X-VLA,calibration,abc_d_official_1000seq_workers4,902,5,1
X-VLA,calibration,abc_d_official_1000seq_workers4,903,5,1
X-VLA,calibration,abc_d_official_1000seq_workers4,904,5,1
X-VLA,calibration,abc_d_official_1000seq_workers4,905,5,1
X-VLA,calibration,abc_d_official_1000seq_workers4,906,5,1
X-VLA,calibration,abc_d_official_1000seq_workers4,907,4,0
X-VLA,calibration,abc_d_official_1000seq_workers4,908,3,0
X-VLA,calibration,abc_d_official_1000seq_workers4,909,3,0
X-VLA,calibration,abc_d_official_1000seq_workers4,910,1,0
X-VLA,calibration,abc_d_official_1000seq_workers4,911,5,1
X-VLA,calibration,abc_d_official_1000seq_workers4,912,5,1
X-VLA,calibration,abc_d_official_1000seq_workers4,913,5,1
X-VLA,calibration,abc_d_official_1000seq_workers4,914,5,1
X-VLA,calibration,abc_d_official_1000seq_workers4,915,5,1
X-VLA,calibration,abc_d_official_1000seq_workers4,916,0,0
X-VLA,calibration,abc_d_official_1000seq_workers4,917,5,1
X-VLA,calibration,abc_d_official_1000seq_workers4,918,5,1
X-VLA,calibration,abc_d_official_1000seq_workers4,919,0,0
X-VLA,calibration,abc_d_official_1000seq_workers4,920,1,0
X-VLA,calibration,abc_d_official_1000seq_workers4,921,5,1
X-VLA,calibration,abc_d_official_1000seq_workers4,922,5,1
X-VLA,calibration,abc_d_official_1000seq_workers4,923,5,1
X-VLA,calibration,abc_d_official_1000seq_workers4,924,5,1
X-VLA,calibration,abc_d_official_1000seq_workers4,925,5,1
X-VLA,calibration,abc_d_official_1000seq_workers4,926,5,1
X-VLA,calibration,abc_d_official_1000seq_workers4,927,5,1
X-VLA,calibration,abc_d_official_1000seq_workers4,928,4,0
X-VLA,calibration,abc_d_official_1000seq_workers4,929,5,1
X-VLA,calibration,abc_d_official_1000seq_workers4,930,5,1
X-VLA,calibration,abc_d_official_1000seq_workers4,931,5,1
X-VLA,calibration,abc_d_official_1000seq_workers4,932,5,1
X-VLA,calibration,abc_d_official_1000seq_workers4,933,3,0
X-VLA,calibration,abc_d_official_1000seq_workers4,934,5,1
X-VLA,calibration,abc_d_official_1000seq_workers4,935,5,1
X-VLA,calibration,abc_d_official_1000seq_workers4,936,5,1
X-VLA,calibration,abc_d_official_1000seq_workers4,937,5,1
X-VLA,calibration,abc_d_official_1000seq_workers4,938,1,0
X-VLA,calibration,abc_d_official_1000seq_workers4,939,5,1
X-VLA,calibration,abc_d_official_1000seq_workers4,940,5,1
X-VLA,calibration,abc_d_official_1000seq_workers4,941,5,1
X-VLA,calibration,abc_d_official_1000seq_workers4,942,2,0
X-VLA,calibration,abc_d_official_1000seq_workers4,943,5,1
X-VLA,calibration,abc_d_official_1000seq_workers4,944,5,1
X-VLA,calibration,abc_d_official_1000seq_workers4,945,5,1
X-VLA,calibration,abc_d_official_1000seq_workers4,946,5,1
X-VLA,calibration,abc_d_official_1000seq_workers4,947,5,1
X-VLA,calibration,abc_d_official_1000seq_workers4,948,5,1
X-VLA,calibration,abc_d_official_1000seq_workers4,949,1,0
X-VLA,calibration,abc_d_official_1000seq_workers4,950,3,0
X-VLA,calibration,abc_d_official_1000seq_workers4,951,5,1
X-VLA,calibration,abc_d_official_1000seq_workers4,952,2,0
X-VLA,calibration,abc_d_official_1000seq_workers4,953,5,1
X-VLA,calibration,abc_d_official_1000seq_workers4,954,4,0
X-VLA,calibration,abc_d_official_1000seq_workers4,955,4,0
X-VLA,calibration,abc_d_official_1000seq_workers4,956,5,1
X-VLA,calibration,abc_d_official_1000seq_workers4,957,5,1
X-VLA,calibration,abc_d_official_1000seq_workers4,958,5,1
X-VLA,calibration,abc_d_official_1000seq_workers4,959,5,1
X-VLA,calibration,abc_d_official_1000seq_workers4,960,5,1
X-VLA,calibration,abc_d_official_1000seq_workers4,961,5,1
X-VLA,calibration,abc_d_official_1000seq_workers4,962,5,1
X-VLA,calibration,abc_d_official_1000seq_workers4,963,0,0
X-VLA,calibration,abc_d_official_1000seq_workers4,964,5,1
X-VLA,calibration,abc_d_official_1000seq_workers4,965,2,0
X-VLA,calibration,abc_d_official_1000seq_workers4,966,5,1
X-VLA,calibration,abc_d_official_1000seq_workers4,967,5,1
X-VLA,calibration,abc_d_official_1000seq_workers4,968,5,1
X-VLA,calibration,abc_d_official_1000seq_workers4,969,4,0
X-VLA,calibration,abc_d_official_1000seq_workers4,970,5,1
X-VLA,calibration,abc_d_official_1000seq_workers4,971,5,1
X-VLA,calibration,abc_d_official_1000seq_workers4,972,3,0
X-VLA,calibration,abc_d_official_1000seq_workers4,973,5,1
X-VLA,calibration,abc_d_official_1000seq_workers4,974,0,0
X-VLA,calibration,abc_d_official_1000seq_workers4,975,1,0
X-VLA,calibration,abc_d_official_1000seq_workers4,976,5,1
X-VLA,calibration,abc_d_official_1000seq_workers4,977,4,0
X-VLA,calibration,abc_d_official_1000seq_workers4,978,5,1
X-VLA,calibration,abc_d_official_1000seq_workers4,979,5,1
X-VLA,calibration,abc_d_official_1000seq_workers4,980,5,1
X-VLA,calibration,abc_d_official_1000seq_workers4,981,5,1
X-VLA,calibration,abc_d_official_1000seq_workers4,982,5,1
X-VLA,calibration,abc_d_official_1000seq_workers4,983,5,1
X-VLA,calibration,abc_d_official_1000seq_workers4,984,5,1
X-VLA,calibration,abc_d_official_1000seq_workers4,985,5,1
X-VLA,calibration,abc_d_official_1000seq_workers4,986,5,1
X-VLA,calibration,abc_d_official_1000seq_workers4,987,5,1
X-VLA,calibration,abc_d_official_1000seq_workers4,988,3,0
X-VLA,calibration,abc_d_official_1000seq_workers4,989,1,0
X-VLA,calibration,abc_d_official_1000seq_workers4,990,5,1
X-VLA,calibration,abc_d_official_1000seq_workers4,991,5,1
X-VLA,calibration,abc_d_official_1000seq_workers4,992,5,1
X-VLA,calibration,abc_d_official_1000seq_workers4,993,4,0
X-VLA,calibration,abc_d_official_1000seq_workers4,994,5,1
X-VLA,calibration,abc_d_official_1000seq_workers4,995,0,0
X-VLA,calibration,abc_d_official_1000seq_workers4,996,5,1
X-VLA,calibration,abc_d_official_1000seq_workers4,997,5,1
X-VLA,calibration,abc_d_official_1000seq_workers4,998,5,1
X-VLA,calibration,abc_d_official_1000seq_workers4,999,5,1
X-VLA,resampled_pose,abc_d_official_1000seq_workers4,0,5,1
X-VLA,resampled_pose,abc_d_official_1000seq_workers4,1,1,0
X-VLA,resampled_pose,abc_d_official_1000seq_workers4,2,5,1
X-VLA,resampled_pose,abc_d_official_1000seq_workers4,3,0,0
X-VLA,resampled_pose,abc_d_official_1000seq_workers4,4,2,0
X-VLA,resampled_pose,abc_d_official_1000seq_workers4,5,5,1
X-VLA,resampled_pose,abc_d_official_1000seq_workers4,6,5,1
X-VLA,resampled_pose,abc_d_official_1000seq_workers4,7,5,1
X-VLA,resampled_pose,abc_d_official_1000seq_workers4,8,1,0
X-VLA,resampled_pose,abc_d_official_1000seq_workers4,9,5,1
X-VLA,resampled_pose,abc_d_official_1000seq_workers4,10,5,1
X-VLA,resampled_pose,abc_d_official_1000seq_workers4,11,5,1
X-VLA,resampled_pose,abc_d_official_1000seq_workers4,12,5,1
X-VLA,resampled_pose,abc_d_official_1000seq_workers4,13,5,1
X-VLA,resampled_pose,abc_d_official_1000seq_workers4,14,1,0
X-VLA,resampled_pose,abc_d_official_1000seq_workers4,15,5,1
X-VLA,resampled_pose,abc_d_official_1000seq_workers4,16,0,0
X-VLA,resampled_pose,abc_d_official_1000seq_workers4,17,0,0
X-VLA,resampled_pose,abc_d_official_1000seq_workers4,18,1,0
X-VLA,resampled_pose,abc_d_official_1000seq_workers4,19,5,1
X-VLA,resampled_pose,abc_d_official_1000seq_workers4,20,5,1
X-VLA,resampled_pose,abc_d_official_1000seq_workers4,21,5,1
X-VLA,resampled_pose,abc_d_official_1000seq_workers4,22,5,1
X-VLA,resampled_pose,abc_d_official_1000seq_workers4,23,2,0
X-VLA,resampled_pose,abc_d_official_1000seq_workers4,24,5,1
X-VLA,resampled_pose,abc_d_official_1000seq_workers4,25,1,0
X-VLA,resampled_pose,abc_d_official_1000seq_workers4,26,0,0
X-VLA,resampled_pose,abc_d_official_1000seq_workers4,27,0,0
X-VLA,resampled_pose,abc_d_official_1000seq_workers4,28,5,1
X-VLA,resampled_pose,abc_d_official_1000seq_workers4,29,5,1
X-VLA,resampled_pose,abc_d_official_1000seq_workers4,30,2,0
X-VLA,resampled_pose,abc_d_official_1000seq_workers4,31,5,1
X-VLA,resampled_pose,abc_d_official_1000seq_workers4,32,2,0
X-VLA,resampled_pose,abc_d_official_1000seq_workers4,33,2,0
X-VLA,resampled_pose,abc_d_official_1000seq_workers4,34,4,0
X-VLA,resampled_pose,abc_d_official_1000seq_workers4,35,3,0
X-VLA,resampled_pose,abc_d_official_1000seq_workers4,36,4,0
X-VLA,resampled_pose,abc_d_official_1000seq_workers4,37,2,0
X-VLA,resampled_pose,abc_d_official_1000seq_workers4,38,2,0
X-VLA,resampled_pose,abc_d_official_1000seq_workers4,39,1,0
X-VLA,resampled_pose,abc_d_official_1000seq_workers4,40,2,0
X-VLA,resampled_pose,abc_d_official_1000seq_workers4,41,5,1
X-VLA,resampled_pose,abc_d_official_1000seq_workers4,42,1,0
X-VLA,resampled_pose,abc_d_official_1000seq_workers4,43,5,1
X-VLA,resampled_pose,abc_d_official_1000seq_workers4,44,5,1
X-VLA,resampled_pose,abc_d_official_1000seq_workers4,45,2,0
X-VLA,resampled_pose,abc_d_official_1000seq_workers4,46,1,0
X-VLA,resampled_pose,abc_d_official_1000seq_workers4,47,1,0
X-VLA,resampled_pose,abc_d_official_1000seq_workers4,48,5,1
X-VLA,resampled_pose,abc_d_official_1000seq_workers4,49,0,0
X-VLA,resampled_pose,abc_d_official_1000seq_workers4,50,1,0
X-VLA,resampled_pose,abc_d_official_1000seq_workers4,51,0,0
X-VLA,resampled_pose,abc_d_official_1000seq_workers4,52,5,1
X-VLA,resampled_pose,abc_d_official_1000seq_workers4,53,3,0
X-VLA,resampled_pose,abc_d_official_1000seq_workers4,54,3,0
X-VLA,resampled_pose,abc_d_official_1000seq_workers4,55,1,0
X-VLA,resampled_pose,abc_d_official_1000seq_workers4,56,1,0
X-VLA,resampled_pose,abc_d_official_1000seq_workers4,57,1,0
X-VLA,resampled_pose,abc_d_official_1000seq_workers4,58,4,0
X-VLA,resampled_pose,abc_d_official_1000seq_workers4,59,5,1
X-VLA,resampled_pose,abc_d_official_1000seq_workers4,60,2,0
X-VLA,resampled_pose,abc_d_official_1000seq_workers4,61,0,0
X-VLA,resampled_pose,abc_d_official_1000seq_workers4,62,5,1
X-VLA,resampled_pose,abc_d_official_1000seq_workers4,63,5,1
X-VLA,resampled_pose,abc_d_official_1000seq_workers4,64,1,0
X-VLA,resampled_pose,abc_d_official_1000seq_workers4,65,5,1
X-VLA,resampled_pose,abc_d_official_1000seq_workers4,66,5,1
X-VLA,resampled_pose,abc_d_official_1000seq_workers4,67,5,1
X-VLA,resampled_pose,abc_d_official_1000seq_workers4,68,5,1
X-VLA,resampled_pose,abc_d_official_1000seq_workers4,69,5,1
X-VLA,resampled_pose,abc_d_official_1000seq_workers4,70,2,0
X-VLA,resampled_pose,abc_d_official_1000seq_workers4,71,5,1
X-VLA,resampled_pose,abc_d_official_1000seq_workers4,72,2,0
X-VLA,resampled_pose,abc_d_official_1000seq_workers4,73,5,1
X-VLA,resampled_pose,abc_d_official_1000seq_workers4,74,3,0
X-VLA,resampled_pose,abc_d_official_1000seq_workers4,75,5,1
X-VLA,resampled_pose,abc_d_official_1000seq_workers4,76,3,0
X-VLA,resampled_pose,abc_d_official_1000seq_workers4,77,5,1
X-VLA,resampled_pose,abc_d_official_1000seq_workers4,78,3,0
X-VLA,resampled_pose,abc_d_official_1000seq_workers4,79,0,0
X-VLA,resampled_pose,abc_d_official_1000seq_workers4,80,5,1
X-VLA,resampled_pose,abc_d_official_1000seq_workers4,81,5,1
X-VLA,resampled_pose,abc_d_official_1000seq_workers4,82,4,0
X-VLA,resampled_pose,abc_d_official_1000seq_workers4,83,5,1
X-VLA,resampled_pose,abc_d_official_1000seq_workers4,84,3,0
X-VLA,resampled_pose,abc_d_official_1000seq_workers4,85,5,1
X-VLA,resampled_pose,abc_d_official_1000seq_workers4,86,5,1
X-VLA,resampled_pose,abc_d_official_1000seq_workers4,87,0,0
X-VLA,resampled_pose,abc_d_official_1000seq_workers4,88,5,1
X-VLA,resampled_pose,abc_d_official_1000seq_workers4,89,5,1
X-VLA,resampled_pose,abc_d_official_1000seq_workers4,90,5,1
X-VLA,resampled_pose,abc_d_official_1000seq_workers4,91,1,0
X-VLA,resampled_pose,abc_d_official_1000seq_workers4,92,2,0
X-VLA,resampled_pose,abc_d_official_1000seq_workers4,93,0,0
X-VLA,resampled_pose,abc_d_official_1000seq_workers4,94,0,0
X-VLA,resampled_pose,abc_d_official_1000seq_workers4,95,3,0
X-VLA,resampled_pose,abc_d_official_1000seq_workers4,96,3,0
X-VLA,resampled_pose,abc_d_official_1000seq_workers4,97,2,0
X-VLA,resampled_pose,abc_d_official_1000seq_workers4,98,2,0
X-VLA,resampled_pose,abc_d_official_1000seq_workers4,99,0,0
X-VLA,resampled_pose,abc_d_official_1000seq_workers4,100,5,1
X-VLA,resampled_pose,abc_d_official_1000seq_workers4,101,5,1
X-VLA,resampled_pose,abc_d_official_1000seq_workers4,102,5,1
X-VLA,resampled_pose,abc_d_official_1000seq_workers4,103,0,0
X-VLA,resampled_pose,abc_d_official_1000seq_workers4,104,5,1
X-VLA,resampled_pose,abc_d_official_1000seq_workers4,105,1,0
X-VLA,resampled_pose,abc_d_official_1000seq_workers4,106,4,0
X-VLA,resampled_pose,abc_d_official_1000seq_workers4,107,3,0
X-VLA,resampled_pose,abc_d_official_1000seq_workers4,108,1,0
X-VLA,resampled_pose,abc_d_official_1000seq_workers4,109,0,0
X-VLA,resampled_pose,abc_d_official_1000seq_workers4,110,1,0
X-VLA,resampled_pose,abc_d_official_1000seq_workers4,111,1,0
X-VLA,resampled_pose,abc_d_official_1000seq_workers4,112,0,0
X-VLA,resampled_pose,abc_d_official_1000seq_workers4,113,5,1
X-VLA,resampled_pose,abc_d_official_1000seq_workers4,114,5,1
X-VLA,resampled_pose,abc_d_official_1000seq_workers4,115,5,1
X-VLA,resampled_pose,abc_d_official_1000seq_workers4,116,4,0
X-VLA,resampled_pose,abc_d_official_1000seq_workers4,117,0,0
X-VLA,resampled_pose,abc_d_official_1000seq_workers4,118,4,0
X-VLA,resampled_pose,abc_d_official_1000seq_workers4,119,5,1
X-VLA,resampled_pose,abc_d_official_1000seq_workers4,120,5,1
X-VLA,resampled_pose,abc_d_official_1000seq_workers4,121,2,0
X-VLA,resampled_pose,abc_d_official_1000seq_workers4,122,4,0
X-VLA,resampled_pose,abc_d_official_1000seq_workers4,123,1,0
X-VLA,resampled_pose,abc_d_official_1000seq_workers4,124,5,1
X-VLA,resampled_pose,abc_d_official_1000seq_workers4,125,5,1
X-VLA,resampled_pose,abc_d_official_1000seq_workers4,126,0,0
X-VLA,resampled_pose,abc_d_official_1000seq_workers4,127,2,0
X-VLA,resampled_pose,abc_d_official_1000seq_workers4,128,5,1
X-VLA,resampled_pose,abc_d_official_1000seq_workers4,129,4,0
X-VLA,resampled_pose,abc_d_official_1000seq_workers4,130,4,0
X-VLA,resampled_pose,abc_d_official_1000seq_workers4,131,1,0
X-VLA,resampled_pose,abc_d_official_1000seq_workers4,132,5,1
X-VLA,resampled_pose,abc_d_official_1000seq_workers4,133,3,0
X-VLA,resampled_pose,abc_d_official_1000seq_workers4,134,0,0
X-VLA,resampled_pose,abc_d_official_1000seq_workers4,135,4,0
X-VLA,resampled_pose,abc_d_official_1000seq_workers4,136,5,1
X-VLA,resampled_pose,abc_d_official_1000seq_workers4,137,5,1
X-VLA,resampled_pose,abc_d_official_1000seq_workers4,138,3,0
X-VLA,resampled_pose,abc_d_official_1000seq_workers4,139,5,1
X-VLA,resampled_pose,abc_d_official_1000seq_workers4,140,2,0
X-VLA,resampled_pose,abc_d_official_1000seq_workers4,141,3,0
X-VLA,resampled_pose,abc_d_official_1000seq_workers4,142,0,0
X-VLA,resampled_pose,abc_d_official_1000seq_workers4,143,5,1
X-VLA,resampled_pose,abc_d_official_1000seq_workers4,144,0,0
X-VLA,resampled_pose,abc_d_official_1000seq_workers4,145,1,0
X-VLA,resampled_pose,abc_d_official_1000seq_workers4,146,0,0
X-VLA,resampled_pose,abc_d_official_1000seq_workers4,147,2,0
X-VLA,resampled_pose,abc_d_official_1000seq_workers4,148,1,0
X-VLA,resampled_pose,abc_d_official_1000seq_workers4,149,5,1
X-VLA,resampled_pose,abc_d_official_1000seq_workers4,150,2,0
X-VLA,resampled_pose,abc_d_official_1000seq_workers4,151,2,0
X-VLA,resampled_pose,abc_d_official_1000seq_workers4,152,5,1
X-VLA,resampled_pose,abc_d_official_1000seq_workers4,153,5,1
X-VLA,resampled_pose,abc_d_official_1000seq_workers4,154,5,1
X-VLA,resampled_pose,abc_d_official_1000seq_workers4,155,5,1
X-VLA,resampled_pose,abc_d_official_1000seq_workers4,156,0,0
X-VLA,resampled_pose,abc_d_official_1000seq_workers4,157,5,1
X-VLA,resampled_pose,abc_d_official_1000seq_workers4,158,0,0
X-VLA,resampled_pose,abc_d_official_1000seq_workers4,159,5,1
X-VLA,resampled_pose,abc_d_official_1000seq_workers4,160,5,1
X-VLA,resampled_pose,abc_d_official_1000seq_workers4,161,5,1
X-VLA,resampled_pose,abc_d_official_1000seq_workers4,162,5,1
X-VLA,resampled_pose,abc_d_official_1000seq_workers4,163,5,1
X-VLA,resampled_pose,abc_d_official_1000seq_workers4,164,5,1
X-VLA,resampled_pose,abc_d_official_1000seq_workers4,165,5,1
X-VLA,resampled_pose,abc_d_official_1000seq_workers4,166,1,0
X-VLA,resampled_pose,abc_d_official_1000seq_workers4,167,1,0
X-VLA,resampled_pose,abc_d_official_1000seq_workers4,168,0,0
X-VLA,resampled_pose,abc_d_official_1000seq_workers4,169,5,1
X-VLA,resampled_pose,abc_d_official_1000seq_workers4,170,5,1
X-VLA,resampled_pose,abc_d_official_1000seq_workers4,171,5,1
X-VLA,resampled_pose,abc_d_official_1000seq_workers4,172,5,1
X-VLA,resampled_pose,abc_d_official_1000seq_workers4,173,5,1
X-VLA,resampled_pose,abc_d_official_1000seq_workers4,174,4,0
X-VLA,resampled_pose,abc_d_official_1000seq_workers4,175,5,1
X-VLA,resampled_pose,abc_d_official_1000seq_workers4,176,3,0
X-VLA,resampled_pose,abc_d_official_1000seq_workers4,177,5,1
X-VLA,resampled_pose,abc_d_official_1000seq_workers4,178,5,1
X-VLA,resampled_pose,abc_d_official_1000seq_workers4,179,3,0
X-VLA,resampled_pose,abc_d_official_1000seq_workers4,180,1,0
X-VLA,resampled_pose,abc_d_official_1000seq_workers4,181,5,1
X-VLA,resampled_pose,abc_d_official_1000seq_workers4,182,5,1
X-VLA,resampled_pose,abc_d_official_1000seq_workers4,183,0,0
X-VLA,resampled_pose,abc_d_official_1000seq_workers4,184,5,1
X-VLA,resampled_pose,abc_d_official_1000seq_workers4,185,3,0
X-VLA,resampled_pose,abc_d_official_1000seq_workers4,186,2,0
X-VLA,resampled_pose,abc_d_official_1000seq_workers4,187,5,1
X-VLA,resampled_pose,abc_d_official_1000seq_workers4,188,5,1
X-VLA,resampled_pose,abc_d_official_1000seq_workers4,189,5,1
X-VLA,resampled_pose,abc_d_official_1000seq_workers4,190,2,0
X-VLA,resampled_pose,abc_d_official_1000seq_workers4,191,0,0
X-VLA,resampled_pose,abc_d_official_1000seq_workers4,192,0,0
X-VLA,resampled_pose,abc_d_official_1000seq_workers4,193,4,0
X-VLA,resampled_pose,abc_d_official_1000seq_workers4,194,5,1
X-VLA,resampled_pose,abc_d_official_1000seq_workers4,195,5,1
X-VLA,resampled_pose,abc_d_official_1000seq_workers4,196,5,1
X-VLA,resampled_pose,abc_d_official_1000seq_workers4,197,2,0
X-VLA,resampled_pose,abc_d_official_1000seq_workers4,198,5,1
X-VLA,resampled_pose,abc_d_official_1000seq_workers4,199,5,1
X-VLA,resampled_pose,abc_d_official_1000seq_workers4,200,5,1
X-VLA,resampled_pose,abc_d_official_1000seq_workers4,201,5,1
X-VLA,resampled_pose,abc_d_official_1000seq_workers4,202,2,0
X-VLA,resampled_pose,abc_d_official_1000seq_workers4,203,5,1
X-VLA,resampled_pose,abc_d_official_1000seq_workers4,204,5,1
X-VLA,resampled_pose,abc_d_official_1000seq_workers4,205,5,1
X-VLA,resampled_pose,abc_d_official_1000seq_workers4,206,5,1
X-VLA,resampled_pose,abc_d_official_1000seq_workers4,207,5,1
X-VLA,resampled_pose,abc_d_official_1000seq_workers4,208,1,0
X-VLA,resampled_pose,abc_d_official_1000seq_workers4,209,3,0
X-VLA,resampled_pose,abc_d_official_1000seq_workers4,210,3,0
X-VLA,resampled_pose,abc_d_official_1000seq_workers4,211,2,0
X-VLA,resampled_pose,abc_d_official_1000seq_workers4,212,3,0
X-VLA,resampled_pose,abc_d_official_1000seq_workers4,213,5,1
X-VLA,resampled_pose,abc_d_official_1000seq_workers4,214,3,0
X-VLA,resampled_pose,abc_d_official_1000seq_workers4,215,5,1
X-VLA,resampled_pose,abc_d_official_1000seq_workers4,216,5,1
X-VLA,resampled_pose,abc_d_official_1000seq_workers4,217,1,0
X-VLA,resampled_pose,abc_d_official_1000seq_workers4,218,0,0
X-VLA,resampled_pose,abc_d_official_1000seq_workers4,219,1,0
X-VLA,resampled_pose,abc_d_official_1000seq_workers4,220,5,1
X-VLA,resampled_pose,abc_d_official_1000seq_workers4,221,5,1
X-VLA,resampled_pose,abc_d_official_1000seq_workers4,222,1,0
X-VLA,resampled_pose,abc_d_official_1000seq_workers4,223,0,0
X-VLA,resampled_pose,abc_d_official_1000seq_workers4,224,3,0
X-VLA,resampled_pose,abc_d_official_1000seq_workers4,225,3,0
X-VLA,resampled_pose,abc_d_official_1000seq_workers4,226,5,1
X-VLA,resampled_pose,abc_d_official_1000seq_workers4,227,5,1
X-VLA,resampled_pose,abc_d_official_1000seq_workers4,228,0,0
X-VLA,resampled_pose,abc_d_official_1000seq_workers4,229,5,1
X-VLA,resampled_pose,abc_d_official_1000seq_workers4,230,0,0
X-VLA,resampled_pose,abc_d_official_1000seq_workers4,231,5,1
X-VLA,resampled_pose,abc_d_official_1000seq_workers4,232,1,0
X-VLA,resampled_pose,abc_d_official_1000seq_workers4,233,4,0
X-VLA,resampled_pose,abc_d_official_1000seq_workers4,234,5,1
X-VLA,resampled_pose,abc_d_official_1000seq_workers4,235,1,0
X-VLA,resampled_pose,abc_d_official_1000seq_workers4,236,3,0
X-VLA,resampled_pose,abc_d_official_1000seq_workers4,237,5,1
X-VLA,resampled_pose,abc_d_official_1000seq_workers4,238,3,0
X-VLA,resampled_pose,abc_d_official_1000seq_workers4,239,5,1
X-VLA,resampled_pose,abc_d_official_1000seq_workers4,240,5,1
X-VLA,resampled_pose,abc_d_official_1000seq_workers4,241,1,0
X-VLA,resampled_pose,abc_d_official_1000seq_workers4,242,5,1
X-VLA,resampled_pose,abc_d_official_1000seq_workers4,243,5,1
X-VLA,resampled_pose,abc_d_official_1000seq_workers4,244,5,1
X-VLA,resampled_pose,abc_d_official_1000seq_workers4,245,4,0
X-VLA,resampled_pose,abc_d_official_1000seq_workers4,246,1,0
X-VLA,resampled_pose,abc_d_official_1000seq_workers4,247,5,1
X-VLA,resampled_pose,abc_d_official_1000seq_workers4,248,5,1
X-VLA,resampled_pose,abc_d_official_1000seq_workers4,249,5,1
X-VLA,resampled_pose,abc_d_official_1000seq_workers4,250,3,0
X-VLA,resampled_pose,abc_d_official_1000seq_workers4,251,5,1
X-VLA,resampled_pose,abc_d_official_1000seq_workers4,252,2,0
X-VLA,resampled_pose,abc_d_official_1000seq_workers4,253,5,1
X-VLA,resampled_pose,abc_d_official_1000seq_workers4,254,5,1
X-VLA,resampled_pose,abc_d_official_1000seq_workers4,255,3,0
X-VLA,resampled_pose,abc_d_official_1000seq_workers4,256,5,1
X-VLA,resampled_pose,abc_d_official_1000seq_workers4,257,3,0
X-VLA,resampled_pose,abc_d_official_1000seq_workers4,258,5,1
X-VLA,resampled_pose,abc_d_official_1000seq_workers4,259,1,0
X-VLA,resampled_pose,abc_d_official_1000seq_workers4,260,1,0
X-VLA,resampled_pose,abc_d_official_1000seq_workers4,261,0,0
X-VLA,resampled_pose,abc_d_official_1000seq_workers4,262,5,1
X-VLA,resampled_pose,abc_d_official_1000seq_workers4,263,0,0
X-VLA,resampled_pose,abc_d_official_1000seq_workers4,264,4,0
X-VLA,resampled_pose,abc_d_official_1000seq_workers4,265,2,0
X-VLA,resampled_pose,abc_d_official_1000seq_workers4,266,0,0
X-VLA,resampled_pose,abc_d_official_1000seq_workers4,267,5,1
X-VLA,resampled_pose,abc_d_official_1000seq_workers4,268,1,0
X-VLA,resampled_pose,abc_d_official_1000seq_workers4,269,0,0
X-VLA,resampled_pose,abc_d_official_1000seq_workers4,270,0,0
X-VLA,resampled_pose,abc_d_official_1000seq_workers4,271,5,1
X-VLA,resampled_pose,abc_d_official_1000seq_workers4,272,0,0
X-VLA,resampled_pose,abc_d_official_1000seq_workers4,273,4,0
X-VLA,resampled_pose,abc_d_official_1000seq_workers4,274,3,0
X-VLA,resampled_pose,abc_d_official_1000seq_workers4,275,4,0
X-VLA,resampled_pose,abc_d_official_1000seq_workers4,276,3,0
X-VLA,resampled_pose,abc_d_official_1000seq_workers4,277,5,1
X-VLA,resampled_pose,abc_d_official_1000seq_workers4,278,5,1
X-VLA,resampled_pose,abc_d_official_1000seq_workers4,279,5,1
X-VLA,resampled_pose,abc_d_official_1000seq_workers4,280,5,1
X-VLA,resampled_pose,abc_d_official_1000seq_workers4,281,5,1
X-VLA,resampled_pose,abc_d_official_1000seq_workers4,282,5,1
X-VLA,resampled_pose,abc_d_official_1000seq_workers4,283,5,1
X-VLA,resampled_pose,abc_d_official_1000seq_workers4,284,5,1
X-VLA,resampled_pose,abc_d_official_1000seq_workers4,285,5,1
X-VLA,resampled_pose,abc_d_official_1000seq_workers4,286,2,0
X-VLA,resampled_pose,abc_d_official_1000seq_workers4,287,1,0
X-VLA,resampled_pose,abc_d_official_1000seq_workers4,288,5,1
X-VLA,resampled_pose,abc_d_official_1000seq_workers4,289,5,1
X-VLA,resampled_pose,abc_d_official_1000seq_workers4,290,0,0
X-VLA,resampled_pose,abc_d_official_1000seq_workers4,291,5,1
X-VLA,resampled_pose,abc_d_official_1000seq_workers4,292,2,0
X-VLA,resampled_pose,abc_d_official_1000seq_workers4,293,0,0
X-VLA,resampled_pose,abc_d_official_1000seq_workers4,294,5,1
X-VLA,resampled_pose,abc_d_official_1000seq_workers4,295,1,0
X-VLA,resampled_pose,abc_d_official_1000seq_workers4,296,5,1
X-VLA,resampled_pose,abc_d_official_1000seq_workers4,297,1,0
X-VLA,resampled_pose,abc_d_official_1000seq_workers4,298,4,0
X-VLA,resampled_pose,abc_d_official_1000seq_workers4,299,5,1
X-VLA,resampled_pose,abc_d_official_1000seq_workers4,300,5,1
X-VLA,resampled_pose,abc_d_official_1000seq_workers4,301,1,0
X-VLA,resampled_pose,abc_d_official_1000seq_workers4,302,1,0
X-VLA,resampled_pose,abc_d_official_1000seq_workers4,303,4,0
X-VLA,resampled_pose,abc_d_official_1000seq_workers4,304,1,0
X-VLA,resampled_pose,abc_d_official_1000seq_workers4,305,5,1
X-VLA,resampled_pose,abc_d_official_1000seq_workers4,306,5,1
X-VLA,resampled_pose,abc_d_official_1000seq_workers4,307,5,1
X-VLA,resampled_pose,abc_d_official_1000seq_workers4,308,5,1
X-VLA,resampled_pose,abc_d_official_1000seq_workers4,309,3,0
X-VLA,resampled_pose,abc_d_official_1000seq_workers4,310,2,0
X-VLA,resampled_pose,abc_d_official_1000seq_workers4,311,0,0
X-VLA,resampled_pose,abc_d_official_1000seq_workers4,312,1,0
X-VLA,resampled_pose,abc_d_official_1000seq_workers4,313,5,1
X-VLA,resampled_pose,abc_d_official_1000seq_workers4,314,4,0
X-VLA,resampled_pose,abc_d_official_1000seq_workers4,315,1,0
X-VLA,resampled_pose,abc_d_official_1000seq_workers4,316,5,1
X-VLA,resampled_pose,abc_d_official_1000seq_workers4,317,0,0
X-VLA,resampled_pose,abc_d_official_1000seq_workers4,318,2,0
X-VLA,resampled_pose,abc_d_official_1000seq_workers4,319,1,0
X-VLA,resampled_pose,abc_d_official_1000seq_workers4,320,5,1
X-VLA,resampled_pose,abc_d_official_1000seq_workers4,321,5,1
X-VLA,resampled_pose,abc_d_official_1000seq_workers4,322,0,0
X-VLA,resampled_pose,abc_d_official_1000seq_workers4,323,5,1
X-VLA,resampled_pose,abc_d_official_1000seq_workers4,324,0,0
X-VLA,resampled_pose,abc_d_official_1000seq_workers4,325,5,1
X-VLA,resampled_pose,abc_d_official_1000seq_workers4,326,4,0
X-VLA,resampled_pose,abc_d_official_1000seq_workers4,327,4,0
X-VLA,resampled_pose,abc_d_official_1000seq_workers4,328,2,0
X-VLA,resampled_pose,abc_d_official_1000seq_workers4,329,4,0
X-VLA,resampled_pose,abc_d_official_1000seq_workers4,330,3,0
X-VLA,resampled_pose,abc_d_official_1000seq_workers4,331,2,0
X-VLA,resampled_pose,abc_d_official_1000seq_workers4,332,5,1
X-VLA,resampled_pose,abc_d_official_1000seq_workers4,333,5,1
X-VLA,resampled_pose,abc_d_official_1000seq_workers4,334,5,1
X-VLA,resampled_pose,abc_d_official_1000seq_workers4,335,3,0
X-VLA,resampled_pose,abc_d_official_1000seq_workers4,336,5,1
X-VLA,resampled_pose,abc_d_official_1000seq_workers4,337,0,0
X-VLA,resampled_pose,abc_d_official_1000seq_workers4,338,2,0
X-VLA,resampled_pose,abc_d_official_1000seq_workers4,339,5,1
X-VLA,resampled_pose,abc_d_official_1000seq_workers4,340,5,1
X-VLA,resampled_pose,abc_d_official_1000seq_workers4,341,5,1
X-VLA,resampled_pose,abc_d_official_1000seq_workers4,342,5,1
X-VLA,resampled_pose,abc_d_official_1000seq_workers4,343,1,0
X-VLA,resampled_pose,abc_d_official_1000seq_workers4,344,4,0
X-VLA,resampled_pose,abc_d_official_1000seq_workers4,345,5,1
X-VLA,resampled_pose,abc_d_official_1000seq_workers4,346,5,1
X-VLA,resampled_pose,abc_d_official_1000seq_workers4,347,5,1
X-VLA,resampled_pose,abc_d_official_1000seq_workers4,348,1,0
X-VLA,resampled_pose,abc_d_official_1000seq_workers4,349,1,0
X-VLA,resampled_pose,abc_d_official_1000seq_workers4,350,0,0
X-VLA,resampled_pose,abc_d_official_1000seq_workers4,351,4,0
X-VLA,resampled_pose,abc_d_official_1000seq_workers4,352,5,1
X-VLA,resampled_pose,abc_d_official_1000seq_workers4,353,1,0
X-VLA,resampled_pose,abc_d_official_1000seq_workers4,354,5,1
X-VLA,resampled_pose,abc_d_official_1000seq_workers4,355,5,1
X-VLA,resampled_pose,abc_d_official_1000seq_workers4,356,2,0
X-VLA,resampled_pose,abc_d_official_1000seq_workers4,357,1,0
X-VLA,resampled_pose,abc_d_official_1000seq_workers4,358,5,1
X-VLA,resampled_pose,abc_d_official_1000seq_workers4,359,5,1
X-VLA,resampled_pose,abc_d_official_1000seq_workers4,360,1,0
X-VLA,resampled_pose,abc_d_official_1000seq_workers4,361,0,0
X-VLA,resampled_pose,abc_d_official_1000seq_workers4,362,5,1
X-VLA,resampled_pose,abc_d_official_1000seq_workers4,363,1,0
X-VLA,resampled_pose,abc_d_official_1000seq_workers4,364,1,0
X-VLA,resampled_pose,abc_d_official_1000seq_workers4,365,5,1
X-VLA,resampled_pose,abc_d_official_1000seq_workers4,366,4,0
X-VLA,resampled_pose,abc_d_official_1000seq_workers4,367,0,0
X-VLA,resampled_pose,abc_d_official_1000seq_workers4,368,5,1
X-VLA,resampled_pose,abc_d_official_1000seq_workers4,369,5,1
X-VLA,resampled_pose,abc_d_official_1000seq_workers4,370,1,0
X-VLA,resampled_pose,abc_d_official_1000seq_workers4,371,5,1
X-VLA,resampled_pose,abc_d_official_1000seq_workers4,372,5,1
X-VLA,resampled_pose,abc_d_official_1000seq_workers4,373,0,0
X-VLA,resampled_pose,abc_d_official_1000seq_workers4,374,5,1
X-VLA,resampled_pose,abc_d_official_1000seq_workers4,375,1,0
X-VLA,resampled_pose,abc_d_official_1000seq_workers4,376,1,0
X-VLA,resampled_pose,abc_d_official_1000seq_workers4,377,1,0
X-VLA,resampled_pose,abc_d_official_1000seq_workers4,378,1,0
X-VLA,resampled_pose,abc_d_official_1000seq_workers4,379,1,0
X-VLA,resampled_pose,abc_d_official_1000seq_workers4,380,5,1
X-VLA,resampled_pose,abc_d_official_1000seq_workers4,381,4,0
X-VLA,resampled_pose,abc_d_official_1000seq_workers4,382,2,0
X-VLA,resampled_pose,abc_d_official_1000seq_workers4,383,2,0
X-VLA,resampled_pose,abc_d_official_1000seq_workers4,384,5,1
X-VLA,resampled_pose,abc_d_official_1000seq_workers4,385,5,1
X-VLA,resampled_pose,abc_d_official_1000seq_workers4,386,2,0
X-VLA,resampled_pose,abc_d_official_1000seq_workers4,387,3,0
X-VLA,resampled_pose,abc_d_official_1000seq_workers4,388,5,1
X-VLA,resampled_pose,abc_d_official_1000seq_workers4,389,4,0
X-VLA,resampled_pose,abc_d_official_1000seq_workers4,390,5,1
X-VLA,resampled_pose,abc_d_official_1000seq_workers4,391,4,0
X-VLA,resampled_pose,abc_d_official_1000seq_workers4,392,5,1
X-VLA,resampled_pose,abc_d_official_1000seq_workers4,393,3,0
X-VLA,resampled_pose,abc_d_official_1000seq_workers4,394,5,1
X-VLA,resampled_pose,abc_d_official_1000seq_workers4,395,5,1
X-VLA,resampled_pose,abc_d_official_1000seq_workers4,396,5,1
X-VLA,resampled_pose,abc_d_official_1000seq_workers4,397,5,1
X-VLA,resampled_pose,abc_d_official_1000seq_workers4,398,5,1
X-VLA,resampled_pose,abc_d_official_1000seq_workers4,399,5,1
X-VLA,resampled_pose,abc_d_official_1000seq_workers4,400,0,0
X-VLA,resampled_pose,abc_d_official_1000seq_workers4,401,5,1
X-VLA,resampled_pose,abc_d_official_1000seq_workers4,402,0,0
X-VLA,resampled_pose,abc_d_official_1000seq_workers4,403,4,0
X-VLA,resampled_pose,abc_d_official_1000seq_workers4,404,0,0
X-VLA,resampled_pose,abc_d_official_1000seq_workers4,405,2,0
X-VLA,resampled_pose,abc_d_official_1000seq_workers4,406,5,1
X-VLA,resampled_pose,abc_d_official_1000seq_workers4,407,2,0
X-VLA,resampled_pose,abc_d_official_1000seq_workers4,408,2,0
X-VLA,resampled_pose,abc_d_official_1000seq_workers4,409,4,0
X-VLA,resampled_pose,abc_d_official_1000seq_workers4,410,5,1
X-VLA,resampled_pose,abc_d_official_1000seq_workers4,411,3,0
X-VLA,resampled_pose,abc_d_official_1000seq_workers4,412,5,1
X-VLA,resampled_pose,abc_d_official_1000seq_workers4,413,5,1
X-VLA,resampled_pose,abc_d_official_1000seq_workers4,414,5,1
X-VLA,resampled_pose,abc_d_official_1000seq_workers4,415,5,1
X-VLA,resampled_pose,abc_d_official_1000seq_workers4,416,5,1
X-VLA,resampled_pose,abc_d_official_1000seq_workers4,417,5,1
X-VLA,resampled_pose,abc_d_official_1000seq_workers4,418,1,0
X-VLA,resampled_pose,abc_d_official_1000seq_workers4,419,2,0
X-VLA,resampled_pose,abc_d_official_1000seq_workers4,420,0,0
X-VLA,resampled_pose,abc_d_official_1000seq_workers4,421,0,0
X-VLA,resampled_pose,abc_d_official_1000seq_workers4,422,5,1
X-VLA,resampled_pose,abc_d_official_1000seq_workers4,423,3,0
X-VLA,resampled_pose,abc_d_official_1000seq_workers4,424,0,0
X-VLA,resampled_pose,abc_d_official_1000seq_workers4,425,5,1
X-VLA,resampled_pose,abc_d_official_1000seq_workers4,426,5,1
X-VLA,resampled_pose,abc_d_official_1000seq_workers4,427,5,1
X-VLA,resampled_pose,abc_d_official_1000seq_workers4,428,3,0
X-VLA,resampled_pose,abc_d_official_1000seq_workers4,429,5,1
X-VLA,resampled_pose,abc_d_official_1000seq_workers4,430,0,0
X-VLA,resampled_pose,abc_d_official_1000seq_workers4,431,5,1
X-VLA,resampled_pose,abc_d_official_1000seq_workers4,432,5,1
X-VLA,resampled_pose,abc_d_official_1000seq_workers4,433,0,0
X-VLA,resampled_pose,abc_d_official_1000seq_workers4,434,5,1
X-VLA,resampled_pose,abc_d_official_1000seq_workers4,435,5,1
X-VLA,resampled_pose,abc_d_official_1000seq_workers4,436,2,0
X-VLA,resampled_pose,abc_d_official_1000seq_workers4,437,5,1
X-VLA,resampled_pose,abc_d_official_1000seq_workers4,438,5,1
X-VLA,resampled_pose,abc_d_official_1000seq_workers4,439,0,0
X-VLA,resampled_pose,abc_d_official_1000seq_workers4,440,5,1
X-VLA,resampled_pose,abc_d_official_1000seq_workers4,441,5,1
X-VLA,resampled_pose,abc_d_official_1000seq_workers4,442,0,0
X-VLA,resampled_pose,abc_d_official_1000seq_workers4,443,5,1
X-VLA,resampled_pose,abc_d_official_1000seq_workers4,444,3,0
X-VLA,resampled_pose,abc_d_official_1000seq_workers4,445,0,0
X-VLA,resampled_pose,abc_d_official_1000seq_workers4,446,5,1
X-VLA,resampled_pose,abc_d_official_1000seq_workers4,447,5,1
X-VLA,resampled_pose,abc_d_official_1000seq_workers4,448,1,0
X-VLA,resampled_pose,abc_d_official_1000seq_workers4,449,2,0
X-VLA,resampled_pose,abc_d_official_1000seq_workers4,450,3,0
X-VLA,resampled_pose,abc_d_official_1000seq_workers4,451,0,0
X-VLA,resampled_pose,abc_d_official_1000seq_workers4,452,1,0
X-VLA,resampled_pose,abc_d_official_1000seq_workers4,453,0,0
X-VLA,resampled_pose,abc_d_official_1000seq_workers4,454,3,0
X-VLA,resampled_pose,abc_d_official_1000seq_workers4,455,5,1
X-VLA,resampled_pose,abc_d_official_1000seq_workers4,456,0,0
X-VLA,resampled_pose,abc_d_official_1000seq_workers4,457,5,1
X-VLA,resampled_pose,abc_d_official_1000seq_workers4,458,2,0
X-VLA,resampled_pose,abc_d_official_1000seq_workers4,459,1,0
X-VLA,resampled_pose,abc_d_official_1000seq_workers4,460,2,0
X-VLA,resampled_pose,abc_d_official_1000seq_workers4,461,5,1
X-VLA,resampled_pose,abc_d_official_1000seq_workers4,462,2,0
X-VLA,resampled_pose,abc_d_official_1000seq_workers4,463,5,1
X-VLA,resampled_pose,abc_d_official_1000seq_workers4,464,0,0
X-VLA,resampled_pose,abc_d_official_1000seq_workers4,465,0,0
X-VLA,resampled_pose,abc_d_official_1000seq_workers4,466,0,0
X-VLA,resampled_pose,abc_d_official_1000seq_workers4,467,4,0
X-VLA,resampled_pose,abc_d_official_1000seq_workers4,468,0,0
X-VLA,resampled_pose,abc_d_official_1000seq_workers4,469,5,1
X-VLA,resampled_pose,abc_d_official_1000seq_workers4,470,1,0
X-VLA,resampled_pose,abc_d_official_1000seq_workers4,471,5,1
X-VLA,resampled_pose,abc_d_official_1000seq_workers4,472,4,0
X-VLA,resampled_pose,abc_d_official_1000seq_workers4,473,0,0
X-VLA,resampled_pose,abc_d_official_1000seq_workers4,474,5,1
X-VLA,resampled_pose,abc_d_official_1000seq_workers4,475,5,1
X-VLA,resampled_pose,abc_d_official_1000seq_workers4,476,0,0
X-VLA,resampled_pose,abc_d_official_1000seq_workers4,477,5,1
X-VLA,resampled_pose,abc_d_official_1000seq_workers4,478,0,0
X-VLA,resampled_pose,abc_d_official_1000seq_workers4,479,1,0
X-VLA,resampled_pose,abc_d_official_1000seq_workers4,480,1,0
X-VLA,resampled_pose,abc_d_official_1000seq_workers4,481,3,0
X-VLA,resampled_pose,abc_d_official_1000seq_workers4,482,5,1
X-VLA,resampled_pose,abc_d_official_1000seq_workers4,483,5,1
X-VLA,resampled_pose,abc_d_official_1000seq_workers4,484,2,0
X-VLA,resampled_pose,abc_d_official_1000seq_workers4,485,1,0
X-VLA,resampled_pose,abc_d_official_1000seq_workers4,486,3,0
X-VLA,resampled_pose,abc_d_official_1000seq_workers4,487,5,1
X-VLA,resampled_pose,abc_d_official_1000seq_workers4,488,5,1
X-VLA,resampled_pose,abc_d_official_1000seq_workers4,489,0,0
X-VLA,resampled_pose,abc_d_official_1000seq_workers4,490,0,0
X-VLA,resampled_pose,abc_d_official_1000seq_workers4,491,0,0
X-VLA,resampled_pose,abc_d_official_1000seq_workers4,492,2,0
X-VLA,resampled_pose,abc_d_official_1000seq_workers4,493,5,1
X-VLA,resampled_pose,abc_d_official_1000seq_workers4,494,5,1
X-VLA,resampled_pose,abc_d_official_1000seq_workers4,495,5,1
X-VLA,resampled_pose,abc_d_official_1000seq_workers4,496,5,1
X-VLA,resampled_pose,abc_d_official_1000seq_workers4,497,5,1
X-VLA,resampled_pose,abc_d_official_1000seq_workers4,498,5,1
X-VLA,resampled_pose,abc_d_official_1000seq_workers4,499,5,1
X-VLA,resampled_pose,abc_d_official_1000seq_workers4,500,0,0
X-VLA,resampled_pose,abc_d_official_1000seq_workers4,501,2,0
X-VLA,resampled_pose,abc_d_official_1000seq_workers4,502,3,0
X-VLA,resampled_pose,abc_d_official_1000seq_workers4,503,5,1
X-VLA,resampled_pose,abc_d_official_1000seq_workers4,504,5,1
X-VLA,resampled_pose,abc_d_official_1000seq_workers4,505,2,0
X-VLA,resampled_pose,abc_d_official_1000seq_workers4,506,5,1
X-VLA,resampled_pose,abc_d_official_1000seq_workers4,507,4,0
X-VLA,resampled_pose,abc_d_official_1000seq_workers4,508,0,0
X-VLA,resampled_pose,abc_d_official_1000seq_workers4,509,5,1
X-VLA,resampled_pose,abc_d_official_1000seq_workers4,510,5,1
X-VLA,resampled_pose,abc_d_official_1000seq_workers4,511,0,0
X-VLA,resampled_pose,abc_d_official_1000seq_workers4,512,0,0
X-VLA,resampled_pose,abc_d_official_1000seq_workers4,513,5,1
X-VLA,resampled_pose,abc_d_official_1000seq_workers4,514,5,1
X-VLA,resampled_pose,abc_d_official_1000seq_workers4,515,5,1
X-VLA,resampled_pose,abc_d_official_1000seq_workers4,516,5,1
X-VLA,resampled_pose,abc_d_official_1000seq_workers4,517,1,0
X-VLA,resampled_pose,abc_d_official_1000seq_workers4,518,1,0
X-VLA,resampled_pose,abc_d_official_1000seq_workers4,519,5,1
X-VLA,resampled_pose,abc_d_official_1000seq_workers4,520,1,0
X-VLA,resampled_pose,abc_d_official_1000seq_workers4,521,5,1
X-VLA,resampled_pose,abc_d_official_1000seq_workers4,522,2,0
X-VLA,resampled_pose,abc_d_official_1000seq_workers4,523,5,1
X-VLA,resampled_pose,abc_d_official_1000seq_workers4,524,5,1
X-VLA,resampled_pose,abc_d_official_1000seq_workers4,525,3,0
X-VLA,resampled_pose,abc_d_official_1000seq_workers4,526,5,1
X-VLA,resampled_pose,abc_d_official_1000seq_workers4,527,5,1
X-VLA,resampled_pose,abc_d_official_1000seq_workers4,528,5,1
X-VLA,resampled_pose,abc_d_official_1000seq_workers4,529,5,1
X-VLA,resampled_pose,abc_d_official_1000seq_workers4,530,5,1
X-VLA,resampled_pose,abc_d_official_1000seq_workers4,531,1,0
X-VLA,resampled_pose,abc_d_official_1000seq_workers4,532,0,0
X-VLA,resampled_pose,abc_d_official_1000seq_workers4,533,4,0
X-VLA,resampled_pose,abc_d_official_1000seq_workers4,534,5,1
X-VLA,resampled_pose,abc_d_official_1000seq_workers4,535,0,0
X-VLA,resampled_pose,abc_d_official_1000seq_workers4,536,5,1
X-VLA,resampled_pose,abc_d_official_1000seq_workers4,537,5,1
X-VLA,resampled_pose,abc_d_official_1000seq_workers4,538,1,0
X-VLA,resampled_pose,abc_d_official_1000seq_workers4,539,0,0
X-VLA,resampled_pose,abc_d_official_1000seq_workers4,540,0,0
X-VLA,resampled_pose,abc_d_official_1000seq_workers4,541,0,0
X-VLA,resampled_pose,abc_d_official_1000seq_workers4,542,5,1
X-VLA,resampled_pose,abc_d_official_1000seq_workers4,543,0,0
X-VLA,resampled_pose,abc_d_official_1000seq_workers4,544,3,0
X-VLA,resampled_pose,abc_d_official_1000seq_workers4,545,5,1
X-VLA,resampled_pose,abc_d_official_1000seq_workers4,546,0,0
X-VLA,resampled_pose,abc_d_official_1000seq_workers4,547,1,0
X-VLA,resampled_pose,abc_d_official_1000seq_workers4,548,5,1
X-VLA,resampled_pose,abc_d_official_1000seq_workers4,549,5,1
X-VLA,resampled_pose,abc_d_official_1000seq_workers4,550,5,1
X-VLA,resampled_pose,abc_d_official_1000seq_workers4,551,5,1
X-VLA,resampled_pose,abc_d_official_1000seq_workers4,552,5,1
X-VLA,resampled_pose,abc_d_official_1000seq_workers4,553,4,0
X-VLA,resampled_pose,abc_d_official_1000seq_workers4,554,1,0
X-VLA,resampled_pose,abc_d_official_1000seq_workers4,555,5,1
X-VLA,resampled_pose,abc_d_official_1000seq_workers4,556,2,0
X-VLA,resampled_pose,abc_d_official_1000seq_workers4,557,4,0
X-VLA,resampled_pose,abc_d_official_1000seq_workers4,558,0,0
X-VLA,resampled_pose,abc_d_official_1000seq_workers4,559,4,0
X-VLA,resampled_pose,abc_d_official_1000seq_workers4,560,5,1
X-VLA,resampled_pose,abc_d_official_1000seq_workers4,561,1,0
X-VLA,resampled_pose,abc_d_official_1000seq_workers4,562,1,0
X-VLA,resampled_pose,abc_d_official_1000seq_workers4,563,2,0
X-VLA,resampled_pose,abc_d_official_1000seq_workers4,564,3,0
X-VLA,resampled_pose,abc_d_official_1000seq_workers4,565,5,1
X-VLA,resampled_pose,abc_d_official_1000seq_workers4,566,5,1
X-VLA,resampled_pose,abc_d_official_1000seq_workers4,567,3,0
X-VLA,resampled_pose,abc_d_official_1000seq_workers4,568,1,0
X-VLA,resampled_pose,abc_d_official_1000seq_workers4,569,5,1
X-VLA,resampled_pose,abc_d_official_1000seq_workers4,570,1,0
X-VLA,resampled_pose,abc_d_official_1000seq_workers4,571,2,0
X-VLA,resampled_pose,abc_d_official_1000seq_workers4,572,0,0
X-VLA,resampled_pose,abc_d_official_1000seq_workers4,573,1,0
X-VLA,resampled_pose,abc_d_official_1000seq_workers4,574,1,0
X-VLA,resampled_pose,abc_d_official_1000seq_workers4,575,0,0
X-VLA,resampled_pose,abc_d_official_1000seq_workers4,576,5,1
X-VLA,resampled_pose,abc_d_official_1000seq_workers4,577,0,0
X-VLA,resampled_pose,abc_d_official_1000seq_workers4,578,5,1
X-VLA,resampled_pose,abc_d_official_1000seq_workers4,579,5,1
X-VLA,resampled_pose,abc_d_official_1000seq_workers4,580,0,0
X-VLA,resampled_pose,abc_d_official_1000seq_workers4,581,4,0
X-VLA,resampled_pose,abc_d_official_1000seq_workers4,582,4,0
X-VLA,resampled_pose,abc_d_official_1000seq_workers4,583,1,0
X-VLA,resampled_pose,abc_d_official_1000seq_workers4,584,1,0
X-VLA,resampled_pose,abc_d_official_1000seq_workers4,585,5,1
X-VLA,resampled_pose,abc_d_official_1000seq_workers4,586,5,1
X-VLA,resampled_pose,abc_d_official_1000seq_workers4,587,1,0
X-VLA,resampled_pose,abc_d_official_1000seq_workers4,588,0,0
X-VLA,resampled_pose,abc_d_official_1000seq_workers4,589,0,0
X-VLA,resampled_pose,abc_d_official_1000seq_workers4,590,1,0
X-VLA,resampled_pose,abc_d_official_1000seq_workers4,591,5,1
X-VLA,resampled_pose,abc_d_official_1000seq_workers4,592,0,0
X-VLA,resampled_pose,abc_d_official_1000seq_workers4,593,3,0
X-VLA,resampled_pose,abc_d_official_1000seq_workers4,594,4,0
X-VLA,resampled_pose,abc_d_official_1000seq_workers4,595,2,0
X-VLA,resampled_pose,abc_d_official_1000seq_workers4,596,3,0
X-VLA,resampled_pose,abc_d_official_1000seq_workers4,597,2,0
X-VLA,resampled_pose,abc_d_official_1000seq_workers4,598,0,0
X-VLA,resampled_pose,abc_d_official_1000seq_workers4,599,5,1
X-VLA,resampled_pose,abc_d_official_1000seq_workers4,600,3,0
X-VLA,resampled_pose,abc_d_official_1000seq_workers4,601,5,1
X-VLA,resampled_pose,abc_d_official_1000seq_workers4,602,5,1
X-VLA,resampled_pose,abc_d_official_1000seq_workers4,603,5,1
X-VLA,resampled_pose,abc_d_official_1000seq_workers4,604,1,0
X-VLA,resampled_pose,abc_d_official_1000seq_workers4,605,5,1
X-VLA,resampled_pose,abc_d_official_1000seq_workers4,606,1,0
X-VLA,resampled_pose,abc_d_official_1000seq_workers4,607,5,1
X-VLA,resampled_pose,abc_d_official_1000seq_workers4,608,5,1
X-VLA,resampled_pose,abc_d_official_1000seq_workers4,609,2,0
X-VLA,resampled_pose,abc_d_official_1000seq_workers4,610,1,0
X-VLA,resampled_pose,abc_d_official_1000seq_workers4,611,4,0
X-VLA,resampled_pose,abc_d_official_1000seq_workers4,612,0,0
X-VLA,resampled_pose,abc_d_official_1000seq_workers4,613,5,1
X-VLA,resampled_pose,abc_d_official_1000seq_workers4,614,5,1
X-VLA,resampled_pose,abc_d_official_1000seq_workers4,615,2,0
X-VLA,resampled_pose,abc_d_official_1000seq_workers4,616,2,0
X-VLA,resampled_pose,abc_d_official_1000seq_workers4,617,3,0
X-VLA,resampled_pose,abc_d_official_1000seq_workers4,618,0,0
X-VLA,resampled_pose,abc_d_official_1000seq_workers4,619,2,0
X-VLA,resampled_pose,abc_d_official_1000seq_workers4,620,0,0
X-VLA,resampled_pose,abc_d_official_1000seq_workers4,621,0,0
X-VLA,resampled_pose,abc_d_official_1000seq_workers4,622,0,0
X-VLA,resampled_pose,abc_d_official_1000seq_workers4,623,5,1
X-VLA,resampled_pose,abc_d_official_1000seq_workers4,624,0,0
X-VLA,resampled_pose,abc_d_official_1000seq_workers4,625,3,0
X-VLA,resampled_pose,abc_d_official_1000seq_workers4,626,0,0
X-VLA,resampled_pose,abc_d_official_1000seq_workers4,627,5,1
X-VLA,resampled_pose,abc_d_official_1000seq_workers4,628,5,1
X-VLA,resampled_pose,abc_d_official_1000seq_workers4,629,2,0
X-VLA,resampled_pose,abc_d_official_1000seq_workers4,630,5,1
X-VLA,resampled_pose,abc_d_official_1000seq_workers4,631,5,1
X-VLA,resampled_pose,abc_d_official_1000seq_workers4,632,0,0
X-VLA,resampled_pose,abc_d_official_1000seq_workers4,633,5,1
X-VLA,resampled_pose,abc_d_official_1000seq_workers4,634,5,1
X-VLA,resampled_pose,abc_d_official_1000seq_workers4,635,1,0
X-VLA,resampled_pose,abc_d_official_1000seq_workers4,636,3,0
X-VLA,resampled_pose,abc_d_official_1000seq_workers4,637,3,0
X-VLA,resampled_pose,abc_d_official_1000seq_workers4,638,2,0
X-VLA,resampled_pose,abc_d_official_1000seq_workers4,639,2,0
X-VLA,resampled_pose,abc_d_official_1000seq_workers4,640,5,1
X-VLA,resampled_pose,abc_d_official_1000seq_workers4,641,5,1
X-VLA,resampled_pose,abc_d_official_1000seq_workers4,642,1,0
X-VLA,resampled_pose,abc_d_official_1000seq_workers4,643,4,0
X-VLA,resampled_pose,abc_d_official_1000seq_workers4,644,5,1
X-VLA,resampled_pose,abc_d_official_1000seq_workers4,645,5,1
X-VLA,resampled_pose,abc_d_official_1000seq_workers4,646,0,0
X-VLA,resampled_pose,abc_d_official_1000seq_workers4,647,3,0
X-VLA,resampled_pose,abc_d_official_1000seq_workers4,648,4,0
X-VLA,resampled_pose,abc_d_official_1000seq_workers4,649,0,0
X-VLA,resampled_pose,abc_d_official_1000seq_workers4,650,4,0
X-VLA,resampled_pose,abc_d_official_1000seq_workers4,651,5,1
X-VLA,resampled_pose,abc_d_official_1000seq_workers4,652,0,0
X-VLA,resampled_pose,abc_d_official_1000seq_workers4,653,5,1
X-VLA,resampled_pose,abc_d_official_1000seq_workers4,654,2,0
X-VLA,resampled_pose,abc_d_official_1000seq_workers4,655,5,1
X-VLA,resampled_pose,abc_d_official_1000seq_workers4,656,3,0
X-VLA,resampled_pose,abc_d_official_1000seq_workers4,657,0,0
X-VLA,resampled_pose,abc_d_official_1000seq_workers4,658,5,1
X-VLA,resampled_pose,abc_d_official_1000seq_workers4,659,5,1
X-VLA,resampled_pose,abc_d_official_1000seq_workers4,660,1,0
X-VLA,resampled_pose,abc_d_official_1000seq_workers4,661,5,1
X-VLA,resampled_pose,abc_d_official_1000seq_workers4,662,3,0
X-VLA,resampled_pose,abc_d_official_1000seq_workers4,663,3,0
X-VLA,resampled_pose,abc_d_official_1000seq_workers4,664,5,1
X-VLA,resampled_pose,abc_d_official_1000seq_workers4,665,5,1
X-VLA,resampled_pose,abc_d_official_1000seq_workers4,666,5,1
X-VLA,resampled_pose,abc_d_official_1000seq_workers4,667,1,0
X-VLA,resampled_pose,abc_d_official_1000seq_workers4,668,5,1
X-VLA,resampled_pose,abc_d_official_1000seq_workers4,669,5,1
X-VLA,resampled_pose,abc_d_official_1000seq_workers4,670,2,0
X-VLA,resampled_pose,abc_d_official_1000seq_workers4,671,0,0
X-VLA,resampled_pose,abc_d_official_1000seq_workers4,672,1,0
X-VLA,resampled_pose,abc_d_official_1000seq_workers4,673,2,0
X-VLA,resampled_pose,abc_d_official_1000seq_workers4,674,5,1
X-VLA,resampled_pose,abc_d_official_1000seq_workers4,675,5,1
X-VLA,resampled_pose,abc_d_official_1000seq_workers4,676,1,0
X-VLA,resampled_pose,abc_d_official_1000seq_workers4,677,5,1
X-VLA,resampled_pose,abc_d_official_1000seq_workers4,678,0,0
X-VLA,resampled_pose,abc_d_official_1000seq_workers4,679,5,1
X-VLA,resampled_pose,abc_d_official_1000seq_workers4,680,5,1
X-VLA,resampled_pose,abc_d_official_1000seq_workers4,681,5,1
X-VLA,resampled_pose,abc_d_official_1000seq_workers4,682,2,0
X-VLA,resampled_pose,abc_d_official_1000seq_workers4,683,4,0
X-VLA,resampled_pose,abc_d_official_1000seq_workers4,684,0,0
X-VLA,resampled_pose,abc_d_official_1000seq_workers4,685,5,1
X-VLA,resampled_pose,abc_d_official_1000seq_workers4,686,4,0
X-VLA,resampled_pose,abc_d_official_1000seq_workers4,687,5,1
X-VLA,resampled_pose,abc_d_official_1000seq_workers4,688,2,0
X-VLA,resampled_pose,abc_d_official_1000seq_workers4,689,5,1
X-VLA,resampled_pose,abc_d_official_1000seq_workers4,690,0,0
X-VLA,resampled_pose,abc_d_official_1000seq_workers4,691,5,1
X-VLA,resampled_pose,abc_d_official_1000seq_workers4,692,5,1
X-VLA,resampled_pose,abc_d_official_1000seq_workers4,693,1,0
X-VLA,resampled_pose,abc_d_official_1000seq_workers4,694,0,0
X-VLA,resampled_pose,abc_d_official_1000seq_workers4,695,2,0
X-VLA,resampled_pose,abc_d_official_1000seq_workers4,696,1,0
X-VLA,resampled_pose,abc_d_official_1000seq_workers4,697,5,1
X-VLA,resampled_pose,abc_d_official_1000seq_workers4,698,0,0
X-VLA,resampled_pose,abc_d_official_1000seq_workers4,699,0,0
X-VLA,resampled_pose,abc_d_official_1000seq_workers4,700,4,0
X-VLA,resampled_pose,abc_d_official_1000seq_workers4,701,1,0
X-VLA,resampled_pose,abc_d_official_1000seq_workers4,702,5,1
X-VLA,resampled_pose,abc_d_official_1000seq_workers4,703,0,0
X-VLA,resampled_pose,abc_d_official_1000seq_workers4,704,1,0
X-VLA,resampled_pose,abc_d_official_1000seq_workers4,705,3,0
X-VLA,resampled_pose,abc_d_official_1000seq_workers4,706,0,0
X-VLA,resampled_pose,abc_d_official_1000seq_workers4,707,5,1
X-VLA,resampled_pose,abc_d_official_1000seq_workers4,708,2,0
X-VLA,resampled_pose,abc_d_official_1000seq_workers4,709,5,1
X-VLA,resampled_pose,abc_d_official_1000seq_workers4,710,1,0
X-VLA,resampled_pose,abc_d_official_1000seq_workers4,711,5,1
X-VLA,resampled_pose,abc_d_official_1000seq_workers4,712,2,0
X-VLA,resampled_pose,abc_d_official_1000seq_workers4,713,3,0
X-VLA,resampled_pose,abc_d_official_1000seq_workers4,714,5,1
X-VLA,resampled_pose,abc_d_official_1000seq_workers4,715,1,0
X-VLA,resampled_pose,abc_d_official_1000seq_workers4,716,0,0
X-VLA,resampled_pose,abc_d_official_1000seq_workers4,717,3,0
X-VLA,resampled_pose,abc_d_official_1000seq_workers4,718,5,1
X-VLA,resampled_pose,abc_d_official_1000seq_workers4,719,5,1
X-VLA,resampled_pose,abc_d_official_1000seq_workers4,720,5,1
X-VLA,resampled_pose,abc_d_official_1000seq_workers4,721,5,1
X-VLA,resampled_pose,abc_d_official_1000seq_workers4,722,3,0
X-VLA,resampled_pose,abc_d_official_1000seq_workers4,723,5,1
X-VLA,resampled_pose,abc_d_official_1000seq_workers4,724,4,0
X-VLA,resampled_pose,abc_d_official_1000seq_workers4,725,5,1
X-VLA,resampled_pose,abc_d_official_1000seq_workers4,726,5,1
X-VLA,resampled_pose,abc_d_official_1000seq_workers4,727,1,0
X-VLA,resampled_pose,abc_d_official_1000seq_workers4,728,3,0
X-VLA,resampled_pose,abc_d_official_1000seq_workers4,729,5,1
X-VLA,resampled_pose,abc_d_official_1000seq_workers4,730,0,0
X-VLA,resampled_pose,abc_d_official_1000seq_workers4,731,5,1
X-VLA,resampled_pose,abc_d_official_1000seq_workers4,732,2,0
X-VLA,resampled_pose,abc_d_official_1000seq_workers4,733,2,0
X-VLA,resampled_pose,abc_d_official_1000seq_workers4,734,2,0
X-VLA,resampled_pose,abc_d_official_1000seq_workers4,735,4,0
X-VLA,resampled_pose,abc_d_official_1000seq_workers4,736,1,0
X-VLA,resampled_pose,abc_d_official_1000seq_workers4,737,0,0
X-VLA,resampled_pose,abc_d_official_1000seq_workers4,738,5,1
X-VLA,resampled_pose,abc_d_official_1000seq_workers4,739,5,1
X-VLA,resampled_pose,abc_d_official_1000seq_workers4,740,5,1
X-VLA,resampled_pose,abc_d_official_1000seq_workers4,741,4,0
X-VLA,resampled_pose,abc_d_official_1000seq_workers4,742,1,0
X-VLA,resampled_pose,abc_d_official_1000seq_workers4,743,0,0
X-VLA,resampled_pose,abc_d_official_1000seq_workers4,744,0,0
X-VLA,resampled_pose,abc_d_official_1000seq_workers4,745,5,1
X-VLA,resampled_pose,abc_d_official_1000seq_workers4,746,5,1
X-VLA,resampled_pose,abc_d_official_1000seq_workers4,747,5,1
X-VLA,resampled_pose,abc_d_official_1000seq_workers4,748,0,0
X-VLA,resampled_pose,abc_d_official_1000seq_workers4,749,5,1
X-VLA,resampled_pose,abc_d_official_1000seq_workers4,750,5,1
X-VLA,resampled_pose,abc_d_official_1000seq_workers4,751,4,0
X-VLA,resampled_pose,abc_d_official_1000seq_workers4,752,5,1
X-VLA,resampled_pose,abc_d_official_1000seq_workers4,753,1,0
X-VLA,resampled_pose,abc_d_official_1000seq_workers4,754,2,0
X-VLA,resampled_pose,abc_d_official_1000seq_workers4,755,3,0
X-VLA,resampled_pose,abc_d_official_1000seq_workers4,756,5,1
X-VLA,resampled_pose,abc_d_official_1000seq_workers4,757,2,0
X-VLA,resampled_pose,abc_d_official_1000seq_workers4,758,5,1
X-VLA,resampled_pose,abc_d_official_1000seq_workers4,759,2,0
X-VLA,resampled_pose,abc_d_official_1000seq_workers4,760,5,1
X-VLA,resampled_pose,abc_d_official_1000seq_workers4,761,3,0
X-VLA,resampled_pose,abc_d_official_1000seq_workers4,762,3,0
X-VLA,resampled_pose,abc_d_official_1000seq_workers4,763,5,1
X-VLA,resampled_pose,abc_d_official_1000seq_workers4,764,1,0
X-VLA,resampled_pose,abc_d_official_1000seq_workers4,765,5,1
X-VLA,resampled_pose,abc_d_official_1000seq_workers4,766,1,0
X-VLA,resampled_pose,abc_d_official_1000seq_workers4,767,5,1
X-VLA,resampled_pose,abc_d_official_1000seq_workers4,768,5,1
X-VLA,resampled_pose,abc_d_official_1000seq_workers4,769,5,1
X-VLA,resampled_pose,abc_d_official_1000seq_workers4,770,0,0
X-VLA,resampled_pose,abc_d_official_1000seq_workers4,771,4,0
X-VLA,resampled_pose,abc_d_official_1000seq_workers4,772,0,0
X-VLA,resampled_pose,abc_d_official_1000seq_workers4,773,3,0
X-VLA,resampled_pose,abc_d_official_1000seq_workers4,774,1,0
X-VLA,resampled_pose,abc_d_official_1000seq_workers4,775,5,1
X-VLA,resampled_pose,abc_d_official_1000seq_workers4,776,5,1
X-VLA,resampled_pose,abc_d_official_1000seq_workers4,777,5,1
X-VLA,resampled_pose,abc_d_official_1000seq_workers4,778,5,1
X-VLA,resampled_pose,abc_d_official_1000seq_workers4,779,5,1
X-VLA,resampled_pose,abc_d_official_1000seq_workers4,780,5,1
X-VLA,resampled_pose,abc_d_official_1000seq_workers4,781,1,0
X-VLA,resampled_pose,abc_d_official_1000seq_workers4,782,5,1
X-VLA,resampled_pose,abc_d_official_1000seq_workers4,783,5,1
X-VLA,resampled_pose,abc_d_official_1000seq_workers4,784,5,1
X-VLA,resampled_pose,abc_d_official_1000seq_workers4,785,4,0
X-VLA,resampled_pose,abc_d_official_1000seq_workers4,786,1,0
X-VLA,resampled_pose,abc_d_official_1000seq_workers4,787,4,0
X-VLA,resampled_pose,abc_d_official_1000seq_workers4,788,2,0
X-VLA,resampled_pose,abc_d_official_1000seq_workers4,789,5,1
X-VLA,resampled_pose,abc_d_official_1000seq_workers4,790,5,1
X-VLA,resampled_pose,abc_d_official_1000seq_workers4,791,5,1
X-VLA,resampled_pose,abc_d_official_1000seq_workers4,792,1,0
X-VLA,resampled_pose,abc_d_official_1000seq_workers4,793,5,1
X-VLA,resampled_pose,abc_d_official_1000seq_workers4,794,5,1
X-VLA,resampled_pose,abc_d_official_1000seq_workers4,795,5,1
X-VLA,resampled_pose,abc_d_official_1000seq_workers4,796,5,1
X-VLA,resampled_pose,abc_d_official_1000seq_workers4,797,4,0
X-VLA,resampled_pose,abc_d_official_1000seq_workers4,798,1,0
X-VLA,resampled_pose,abc_d_official_1000seq_workers4,799,5,1
X-VLA,resampled_pose,abc_d_official_1000seq_workers4,800,5,1
X-VLA,resampled_pose,abc_d_official_1000seq_workers4,801,5,1
X-VLA,resampled_pose,abc_d_official_1000seq_workers4,802,5,1
X-VLA,resampled_pose,abc_d_official_1000seq_workers4,803,5,1
X-VLA,resampled_pose,abc_d_official_1000seq_workers4,804,3,0
X-VLA,resampled_pose,abc_d_official_1000seq_workers4,805,5,1
X-VLA,resampled_pose,abc_d_official_1000seq_workers4,806,5,1
X-VLA,resampled_pose,abc_d_official_1000seq_workers4,807,3,0
X-VLA,resampled_pose,abc_d_official_1000seq_workers4,808,5,1
X-VLA,resampled_pose,abc_d_official_1000seq_workers4,809,1,0
X-VLA,resampled_pose,abc_d_official_1000seq_workers4,810,5,1
X-VLA,resampled_pose,abc_d_official_1000seq_workers4,811,0,0
X-VLA,resampled_pose,abc_d_official_1000seq_workers4,812,5,1
X-VLA,resampled_pose,abc_d_official_1000seq_workers4,813,3,0
X-VLA,resampled_pose,abc_d_official_1000seq_workers4,814,1,0
X-VLA,resampled_pose,abc_d_official_1000seq_workers4,815,4,0
X-VLA,resampled_pose,abc_d_official_1000seq_workers4,816,5,1
X-VLA,resampled_pose,abc_d_official_1000seq_workers4,817,4,0
X-VLA,resampled_pose,abc_d_official_1000seq_workers4,818,0,0
X-VLA,resampled_pose,abc_d_official_1000seq_workers4,819,5,1
X-VLA,resampled_pose,abc_d_official_1000seq_workers4,820,0,0
X-VLA,resampled_pose,abc_d_official_1000seq_workers4,821,5,1
X-VLA,resampled_pose,abc_d_official_1000seq_workers4,822,5,1
X-VLA,resampled_pose,abc_d_official_1000seq_workers4,823,5,1
X-VLA,resampled_pose,abc_d_official_1000seq_workers4,824,5,1
X-VLA,resampled_pose,abc_d_official_1000seq_workers4,825,0,0
X-VLA,resampled_pose,abc_d_official_1000seq_workers4,826,4,0
X-VLA,resampled_pose,abc_d_official_1000seq_workers4,827,0,0
X-VLA,resampled_pose,abc_d_official_1000seq_workers4,828,5,1
X-VLA,resampled_pose,abc_d_official_1000seq_workers4,829,5,1
X-VLA,resampled_pose,abc_d_official_1000seq_workers4,830,5,1
X-VLA,resampled_pose,abc_d_official_1000seq_workers4,831,5,1
X-VLA,resampled_pose,abc_d_official_1000seq_workers4,832,0,0
X-VLA,resampled_pose,abc_d_official_1000seq_workers4,833,5,1
X-VLA,resampled_pose,abc_d_official_1000seq_workers4,834,5,1
X-VLA,resampled_pose,abc_d_official_1000seq_workers4,835,5,1
X-VLA,resampled_pose,abc_d_official_1000seq_workers4,836,0,0
X-VLA,resampled_pose,abc_d_official_1000seq_workers4,837,4,0
X-VLA,resampled_pose,abc_d_official_1000seq_workers4,838,0,0
X-VLA,resampled_pose,abc_d_official_1000seq_workers4,839,0,0
X-VLA,resampled_pose,abc_d_official_1000seq_workers4,840,0,0
X-VLA,resampled_pose,abc_d_official_1000seq_workers4,841,5,1
X-VLA,resampled_pose,abc_d_official_1000seq_workers4,842,0,0
X-VLA,resampled_pose,abc_d_official_1000seq_workers4,843,5,1
X-VLA,resampled_pose,abc_d_official_1000seq_workers4,844,2,0
X-VLA,resampled_pose,abc_d_official_1000seq_workers4,845,5,1
X-VLA,resampled_pose,abc_d_official_1000seq_workers4,846,2,0
X-VLA,resampled_pose,abc_d_official_1000seq_workers4,847,5,1
X-VLA,resampled_pose,abc_d_official_1000seq_workers4,848,1,0
X-VLA,resampled_pose,abc_d_official_1000seq_workers4,849,1,0
X-VLA,resampled_pose,abc_d_official_1000seq_workers4,850,5,1
X-VLA,resampled_pose,abc_d_official_1000seq_workers4,851,5,1
X-VLA,resampled_pose,abc_d_official_1000seq_workers4,852,5,1
X-VLA,resampled_pose,abc_d_official_1000seq_workers4,853,5,1
X-VLA,resampled_pose,abc_d_official_1000seq_workers4,854,1,0
X-VLA,resampled_pose,abc_d_official_1000seq_workers4,855,5,1
X-VLA,resampled_pose,abc_d_official_1000seq_workers4,856,4,0
X-VLA,resampled_pose,abc_d_official_1000seq_workers4,857,5,1
X-VLA,resampled_pose,abc_d_official_1000seq_workers4,858,4,0
X-VLA,resampled_pose,abc_d_official_1000seq_workers4,859,1,0
X-VLA,resampled_pose,abc_d_official_1000seq_workers4,860,0,0
X-VLA,resampled_pose,abc_d_official_1000seq_workers4,861,0,0
X-VLA,resampled_pose,abc_d_official_1000seq_workers4,862,2,0
X-VLA,resampled_pose,abc_d_official_1000seq_workers4,863,0,0
X-VLA,resampled_pose,abc_d_official_1000seq_workers4,864,5,1
X-VLA,resampled_pose,abc_d_official_1000seq_workers4,865,3,0
X-VLA,resampled_pose,abc_d_official_1000seq_workers4,866,5,1
X-VLA,resampled_pose,abc_d_official_1000seq_workers4,867,4,0
X-VLA,resampled_pose,abc_d_official_1000seq_workers4,868,3,0
X-VLA,resampled_pose,abc_d_official_1000seq_workers4,869,1,0
X-VLA,resampled_pose,abc_d_official_1000seq_workers4,870,1,0
X-VLA,resampled_pose,abc_d_official_1000seq_workers4,871,4,0
X-VLA,resampled_pose,abc_d_official_1000seq_workers4,872,1,0
X-VLA,resampled_pose,abc_d_official_1000seq_workers4,873,3,0
X-VLA,resampled_pose,abc_d_official_1000seq_workers4,874,0,0
X-VLA,resampled_pose,abc_d_official_1000seq_workers4,875,0,0
X-VLA,resampled_pose,abc_d_official_1000seq_workers4,876,5,1
X-VLA,resampled_pose,abc_d_official_1000seq_workers4,877,2,0
X-VLA,resampled_pose,abc_d_official_1000seq_workers4,878,2,0
X-VLA,resampled_pose,abc_d_official_1000seq_workers4,879,4,0
X-VLA,resampled_pose,abc_d_official_1000seq_workers4,880,2,0
X-VLA,resampled_pose,abc_d_official_1000seq_workers4,881,5,1
X-VLA,resampled_pose,abc_d_official_1000seq_workers4,882,5,1
X-VLA,resampled_pose,abc_d_official_1000seq_workers4,883,1,0
X-VLA,resampled_pose,abc_d_official_1000seq_workers4,884,1,0
X-VLA,resampled_pose,abc_d_official_1000seq_workers4,885,0,0
X-VLA,resampled_pose,abc_d_official_1000seq_workers4,886,5,1
X-VLA,resampled_pose,abc_d_official_1000seq_workers4,887,5,1
X-VLA,resampled_pose,abc_d_official_1000seq_workers4,888,0,0
X-VLA,resampled_pose,abc_d_official_1000seq_workers4,889,5,1
X-VLA,resampled_pose,abc_d_official_1000seq_workers4,890,5,1
X-VLA,resampled_pose,abc_d_official_1000seq_workers4,891,0,0
X-VLA,resampled_pose,abc_d_official_1000seq_workers4,892,2,0
X-VLA,resampled_pose,abc_d_official_1000seq_workers4,893,5,1
X-VLA,resampled_pose,abc_d_official_1000seq_workers4,894,4,0
X-VLA,resampled_pose,abc_d_official_1000seq_workers4,895,5,1
X-VLA,resampled_pose,abc_d_official_1000seq_workers4,896,5,1
X-VLA,resampled_pose,abc_d_official_1000seq_workers4,897,5,1
X-VLA,resampled_pose,abc_d_official_1000seq_workers4,898,0,0
X-VLA,resampled_pose,abc_d_official_1000seq_workers4,899,1,0
X-VLA,resampled_pose,abc_d_official_1000seq_workers4,900,5,1
X-VLA,resampled_pose,abc_d_official_1000seq_workers4,901,5,1
X-VLA,resampled_pose,abc_d_official_1000seq_workers4,902,5,1
X-VLA,resampled_pose,abc_d_official_1000seq_workers4,903,5,1
X-VLA,resampled_pose,abc_d_official_1000seq_workers4,904,0,0
X-VLA,resampled_pose,abc_d_official_1000seq_workers4,905,5,1
X-VLA,resampled_pose,abc_d_official_1000seq_workers4,906,5,1
X-VLA,resampled_pose,abc_d_official_1000seq_workers4,907,0,0
X-VLA,resampled_pose,abc_d_official_1000seq_workers4,908,1,0
X-VLA,resampled_pose,abc_d_official_1000seq_workers4,909,3,0
X-VLA,resampled_pose,abc_d_official_1000seq_workers4,910,5,1
X-VLA,resampled_pose,abc_d_official_1000seq_workers4,911,1,0
X-VLA,resampled_pose,abc_d_official_1000seq_workers4,912,3,0
X-VLA,resampled_pose,abc_d_official_1000seq_workers4,913,1,0
X-VLA,resampled_pose,abc_d_official_1000seq_workers4,914,5,1
X-VLA,resampled_pose,abc_d_official_1000seq_workers4,915,2,0
X-VLA,resampled_pose,abc_d_official_1000seq_workers4,916,2,0
X-VLA,resampled_pose,abc_d_official_1000seq_workers4,917,1,0
X-VLA,resampled_pose,abc_d_official_1000seq_workers4,918,5,1
X-VLA,resampled_pose,abc_d_official_1000seq_workers4,919,0,0
X-VLA,resampled_pose,abc_d_official_1000seq_workers4,920,1,0
X-VLA,resampled_pose,abc_d_official_1000seq_workers4,921,1,0
X-VLA,resampled_pose,abc_d_official_1000seq_workers4,922,0,0
X-VLA,resampled_pose,abc_d_official_1000seq_workers4,923,0,0
X-VLA,resampled_pose,abc_d_official_1000seq_workers4,924,5,1
X-VLA,resampled_pose,abc_d_official_1000seq_workers4,925,5,1
X-VLA,resampled_pose,abc_d_official_1000seq_workers4,926,5,1
X-VLA,resampled_pose,abc_d_official_1000seq_workers4,927,3,0
X-VLA,resampled_pose,abc_d_official_1000seq_workers4,928,5,1
X-VLA,resampled_pose,abc_d_official_1000seq_workers4,929,5,1
X-VLA,resampled_pose,abc_d_official_1000seq_workers4,930,5,1
X-VLA,resampled_pose,abc_d_official_1000seq_workers4,931,5,1
X-VLA,resampled_pose,abc_d_official_1000seq_workers4,932,5,1
X-VLA,resampled_pose,abc_d_official_1000seq_workers4,933,3,0
X-VLA,resampled_pose,abc_d_official_1000seq_workers4,934,5,1
X-VLA,resampled_pose,abc_d_official_1000seq_workers4,935,5,1
X-VLA,resampled_pose,abc_d_official_1000seq_workers4,936,5,1
X-VLA,resampled_pose,abc_d_official_1000seq_workers4,937,2,0
X-VLA,resampled_pose,abc_d_official_1000seq_workers4,938,1,0
X-VLA,resampled_pose,abc_d_official_1000seq_workers4,939,5,1
X-VLA,resampled_pose,abc_d_official_1000seq_workers4,940,5,1
X-VLA,resampled_pose,abc_d_official_1000seq_workers4,941,0,0
X-VLA,resampled_pose,abc_d_official_1000seq_workers4,942,2,0
X-VLA,resampled_pose,abc_d_official_1000seq_workers4,943,5,1
X-VLA,resampled_pose,abc_d_official_1000seq_workers4,944,5,1
X-VLA,resampled_pose,abc_d_official_1000seq_workers4,945,2,0
X-VLA,resampled_pose,abc_d_official_1000seq_workers4,946,5,1
X-VLA,resampled_pose,abc_d_official_1000seq_workers4,947,5,1
X-VLA,resampled_pose,abc_d_official_1000seq_workers4,948,5,1
X-VLA,resampled_pose,abc_d_official_1000seq_workers4,949,0,0
X-VLA,resampled_pose,abc_d_official_1000seq_workers4,950,5,1
X-VLA,resampled_pose,abc_d_official_1000seq_workers4,951,2,0
X-VLA,resampled_pose,abc_d_official_1000seq_workers4,952,5,1
X-VLA,resampled_pose,abc_d_official_1000seq_workers4,953,5,1
X-VLA,resampled_pose,abc_d_official_1000seq_workers4,954,0,0
X-VLA,resampled_pose,abc_d_official_1000seq_workers4,955,5,1
X-VLA,resampled_pose,abc_d_official_1000seq_workers4,956,5,1
X-VLA,resampled_pose,abc_d_official_1000seq_workers4,957,2,0
X-VLA,resampled_pose,abc_d_official_1000seq_workers4,958,5,1
X-VLA,resampled_pose,abc_d_official_1000seq_workers4,959,5,1
X-VLA,resampled_pose,abc_d_official_1000seq_workers4,960,0,0
X-VLA,resampled_pose,abc_d_official_1000seq_workers4,961,2,0
X-VLA,resampled_pose,abc_d_official_1000seq_workers4,962,5,1
X-VLA,resampled_pose,abc_d_official_1000seq_workers4,963,5,1
X-VLA,resampled_pose,abc_d_official_1000seq_workers4,964,5,1
X-VLA,resampled_pose,abc_d_official_1000seq_workers4,965,3,0
X-VLA,resampled_pose,abc_d_official_1000seq_workers4,966,5,1
X-VLA,resampled_pose,abc_d_official_1000seq_workers4,967,5,1
X-VLA,resampled_pose,abc_d_official_1000seq_workers4,968,0,0
X-VLA,resampled_pose,abc_d_official_1000seq_workers4,969,5,1
X-VLA,resampled_pose,abc_d_official_1000seq_workers4,970,5,1
X-VLA,resampled_pose,abc_d_official_1000seq_workers4,971,3,0
X-VLA,resampled_pose,abc_d_official_1000seq_workers4,972,5,1
X-VLA,resampled_pose,abc_d_official_1000seq_workers4,973,0,0
X-VLA,resampled_pose,abc_d_official_1000seq_workers4,974,0,0
X-VLA,resampled_pose,abc_d_official_1000seq_workers4,975,1,0
X-VLA,resampled_pose,abc_d_official_1000seq_workers4,976,5,1
X-VLA,resampled_pose,abc_d_official_1000seq_workers4,977,1,0
X-VLA,resampled_pose,abc_d_official_1000seq_workers4,978,1,0
X-VLA,resampled_pose,abc_d_official_1000seq_workers4,979,5,1
X-VLA,resampled_pose,abc_d_official_1000seq_workers4,980,2,0
X-VLA,resampled_pose,abc_d_official_1000seq_workers4,981,3,0
X-VLA,resampled_pose,abc_d_official_1000seq_workers4,982,0,0
X-VLA,resampled_pose,abc_d_official_1000seq_workers4,983,3,0
X-VLA,resampled_pose,abc_d_official_1000seq_workers4,984,5,1
X-VLA,resampled_pose,abc_d_official_1000seq_workers4,985,5,1
X-VLA,resampled_pose,abc_d_official_1000seq_workers4,986,5,1
X-VLA,resampled_pose,abc_d_official_1000seq_workers4,987,0,0
X-VLA,resampled_pose,abc_d_official_1000seq_workers4,988,3,0
X-VLA,resampled_pose,abc_d_official_1000seq_workers4,989,0,0
X-VLA,resampled_pose,abc_d_official_1000seq_workers4,990,0,0
X-VLA,resampled_pose,abc_d_official_1000seq_workers4,991,0,0
X-VLA,resampled_pose,abc_d_official_1000seq_workers4,992,0,0
X-VLA,resampled_pose,abc_d_official_1000seq_workers4,993,5,1
X-VLA,resampled_pose,abc_d_official_1000seq_workers4,994,4,0
X-VLA,resampled_pose,abc_d_official_1000seq_workers4,995,0,0
X-VLA,resampled_pose,abc_d_official_1000seq_workers4,996,0,0
X-VLA,resampled_pose,abc_d_official_1000seq_workers4,997,5,1
X-VLA,resampled_pose,abc_d_official_1000seq_workers4,998,5,1
X-VLA,resampled_pose,abc_d_official_1000seq_workers4,999,5,1
GR-1,calibration,abc_d_official_1000seq_workers4,0,4,0
GR-1,calibration,abc_d_official_1000seq_workers4,1,5,1
GR-1,calibration,abc_d_official_1000seq_workers4,2,5,1
GR-1,calibration,abc_d_official_1000seq_workers4,3,1,0
GR-1,calibration,abc_d_official_1000seq_workers4,4,3,0
GR-1,calibration,abc_d_official_1000seq_workers4,5,4,0
GR-1,calibration,abc_d_official_1000seq_workers4,6,4,0
GR-1,calibration,abc_d_official_1000seq_workers4,7,0,0
GR-1,calibration,abc_d_official_1000seq_workers4,8,1,0
GR-1,calibration,abc_d_official_1000seq_workers4,9,3,0
GR-1,calibration,abc_d_official_1000seq_workers4,10,4,0
GR-1,calibration,abc_d_official_1000seq_workers4,11,2,0
GR-1,calibration,abc_d_official_1000seq_workers4,12,5,1
GR-1,calibration,abc_d_official_1000seq_workers4,13,2,0
GR-1,calibration,abc_d_official_1000seq_workers4,14,5,1
GR-1,calibration,abc_d_official_1000seq_workers4,15,3,0
GR-1,calibration,abc_d_official_1000seq_workers4,16,2,0
GR-1,calibration,abc_d_official_1000seq_workers4,17,4,0
GR-1,calibration,abc_d_official_1000seq_workers4,18,0,0
GR-1,calibration,abc_d_official_1000seq_workers4,19,3,0
GR-1,calibration,abc_d_official_1000seq_workers4,20,1,0
GR-1,calibration,abc_d_official_1000seq_workers4,21,1,0
GR-1,calibration,abc_d_official_1000seq_workers4,22,4,0
GR-1,calibration,abc_d_official_1000seq_workers4,23,5,1
GR-1,calibration,abc_d_official_1000seq_workers4,24,4,0
GR-1,calibration,abc_d_official_1000seq_workers4,25,4,0
GR-1,calibration,abc_d_official_1000seq_workers4,26,0,0
GR-1,calibration,abc_d_official_1000seq_workers4,27,0,0
GR-1,calibration,abc_d_official_1000seq_workers4,28,0,0
GR-1,calibration,abc_d_official_1000seq_workers4,29,5,1
GR-1,calibration,abc_d_official_1000seq_workers4,30,5,1
GR-1,calibration,abc_d_official_1000seq_workers4,31,5,1
GR-1,calibration,abc_d_official_1000seq_workers4,32,2,0
GR-1,calibration,abc_d_official_1000seq_workers4,33,5,1
GR-1,calibration,abc_d_official_1000seq_workers4,34,4,0
GR-1,calibration,abc_d_official_1000seq_workers4,35,5,1
GR-1,calibration,abc_d_official_1000seq_workers4,36,1,0
GR-1,calibration,abc_d_official_1000seq_workers4,37,0,0
GR-1,calibration,abc_d_official_1000seq_workers4,38,2,0
GR-1,calibration,abc_d_official_1000seq_workers4,39,4,0
GR-1,calibration,abc_d_official_1000seq_workers4,40,4,0
GR-1,calibration,abc_d_official_1000seq_workers4,41,5,1
GR-1,calibration,abc_d_official_1000seq_workers4,42,5,1
GR-1,calibration,abc_d_official_1000seq_workers4,43,5,1
GR-1,calibration,abc_d_official_1000seq_workers4,44,4,0
GR-1,calibration,abc_d_official_1000seq_workers4,45,5,1
GR-1,calibration,abc_d_official_1000seq_workers4,46,0,0
GR-1,calibration,abc_d_official_1000seq_workers4,47,4,0
GR-1,calibration,abc_d_official_1000seq_workers4,48,5,1
GR-1,calibration,abc_d_official_1000seq_workers4,49,5,1
GR-1,calibration,abc_d_official_1000seq_workers4,50,1,0
GR-1,calibration,abc_d_official_1000seq_workers4,51,5,1
GR-1,calibration,abc_d_official_1000seq_workers4,52,2,0
GR-1,calibration,abc_d_official_1000seq_workers4,53,5,1
GR-1,calibration,abc_d_official_1000seq_workers4,54,5,1
GR-1,calibration,abc_d_official_1000seq_workers4,55,4,0
GR-1,calibration,abc_d_official_1000seq_workers4,56,5,1
GR-1,calibration,abc_d_official_1000seq_workers4,57,1,0
GR-1,calibration,abc_d_official_1000seq_workers4,58,1,0
GR-1,calibration,abc_d_official_1000seq_workers4,59,0,0
GR-1,calibration,abc_d_official_1000seq_workers4,60,0,0
GR-1,calibration,abc_d_official_1000seq_workers4,61,0,0
GR-1,calibration,abc_d_official_1000seq_workers4,62,3,0
GR-1,calibration,abc_d_official_1000seq_workers4,63,5,1
GR-1,calibration,abc_d_official_1000seq_workers4,64,1,0
GR-1,calibration,abc_d_official_1000seq_workers4,65,5,1
GR-1,calibration,abc_d_official_1000seq_workers4,66,5,1
GR-1,calibration,abc_d_official_1000seq_workers4,67,4,0
GR-1,calibration,abc_d_official_1000seq_workers4,68,5,1
GR-1,calibration,abc_d_official_1000seq_workers4,69,5,1
GR-1,calibration,abc_d_official_1000seq_workers4,70,5,1
GR-1,calibration,abc_d_official_1000seq_workers4,71,1,0
GR-1,calibration,abc_d_official_1000seq_workers4,72,5,1
GR-1,calibration,abc_d_official_1000seq_workers4,73,5,1
GR-1,calibration,abc_d_official_1000seq_workers4,74,0,0
GR-1,calibration,abc_d_official_1000seq_workers4,75,1,0
GR-1,calibration,abc_d_official_1000seq_workers4,76,5,1
GR-1,calibration,abc_d_official_1000seq_workers4,77,5,1
GR-1,calibration,abc_d_official_1000seq_workers4,78,5,1
GR-1,calibration,abc_d_official_1000seq_workers4,79,0,0
GR-1,calibration,abc_d_official_1000seq_workers4,80,5,1
GR-1,calibration,abc_d_official_1000seq_workers4,81,4,0
GR-1,calibration,abc_d_official_1000seq_workers4,82,5,1
GR-1,calibration,abc_d_official_1000seq_workers4,83,5,1
GR-1,calibration,abc_d_official_1000seq_workers4,84,2,0
GR-1,calibration,abc_d_official_1000seq_workers4,85,3,0
GR-1,calibration,abc_d_official_1000seq_workers4,86,5,1
GR-1,calibration,abc_d_official_1000seq_workers4,87,0,0
GR-1,calibration,abc_d_official_1000seq_workers4,88,2,0
GR-1,calibration,abc_d_official_1000seq_workers4,89,4,0
GR-1,calibration,abc_d_official_1000seq_workers4,90,5,1
GR-1,calibration,abc_d_official_1000seq_workers4,91,5,1
GR-1,calibration,abc_d_official_1000seq_workers4,92,2,0
GR-1,calibration,abc_d_official_1000seq_workers4,93,0,0
GR-1,calibration,abc_d_official_1000seq_workers4,94,5,1
GR-1,calibration,abc_d_official_1000seq_workers4,95,5,1
GR-1,calibration,abc_d_official_1000seq_workers4,96,2,0
GR-1,calibration,abc_d_official_1000seq_workers4,97,5,1
GR-1,calibration,abc_d_official_1000seq_workers4,98,2,0
GR-1,calibration,abc_d_official_1000seq_workers4,99,1,0
GR-1,calibration,abc_d_official_1000seq_workers4,100,3,0
GR-1,calibration,abc_d_official_1000seq_workers4,101,5,1
GR-1,calibration,abc_d_official_1000seq_workers4,102,5,1
GR-1,calibration,abc_d_official_1000seq_workers4,103,5,1
GR-1,calibration,abc_d_official_1000seq_workers4,104,5,1
GR-1,calibration,abc_d_official_1000seq_workers4,105,5,1
GR-1,calibration,abc_d_official_1000seq_workers4,106,1,0
GR-1,calibration,abc_d_official_1000seq_workers4,107,1,0
GR-1,calibration,abc_d_official_1000seq_workers4,108,0,0
GR-1,calibration,abc_d_official_1000seq_workers4,109,3,0
GR-1,calibration,abc_d_official_1000seq_workers4,110,2,0
GR-1,calibration,abc_d_official_1000seq_workers4,111,4,0
GR-1,calibration,abc_d_official_1000seq_workers4,112,5,1
GR-1,calibration,abc_d_official_1000seq_workers4,113,0,0
GR-1,calibration,abc_d_official_1000seq_workers4,114,5,1
GR-1,calibration,abc_d_official_1000seq_workers4,115,5,1
GR-1,calibration,abc_d_official_1000seq_workers4,116,3,0
GR-1,calibration,abc_d_official_1000seq_workers4,117,0,0
GR-1,calibration,abc_d_official_1000seq_workers4,118,4,0
GR-1,calibration,abc_d_official_1000seq_workers4,119,1,0
GR-1,calibration,abc_d_official_1000seq_workers4,120,5,1
GR-1,calibration,abc_d_official_1000seq_workers4,121,5,1
GR-1,calibration,abc_d_official_1000seq_workers4,122,5,1
GR-1,calibration,abc_d_official_1000seq_workers4,123,5,1
GR-1,calibration,abc_d_official_1000seq_workers4,124,3,0
GR-1,calibration,abc_d_official_1000seq_workers4,125,4,0
GR-1,calibration,abc_d_official_1000seq_workers4,126,2,0
GR-1,calibration,abc_d_official_1000seq_workers4,127,2,0
GR-1,calibration,abc_d_official_1000seq_workers4,128,5,1
GR-1,calibration,abc_d_official_1000seq_workers4,129,5,1
GR-1,calibration,abc_d_official_1000seq_workers4,130,4,0
GR-1,calibration,abc_d_official_1000seq_workers4,131,1,0
GR-1,calibration,abc_d_official_1000seq_workers4,132,1,0
GR-1,calibration,abc_d_official_1000seq_workers4,133,5,1
GR-1,calibration,abc_d_official_1000seq_workers4,134,4,0
GR-1,calibration,abc_d_official_1000seq_workers4,135,5,1
GR-1,calibration,abc_d_official_1000seq_workers4,136,4,0
GR-1,calibration,abc_d_official_1000seq_workers4,137,2,0
GR-1,calibration,abc_d_official_1000seq_workers4,138,5,1
GR-1,calibration,abc_d_official_1000seq_workers4,139,4,0
GR-1,calibration,abc_d_official_1000seq_workers4,140,5,1
GR-1,calibration,abc_d_official_1000seq_workers4,141,0,0
GR-1,calibration,abc_d_official_1000seq_workers4,142,5,1
GR-1,calibration,abc_d_official_1000seq_workers4,143,5,1
GR-1,calibration,abc_d_official_1000seq_workers4,144,5,1
GR-1,calibration,abc_d_official_1000seq_workers4,145,5,1
GR-1,calibration,abc_d_official_1000seq_workers4,146,0,0
GR-1,calibration,abc_d_official_1000seq_workers4,147,5,1
GR-1,calibration,abc_d_official_1000seq_workers4,148,1,0
GR-1,calibration,abc_d_official_1000seq_workers4,149,5,1
GR-1,calibration,abc_d_official_1000seq_workers4,150,5,1
GR-1,calibration,abc_d_official_1000seq_workers4,151,5,1
GR-1,calibration,abc_d_official_1000seq_workers4,152,5,1
GR-1,calibration,abc_d_official_1000seq_workers4,153,0,0
GR-1,calibration,abc_d_official_1000seq_workers4,154,5,1
GR-1,calibration,abc_d_official_1000seq_workers4,155,5,1
GR-1,calibration,abc_d_official_1000seq_workers4,156,5,1
GR-1,calibration,abc_d_official_1000seq_workers4,157,3,0
GR-1,calibration,abc_d_official_1000seq_workers4,158,5,1
GR-1,calibration,abc_d_official_1000seq_workers4,159,5,1
GR-1,calibration,abc_d_official_1000seq_workers4,160,5,1
GR-1,calibration,abc_d_official_1000seq_workers4,161,5,1
GR-1,calibration,abc_d_official_1000seq_workers4,162,2,0
GR-1,calibration,abc_d_official_1000seq_workers4,163,3,0
GR-1,calibration,abc_d_official_1000seq_workers4,164,5,1
GR-1,calibration,abc_d_official_1000seq_workers4,165,5,1
GR-1,calibration,abc_d_official_1000seq_workers4,166,1,0
GR-1,calibration,abc_d_official_1000seq_workers4,167,5,1
GR-1,calibration,abc_d_official_1000seq_workers4,168,0,0
GR-1,calibration,abc_d_official_1000seq_workers4,169,5,1
GR-1,calibration,abc_d_official_1000seq_workers4,170,0,0
GR-1,calibration,abc_d_official_1000seq_workers4,171,4,0
GR-1,calibration,abc_d_official_1000seq_workers4,172,5,1
GR-1,calibration,abc_d_official_1000seq_workers4,173,3,0
GR-1,calibration,abc_d_official_1000seq_workers4,174,0,0
GR-1,calibration,abc_d_official_1000seq_workers4,175,2,0
GR-1,calibration,abc_d_official_1000seq_workers4,176,2,0
GR-1,calibration,abc_d_official_1000seq_workers4,177,4,0
GR-1,calibration,abc_d_official_1000seq_workers4,178,0,0
GR-1,calibration,abc_d_official_1000seq_workers4,179,1,0
GR-1,calibration,abc_d_official_1000seq_workers4,180,4,0
GR-1,calibration,abc_d_official_1000seq_workers4,181,0,0
GR-1,calibration,abc_d_official_1000seq_workers4,182,5,1
GR-1,calibration,abc_d_official_1000seq_workers4,183,4,0
GR-1,calibration,abc_d_official_1000seq_workers4,184,1,0
GR-1,calibration,abc_d_official_1000seq_workers4,185,4,0
GR-1,calibration,abc_d_official_1000seq_workers4,186,5,1
GR-1,calibration,abc_d_official_1000seq_workers4,187,5,1
GR-1,calibration,abc_d_official_1000seq_workers4,188,5,1
GR-1,calibration,abc_d_official_1000seq_workers4,189,5,1
GR-1,calibration,abc_d_official_1000seq_workers4,190,0,0
GR-1,calibration,abc_d_official_1000seq_workers4,191,5,1
GR-1,calibration,abc_d_official_1000seq_workers4,192,4,0
GR-1,calibration,abc_d_official_1000seq_workers4,193,0,0
GR-1,calibration,abc_d_official_1000seq_workers4,194,5,1
GR-1,calibration,abc_d_official_1000seq_workers4,195,5,1
GR-1,calibration,abc_d_official_1000seq_workers4,196,5,1
GR-1,calibration,abc_d_official_1000seq_workers4,197,0,0
GR-1,calibration,abc_d_official_1000seq_workers4,198,2,0
GR-1,calibration,abc_d_official_1000seq_workers4,199,2,0
GR-1,calibration,abc_d_official_1000seq_workers4,200,0,0
GR-1,calibration,abc_d_official_1000seq_workers4,201,5,1
GR-1,calibration,abc_d_official_1000seq_workers4,202,2,0
GR-1,calibration,abc_d_official_1000seq_workers4,203,5,1
GR-1,calibration,abc_d_official_1000seq_workers4,204,5,1
GR-1,calibration,abc_d_official_1000seq_workers4,205,5,1
GR-1,calibration,abc_d_official_1000seq_workers4,206,5,1
GR-1,calibration,abc_d_official_1000seq_workers4,207,0,0
GR-1,calibration,abc_d_official_1000seq_workers4,208,1,0
GR-1,calibration,abc_d_official_1000seq_workers4,209,5,1
GR-1,calibration,abc_d_official_1000seq_workers4,210,4,0
GR-1,calibration,abc_d_official_1000seq_workers4,211,5,1
GR-1,calibration,abc_d_official_1000seq_workers4,212,3,0
GR-1,calibration,abc_d_official_1000seq_workers4,213,5,1
GR-1,calibration,abc_d_official_1000seq_workers4,214,5,1
GR-1,calibration,abc_d_official_1000seq_workers4,215,5,1
GR-1,calibration,abc_d_official_1000seq_workers4,216,5,1
GR-1,calibration,abc_d_official_1000seq_workers4,217,5,1
GR-1,calibration,abc_d_official_1000seq_workers4,218,3,0
GR-1,calibration,abc_d_official_1000seq_workers4,219,4,0
GR-1,calibration,abc_d_official_1000seq_workers4,220,1,0
GR-1,calibration,abc_d_official_1000seq_workers4,221,4,0
GR-1,calibration,abc_d_official_1000seq_workers4,222,5,1
GR-1,calibration,abc_d_official_1000seq_workers4,223,1,0
GR-1,calibration,abc_d_official_1000seq_workers4,224,5,1
GR-1,calibration,abc_d_official_1000seq_workers4,225,3,0
GR-1,calibration,abc_d_official_1000seq_workers4,226,5,1
GR-1,calibration,abc_d_official_1000seq_workers4,227,1,0
GR-1,calibration,abc_d_official_1000seq_workers4,228,5,1
GR-1,calibration,abc_d_official_1000seq_workers4,229,5,1
GR-1,calibration,abc_d_official_1000seq_workers4,230,5,1
GR-1,calibration,abc_d_official_1000seq_workers4,231,3,0
GR-1,calibration,abc_d_official_1000seq_workers4,232,5,1
GR-1,calibration,abc_d_official_1000seq_workers4,233,5,1
GR-1,calibration,abc_d_official_1000seq_workers4,234,1,0
GR-1,calibration,abc_d_official_1000seq_workers4,235,0,0
GR-1,calibration,abc_d_official_1000seq_workers4,236,0,0
GR-1,calibration,abc_d_official_1000seq_workers4,237,5,1
GR-1,calibration,abc_d_official_1000seq_workers4,238,5,1
GR-1,calibration,abc_d_official_1000seq_workers4,239,2,0
GR-1,calibration,abc_d_official_1000seq_workers4,240,5,1
GR-1,calibration,abc_d_official_1000seq_workers4,241,1,0
GR-1,calibration,abc_d_official_1000seq_workers4,242,5,1
GR-1,calibration,abc_d_official_1000seq_workers4,243,1,0
GR-1,calibration,abc_d_official_1000seq_workers4,244,1,0
GR-1,calibration,abc_d_official_1000seq_workers4,245,3,0
GR-1,calibration,abc_d_official_1000seq_workers4,246,0,0
GR-1,calibration,abc_d_official_1000seq_workers4,247,1,0
GR-1,calibration,abc_d_official_1000seq_workers4,248,2,0
GR-1,calibration,abc_d_official_1000seq_workers4,249,1,0
GR-1,calibration,abc_d_official_1000seq_workers4,250,5,1
GR-1,calibration,abc_d_official_1000seq_workers4,251,5,1
GR-1,calibration,abc_d_official_1000seq_workers4,252,5,1
GR-1,calibration,abc_d_official_1000seq_workers4,253,2,0
GR-1,calibration,abc_d_official_1000seq_workers4,254,5,1
GR-1,calibration,abc_d_official_1000seq_workers4,255,1,0
GR-1,calibration,abc_d_official_1000seq_workers4,256,1,0
GR-1,calibration,abc_d_official_1000seq_workers4,257,0,0
GR-1,calibration,abc_d_official_1000seq_workers4,258,5,1
GR-1,calibration,abc_d_official_1000seq_workers4,259,1,0
GR-1,calibration,abc_d_official_1000seq_workers4,260,5,1
GR-1,calibration,abc_d_official_1000seq_workers4,261,3,0
GR-1,calibration,abc_d_official_1000seq_workers4,262,5,1
GR-1,calibration,abc_d_official_1000seq_workers4,263,5,1
GR-1,calibration,abc_d_official_1000seq_workers4,264,4,0
GR-1,calibration,abc_d_official_1000seq_workers4,265,5,1
GR-1,calibration,abc_d_official_1000seq_workers4,266,0,0
GR-1,calibration,abc_d_official_1000seq_workers4,267,2,0
GR-1,calibration,abc_d_official_1000seq_workers4,268,4,0
GR-1,calibration,abc_d_official_1000seq_workers4,269,5,1
GR-1,calibration,abc_d_official_1000seq_workers4,270,2,0
GR-1,calibration,abc_d_official_1000seq_workers4,271,4,0
GR-1,calibration,abc_d_official_1000seq_workers4,272,3,0
GR-1,calibration,abc_d_official_1000seq_workers4,273,3,0
GR-1,calibration,abc_d_official_1000seq_workers4,274,3,0
GR-1,calibration,abc_d_official_1000seq_workers4,275,5,1
GR-1,calibration,abc_d_official_1000seq_workers4,276,0,0
GR-1,calibration,abc_d_official_1000seq_workers4,277,5,1
GR-1,calibration,abc_d_official_1000seq_workers4,278,5,1
GR-1,calibration,abc_d_official_1000seq_workers4,279,5,1
GR-1,calibration,abc_d_official_1000seq_workers4,280,4,0
GR-1,calibration,abc_d_official_1000seq_workers4,281,1,0
GR-1,calibration,abc_d_official_1000seq_workers4,282,2,0
GR-1,calibration,abc_d_official_1000seq_workers4,283,5,1
GR-1,calibration,abc_d_official_1000seq_workers4,284,5,1
GR-1,calibration,abc_d_official_1000seq_workers4,285,1,0
GR-1,calibration,abc_d_official_1000seq_workers4,286,5,1
GR-1,calibration,abc_d_official_1000seq_workers4,287,5,1
GR-1,calibration,abc_d_official_1000seq_workers4,288,5,1
GR-1,calibration,abc_d_official_1000seq_workers4,289,5,1
GR-1,calibration,abc_d_official_1000seq_workers4,290,3,0
GR-1,calibration,abc_d_official_1000seq_workers4,291,1,0
GR-1,calibration,abc_d_official_1000seq_workers4,292,0,0
GR-1,calibration,abc_d_official_1000seq_workers4,293,2,0
GR-1,calibration,abc_d_official_1000seq_workers4,294,5,1
GR-1,calibration,abc_d_official_1000seq_workers4,295,1,0
GR-1,calibration,abc_d_official_1000seq_workers4,296,5,1
GR-1,calibration,abc_d_official_1000seq_workers4,297,5,1
GR-1,calibration,abc_d_official_1000seq_workers4,298,4,0
GR-1,calibration,abc_d_official_1000seq_workers4,299,5,1
GR-1,calibration,abc_d_official_1000seq_workers4,300,5,1
GR-1,calibration,abc_d_official_1000seq_workers4,301,2,0
GR-1,calibration,abc_d_official_1000seq_workers4,302,0,0
GR-1,calibration,abc_d_official_1000seq_workers4,303,0,0
GR-1,calibration,abc_d_official_1000seq_workers4,304,5,1
GR-1,calibration,abc_d_official_1000seq_workers4,305,5,1
GR-1,calibration,abc_d_official_1000seq_workers4,306,5,1
GR-1,calibration,abc_d_official_1000seq_workers4,307,5,1
GR-1,calibration,abc_d_official_1000seq_workers4,308,5,1
GR-1,calibration,abc_d_official_1000seq_workers4,309,2,0
GR-1,calibration,abc_d_official_1000seq_workers4,310,5,1
GR-1,calibration,abc_d_official_1000seq_workers4,311,2,0
GR-1,calibration,abc_d_official_1000seq_workers4,312,4,0
GR-1,calibration,abc_d_official_1000seq_workers4,313,2,0
GR-1,calibration,abc_d_official_1000seq_workers4,314,5,1
GR-1,calibration,abc_d_official_1000seq_workers4,315,1,0
GR-1,calibration,abc_d_official_1000seq_workers4,316,5,1
GR-1,calibration,abc_d_official_1000seq_workers4,317,0,0
GR-1,calibration,abc_d_official_1000seq_workers4,318,0,0
GR-1,calibration,abc_d_official_1000seq_workers4,319,4,0
GR-1,calibration,abc_d_official_1000seq_workers4,320,5,1
GR-1,calibration,abc_d_official_1000seq_workers4,321,1,0
GR-1,calibration,abc_d_official_1000seq_workers4,322,4,0
GR-1,calibration,abc_d_official_1000seq_workers4,323,5,1
GR-1,calibration,abc_d_official_1000seq_workers4,324,3,0
GR-1,calibration,abc_d_official_1000seq_workers4,325,5,1
GR-1,calibration,abc_d_official_1000seq_workers4,326,5,1
GR-1,calibration,abc_d_official_1000seq_workers4,327,4,0
GR-1,calibration,abc_d_official_1000seq_workers4,328,5,1
GR-1,calibration,abc_d_official_1000seq_workers4,329,4,0
GR-1,calibration,abc_d_official_1000seq_workers4,330,3,0
GR-1,calibration,abc_d_official_1000seq_workers4,331,5,1
GR-1,calibration,abc_d_official_1000seq_workers4,332,4,0
GR-1,calibration,abc_d_official_1000seq_workers4,333,5,1
GR-1,calibration,abc_d_official_1000seq_workers4,334,2,0
GR-1,calibration,abc_d_official_1000seq_workers4,335,2,0
GR-1,calibration,abc_d_official_1000seq_workers4,336,5,1
GR-1,calibration,abc_d_official_1000seq_workers4,337,1,0
GR-1,calibration,abc_d_official_1000seq_workers4,338,3,0
GR-1,calibration,abc_d_official_1000seq_workers4,339,4,0
GR-1,calibration,abc_d_official_1000seq_workers4,340,0,0
GR-1,calibration,abc_d_official_1000seq_workers4,341,0,0
GR-1,calibration,abc_d_official_1000seq_workers4,342,5,1
GR-1,calibration,abc_d_official_1000seq_workers4,343,3,0
GR-1,calibration,abc_d_official_1000seq_workers4,344,5,1
GR-1,calibration,abc_d_official_1000seq_workers4,345,3,0
GR-1,calibration,abc_d_official_1000seq_workers4,346,5,1
GR-1,calibration,abc_d_official_1000seq_workers4,347,1,0
GR-1,calibration,abc_d_official_1000seq_workers4,348,5,1
GR-1,calibration,abc_d_official_1000seq_workers4,349,4,0
GR-1,calibration,abc_d_official_1000seq_workers4,350,3,0
GR-1,calibration,abc_d_official_1000seq_workers4,351,4,0
GR-1,calibration,abc_d_official_1000seq_workers4,352,5,1
GR-1,calibration,abc_d_official_1000seq_workers4,353,5,1
GR-1,calibration,abc_d_official_1000seq_workers4,354,2,0
GR-1,calibration,abc_d_official_1000seq_workers4,355,5,1
GR-1,calibration,abc_d_official_1000seq_workers4,356,5,1
GR-1,calibration,abc_d_official_1000seq_workers4,357,5,1
GR-1,calibration,abc_d_official_1000seq_workers4,358,4,0
GR-1,calibration,abc_d_official_1000seq_workers4,359,5,1
GR-1,calibration,abc_d_official_1000seq_workers4,360,5,1
GR-1,calibration,abc_d_official_1000seq_workers4,361,3,0
GR-1,calibration,abc_d_official_1000seq_workers4,362,3,0
GR-1,calibration,abc_d_official_1000seq_workers4,363,2,0
GR-1,calibration,abc_d_official_1000seq_workers4,364,5,1
GR-1,calibration,abc_d_official_1000seq_workers4,365,5,1
GR-1,calibration,abc_d_official_1000seq_workers4,366,4,0
GR-1,calibration,abc_d_official_1000seq_workers4,367,3,0
GR-1,calibration,abc_d_official_1000seq_workers4,368,5,1
GR-1,calibration,abc_d_official_1000seq_workers4,369,5,1
GR-1,calibration,abc_d_official_1000seq_workers4,370,0,0
GR-1,calibration,abc_d_official_1000seq_workers4,371,1,0
GR-1,calibration,abc_d_official_1000seq_workers4,372,5,1
GR-1,calibration,abc_d_official_1000seq_workers4,373,0,0
GR-1,calibration,abc_d_official_1000seq_workers4,374,5,1
GR-1,calibration,abc_d_official_1000seq_workers4,375,4,0
GR-1,calibration,abc_d_official_1000seq_workers4,376,2,0
GR-1,calibration,abc_d_official_1000seq_workers4,377,5,1
GR-1,calibration,abc_d_official_1000seq_workers4,378,1,0
GR-1,calibration,abc_d_official_1000seq_workers4,379,1,0
GR-1,calibration,abc_d_official_1000seq_workers4,380,5,1
GR-1,calibration,abc_d_official_1000seq_workers4,381,3,0
GR-1,calibration,abc_d_official_1000seq_workers4,382,5,1
GR-1,calibration,abc_d_official_1000seq_workers4,383,2,0
GR-1,calibration,abc_d_official_1000seq_workers4,384,5,1
GR-1,calibration,abc_d_official_1000seq_workers4,385,5,1
GR-1,calibration,abc_d_official_1000seq_workers4,386,3,0
GR-1,calibration,abc_d_official_1000seq_workers4,387,5,1
GR-1,calibration,abc_d_official_1000seq_workers4,388,4,0
GR-1,calibration,abc_d_official_1000seq_workers4,389,2,0
GR-1,calibration,abc_d_official_1000seq_workers4,390,0,0
GR-1,calibration,abc_d_official_1000seq_workers4,391,1,0
GR-1,calibration,abc_d_official_1000seq_workers4,392,1,0
GR-1,calibration,abc_d_official_1000seq_workers4,393,5,1
GR-1,calibration,abc_d_official_1000seq_workers4,394,5,1
GR-1,calibration,abc_d_official_1000seq_workers4,395,5,1
GR-1,calibration,abc_d_official_1000seq_workers4,396,5,1
GR-1,calibration,abc_d_official_1000seq_workers4,397,2,0
GR-1,calibration,abc_d_official_1000seq_workers4,398,5,1
GR-1,calibration,abc_d_official_1000seq_workers4,399,3,0
GR-1,calibration,abc_d_official_1000seq_workers4,400,3,0
GR-1,calibration,abc_d_official_1000seq_workers4,401,0,0
GR-1,calibration,abc_d_official_1000seq_workers4,402,5,1
GR-1,calibration,abc_d_official_1000seq_workers4,403,5,1
GR-1,calibration,abc_d_official_1000seq_workers4,404,3,0
GR-1,calibration,abc_d_official_1000seq_workers4,405,5,1
GR-1,calibration,abc_d_official_1000seq_workers4,406,5,1
GR-1,calibration,abc_d_official_1000seq_workers4,407,2,0
GR-1,calibration,abc_d_official_1000seq_workers4,408,1,0
GR-1,calibration,abc_d_official_1000seq_workers4,409,3,0
GR-1,calibration,abc_d_official_1000seq_workers4,410,1,0
GR-1,calibration,abc_d_official_1000seq_workers4,411,5,1
GR-1,calibration,abc_d_official_1000seq_workers4,412,5,1
GR-1,calibration,abc_d_official_1000seq_workers4,413,0,0
GR-1,calibration,abc_d_official_1000seq_workers4,414,1,0
GR-1,calibration,abc_d_official_1000seq_workers4,415,3,0
GR-1,calibration,abc_d_official_1000seq_workers4,416,2,0
GR-1,calibration,abc_d_official_1000seq_workers4,417,5,1
GR-1,calibration,abc_d_official_1000seq_workers4,418,0,0
GR-1,calibration,abc_d_official_1000seq_workers4,419,5,1
GR-1,calibration,abc_d_official_1000seq_workers4,420,2,0
GR-1,calibration,abc_d_official_1000seq_workers4,421,5,1
GR-1,calibration,abc_d_official_1000seq_workers4,422,0,0
GR-1,calibration,abc_d_official_1000seq_workers4,423,0,0
GR-1,calibration,abc_d_official_1000seq_workers4,424,5,1
GR-1,calibration,abc_d_official_1000seq_workers4,425,1,0
GR-1,calibration,abc_d_official_1000seq_workers4,426,5,1
GR-1,calibration,abc_d_official_1000seq_workers4,427,4,0
GR-1,calibration,abc_d_official_1000seq_workers4,428,5,1
GR-1,calibration,abc_d_official_1000seq_workers4,429,2,0
GR-1,calibration,abc_d_official_1000seq_workers4,430,5,1
GR-1,calibration,abc_d_official_1000seq_workers4,431,2,0
GR-1,calibration,abc_d_official_1000seq_workers4,432,5,1
GR-1,calibration,abc_d_official_1000seq_workers4,433,5,1
GR-1,calibration,abc_d_official_1000seq_workers4,434,2,0
GR-1,calibration,abc_d_official_1000seq_workers4,435,0,0
GR-1,calibration,abc_d_official_1000seq_workers4,436,5,1
GR-1,calibration,abc_d_official_1000seq_workers4,437,5,1
GR-1,calibration,abc_d_official_1000seq_workers4,438,5,1
GR-1,calibration,abc_d_official_1000seq_workers4,439,2,0
GR-1,calibration,abc_d_official_1000seq_workers4,440,3,0
GR-1,calibration,abc_d_official_1000seq_workers4,441,5,1
GR-1,calibration,abc_d_official_1000seq_workers4,442,2,0
GR-1,calibration,abc_d_official_1000seq_workers4,443,3,0
GR-1,calibration,abc_d_official_1000seq_workers4,444,5,1
GR-1,calibration,abc_d_official_1000seq_workers4,445,1,0
GR-1,calibration,abc_d_official_1000seq_workers4,446,5,1
GR-1,calibration,abc_d_official_1000seq_workers4,447,5,1
GR-1,calibration,abc_d_official_1000seq_workers4,448,0,0
GR-1,calibration,abc_d_official_1000seq_workers4,449,1,0
GR-1,calibration,abc_d_official_1000seq_workers4,450,5,1
GR-1,calibration,abc_d_official_1000seq_workers4,451,4,0
GR-1,calibration,abc_d_official_1000seq_workers4,452,5,1
GR-1,calibration,abc_d_official_1000seq_workers4,453,5,1
GR-1,calibration,abc_d_official_1000seq_workers4,454,5,1
GR-1,calibration,abc_d_official_1000seq_workers4,455,5,1
GR-1,calibration,abc_d_official_1000seq_workers4,456,0,0
GR-1,calibration,abc_d_official_1000seq_workers4,457,3,0
GR-1,calibration,abc_d_official_1000seq_workers4,458,2,0
GR-1,calibration,abc_d_official_1000seq_workers4,459,5,1
GR-1,calibration,abc_d_official_1000seq_workers4,460,1,0
GR-1,calibration,abc_d_official_1000seq_workers4,461,1,0
GR-1,calibration,abc_d_official_1000seq_workers4,462,2,0
GR-1,calibration,abc_d_official_1000seq_workers4,463,5,1
GR-1,calibration,abc_d_official_1000seq_workers4,464,5,1
GR-1,calibration,abc_d_official_1000seq_workers4,465,5,1
GR-1,calibration,abc_d_official_1000seq_workers4,466,5,1
GR-1,calibration,abc_d_official_1000seq_workers4,467,4,0
GR-1,calibration,abc_d_official_1000seq_workers4,468,2,0
GR-1,calibration,abc_d_official_1000seq_workers4,469,4,0
GR-1,calibration,abc_d_official_1000seq_workers4,470,5,1
GR-1,calibration,abc_d_official_1000seq_workers4,471,5,1
GR-1,calibration,abc_d_official_1000seq_workers4,472,2,0
GR-1,calibration,abc_d_official_1000seq_workers4,473,2,0
GR-1,calibration,abc_d_official_1000seq_workers4,474,4,0
GR-1,calibration,abc_d_official_1000seq_workers4,475,1,0
GR-1,calibration,abc_d_official_1000seq_workers4,476,2,0
GR-1,calibration,abc_d_official_1000seq_workers4,477,4,0
GR-1,calibration,abc_d_official_1000seq_workers4,478,2,0
GR-1,calibration,abc_d_official_1000seq_workers4,479,5,1
GR-1,calibration,abc_d_official_1000seq_workers4,480,4,0
GR-1,calibration,abc_d_official_1000seq_workers4,481,1,0
GR-1,calibration,abc_d_official_1000seq_workers4,482,5,1
GR-1,calibration,abc_d_official_1000seq_workers4,483,3,0
GR-1,calibration,abc_d_official_1000seq_workers4,484,1,0
GR-1,calibration,abc_d_official_1000seq_workers4,485,0,0
GR-1,calibration,abc_d_official_1000seq_workers4,486,5,1
GR-1,calibration,abc_d_official_1000seq_workers4,487,5,1
GR-1,calibration,abc_d_official_1000seq_workers4,488,5,1
GR-1,calibration,abc_d_official_1000seq_workers4,489,5,1
GR-1,calibration,abc_d_official_1000seq_workers4,490,5,1
GR-1,calibration,abc_d_official_1000seq_workers4,491,5,1
GR-1,calibration,abc_d_official_1000seq_workers4,492,5,1
GR-1,calibration,abc_d_official_1000seq_workers4,493,2,0
GR-1,calibration,abc_d_official_1000seq_workers4,494,5,1
GR-1,calibration,abc_d_official_1000seq_workers4,495,5,1
GR-1,calibration,abc_d_official_1000seq_workers4,496,5,1
GR-1,calibration,abc_d_official_1000seq_workers4,497,3,0
GR-1,calibration,abc_d_official_1000seq_workers4,498,5,1
GR-1,calibration,abc_d_official_1000seq_workers4,499,5,1
GR-1,calibration,abc_d_official_1000seq_workers4,500,0,0
GR-1,calibration,abc_d_official_1000seq_workers4,501,5,1
GR-1,calibration,abc_d_official_1000seq_workers4,502,3,0
GR-1,calibration,abc_d_official_1000seq_workers4,503,3,0
GR-1,calibration,abc_d_official_1000seq_workers4,504,5,1
GR-1,calibration,abc_d_official_1000seq_workers4,505,5,1
GR-1,calibration,abc_d_official_1000seq_workers4,506,5,1
GR-1,calibration,abc_d_official_1000seq_workers4,507,5,1
GR-1,calibration,abc_d_official_1000seq_workers4,508,5,1
GR-1,calibration,abc_d_official_1000seq_workers4,509,5,1
GR-1,calibration,abc_d_official_1000seq_workers4,510,5,1
GR-1,calibration,abc_d_official_1000seq_workers4,511,0,0
GR-1,calibration,abc_d_official_1000seq_workers4,512,5,1
GR-1,calibration,abc_d_official_1000seq_workers4,513,5,1
GR-1,calibration,abc_d_official_1000seq_workers4,514,3,0
GR-1,calibration,abc_d_official_1000seq_workers4,515,2,0
GR-1,calibration,abc_d_official_1000seq_workers4,516,0,0
GR-1,calibration,abc_d_official_1000seq_workers4,517,5,1
GR-1,calibration,abc_d_official_1000seq_workers4,518,5,1
GR-1,calibration,abc_d_official_1000seq_workers4,519,3,0
GR-1,calibration,abc_d_official_1000seq_workers4,520,0,0
GR-1,calibration,abc_d_official_1000seq_workers4,521,5,1
GR-1,calibration,abc_d_official_1000seq_workers4,522,1,0
GR-1,calibration,abc_d_official_1000seq_workers4,523,0,0
GR-1,calibration,abc_d_official_1000seq_workers4,524,1,0
GR-1,calibration,abc_d_official_1000seq_workers4,525,0,0
GR-1,calibration,abc_d_official_1000seq_workers4,526,4,0
GR-1,calibration,abc_d_official_1000seq_workers4,527,5,1
GR-1,calibration,abc_d_official_1000seq_workers4,528,5,1
GR-1,calibration,abc_d_official_1000seq_workers4,529,3,0
GR-1,calibration,abc_d_official_1000seq_workers4,530,5,1
GR-1,calibration,abc_d_official_1000seq_workers4,531,1,0
GR-1,calibration,abc_d_official_1000seq_workers4,532,0,0
GR-1,calibration,abc_d_official_1000seq_workers4,533,4,0
GR-1,calibration,abc_d_official_1000seq_workers4,534,5,1
GR-1,calibration,abc_d_official_1000seq_workers4,535,4,0
GR-1,calibration,abc_d_official_1000seq_workers4,536,0,0
GR-1,calibration,abc_d_official_1000seq_workers4,537,5,1
GR-1,calibration,abc_d_official_1000seq_workers4,538,1,0
GR-1,calibration,abc_d_official_1000seq_workers4,539,0,0
GR-1,calibration,abc_d_official_1000seq_workers4,540,0,0
GR-1,calibration,abc_d_official_1000seq_workers4,541,5,1
GR-1,calibration,abc_d_official_1000seq_workers4,542,4,0
GR-1,calibration,abc_d_official_1000seq_workers4,543,5,1
GR-1,calibration,abc_d_official_1000seq_workers4,544,2,0
GR-1,calibration,abc_d_official_1000seq_workers4,545,1,0
GR-1,calibration,abc_d_official_1000seq_workers4,546,2,0
GR-1,calibration,abc_d_official_1000seq_workers4,547,0,0
GR-1,calibration,abc_d_official_1000seq_workers4,548,4,0
GR-1,calibration,abc_d_official_1000seq_workers4,549,1,0
GR-1,calibration,abc_d_official_1000seq_workers4,550,1,0
GR-1,calibration,abc_d_official_1000seq_workers4,551,5,1
GR-1,calibration,abc_d_official_1000seq_workers4,552,0,0
GR-1,calibration,abc_d_official_1000seq_workers4,553,5,1
GR-1,calibration,abc_d_official_1000seq_workers4,554,1,0
GR-1,calibration,abc_d_official_1000seq_workers4,555,2,0
GR-1,calibration,abc_d_official_1000seq_workers4,556,2,0
GR-1,calibration,abc_d_official_1000seq_workers4,557,4,0
GR-1,calibration,abc_d_official_1000seq_workers4,558,1,0
GR-1,calibration,abc_d_official_1000seq_workers4,559,4,0
GR-1,calibration,abc_d_official_1000seq_workers4,560,1,0
GR-1,calibration,abc_d_official_1000seq_workers4,561,1,0
GR-1,calibration,abc_d_official_1000seq_workers4,562,5,1
GR-1,calibration,abc_d_official_1000seq_workers4,563,1,0
GR-1,calibration,abc_d_official_1000seq_workers4,564,5,1
GR-1,calibration,abc_d_official_1000seq_workers4,565,5,1
GR-1,calibration,abc_d_official_1000seq_workers4,566,4,0
GR-1,calibration,abc_d_official_1000seq_workers4,567,2,0
GR-1,calibration,abc_d_official_1000seq_workers4,568,1,0
GR-1,calibration,abc_d_official_1000seq_workers4,569,5,1
GR-1,calibration,abc_d_official_1000seq_workers4,570,2,0
GR-1,calibration,abc_d_official_1000seq_workers4,571,2,0
GR-1,calibration,abc_d_official_1000seq_workers4,572,1,0
GR-1,calibration,abc_d_official_1000seq_workers4,573,4,0
GR-1,calibration,abc_d_official_1000seq_workers4,574,0,0
GR-1,calibration,abc_d_official_1000seq_workers4,575,1,0
GR-1,calibration,abc_d_official_1000seq_workers4,576,5,1
GR-1,calibration,abc_d_official_1000seq_workers4,577,4,0
GR-1,calibration,abc_d_official_1000seq_workers4,578,3,0
GR-1,calibration,abc_d_official_1000seq_workers4,579,1,0
GR-1,calibration,abc_d_official_1000seq_workers4,580,5,1
GR-1,calibration,abc_d_official_1000seq_workers4,581,3,0
GR-1,calibration,abc_d_official_1000seq_workers4,582,5,1
GR-1,calibration,abc_d_official_1000seq_workers4,583,2,0
GR-1,calibration,abc_d_official_1000seq_workers4,584,3,0
GR-1,calibration,abc_d_official_1000seq_workers4,585,5,1
GR-1,calibration,abc_d_official_1000seq_workers4,586,5,1
GR-1,calibration,abc_d_official_1000seq_workers4,587,5,1
GR-1,calibration,abc_d_official_1000seq_workers4,588,0,0
GR-1,calibration,abc_d_official_1000seq_workers4,589,0,0
GR-1,calibration,abc_d_official_1000seq_workers4,590,5,1
GR-1,calibration,abc_d_official_1000seq_workers4,591,3,0
GR-1,calibration,abc_d_official_1000seq_workers4,592,5,1
GR-1,calibration,abc_d_official_1000seq_workers4,593,3,0
GR-1,calibration,abc_d_official_1000seq_workers4,594,1,0
GR-1,calibration,abc_d_official_1000seq_workers4,595,5,1
GR-1,calibration,abc_d_official_1000seq_workers4,596,5,1
GR-1,calibration,abc_d_official_1000seq_workers4,597,0,0
GR-1,calibration,abc_d_official_1000seq_workers4,598,0,0
GR-1,calibration,abc_d_official_1000seq_workers4,599,5,1
GR-1,calibration,abc_d_official_1000seq_workers4,600,5,1
GR-1,calibration,abc_d_official_1000seq_workers4,601,5,1
GR-1,calibration,abc_d_official_1000seq_workers4,602,5,1
GR-1,calibration,abc_d_official_1000seq_workers4,603,5,1
GR-1,calibration,abc_d_official_1000seq_workers4,604,5,1
GR-1,calibration,abc_d_official_1000seq_workers4,605,5,1
GR-1,calibration,abc_d_official_1000seq_workers4,606,4,0
GR-1,calibration,abc_d_official_1000seq_workers4,607,5,1
GR-1,calibration,abc_d_official_1000seq_workers4,608,2,0
GR-1,calibration,abc_d_official_1000seq_workers4,609,5,1
GR-1,calibration,abc_d_official_1000seq_workers4,610,4,0
GR-1,calibration,abc_d_official_1000seq_workers4,611,2,0
GR-1,calibration,abc_d_official_1000seq_workers4,612,5,1
GR-1,calibration,abc_d_official_1000seq_workers4,613,5,1
GR-1,calibration,abc_d_official_1000seq_workers4,614,5,1
GR-1,calibration,abc_d_official_1000seq_workers4,615,5,1
GR-1,calibration,abc_d_official_1000seq_workers4,616,3,0
GR-1,calibration,abc_d_official_1000seq_workers4,617,0,0
GR-1,calibration,abc_d_official_1000seq_workers4,618,4,0
GR-1,calibration,abc_d_official_1000seq_workers4,619,4,0
GR-1,calibration,abc_d_official_1000seq_workers4,620,4,0
GR-1,calibration,abc_d_official_1000seq_workers4,621,5,1
GR-1,calibration,abc_d_official_1000seq_workers4,622,1,0
GR-1,calibration,abc_d_official_1000seq_workers4,623,5,1
GR-1,calibration,abc_d_official_1000seq_workers4,624,5,1
GR-1,calibration,abc_d_official_1000seq_workers4,625,1,0
GR-1,calibration,abc_d_official_1000seq_workers4,626,5,1
GR-1,calibration,abc_d_official_1000seq_workers4,627,5,1
GR-1,calibration,abc_d_official_1000seq_workers4,628,0,0
GR-1,calibration,abc_d_official_1000seq_workers4,629,4,0
GR-1,calibration,abc_d_official_1000seq_workers4,630,5,1
GR-1,calibration,abc_d_official_1000seq_workers4,631,1,0
GR-1,calibration,abc_d_official_1000seq_workers4,632,5,1
GR-1,calibration,abc_d_official_1000seq_workers4,633,0,0
GR-1,calibration,abc_d_official_1000seq_workers4,634,5,1
GR-1,calibration,abc_d_official_1000seq_workers4,635,4,0
GR-1,calibration,abc_d_official_1000seq_workers4,636,5,1
GR-1,calibration,abc_d_official_1000seq_workers4,637,2,0
GR-1,calibration,abc_d_official_1000seq_workers4,638,4,0
GR-1,calibration,abc_d_official_1000seq_workers4,639,5,1
GR-1,calibration,abc_d_official_1000seq_workers4,640,5,1
GR-1,calibration,abc_d_official_1000seq_workers4,641,5,1
GR-1,calibration,abc_d_official_1000seq_workers4,642,5,1
GR-1,calibration,abc_d_official_1000seq_workers4,643,2,0
GR-1,calibration,abc_d_official_1000seq_workers4,644,5,1
GR-1,calibration,abc_d_official_1000seq_workers4,645,5,1
GR-1,calibration,abc_d_official_1000seq_workers4,646,2,0
GR-1,calibration,abc_d_official_1000seq_workers4,647,4,0
GR-1,calibration,abc_d_official_1000seq_workers4,648,5,1
GR-1,calibration,abc_d_official_1000seq_workers4,649,5,1
GR-1,calibration,abc_d_official_1000seq_workers4,650,0,0
GR-1,calibration,abc_d_official_1000seq_workers4,651,5,1
GR-1,calibration,abc_d_official_1000seq_workers4,652,5,1
GR-1,calibration,abc_d_official_1000seq_workers4,653,1,0
GR-1,calibration,abc_d_official_1000seq_workers4,654,0,0
GR-1,calibration,abc_d_official_1000seq_workers4,655,1,0
GR-1,calibration,abc_d_official_1000seq_workers4,656,3,0
GR-1,calibration,abc_d_official_1000seq_workers4,657,4,0
GR-1,calibration,abc_d_official_1000seq_workers4,658,1,0
GR-1,calibration,abc_d_official_1000seq_workers4,659,5,1
GR-1,calibration,abc_d_official_1000seq_workers4,660,5,1
GR-1,calibration,abc_d_official_1000seq_workers4,661,2,0
GR-1,calibration,abc_d_official_1000seq_workers4,662,0,0
GR-1,calibration,abc_d_official_1000seq_workers4,663,1,0
GR-1,calibration,abc_d_official_1000seq_workers4,664,5,1
GR-1,calibration,abc_d_official_1000seq_workers4,665,2,0
GR-1,calibration,abc_d_official_1000seq_workers4,666,2,0
GR-1,calibration,abc_d_official_1000seq_workers4,667,0,0
GR-1,calibration,abc_d_official_1000seq_workers4,668,0,0
GR-1,calibration,abc_d_official_1000seq_workers4,669,5,1
GR-1,calibration,abc_d_official_1000seq_workers4,670,1,0
GR-1,calibration,abc_d_official_1000seq_workers4,671,5,1
GR-1,calibration,abc_d_official_1000seq_workers4,672,5,1
GR-1,calibration,abc_d_official_1000seq_workers4,673,0,0
GR-1,calibration,abc_d_official_1000seq_workers4,674,5,1
GR-1,calibration,abc_d_official_1000seq_workers4,675,2,0
GR-1,calibration,abc_d_official_1000seq_workers4,676,1,0
GR-1,calibration,abc_d_official_1000seq_workers4,677,0,0
GR-1,calibration,abc_d_official_1000seq_workers4,678,1,0
GR-1,calibration,abc_d_official_1000seq_workers4,679,5,1
GR-1,calibration,abc_d_official_1000seq_workers4,680,5,1
GR-1,calibration,abc_d_official_1000seq_workers4,681,5,1
GR-1,calibration,abc_d_official_1000seq_workers4,682,3,0
GR-1,calibration,abc_d_official_1000seq_workers4,683,5,1
GR-1,calibration,abc_d_official_1000seq_workers4,684,5,1
GR-1,calibration,abc_d_official_1000seq_workers4,685,5,1
GR-1,calibration,abc_d_official_1000seq_workers4,686,4,0
GR-1,calibration,abc_d_official_1000seq_workers4,687,5,1
GR-1,calibration,abc_d_official_1000seq_workers4,688,4,0
GR-1,calibration,abc_d_official_1000seq_workers4,689,5,1
GR-1,calibration,abc_d_official_1000seq_workers4,690,0,0
GR-1,calibration,abc_d_official_1000seq_workers4,691,0,0
GR-1,calibration,abc_d_official_1000seq_workers4,692,5,1
GR-1,calibration,abc_d_official_1000seq_workers4,693,3,0
GR-1,calibration,abc_d_official_1000seq_workers4,694,5,1
GR-1,calibration,abc_d_official_1000seq_workers4,695,3,0
GR-1,calibration,abc_d_official_1000seq_workers4,696,1,0
GR-1,calibration,abc_d_official_1000seq_workers4,697,1,0
GR-1,calibration,abc_d_official_1000seq_workers4,698,5,1
GR-1,calibration,abc_d_official_1000seq_workers4,699,5,1
GR-1,calibration,abc_d_official_1000seq_workers4,700,0,0
GR-1,calibration,abc_d_official_1000seq_workers4,701,3,0
GR-1,calibration,abc_d_official_1000seq_workers4,702,5,1
GR-1,calibration,abc_d_official_1000seq_workers4,703,2,0
GR-1,calibration,abc_d_official_1000seq_workers4,704,2,0
GR-1,calibration,abc_d_official_1000seq_workers4,705,4,0
GR-1,calibration,abc_d_official_1000seq_workers4,706,5,1
GR-1,calibration,abc_d_official_1000seq_workers4,707,1,0
GR-1,calibration,abc_d_official_1000seq_workers4,708,5,1
GR-1,calibration,abc_d_official_1000seq_workers4,709,0,0
GR-1,calibration,abc_d_official_1000seq_workers4,710,4,0
GR-1,calibration,abc_d_official_1000seq_workers4,711,1,0
GR-1,calibration,abc_d_official_1000seq_workers4,712,3,0
GR-1,calibration,abc_d_official_1000seq_workers4,713,4,0
GR-1,calibration,abc_d_official_1000seq_workers4,714,5,1
GR-1,calibration,abc_d_official_1000seq_workers4,715,1,0
GR-1,calibration,abc_d_official_1000seq_workers4,716,5,1
GR-1,calibration,abc_d_official_1000seq_workers4,717,2,0
GR-1,calibration,abc_d_official_1000seq_workers4,718,5,1
GR-1,calibration,abc_d_official_1000seq_workers4,719,5,1
GR-1,calibration,abc_d_official_1000seq_workers4,720,3,0
GR-1,calibration,abc_d_official_1000seq_workers4,721,5,1
GR-1,calibration,abc_d_official_1000seq_workers4,722,1,0
GR-1,calibration,abc_d_official_1000seq_workers4,723,5,1
GR-1,calibration,abc_d_official_1000seq_workers4,724,5,1
GR-1,calibration,abc_d_official_1000seq_workers4,725,5,1
GR-1,calibration,abc_d_official_1000seq_workers4,726,5,1
GR-1,calibration,abc_d_official_1000seq_workers4,727,1,0
GR-1,calibration,abc_d_official_1000seq_workers4,728,5,1
GR-1,calibration,abc_d_official_1000seq_workers4,729,1,0
GR-1,calibration,abc_d_official_1000seq_workers4,730,0,0
GR-1,calibration,abc_d_official_1000seq_workers4,731,0,0
GR-1,calibration,abc_d_official_1000seq_workers4,732,2,0
GR-1,calibration,abc_d_official_1000seq_workers4,733,1,0
GR-1,calibration,abc_d_official_1000seq_workers4,734,5,1
GR-1,calibration,abc_d_official_1000seq_workers4,735,3,0
GR-1,calibration,abc_d_official_1000seq_workers4,736,4,0
GR-1,calibration,abc_d_official_1000seq_workers4,737,1,0
GR-1,calibration,abc_d_official_1000seq_workers4,738,5,1
GR-1,calibration,abc_d_official_1000seq_workers4,739,3,0
GR-1,calibration,abc_d_official_1000seq_workers4,740,5,1
GR-1,calibration,abc_d_official_1000seq_workers4,741,3,0
GR-1,calibration,abc_d_official_1000seq_workers4,742,5,1
GR-1,calibration,abc_d_official_1000seq_workers4,743,4,0
GR-1,calibration,abc_d_official_1000seq_workers4,744,1,0
GR-1,calibration,abc_d_official_1000seq_workers4,745,5,1
GR-1,calibration,abc_d_official_1000seq_workers4,746,1,0
GR-1,calibration,abc_d_official_1000seq_workers4,747,2,0
GR-1,calibration,abc_d_official_1000seq_workers4,748,4,0
GR-1,calibration,abc_d_official_1000seq_workers4,749,1,0
GR-1,calibration,abc_d_official_1000seq_workers4,750,3,0
GR-1,calibration,abc_d_official_1000seq_workers4,751,5,1
GR-1,calibration,abc_d_official_1000seq_workers4,752,4,0
GR-1,calibration,abc_d_official_1000seq_workers4,753,5,1
GR-1,calibration,abc_d_official_1000seq_workers4,754,0,0
GR-1,calibration,abc_d_official_1000seq_workers4,755,1,0
GR-1,calibration,abc_d_official_1000seq_workers4,756,5,1
GR-1,calibration,abc_d_official_1000seq_workers4,757,4,0
GR-1,calibration,abc_d_official_1000seq_workers4,758,2,0
GR-1,calibration,abc_d_official_1000seq_workers4,759,0,0
GR-1,calibration,abc_d_official_1000seq_workers4,760,0,0
GR-1,calibration,abc_d_official_1000seq_workers4,761,2,0
GR-1,calibration,abc_d_official_1000seq_workers4,762,5,1
GR-1,calibration,abc_d_official_1000seq_workers4,763,5,1
GR-1,calibration,abc_d_official_1000seq_workers4,764,1,0
GR-1,calibration,abc_d_official_1000seq_workers4,765,5,1
GR-1,calibration,abc_d_official_1000seq_workers4,766,5,1
GR-1,calibration,abc_d_official_1000seq_workers4,767,5,1
GR-1,calibration,abc_d_official_1000seq_workers4,768,5,1
GR-1,calibration,abc_d_official_1000seq_workers4,769,3,0
GR-1,calibration,abc_d_official_1000seq_workers4,770,2,0
GR-1,calibration,abc_d_official_1000seq_workers4,771,4,0
GR-1,calibration,abc_d_official_1000seq_workers4,772,0,0
GR-1,calibration,abc_d_official_1000seq_workers4,773,5,1
GR-1,calibration,abc_d_official_1000seq_workers4,774,0,0
GR-1,calibration,abc_d_official_1000seq_workers4,775,4,0
GR-1,calibration,abc_d_official_1000seq_workers4,776,5,1
GR-1,calibration,abc_d_official_1000seq_workers4,777,3,0
GR-1,calibration,abc_d_official_1000seq_workers4,778,3,0
GR-1,calibration,abc_d_official_1000seq_workers4,779,3,0
GR-1,calibration,abc_d_official_1000seq_workers4,780,2,0
GR-1,calibration,abc_d_official_1000seq_workers4,781,5,1
GR-1,calibration,abc_d_official_1000seq_workers4,782,5,1
GR-1,calibration,abc_d_official_1000seq_workers4,783,0,0
GR-1,calibration,abc_d_official_1000seq_workers4,784,5,1
GR-1,calibration,abc_d_official_1000seq_workers4,785,4,0
GR-1,calibration,abc_d_official_1000seq_workers4,786,1,0
GR-1,calibration,abc_d_official_1000seq_workers4,787,4,0
GR-1,calibration,abc_d_official_1000seq_workers4,788,4,0
GR-1,calibration,abc_d_official_1000seq_workers4,789,5,1
GR-1,calibration,abc_d_official_1000seq_workers4,790,5,1
GR-1,calibration,abc_d_official_1000seq_workers4,791,5,1
GR-1,calibration,abc_d_official_1000seq_workers4,792,4,0
GR-1,calibration,abc_d_official_1000seq_workers4,793,2,0
GR-1,calibration,abc_d_official_1000seq_workers4,794,5,1
GR-1,calibration,abc_d_official_1000seq_workers4,795,3,0
GR-1,calibration,abc_d_official_1000seq_workers4,796,5,1
GR-1,calibration,abc_d_official_1000seq_workers4,797,5,1
GR-1,calibration,abc_d_official_1000seq_workers4,798,0,0
GR-1,calibration,abc_d_official_1000seq_workers4,799,5,1
GR-1,calibration,abc_d_official_1000seq_workers4,800,3,0
GR-1,calibration,abc_d_official_1000seq_workers4,801,5,1
GR-1,calibration,abc_d_official_1000seq_workers4,802,0,0
GR-1,calibration,abc_d_official_1000seq_workers4,803,5,1
GR-1,calibration,abc_d_official_1000seq_workers4,804,5,1
GR-1,calibration,abc_d_official_1000seq_workers4,805,3,0
GR-1,calibration,abc_d_official_1000seq_workers4,806,5,1
GR-1,calibration,abc_d_official_1000seq_workers4,807,5,1
GR-1,calibration,abc_d_official_1000seq_workers4,808,5,1
GR-1,calibration,abc_d_official_1000seq_workers4,809,2,0
GR-1,calibration,abc_d_official_1000seq_workers4,810,5,1
GR-1,calibration,abc_d_official_1000seq_workers4,811,5,1
GR-1,calibration,abc_d_official_1000seq_workers4,812,5,1
GR-1,calibration,abc_d_official_1000seq_workers4,813,5,1
GR-1,calibration,abc_d_official_1000seq_workers4,814,5,1
GR-1,calibration,abc_d_official_1000seq_workers4,815,3,0
GR-1,calibration,abc_d_official_1000seq_workers4,816,5,1
GR-1,calibration,abc_d_official_1000seq_workers4,817,0,0
GR-1,calibration,abc_d_official_1000seq_workers4,818,4,0
GR-1,calibration,abc_d_official_1000seq_workers4,819,3,0
GR-1,calibration,abc_d_official_1000seq_workers4,820,3,0
GR-1,calibration,abc_d_official_1000seq_workers4,821,5,1
GR-1,calibration,abc_d_official_1000seq_workers4,822,5,1
GR-1,calibration,abc_d_official_1000seq_workers4,823,2,0
GR-1,calibration,abc_d_official_1000seq_workers4,824,5,1
GR-1,calibration,abc_d_official_1000seq_workers4,825,1,0
GR-1,calibration,abc_d_official_1000seq_workers4,826,5,1
GR-1,calibration,abc_d_official_1000seq_workers4,827,0,0
GR-1,calibration,abc_d_official_1000seq_workers4,828,5,1
GR-1,calibration,abc_d_official_1000seq_workers4,829,5,1
GR-1,calibration,abc_d_official_1000seq_workers4,830,3,0
GR-1,calibration,abc_d_official_1000seq_workers4,831,3,0
GR-1,calibration,abc_d_official_1000seq_workers4,832,2,0
GR-1,calibration,abc_d_official_1000seq_workers4,833,1,0
GR-1,calibration,abc_d_official_1000seq_workers4,834,4,0
GR-1,calibration,abc_d_official_1000seq_workers4,835,3,0
GR-1,calibration,abc_d_official_1000seq_workers4,836,5,1
GR-1,calibration,abc_d_official_1000seq_workers4,837,1,0
GR-1,calibration,abc_d_official_1000seq_workers4,838,1,0
GR-1,calibration,abc_d_official_1000seq_workers4,839,3,0
GR-1,calibration,abc_d_official_1000seq_workers4,840,5,1
GR-1,calibration,abc_d_official_1000seq_workers4,841,2,0
GR-1,calibration,abc_d_official_1000seq_workers4,842,0,0
GR-1,calibration,abc_d_official_1000seq_workers4,843,5,1
GR-1,calibration,abc_d_official_1000seq_workers4,844,1,0
GR-1,calibration,abc_d_official_1000seq_workers4,845,5,1
GR-1,calibration,abc_d_official_1000seq_workers4,846,3,0
GR-1,calibration,abc_d_official_1000seq_workers4,847,5,1
GR-1,calibration,abc_d_official_1000seq_workers4,848,0,0
GR-1,calibration,abc_d_official_1000seq_workers4,849,0,0
GR-1,calibration,abc_d_official_1000seq_workers4,850,5,1
GR-1,calibration,abc_d_official_1000seq_workers4,851,5,1
GR-1,calibration,abc_d_official_1000seq_workers4,852,4,0
GR-1,calibration,abc_d_official_1000seq_workers4,853,5,1
GR-1,calibration,abc_d_official_1000seq_workers4,854,1,0
GR-1,calibration,abc_d_official_1000seq_workers4,855,5,1
GR-1,calibration,abc_d_official_1000seq_workers4,856,0,0
GR-1,calibration,abc_d_official_1000seq_workers4,857,1,0
GR-1,calibration,abc_d_official_1000seq_workers4,858,3,0
GR-1,calibration,abc_d_official_1000seq_workers4,859,1,0
GR-1,calibration,abc_d_official_1000seq_workers4,860,5,1
GR-1,calibration,abc_d_official_1000seq_workers4,861,4,0
GR-1,calibration,abc_d_official_1000seq_workers4,862,5,1
GR-1,calibration,abc_d_official_1000seq_workers4,863,5,1
GR-1,calibration,abc_d_official_1000seq_workers4,864,3,0
GR-1,calibration,abc_d_official_1000seq_workers4,865,2,0
GR-1,calibration,abc_d_official_1000seq_workers4,866,2,0
GR-1,calibration,abc_d_official_1000seq_workers4,867,5,1
GR-1,calibration,abc_d_official_1000seq_workers4,868,4,0
GR-1,calibration,abc_d_official_1000seq_workers4,869,4,0
GR-1,calibration,abc_d_official_1000seq_workers4,870,5,1
GR-1,calibration,abc_d_official_1000seq_workers4,871,0,0
GR-1,calibration,abc_d_official_1000seq_workers4,872,1,0
GR-1,calibration,abc_d_official_1000seq_workers4,873,3,0
GR-1,calibration,abc_d_official_1000seq_workers4,874,3,0
GR-1,calibration,abc_d_official_1000seq_workers4,875,5,1
GR-1,calibration,abc_d_official_1000seq_workers4,876,5,1
GR-1,calibration,abc_d_official_1000seq_workers4,877,2,0
GR-1,calibration,abc_d_official_1000seq_workers4,878,4,0
GR-1,calibration,abc_d_official_1000seq_workers4,879,0,0
GR-1,calibration,abc_d_official_1000seq_workers4,880,2,0
GR-1,calibration,abc_d_official_1000seq_workers4,881,5,1
GR-1,calibration,abc_d_official_1000seq_workers4,882,5,1
GR-1,calibration,abc_d_official_1000seq_workers4,883,1,0
GR-1,calibration,abc_d_official_1000seq_workers4,884,0,0
GR-1,calibration,abc_d_official_1000seq_workers4,885,0,0
GR-1,calibration,abc_d_official_1000seq_workers4,886,0,0
GR-1,calibration,abc_d_official_1000seq_workers4,887,5,1
GR-1,calibration,abc_d_official_1000seq_workers4,888,4,0
GR-1,calibration,abc_d_official_1000seq_workers4,889,0,0
GR-1,calibration,abc_d_official_1000seq_workers4,890,0,0
GR-1,calibration,abc_d_official_1000seq_workers4,891,5,1
GR-1,calibration,abc_d_official_1000seq_workers4,892,0,0
GR-1,calibration,abc_d_official_1000seq_workers4,893,0,0
GR-1,calibration,abc_d_official_1000seq_workers4,894,5,1
GR-1,calibration,abc_d_official_1000seq_workers4,895,5,1
GR-1,calibration,abc_d_official_1000seq_workers4,896,1,0
GR-1,calibration,abc_d_official_1000seq_workers4,897,2,0
GR-1,calibration,abc_d_official_1000seq_workers4,898,5,1
GR-1,calibration,abc_d_official_1000seq_workers4,899,5,1
GR-1,calibration,abc_d_official_1000seq_workers4,900,2,0
GR-1,calibration,abc_d_official_1000seq_workers4,901,0,0
GR-1,calibration,abc_d_official_1000seq_workers4,902,5,1
GR-1,calibration,abc_d_official_1000seq_workers4,903,1,0
GR-1,calibration,abc_d_official_1000seq_workers4,904,3,0
GR-1,calibration,abc_d_official_1000seq_workers4,905,2,0
GR-1,calibration,abc_d_official_1000seq_workers4,906,0,0
GR-1,calibration,abc_d_official_1000seq_workers4,907,4,0
GR-1,calibration,abc_d_official_1000seq_workers4,908,1,0
GR-1,calibration,abc_d_official_1000seq_workers4,909,2,0
GR-1,calibration,abc_d_official_1000seq_workers4,910,5,1
GR-1,calibration,abc_d_official_1000seq_workers4,911,3,0
GR-1,calibration,abc_d_official_1000seq_workers4,912,4,0
GR-1,calibration,abc_d_official_1000seq_workers4,913,5,1
GR-1,calibration,abc_d_official_1000seq_workers4,914,3,0
GR-1,calibration,abc_d_official_1000seq_workers4,915,3,0
GR-1,calibration,abc_d_official_1000seq_workers4,916,0,0
GR-1,calibration,abc_d_official_1000seq_workers4,917,1,0
GR-1,calibration,abc_d_official_1000seq_workers4,918,2,0
GR-1,calibration,abc_d_official_1000seq_workers4,919,0,0
GR-1,calibration,abc_d_official_1000seq_workers4,920,1,0
GR-1,calibration,abc_d_official_1000seq_workers4,921,5,1
GR-1,calibration,abc_d_official_1000seq_workers4,922,1,0
GR-1,calibration,abc_d_official_1000seq_workers4,923,5,1
GR-1,calibration,abc_d_official_1000seq_workers4,924,5,1
GR-1,calibration,abc_d_official_1000seq_workers4,925,3,0
GR-1,calibration,abc_d_official_1000seq_workers4,926,5,1
GR-1,calibration,abc_d_official_1000seq_workers4,927,4,0
GR-1,calibration,abc_d_official_1000seq_workers4,928,0,0
GR-1,calibration,abc_d_official_1000seq_workers4,929,0,0
GR-1,calibration,abc_d_official_1000seq_workers4,930,4,0
GR-1,calibration,abc_d_official_1000seq_workers4,931,2,0
GR-1,calibration,abc_d_official_1000seq_workers4,932,1,0
GR-1,calibration,abc_d_official_1000seq_workers4,933,5,1
GR-1,calibration,abc_d_official_1000seq_workers4,934,5,1
GR-1,calibration,abc_d_official_1000seq_workers4,935,5,1
GR-1,calibration,abc_d_official_1000seq_workers4,936,3,0
GR-1,calibration,abc_d_official_1000seq_workers4,937,5,1
GR-1,calibration,abc_d_official_1000seq_workers4,938,1,0
GR-1,calibration,abc_d_official_1000seq_workers4,939,5,1
GR-1,calibration,abc_d_official_1000seq_workers4,940,5,1
GR-1,calibration,abc_d_official_1000seq_workers4,941,5,1
GR-1,calibration,abc_d_official_1000seq_workers4,942,0,0
GR-1,calibration,abc_d_official_1000seq_workers4,943,0,0
GR-1,calibration,abc_d_official_1000seq_workers4,944,5,1
GR-1,calibration,abc_d_official_1000seq_workers4,945,4,0
GR-1,calibration,abc_d_official_1000seq_workers4,946,3,0
GR-1,calibration,abc_d_official_1000seq_workers4,947,5,1
GR-1,calibration,abc_d_official_1000seq_workers4,948,2,0
GR-1,calibration,abc_d_official_1000seq_workers4,949,1,0
GR-1,calibration,abc_d_official_1000seq_workers4,950,3,0
GR-1,calibration,abc_d_official_1000seq_workers4,951,0,0
GR-1,calibration,abc_d_official_1000seq_workers4,952,2,0
GR-1,calibration,abc_d_official_1000seq_workers4,953,5,1
GR-1,calibration,abc_d_official_1000seq_workers4,954,4,0
GR-1,calibration,abc_d_official_1000seq_workers4,955,4,0
GR-1,calibration,abc_d_official_1000seq_workers4,956,1,0
GR-1,calibration,abc_d_official_1000seq_workers4,957,5,1
GR-1,calibration,abc_d_official_1000seq_workers4,958,5,1
GR-1,calibration,abc_d_official_1000seq_workers4,959,5,1
GR-1,calibration,abc_d_official_1000seq_workers4,960,4,0
GR-1,calibration,abc_d_official_1000seq_workers4,961,1,0
GR-1,calibration,abc_d_official_1000seq_workers4,962,3,0
GR-1,calibration,abc_d_official_1000seq_workers4,963,0,0
GR-1,calibration,abc_d_official_1000seq_workers4,964,3,0
GR-1,calibration,abc_d_official_1000seq_workers4,965,4,0
GR-1,calibration,abc_d_official_1000seq_workers4,966,5,1
GR-1,calibration,abc_d_official_1000seq_workers4,967,5,1
GR-1,calibration,abc_d_official_1000seq_workers4,968,5,1
GR-1,calibration,abc_d_official_1000seq_workers4,969,0,0
GR-1,calibration,abc_d_official_1000seq_workers4,970,4,0
GR-1,calibration,abc_d_official_1000seq_workers4,971,5,1
GR-1,calibration,abc_d_official_1000seq_workers4,972,5,1
GR-1,calibration,abc_d_official_1000seq_workers4,973,4,0
GR-1,calibration,abc_d_official_1000seq_workers4,974,0,0
GR-1,calibration,abc_d_official_1000seq_workers4,975,3,0
GR-1,calibration,abc_d_official_1000seq_workers4,976,5,1
GR-1,calibration,abc_d_official_1000seq_workers4,977,4,0
GR-1,calibration,abc_d_official_1000seq_workers4,978,0,0
GR-1,calibration,abc_d_official_1000seq_workers4,979,5,1
GR-1,calibration,abc_d_official_1000seq_workers4,980,5,1
GR-1,calibration,abc_d_official_1000seq_workers4,981,0,0
GR-1,calibration,abc_d_official_1000seq_workers4,982,4,0
GR-1,calibration,abc_d_official_1000seq_workers4,983,1,0
GR-1,calibration,abc_d_official_1000seq_workers4,984,5,1
GR-1,calibration,abc_d_official_1000seq_workers4,985,5,1
GR-1,calibration,abc_d_official_1000seq_workers4,986,1,0
GR-1,calibration,abc_d_official_1000seq_workers4,987,1,0
GR-1,calibration,abc_d_official_1000seq_workers4,988,5,1
GR-1,calibration,abc_d_official_1000seq_workers4,989,1,0
GR-1,calibration,abc_d_official_1000seq_workers4,990,5,1
GR-1,calibration,abc_d_official_1000seq_workers4,991,3,0
GR-1,calibration,abc_d_official_1000seq_workers4,992,3,0
GR-1,calibration,abc_d_official_1000seq_workers4,993,4,0
GR-1,calibration,abc_d_official_1000seq_workers4,994,1,0
GR-1,calibration,abc_d_official_1000seq_workers4,995,2,0
GR-1,calibration,abc_d_official_1000seq_workers4,996,5,1
GR-1,calibration,abc_d_official_1000seq_workers4,997,5,1
GR-1,calibration,abc_d_official_1000seq_workers4,998,1,0
GR-1,calibration,abc_d_official_1000seq_workers4,999,1,0
GR-1,resampled_pose,abc_d_official_1000seq_workers4,0,4,0
GR-1,resampled_pose,abc_d_official_1000seq_workers4,1,5,1
GR-1,resampled_pose,abc_d_official_1000seq_workers4,2,5,1
GR-1,resampled_pose,abc_d_official_1000seq_workers4,3,0,0
GR-1,resampled_pose,abc_d_official_1000seq_workers4,4,1,0
GR-1,resampled_pose,abc_d_official_1000seq_workers4,5,4,0
GR-1,resampled_pose,abc_d_official_1000seq_workers4,6,3,0
GR-1,resampled_pose,abc_d_official_1000seq_workers4,7,0,0
GR-1,resampled_pose,abc_d_official_1000seq_workers4,8,1,0
GR-1,resampled_pose,abc_d_official_1000seq_workers4,9,0,0
GR-1,resampled_pose,abc_d_official_1000seq_workers4,10,4,0
GR-1,resampled_pose,abc_d_official_1000seq_workers4,11,1,0
GR-1,resampled_pose,abc_d_official_1000seq_workers4,12,1,0
GR-1,resampled_pose,abc_d_official_1000seq_workers4,13,5,1
GR-1,resampled_pose,abc_d_official_1000seq_workers4,14,1,0
GR-1,resampled_pose,abc_d_official_1000seq_workers4,15,5,1
GR-1,resampled_pose,abc_d_official_1000seq_workers4,16,2,0
GR-1,resampled_pose,abc_d_official_1000seq_workers4,17,0,0
GR-1,resampled_pose,abc_d_official_1000seq_workers4,18,0,0
GR-1,resampled_pose,abc_d_official_1000seq_workers4,19,2,0
GR-1,resampled_pose,abc_d_official_1000seq_workers4,20,1,0
GR-1,resampled_pose,abc_d_official_1000seq_workers4,21,1,0
GR-1,resampled_pose,abc_d_official_1000seq_workers4,22,3,0
GR-1,resampled_pose,abc_d_official_1000seq_workers4,23,5,1
GR-1,resampled_pose,abc_d_official_1000seq_workers4,24,5,1
GR-1,resampled_pose,abc_d_official_1000seq_workers4,25,3,0
GR-1,resampled_pose,abc_d_official_1000seq_workers4,26,0,0
GR-1,resampled_pose,abc_d_official_1000seq_workers4,27,0,0
GR-1,resampled_pose,abc_d_official_1000seq_workers4,28,0,0
GR-1,resampled_pose,abc_d_official_1000seq_workers4,29,0,0
GR-1,resampled_pose,abc_d_official_1000seq_workers4,30,0,0
GR-1,resampled_pose,abc_d_official_1000seq_workers4,31,3,0
GR-1,resampled_pose,abc_d_official_1000seq_workers4,32,0,0
GR-1,resampled_pose,abc_d_official_1000seq_workers4,33,3,0
GR-1,resampled_pose,abc_d_official_1000seq_workers4,34,4,0
GR-1,resampled_pose,abc_d_official_1000seq_workers4,35,5,1
GR-1,resampled_pose,abc_d_official_1000seq_workers4,36,1,0
GR-1,resampled_pose,abc_d_official_1000seq_workers4,37,0,0
GR-1,resampled_pose,abc_d_official_1000seq_workers4,38,2,0
GR-1,resampled_pose,abc_d_official_1000seq_workers4,39,1,0
GR-1,resampled_pose,abc_d_official_1000seq_workers4,40,5,1
GR-1,resampled_pose,abc_d_official_1000seq_workers4,41,3,0
GR-1,resampled_pose,abc_d_official_1000seq_workers4,42,1,0
GR-1,resampled_pose,abc_d_official_1000seq_workers4,43,5,1
GR-1,resampled_pose,abc_d_official_1000seq_workers4,44,1,0
GR-1,resampled_pose,abc_d_official_1000seq_workers4,45,0,0
GR-1,resampled_pose,abc_d_official_1000seq_workers4,46,0,0
GR-1,resampled_pose,abc_d_official_1000seq_workers4,47,4,0
GR-1,resampled_pose,abc_d_official_1000seq_workers4,48,5,1
GR-1,resampled_pose,abc_d_official_1000seq_workers4,49,5,1
GR-1,resampled_pose,abc_d_official_1000seq_workers4,50,1,0
GR-1,resampled_pose,abc_d_official_1000seq_workers4,51,1,0
GR-1,resampled_pose,abc_d_official_1000seq_workers4,52,2,0
GR-1,resampled_pose,abc_d_official_1000seq_workers4,53,5,1
GR-1,resampled_pose,abc_d_official_1000seq_workers4,54,2,0
GR-1,resampled_pose,abc_d_official_1000seq_workers4,55,1,0
GR-1,resampled_pose,abc_d_official_1000seq_workers4,56,2,0
GR-1,resampled_pose,abc_d_official_1000seq_workers4,57,5,1
GR-1,resampled_pose,abc_d_official_1000seq_workers4,58,1,0
GR-1,resampled_pose,abc_d_official_1000seq_workers4,59,0,0
GR-1,resampled_pose,abc_d_official_1000seq_workers4,60,0,0
GR-1,resampled_pose,abc_d_official_1000seq_workers4,61,0,0
GR-1,resampled_pose,abc_d_official_1000seq_workers4,62,3,0
GR-1,resampled_pose,abc_d_official_1000seq_workers4,63,5,1
GR-1,resampled_pose,abc_d_official_1000seq_workers4,64,1,0
GR-1,resampled_pose,abc_d_official_1000seq_workers4,65,5,1
GR-1,resampled_pose,abc_d_official_1000seq_workers4,66,0,0
GR-1,resampled_pose,abc_d_official_1000seq_workers4,67,1,0
GR-1,resampled_pose,abc_d_official_1000seq_workers4,68,0,0
GR-1,resampled_pose,abc_d_official_1000seq_workers4,69,5,1
GR-1,resampled_pose,abc_d_official_1000seq_workers4,70,5,1
GR-1,resampled_pose,abc_d_official_1000seq_workers4,71,2,0
GR-1,resampled_pose,abc_d_official_1000seq_workers4,72,5,1
GR-1,resampled_pose,abc_d_official_1000seq_workers4,73,5,1
GR-1,resampled_pose,abc_d_official_1000seq_workers4,74,0,0
GR-1,resampled_pose,abc_d_official_1000seq_workers4,75,3,0
GR-1,resampled_pose,abc_d_official_1000seq_workers4,76,0,0
GR-1,resampled_pose,abc_d_official_1000seq_workers4,77,5,1
GR-1,resampled_pose,abc_d_official_1000seq_workers4,78,3,0
GR-1,resampled_pose,abc_d_official_1000seq_workers4,79,5,1
GR-1,resampled_pose,abc_d_official_1000seq_workers4,80,0,0
GR-1,resampled_pose,abc_d_official_1000seq_workers4,81,4,0
GR-1,resampled_pose,abc_d_official_1000seq_workers4,82,5,1
GR-1,resampled_pose,abc_d_official_1000seq_workers4,83,5,1
GR-1,resampled_pose,abc_d_official_1000seq_workers4,84,5,1
GR-1,resampled_pose,abc_d_official_1000seq_workers4,85,3,0
GR-1,resampled_pose,abc_d_official_1000seq_workers4,86,3,0
GR-1,resampled_pose,abc_d_official_1000seq_workers4,87,0,0
GR-1,resampled_pose,abc_d_official_1000seq_workers4,88,5,1
GR-1,resampled_pose,abc_d_official_1000seq_workers4,89,4,0
GR-1,resampled_pose,abc_d_official_1000seq_workers4,90,1,0
GR-1,resampled_pose,abc_d_official_1000seq_workers4,91,1,0
GR-1,resampled_pose,abc_d_official_1000seq_workers4,92,2,0
GR-1,resampled_pose,abc_d_official_1000seq_workers4,93,0,0
GR-1,resampled_pose,abc_d_official_1000seq_workers4,94,5,1
GR-1,resampled_pose,abc_d_official_1000seq_workers4,95,3,0
GR-1,resampled_pose,abc_d_official_1000seq_workers4,96,1,0
GR-1,resampled_pose,abc_d_official_1000seq_workers4,97,4,0
GR-1,resampled_pose,abc_d_official_1000seq_workers4,98,2,0
GR-1,resampled_pose,abc_d_official_1000seq_workers4,99,1,0
GR-1,resampled_pose,abc_d_official_1000seq_workers4,100,1,0
GR-1,resampled_pose,abc_d_official_1000seq_workers4,101,5,1
GR-1,resampled_pose,abc_d_official_1000seq_workers4,102,5,1
GR-1,resampled_pose,abc_d_official_1000seq_workers4,103,0,0
GR-1,resampled_pose,abc_d_official_1000seq_workers4,104,5,1
GR-1,resampled_pose,abc_d_official_1000seq_workers4,105,5,1
GR-1,resampled_pose,abc_d_official_1000seq_workers4,106,1,0
GR-1,resampled_pose,abc_d_official_1000seq_workers4,107,1,0
GR-1,resampled_pose,abc_d_official_1000seq_workers4,108,0,0
GR-1,resampled_pose,abc_d_official_1000seq_workers4,109,0,0
GR-1,resampled_pose,abc_d_official_1000seq_workers4,110,1,0
GR-1,resampled_pose,abc_d_official_1000seq_workers4,111,1,0
GR-1,resampled_pose,abc_d_official_1000seq_workers4,112,0,0
GR-1,resampled_pose,abc_d_official_1000seq_workers4,113,2,0
GR-1,resampled_pose,abc_d_official_1000seq_workers4,114,5,1
GR-1,resampled_pose,abc_d_official_1000seq_workers4,115,3,0
GR-1,resampled_pose,abc_d_official_1000seq_workers4,116,3,0
GR-1,resampled_pose,abc_d_official_1000seq_workers4,117,0,0
GR-1,resampled_pose,abc_d_official_1000seq_workers4,118,4,0
GR-1,resampled_pose,abc_d_official_1000seq_workers4,119,2,0
GR-1,resampled_pose,abc_d_official_1000seq_workers4,120,3,0
GR-1,resampled_pose,abc_d_official_1000seq_workers4,121,5,1
GR-1,resampled_pose,abc_d_official_1000seq_workers4,122,0,0
GR-1,resampled_pose,abc_d_official_1000seq_workers4,123,1,0
GR-1,resampled_pose,abc_d_official_1000seq_workers4,124,3,0
GR-1,resampled_pose,abc_d_official_1000seq_workers4,125,0,0
GR-1,resampled_pose,abc_d_official_1000seq_workers4,126,0,0
GR-1,resampled_pose,abc_d_official_1000seq_workers4,127,2,0
GR-1,resampled_pose,abc_d_official_1000seq_workers4,128,5,1
GR-1,resampled_pose,abc_d_official_1000seq_workers4,129,1,0
GR-1,resampled_pose,abc_d_official_1000seq_workers4,130,4,0
GR-1,resampled_pose,abc_d_official_1000seq_workers4,131,1,0
GR-1,resampled_pose,abc_d_official_1000seq_workers4,132,3,0
GR-1,resampled_pose,abc_d_official_1000seq_workers4,133,3,0
GR-1,resampled_pose,abc_d_official_1000seq_workers4,134,4,0
GR-1,resampled_pose,abc_d_official_1000seq_workers4,135,4,0
GR-1,resampled_pose,abc_d_official_1000seq_workers4,136,2,0
GR-1,resampled_pose,abc_d_official_1000seq_workers4,137,2,0
GR-1,resampled_pose,abc_d_official_1000seq_workers4,138,3,0
GR-1,resampled_pose,abc_d_official_1000seq_workers4,139,1,0
GR-1,resampled_pose,abc_d_official_1000seq_workers4,140,1,0
GR-1,resampled_pose,abc_d_official_1000seq_workers4,141,0,0
GR-1,resampled_pose,abc_d_official_1000seq_workers4,142,5,1
GR-1,resampled_pose,abc_d_official_1000seq_workers4,143,1,0
GR-1,resampled_pose,abc_d_official_1000seq_workers4,144,0,0
GR-1,resampled_pose,abc_d_official_1000seq_workers4,145,5,1
GR-1,resampled_pose,abc_d_official_1000seq_workers4,146,0,0
GR-1,resampled_pose,abc_d_official_1000seq_workers4,147,1,0
GR-1,resampled_pose,abc_d_official_1000seq_workers4,148,1,0
GR-1,resampled_pose,abc_d_official_1000seq_workers4,149,0,0
GR-1,resampled_pose,abc_d_official_1000seq_workers4,150,4,0
GR-1,resampled_pose,abc_d_official_1000seq_workers4,151,5,1
GR-1,resampled_pose,abc_d_official_1000seq_workers4,152,5,1
GR-1,resampled_pose,abc_d_official_1000seq_workers4,153,0,0
GR-1,resampled_pose,abc_d_official_1000seq_workers4,154,5,1
GR-1,resampled_pose,abc_d_official_1000seq_workers4,155,5,1
GR-1,resampled_pose,abc_d_official_1000seq_workers4,156,0,0
GR-1,resampled_pose,abc_d_official_1000seq_workers4,157,5,1
GR-1,resampled_pose,abc_d_official_1000seq_workers4,158,1,0
GR-1,resampled_pose,abc_d_official_1000seq_workers4,159,5,1
GR-1,resampled_pose,abc_d_official_1000seq_workers4,160,1,0
GR-1,resampled_pose,abc_d_official_1000seq_workers4,161,5,1
GR-1,resampled_pose,abc_d_official_1000seq_workers4,162,2,0
GR-1,resampled_pose,abc_d_official_1000seq_workers4,163,0,0
GR-1,resampled_pose,abc_d_official_1000seq_workers4,164,5,1
GR-1,resampled_pose,abc_d_official_1000seq_workers4,165,5,1
GR-1,resampled_pose,abc_d_official_1000seq_workers4,166,1,0
GR-1,resampled_pose,abc_d_official_1000seq_workers4,167,4,0
GR-1,resampled_pose,abc_d_official_1000seq_workers4,168,5,1
GR-1,resampled_pose,abc_d_official_1000seq_workers4,169,5,1
GR-1,resampled_pose,abc_d_official_1000seq_workers4,170,0,0
GR-1,resampled_pose,abc_d_official_1000seq_workers4,171,4,0
GR-1,resampled_pose,abc_d_official_1000seq_workers4,172,5,1
GR-1,resampled_pose,abc_d_official_1000seq_workers4,173,3,0
GR-1,resampled_pose,abc_d_official_1000seq_workers4,174,0,0
GR-1,resampled_pose,abc_d_official_1000seq_workers4,175,1,0
GR-1,resampled_pose,abc_d_official_1000seq_workers4,176,2,0
GR-1,resampled_pose,abc_d_official_1000seq_workers4,177,5,1
GR-1,resampled_pose,abc_d_official_1000seq_workers4,178,0,0
GR-1,resampled_pose,abc_d_official_1000seq_workers4,179,5,1
GR-1,resampled_pose,abc_d_official_1000seq_workers4,180,1,0
GR-1,resampled_pose,abc_d_official_1000seq_workers4,181,0,0
GR-1,resampled_pose,abc_d_official_1000seq_workers4,182,1,0
GR-1,resampled_pose,abc_d_official_1000seq_workers4,183,5,1
GR-1,resampled_pose,abc_d_official_1000seq_workers4,184,1,0
GR-1,resampled_pose,abc_d_official_1000seq_workers4,185,3,0
GR-1,resampled_pose,abc_d_official_1000seq_workers4,186,5,1
GR-1,resampled_pose,abc_d_official_1000seq_workers4,187,5,1
GR-1,resampled_pose,abc_d_official_1000seq_workers4,188,2,0
GR-1,resampled_pose,abc_d_official_1000seq_workers4,189,5,1
GR-1,resampled_pose,abc_d_official_1000seq_workers4,190,0,0
GR-1,resampled_pose,abc_d_official_1000seq_workers4,191,3,0
GR-1,resampled_pose,abc_d_official_1000seq_workers4,192,0,0
GR-1,resampled_pose,abc_d_official_1000seq_workers4,193,0,0
GR-1,resampled_pose,abc_d_official_1000seq_workers4,194,3,0
GR-1,resampled_pose,abc_d_official_1000seq_workers4,195,5,1
GR-1,resampled_pose,abc_d_official_1000seq_workers4,196,4,0
GR-1,resampled_pose,abc_d_official_1000seq_workers4,197,2,0
GR-1,resampled_pose,abc_d_official_1000seq_workers4,198,2,0
GR-1,resampled_pose,abc_d_official_1000seq_workers4,199,2,0
GR-1,resampled_pose,abc_d_official_1000seq_workers4,200,0,0
GR-1,resampled_pose,abc_d_official_1000seq_workers4,201,0,0
GR-1,resampled_pose,abc_d_official_1000seq_workers4,202,5,1
GR-1,resampled_pose,abc_d_official_1000seq_workers4,203,5,1
GR-1,resampled_pose,abc_d_official_1000seq_workers4,204,5,1
GR-1,resampled_pose,abc_d_official_1000seq_workers4,205,5,1
GR-1,resampled_pose,abc_d_official_1000seq_workers4,206,5,1
GR-1,resampled_pose,abc_d_official_1000seq_workers4,207,5,1
GR-1,resampled_pose,abc_d_official_1000seq_workers4,208,1,0
GR-1,resampled_pose,abc_d_official_1000seq_workers4,209,5,1
GR-1,resampled_pose,abc_d_official_1000seq_workers4,210,5,1
GR-1,resampled_pose,abc_d_official_1000seq_workers4,211,1,0
GR-1,resampled_pose,abc_d_official_1000seq_workers4,212,3,0
GR-1,resampled_pose,abc_d_official_1000seq_workers4,213,5,1
GR-1,resampled_pose,abc_d_official_1000seq_workers4,214,3,0
GR-1,resampled_pose,abc_d_official_1000seq_workers4,215,5,1
GR-1,resampled_pose,abc_d_official_1000seq_workers4,216,1,0
GR-1,resampled_pose,abc_d_official_1000seq_workers4,217,1,0
GR-1,resampled_pose,abc_d_official_1000seq_workers4,218,2,0
GR-1,resampled_pose,abc_d_official_1000seq_workers4,219,4,0
GR-1,resampled_pose,abc_d_official_1000seq_workers4,220,4,0
GR-1,resampled_pose,abc_d_official_1000seq_workers4,221,0,0
GR-1,resampled_pose,abc_d_official_1000seq_workers4,222,5,1
GR-1,resampled_pose,abc_d_official_1000seq_workers4,223,5,1
GR-1,resampled_pose,abc_d_official_1000seq_workers4,224,3,0
GR-1,resampled_pose,abc_d_official_1000seq_workers4,225,2,0
GR-1,resampled_pose,abc_d_official_1000seq_workers4,226,5,1
GR-1,resampled_pose,abc_d_official_1000seq_workers4,227,1,0
GR-1,resampled_pose,abc_d_official_1000seq_workers4,228,2,0
GR-1,resampled_pose,abc_d_official_1000seq_workers4,229,5,1
GR-1,resampled_pose,abc_d_official_1000seq_workers4,230,2,0
GR-1,resampled_pose,abc_d_official_1000seq_workers4,231,5,1
GR-1,resampled_pose,abc_d_official_1000seq_workers4,232,4,0
GR-1,resampled_pose,abc_d_official_1000seq_workers4,233,4,0
GR-1,resampled_pose,abc_d_official_1000seq_workers4,234,1,0
GR-1,resampled_pose,abc_d_official_1000seq_workers4,235,0,0
GR-1,resampled_pose,abc_d_official_1000seq_workers4,236,0,0
GR-1,resampled_pose,abc_d_official_1000seq_workers4,237,2,0
GR-1,resampled_pose,abc_d_official_1000seq_workers4,238,5,1
GR-1,resampled_pose,abc_d_official_1000seq_workers4,239,5,1
GR-1,resampled_pose,abc_d_official_1000seq_workers4,240,5,1
GR-1,resampled_pose,abc_d_official_1000seq_workers4,241,5,1
GR-1,resampled_pose,abc_d_official_1000seq_workers4,242,0,0
GR-1,resampled_pose,abc_d_official_1000seq_workers4,243,5,1
GR-1,resampled_pose,abc_d_official_1000seq_workers4,244,1,0
GR-1,resampled_pose,abc_d_official_1000seq_workers4,245,3,0
GR-1,resampled_pose,abc_d_official_1000seq_workers4,246,0,0
GR-1,resampled_pose,abc_d_official_1000seq_workers4,247,5,1
GR-1,resampled_pose,abc_d_official_1000seq_workers4,248,2,0
GR-1,resampled_pose,abc_d_official_1000seq_workers4,249,1,0
GR-1,resampled_pose,abc_d_official_1000seq_workers4,250,0,0
GR-1,resampled_pose,abc_d_official_1000seq_workers4,251,5,1
GR-1,resampled_pose,abc_d_official_1000seq_workers4,252,1,0
GR-1,resampled_pose,abc_d_official_1000seq_workers4,253,2,0
GR-1,resampled_pose,abc_d_official_1000seq_workers4,254,5,1
GR-1,resampled_pose,abc_d_official_1000seq_workers4,255,1,0
GR-1,resampled_pose,abc_d_official_1000seq_workers4,256,5,1
GR-1,resampled_pose,abc_d_official_1000seq_workers4,257,0,0
GR-1,resampled_pose,abc_d_official_1000seq_workers4,258,5,1
GR-1,resampled_pose,abc_d_official_1000seq_workers4,259,1,0
GR-1,resampled_pose,abc_d_official_1000seq_workers4,260,2,0
GR-1,resampled_pose,abc_d_official_1000seq_workers4,261,3,0
GR-1,resampled_pose,abc_d_official_1000seq_workers4,262,5,1
GR-1,resampled_pose,abc_d_official_1000seq_workers4,263,4,0
GR-1,resampled_pose,abc_d_official_1000seq_workers4,264,5,1
GR-1,resampled_pose,abc_d_official_1000seq_workers4,265,5,1
GR-1,resampled_pose,abc_d_official_1000seq_workers4,266,0,0
GR-1,resampled_pose,abc_d_official_1000seq_workers4,267,5,1
GR-1,resampled_pose,abc_d_official_1000seq_workers4,268,4,0
GR-1,resampled_pose,abc_d_official_1000seq_workers4,269,0,0
GR-1,resampled_pose,abc_d_official_1000seq_workers4,270,0,0
GR-1,resampled_pose,abc_d_official_1000seq_workers4,271,2,0
GR-1,resampled_pose,abc_d_official_1000seq_workers4,272,0,0
GR-1,resampled_pose,abc_d_official_1000seq_workers4,273,3,0
GR-1,resampled_pose,abc_d_official_1000seq_workers4,274,3,0
GR-1,resampled_pose,abc_d_official_1000seq_workers4,275,5,1
GR-1,resampled_pose,abc_d_official_1000seq_workers4,276,0,0
GR-1,resampled_pose,abc_d_official_1000seq_workers4,277,5,1
GR-1,resampled_pose,abc_d_official_1000seq_workers4,278,0,0
GR-1,resampled_pose,abc_d_official_1000seq_workers4,279,5,1
GR-1,resampled_pose,abc_d_official_1000seq_workers4,280,0,0
GR-1,resampled_pose,abc_d_official_1000seq_workers4,281,5,1
GR-1,resampled_pose,abc_d_official_1000seq_workers4,282,0,0
GR-1,resampled_pose,abc_d_official_1000seq_workers4,283,5,1
GR-1,resampled_pose,abc_d_official_1000seq_workers4,284,5,1
GR-1,resampled_pose,abc_d_official_1000seq_workers4,285,1,0
GR-1,resampled_pose,abc_d_official_1000seq_workers4,286,1,0
GR-1,resampled_pose,abc_d_official_1000seq_workers4,287,5,1
GR-1,resampled_pose,abc_d_official_1000seq_workers4,288,2,0
GR-1,resampled_pose,abc_d_official_1000seq_workers4,289,4,0
GR-1,resampled_pose,abc_d_official_1000seq_workers4,290,3,0
GR-1,resampled_pose,abc_d_official_1000seq_workers4,291,5,1
GR-1,resampled_pose,abc_d_official_1000seq_workers4,292,0,0
GR-1,resampled_pose,abc_d_official_1000seq_workers4,293,3,0
GR-1,resampled_pose,abc_d_official_1000seq_workers4,294,2,0
GR-1,resampled_pose,abc_d_official_1000seq_workers4,295,1,0
GR-1,resampled_pose,abc_d_official_1000seq_workers4,296,5,1
GR-1,resampled_pose,abc_d_official_1000seq_workers4,297,1,0
GR-1,resampled_pose,abc_d_official_1000seq_workers4,298,4,0
GR-1,resampled_pose,abc_d_official_1000seq_workers4,299,5,1
GR-1,resampled_pose,abc_d_official_1000seq_workers4,300,5,1
GR-1,resampled_pose,abc_d_official_1000seq_workers4,301,2,0
GR-1,resampled_pose,abc_d_official_1000seq_workers4,302,1,0
GR-1,resampled_pose,abc_d_official_1000seq_workers4,303,0,0
GR-1,resampled_pose,abc_d_official_1000seq_workers4,304,1,0
GR-1,resampled_pose,abc_d_official_1000seq_workers4,305,2,0
GR-1,resampled_pose,abc_d_official_1000seq_workers4,306,5,1
GR-1,resampled_pose,abc_d_official_1000seq_workers4,307,5,1
GR-1,resampled_pose,abc_d_official_1000seq_workers4,308,0,0
GR-1,resampled_pose,abc_d_official_1000seq_workers4,309,2,0
GR-1,resampled_pose,abc_d_official_1000seq_workers4,310,1,0
GR-1,resampled_pose,abc_d_official_1000seq_workers4,311,0,0
GR-1,resampled_pose,abc_d_official_1000seq_workers4,312,2,0
GR-1,resampled_pose,abc_d_official_1000seq_workers4,313,5,1
GR-1,resampled_pose,abc_d_official_1000seq_workers4,314,4,0
GR-1,resampled_pose,abc_d_official_1000seq_workers4,315,1,0
GR-1,resampled_pose,abc_d_official_1000seq_workers4,316,0,0
GR-1,resampled_pose,abc_d_official_1000seq_workers4,317,5,1
GR-1,resampled_pose,abc_d_official_1000seq_workers4,318,0,0
GR-1,resampled_pose,abc_d_official_1000seq_workers4,319,5,1
GR-1,resampled_pose,abc_d_official_1000seq_workers4,320,5,1
GR-1,resampled_pose,abc_d_official_1000seq_workers4,321,0,0
GR-1,resampled_pose,abc_d_official_1000seq_workers4,322,0,0
GR-1,resampled_pose,abc_d_official_1000seq_workers4,323,5,1
GR-1,resampled_pose,abc_d_official_1000seq_workers4,324,0,0
GR-1,resampled_pose,abc_d_official_1000seq_workers4,325,5,1
GR-1,resampled_pose,abc_d_official_1000seq_workers4,326,4,0
GR-1,resampled_pose,abc_d_official_1000seq_workers4,327,5,1
GR-1,resampled_pose,abc_d_official_1000seq_workers4,328,5,1
GR-1,resampled_pose,abc_d_official_1000seq_workers4,329,4,0
GR-1,resampled_pose,abc_d_official_1000seq_workers4,330,3,0
GR-1,resampled_pose,abc_d_official_1000seq_workers4,331,0,0
GR-1,resampled_pose,abc_d_official_1000seq_workers4,332,5,1
GR-1,resampled_pose,abc_d_official_1000seq_workers4,333,5,1
GR-1,resampled_pose,abc_d_official_1000seq_workers4,334,2,0
GR-1,resampled_pose,abc_d_official_1000seq_workers4,335,2,0
GR-1,resampled_pose,abc_d_official_1000seq_workers4,336,3,0
GR-1,resampled_pose,abc_d_official_1000seq_workers4,337,3,0
GR-1,resampled_pose,abc_d_official_1000seq_workers4,338,3,0
GR-1,resampled_pose,abc_d_official_1000seq_workers4,339,4,0
GR-1,resampled_pose,abc_d_official_1000seq_workers4,340,0,0
GR-1,resampled_pose,abc_d_official_1000seq_workers4,341,0,0
GR-1,resampled_pose,abc_d_official_1000seq_workers4,342,5,1
GR-1,resampled_pose,abc_d_official_1000seq_workers4,343,1,0
GR-1,resampled_pose,abc_d_official_1000seq_workers4,344,5,1
GR-1,resampled_pose,abc_d_official_1000seq_workers4,345,4,0
GR-1,resampled_pose,abc_d_official_1000seq_workers4,346,2,0
GR-1,resampled_pose,abc_d_official_1000seq_workers4,347,5,1
GR-1,resampled_pose,abc_d_official_1000seq_workers4,348,1,0
GR-1,resampled_pose,abc_d_official_1000seq_workers4,349,1,0
GR-1,resampled_pose,abc_d_official_1000seq_workers4,350,0,0
GR-1,resampled_pose,abc_d_official_1000seq_workers4,351,2,0
GR-1,resampled_pose,abc_d_official_1000seq_workers4,352,1,0
GR-1,resampled_pose,abc_d_official_1000seq_workers4,353,5,1
GR-1,resampled_pose,abc_d_official_1000seq_workers4,354,2,0
GR-1,resampled_pose,abc_d_official_1000seq_workers4,355,5,1
GR-1,resampled_pose,abc_d_official_1000seq_workers4,356,5,1
GR-1,resampled_pose,abc_d_official_1000seq_workers4,357,5,1
GR-1,resampled_pose,abc_d_official_1000seq_workers4,358,4,0
GR-1,resampled_pose,abc_d_official_1000seq_workers4,359,0,0
GR-1,resampled_pose,abc_d_official_1000seq_workers4,360,1,0
GR-1,resampled_pose,abc_d_official_1000seq_workers4,361,3,0
GR-1,resampled_pose,abc_d_official_1000seq_workers4,362,5,1
GR-1,resampled_pose,abc_d_official_1000seq_workers4,363,2,0
GR-1,resampled_pose,abc_d_official_1000seq_workers4,364,2,0
GR-1,resampled_pose,abc_d_official_1000seq_workers4,365,5,1
GR-1,resampled_pose,abc_d_official_1000seq_workers4,366,0,0
GR-1,resampled_pose,abc_d_official_1000seq_workers4,367,0,0
GR-1,resampled_pose,abc_d_official_1000seq_workers4,368,2,0
GR-1,resampled_pose,abc_d_official_1000seq_workers4,369,5,1
GR-1,resampled_pose,abc_d_official_1000seq_workers4,370,0,0
GR-1,resampled_pose,abc_d_official_1000seq_workers4,371,5,1
GR-1,resampled_pose,abc_d_official_1000seq_workers4,372,5,1
GR-1,resampled_pose,abc_d_official_1000seq_workers4,373,0,0
GR-1,resampled_pose,abc_d_official_1000seq_workers4,374,5,1
GR-1,resampled_pose,abc_d_official_1000seq_workers4,375,1,0
GR-1,resampled_pose,abc_d_official_1000seq_workers4,376,4,0
GR-1,resampled_pose,abc_d_official_1000seq_workers4,377,5,1
GR-1,resampled_pose,abc_d_official_1000seq_workers4,378,1,0
GR-1,resampled_pose,abc_d_official_1000seq_workers4,379,1,0
GR-1,resampled_pose,abc_d_official_1000seq_workers4,380,3,0
GR-1,resampled_pose,abc_d_official_1000seq_workers4,381,3,0
GR-1,resampled_pose,abc_d_official_1000seq_workers4,382,3,0
GR-1,resampled_pose,abc_d_official_1000seq_workers4,383,2,0
GR-1,resampled_pose,abc_d_official_1000seq_workers4,384,5,1
GR-1,resampled_pose,abc_d_official_1000seq_workers4,385,2,0
GR-1,resampled_pose,abc_d_official_1000seq_workers4,386,2,0
GR-1,resampled_pose,abc_d_official_1000seq_workers4,387,1,0
GR-1,resampled_pose,abc_d_official_1000seq_workers4,388,5,1
GR-1,resampled_pose,abc_d_official_1000seq_workers4,389,0,0
GR-1,resampled_pose,abc_d_official_1000seq_workers4,390,3,0
GR-1,resampled_pose,abc_d_official_1000seq_workers4,391,1,0
GR-1,resampled_pose,abc_d_official_1000seq_workers4,392,2,0
GR-1,resampled_pose,abc_d_official_1000seq_workers4,393,2,0
GR-1,resampled_pose,abc_d_official_1000seq_workers4,394,5,1
GR-1,resampled_pose,abc_d_official_1000seq_workers4,395,1,0
GR-1,resampled_pose,abc_d_official_1000seq_workers4,396,5,1
GR-1,resampled_pose,abc_d_official_1000seq_workers4,397,2,0
GR-1,resampled_pose,abc_d_official_1000seq_workers4,398,5,1
GR-1,resampled_pose,abc_d_official_1000seq_workers4,399,5,1
GR-1,resampled_pose,abc_d_official_1000seq_workers4,400,0,0
GR-1,resampled_pose,abc_d_official_1000seq_workers4,401,2,0
GR-1,resampled_pose,abc_d_official_1000seq_workers4,402,0,0
GR-1,resampled_pose,abc_d_official_1000seq_workers4,403,5,1
GR-1,resampled_pose,abc_d_official_1000seq_workers4,404,0,0
GR-1,resampled_pose,abc_d_official_1000seq_workers4,405,3,0
GR-1,resampled_pose,abc_d_official_1000seq_workers4,406,2,0
GR-1,resampled_pose,abc_d_official_1000seq_workers4,407,2,0
GR-1,resampled_pose,abc_d_official_1000seq_workers4,408,3,0
GR-1,resampled_pose,abc_d_official_1000seq_workers4,409,3,0
GR-1,resampled_pose,abc_d_official_1000seq_workers4,410,1,0
GR-1,resampled_pose,abc_d_official_1000seq_workers4,411,5,1
GR-1,resampled_pose,abc_d_official_1000seq_workers4,412,2,0
GR-1,resampled_pose,abc_d_official_1000seq_workers4,413,1,0
GR-1,resampled_pose,abc_d_official_1000seq_workers4,414,1,0
GR-1,resampled_pose,abc_d_official_1000seq_workers4,415,5,1
GR-1,resampled_pose,abc_d_official_1000seq_workers4,416,5,1
GR-1,resampled_pose,abc_d_official_1000seq_workers4,417,5,1
GR-1,resampled_pose,abc_d_official_1000seq_workers4,418,0,0
GR-1,resampled_pose,abc_d_official_1000seq_workers4,419,5,1
GR-1,resampled_pose,abc_d_official_1000seq_workers4,420,0,0
GR-1,resampled_pose,abc_d_official_1000seq_workers4,421,0,0
GR-1,resampled_pose,abc_d_official_1000seq_workers4,422,0,0
GR-1,resampled_pose,abc_d_official_1000seq_workers4,423,0,0
GR-1,resampled_pose,abc_d_official_1000seq_workers4,424,5,1
GR-1,resampled_pose,abc_d_official_1000seq_workers4,425,1,0
GR-1,resampled_pose,abc_d_official_1000seq_workers4,426,1,0
GR-1,resampled_pose,abc_d_official_1000seq_workers4,427,4,0
GR-1,resampled_pose,abc_d_official_1000seq_workers4,428,1,0
GR-1,resampled_pose,abc_d_official_1000seq_workers4,429,2,0
GR-1,resampled_pose,abc_d_official_1000seq_workers4,430,0,0
GR-1,resampled_pose,abc_d_official_1000seq_workers4,431,2,0
GR-1,resampled_pose,abc_d_official_1000seq_workers4,432,4,0
GR-1,resampled_pose,abc_d_official_1000seq_workers4,433,3,0
GR-1,resampled_pose,abc_d_official_1000seq_workers4,434,1,0
GR-1,resampled_pose,abc_d_official_1000seq_workers4,435,0,0
GR-1,resampled_pose,abc_d_official_1000seq_workers4,436,2,0
GR-1,resampled_pose,abc_d_official_1000seq_workers4,437,5,1
GR-1,resampled_pose,abc_d_official_1000seq_workers4,438,5,1
GR-1,resampled_pose,abc_d_official_1000seq_workers4,439,0,0
GR-1,resampled_pose,abc_d_official_1000seq_workers4,440,5,1
GR-1,resampled_pose,abc_d_official_1000seq_workers4,441,5,1
GR-1,resampled_pose,abc_d_official_1000seq_workers4,442,1,0
GR-1,resampled_pose,abc_d_official_1000seq_workers4,443,3,0
GR-1,resampled_pose,abc_d_official_1000seq_workers4,444,3,0
GR-1,resampled_pose,abc_d_official_1000seq_workers4,445,1,0
GR-1,resampled_pose,abc_d_official_1000seq_workers4,446,0,0
GR-1,resampled_pose,abc_d_official_1000seq_workers4,447,2,0
GR-1,resampled_pose,abc_d_official_1000seq_workers4,448,0,0
GR-1,resampled_pose,abc_d_official_1000seq_workers4,449,2,0
GR-1,resampled_pose,abc_d_official_1000seq_workers4,450,2,0
GR-1,resampled_pose,abc_d_official_1000seq_workers4,451,0,0
GR-1,resampled_pose,abc_d_official_1000seq_workers4,452,5,1
GR-1,resampled_pose,abc_d_official_1000seq_workers4,453,5,1
GR-1,resampled_pose,abc_d_official_1000seq_workers4,454,5,1
GR-1,resampled_pose,abc_d_official_1000seq_workers4,455,4,0
GR-1,resampled_pose,abc_d_official_1000seq_workers4,456,5,1
GR-1,resampled_pose,abc_d_official_1000seq_workers4,457,5,1
GR-1,resampled_pose,abc_d_official_1000seq_workers4,458,2,0
GR-1,resampled_pose,abc_d_official_1000seq_workers4,459,4,0
GR-1,resampled_pose,abc_d_official_1000seq_workers4,460,1,0
GR-1,resampled_pose,abc_d_official_1000seq_workers4,461,0,0
GR-1,resampled_pose,abc_d_official_1000seq_workers4,462,0,0
GR-1,resampled_pose,abc_d_official_1000seq_workers4,463,5,1
GR-1,resampled_pose,abc_d_official_1000seq_workers4,464,0,0
GR-1,resampled_pose,abc_d_official_1000seq_workers4,465,0,0
GR-1,resampled_pose,abc_d_official_1000seq_workers4,466,5,1
GR-1,resampled_pose,abc_d_official_1000seq_workers4,467,4,0
GR-1,resampled_pose,abc_d_official_1000seq_workers4,468,0,0
GR-1,resampled_pose,abc_d_official_1000seq_workers4,469,0,0
GR-1,resampled_pose,abc_d_official_1000seq_workers4,470,5,1
GR-1,resampled_pose,abc_d_official_1000seq_workers4,471,5,1
GR-1,resampled_pose,abc_d_official_1000seq_workers4,472,2,0
GR-1,resampled_pose,abc_d_official_1000seq_workers4,473,0,0
GR-1,resampled_pose,abc_d_official_1000seq_workers4,474,1,0
GR-1,resampled_pose,abc_d_official_1000seq_workers4,475,1,0
GR-1,resampled_pose,abc_d_official_1000seq_workers4,476,0,0
GR-1,resampled_pose,abc_d_official_1000seq_workers4,477,1,0
GR-1,resampled_pose,abc_d_official_1000seq_workers4,478,5,1
GR-1,resampled_pose,abc_d_official_1000seq_workers4,479,3,0
GR-1,resampled_pose,abc_d_official_1000seq_workers4,480,1,0
GR-1,resampled_pose,abc_d_official_1000seq_workers4,481,5,1
GR-1,resampled_pose,abc_d_official_1000seq_workers4,482,4,0
GR-1,resampled_pose,abc_d_official_1000seq_workers4,483,3,0
GR-1,resampled_pose,abc_d_official_1000seq_workers4,484,0,0
GR-1,resampled_pose,abc_d_official_1000seq_workers4,485,0,0
GR-1,resampled_pose,abc_d_official_1000seq_workers4,486,5,1
GR-1,resampled_pose,abc_d_official_1000seq_workers4,487,1,0
GR-1,resampled_pose,abc_d_official_1000seq_workers4,488,5,1
GR-1,resampled_pose,abc_d_official_1000seq_workers4,489,0,0
GR-1,resampled_pose,abc_d_official_1000seq_workers4,490,0,0
GR-1,resampled_pose,abc_d_official_1000seq_workers4,491,0,0
GR-1,resampled_pose,abc_d_official_1000seq_workers4,492,2,0
GR-1,resampled_pose,abc_d_official_1000seq_workers4,493,5,1
GR-1,resampled_pose,abc_d_official_1000seq_workers4,494,2,0
GR-1,resampled_pose,abc_d_official_1000seq_workers4,495,5,1
GR-1,resampled_pose,abc_d_official_1000seq_workers4,496,5,1
GR-1,resampled_pose,abc_d_official_1000seq_workers4,497,2,0
GR-1,resampled_pose,abc_d_official_1000seq_workers4,498,0,0
GR-1,resampled_pose,abc_d_official_1000seq_workers4,499,5,1
GR-1,resampled_pose,abc_d_official_1000seq_workers4,500,0,0
GR-1,resampled_pose,abc_d_official_1000seq_workers4,501,2,0
GR-1,resampled_pose,abc_d_official_1000seq_workers4,502,2,0
GR-1,resampled_pose,abc_d_official_1000seq_workers4,503,3,0
GR-1,resampled_pose,abc_d_official_1000seq_workers4,504,5,1
GR-1,resampled_pose,abc_d_official_1000seq_workers4,505,5,1
GR-1,resampled_pose,abc_d_official_1000seq_workers4,506,5,1
GR-1,resampled_pose,abc_d_official_1000seq_workers4,507,5,1
GR-1,resampled_pose,abc_d_official_1000seq_workers4,508,0,0
GR-1,resampled_pose,abc_d_official_1000seq_workers4,509,5,1
GR-1,resampled_pose,abc_d_official_1000seq_workers4,510,5,1
GR-1,resampled_pose,abc_d_official_1000seq_workers4,511,0,0
GR-1,resampled_pose,abc_d_official_1000seq_workers4,512,0,0
GR-1,resampled_pose,abc_d_official_1000seq_workers4,513,5,1
GR-1,resampled_pose,abc_d_official_1000seq_workers4,514,1,0
GR-1,resampled_pose,abc_d_official_1000seq_workers4,515,2,0
GR-1,resampled_pose,abc_d_official_1000seq_workers4,516,0,0
GR-1,resampled_pose,abc_d_official_1000seq_workers4,517,5,1
GR-1,resampled_pose,abc_d_official_1000seq_workers4,518,1,0
GR-1,resampled_pose,abc_d_official_1000seq_workers4,519,5,1
GR-1,resampled_pose,abc_d_official_1000seq_workers4,520,1,0
GR-1,resampled_pose,abc_d_official_1000seq_workers4,521,5,1
GR-1,resampled_pose,abc_d_official_1000seq_workers4,522,2,0
GR-1,resampled_pose,abc_d_official_1000seq_workers4,523,0,0
GR-1,resampled_pose,abc_d_official_1000seq_workers4,524,1,0
GR-1,resampled_pose,abc_d_official_1000seq_workers4,525,0,0
GR-1,resampled_pose,abc_d_official_1000seq_workers4,526,3,0
GR-1,resampled_pose,abc_d_official_1000seq_workers4,527,4,0
GR-1,resampled_pose,abc_d_official_1000seq_workers4,528,5,1
GR-1,resampled_pose,abc_d_official_1000seq_workers4,529,3,0
GR-1,resampled_pose,abc_d_official_1000seq_workers4,530,3,0
GR-1,resampled_pose,abc_d_official_1000seq_workers4,531,1,0
GR-1,resampled_pose,abc_d_official_1000seq_workers4,532,0,0
GR-1,resampled_pose,abc_d_official_1000seq_workers4,533,2,0
GR-1,resampled_pose,abc_d_official_1000seq_workers4,534,5,1
GR-1,resampled_pose,abc_d_official_1000seq_workers4,535,0,0
GR-1,resampled_pose,abc_d_official_1000seq_workers4,536,5,1
GR-1,resampled_pose,abc_d_official_1000seq_workers4,537,5,1
GR-1,resampled_pose,abc_d_official_1000seq_workers4,538,1,0
GR-1,resampled_pose,abc_d_official_1000seq_workers4,539,0,0
GR-1,resampled_pose,abc_d_official_1000seq_workers4,540,0,0
GR-1,resampled_pose,abc_d_official_1000seq_workers4,541,5,1
GR-1,resampled_pose,abc_d_official_1000seq_workers4,542,5,1
GR-1,resampled_pose,abc_d_official_1000seq_workers4,543,0,0
GR-1,resampled_pose,abc_d_official_1000seq_workers4,544,1,0
GR-1,resampled_pose,abc_d_official_1000seq_workers4,545,1,0
GR-1,resampled_pose,abc_d_official_1000seq_workers4,546,0,0
GR-1,resampled_pose,abc_d_official_1000seq_workers4,547,5,1
GR-1,resampled_pose,abc_d_official_1000seq_workers4,548,5,1
GR-1,resampled_pose,abc_d_official_1000seq_workers4,549,1,0
GR-1,resampled_pose,abc_d_official_1000seq_workers4,550,1,0
GR-1,resampled_pose,abc_d_official_1000seq_workers4,551,5,1
GR-1,resampled_pose,abc_d_official_1000seq_workers4,552,0,0
GR-1,resampled_pose,abc_d_official_1000seq_workers4,553,5,1
GR-1,resampled_pose,abc_d_official_1000seq_workers4,554,1,0
GR-1,resampled_pose,abc_d_official_1000seq_workers4,555,3,0
GR-1,resampled_pose,abc_d_official_1000seq_workers4,556,5,1
GR-1,resampled_pose,abc_d_official_1000seq_workers4,557,4,0
GR-1,resampled_pose,abc_d_official_1000seq_workers4,558,0,0
GR-1,resampled_pose,abc_d_official_1000seq_workers4,559,4,0
GR-1,resampled_pose,abc_d_official_1000seq_workers4,560,1,0
GR-1,resampled_pose,abc_d_official_1000seq_workers4,561,1,0
GR-1,resampled_pose,abc_d_official_1000seq_workers4,562,5,1
GR-1,resampled_pose,abc_d_official_1000seq_workers4,563,1,0
GR-1,resampled_pose,abc_d_official_1000seq_workers4,564,3,0
GR-1,resampled_pose,abc_d_official_1000seq_workers4,565,5,1
GR-1,resampled_pose,abc_d_official_1000seq_workers4,566,4,0
GR-1,resampled_pose,abc_d_official_1000seq_workers4,567,2,0
GR-1,resampled_pose,abc_d_official_1000seq_workers4,568,3,0
GR-1,resampled_pose,abc_d_official_1000seq_workers4,569,5,1
GR-1,resampled_pose,abc_d_official_1000seq_workers4,570,3,0
GR-1,resampled_pose,abc_d_official_1000seq_workers4,571,2,0
GR-1,resampled_pose,abc_d_official_1000seq_workers4,572,5,1
GR-1,resampled_pose,abc_d_official_1000seq_workers4,573,1,0
GR-1,resampled_pose,abc_d_official_1000seq_workers4,574,0,0
GR-1,resampled_pose,abc_d_official_1000seq_workers4,575,0,0
GR-1,resampled_pose,abc_d_official_1000seq_workers4,576,0,0
GR-1,resampled_pose,abc_d_official_1000seq_workers4,577,4,0
GR-1,resampled_pose,abc_d_official_1000seq_workers4,578,1,0
GR-1,resampled_pose,abc_d_official_1000seq_workers4,579,1,0
GR-1,resampled_pose,abc_d_official_1000seq_workers4,580,1,0
GR-1,resampled_pose,abc_d_official_1000seq_workers4,581,3,0
GR-1,resampled_pose,abc_d_official_1000seq_workers4,582,1,0
GR-1,resampled_pose,abc_d_official_1000seq_workers4,583,2,0
GR-1,resampled_pose,abc_d_official_1000seq_workers4,584,1,0
GR-1,resampled_pose,abc_d_official_1000seq_workers4,585,1,0
GR-1,resampled_pose,abc_d_official_1000seq_workers4,586,1,0
GR-1,resampled_pose,abc_d_official_1000seq_workers4,587,3,0
GR-1,resampled_pose,abc_d_official_1000seq_workers4,588,0,0
GR-1,resampled_pose,abc_d_official_1000seq_workers4,589,0,0
GR-1,resampled_pose,abc_d_official_1000seq_workers4,590,1,0
GR-1,resampled_pose,abc_d_official_1000seq_workers4,591,1,0
GR-1,resampled_pose,abc_d_official_1000seq_workers4,592,5,1
GR-1,resampled_pose,abc_d_official_1000seq_workers4,593,3,0
GR-1,resampled_pose,abc_d_official_1000seq_workers4,594,1,0
GR-1,resampled_pose,abc_d_official_1000seq_workers4,595,1,0
GR-1,resampled_pose,abc_d_official_1000seq_workers4,596,1,0
GR-1,resampled_pose,abc_d_official_1000seq_workers4,597,1,0
GR-1,resampled_pose,abc_d_official_1000seq_workers4,598,0,0
GR-1,resampled_pose,abc_d_official_1000seq_workers4,599,5,1
GR-1,resampled_pose,abc_d_official_1000seq_workers4,600,3,0
GR-1,resampled_pose,abc_d_official_1000seq_workers4,601,1,0
GR-1,resampled_pose,abc_d_official_1000seq_workers4,602,5,1
GR-1,resampled_pose,abc_d_official_1000seq_workers4,603,3,0
GR-1,resampled_pose,abc_d_official_1000seq_workers4,604,5,1
GR-1,resampled_pose,abc_d_official_1000seq_workers4,605,5,1
GR-1,resampled_pose,abc_d_official_1000seq_workers4,606,4,0
GR-1,resampled_pose,abc_d_official_1000seq_workers4,607,5,1
GR-1,resampled_pose,abc_d_official_1000seq_workers4,608,5,1
GR-1,resampled_pose,abc_d_official_1000seq_workers4,609,5,1
GR-1,resampled_pose,abc_d_official_1000seq_workers4,610,4,0
GR-1,resampled_pose,abc_d_official_1000seq_workers4,611,5,1
GR-1,resampled_pose,abc_d_official_1000seq_workers4,612,0,0
GR-1,resampled_pose,abc_d_official_1000seq_workers4,613,3,0
GR-1,resampled_pose,abc_d_official_1000seq_workers4,614,5,1
GR-1,resampled_pose,abc_d_official_1000seq_workers4,615,5,1
GR-1,resampled_pose,abc_d_official_1000seq_workers4,616,3,0
GR-1,resampled_pose,abc_d_official_1000seq_workers4,617,0,0
GR-1,resampled_pose,abc_d_official_1000seq_workers4,618,0,0
GR-1,resampled_pose,abc_d_official_1000seq_workers4,619,4,0
GR-1,resampled_pose,abc_d_official_1000seq_workers4,620,1,0
GR-1,resampled_pose,abc_d_official_1000seq_workers4,621,2,0
GR-1,resampled_pose,abc_d_official_1000seq_workers4,622,1,0
GR-1,resampled_pose,abc_d_official_1000seq_workers4,623,5,1
GR-1,resampled_pose,abc_d_official_1000seq_workers4,624,3,0
GR-1,resampled_pose,abc_d_official_1000seq_workers4,625,1,0
GR-1,resampled_pose,abc_d_official_1000seq_workers4,626,5,1
GR-1,resampled_pose,abc_d_official_1000seq_workers4,627,5,1
GR-1,resampled_pose,abc_d_official_1000seq_workers4,628,0,0
GR-1,resampled_pose,abc_d_official_1000seq_workers4,629,0,0
GR-1,resampled_pose,abc_d_official_1000seq_workers4,630,5,1
GR-1,resampled_pose,abc_d_official_1000seq_workers4,631,1,0
GR-1,resampled_pose,abc_d_official_1000seq_workers4,632,5,1
GR-1,resampled_pose,abc_d_official_1000seq_workers4,633,0,0
GR-1,resampled_pose,abc_d_official_1000seq_workers4,634,5,1
GR-1,resampled_pose,abc_d_official_1000seq_workers4,635,4,0
GR-1,resampled_pose,abc_d_official_1000seq_workers4,636,5,1
GR-1,resampled_pose,abc_d_official_1000seq_workers4,637,2,0
GR-1,resampled_pose,abc_d_official_1000seq_workers4,638,2,0
GR-1,resampled_pose,abc_d_official_1000seq_workers4,639,5,1
GR-1,resampled_pose,abc_d_official_1000seq_workers4,640,3,0
GR-1,resampled_pose,abc_d_official_1000seq_workers4,641,3,0
GR-1,resampled_pose,abc_d_official_1000seq_workers4,642,2,0
GR-1,resampled_pose,abc_d_official_1000seq_workers4,643,2,0
GR-1,resampled_pose,abc_d_official_1000seq_workers4,644,5,1
GR-1,resampled_pose,abc_d_official_1000seq_workers4,645,5,1
GR-1,resampled_pose,abc_d_official_1000seq_workers4,646,1,0
GR-1,resampled_pose,abc_d_official_1000seq_workers4,647,1,0
GR-1,resampled_pose,abc_d_official_1000seq_workers4,648,4,0
GR-1,resampled_pose,abc_d_official_1000seq_workers4,649,5,1
GR-1,resampled_pose,abc_d_official_1000seq_workers4,650,1,0
GR-1,resampled_pose,abc_d_official_1000seq_workers4,651,1,0
GR-1,resampled_pose,abc_d_official_1000seq_workers4,652,1,0
GR-1,resampled_pose,abc_d_official_1000seq_workers4,653,5,1
GR-1,resampled_pose,abc_d_official_1000seq_workers4,654,0,0
GR-1,resampled_pose,abc_d_official_1000seq_workers4,655,3,0
GR-1,resampled_pose,abc_d_official_1000seq_workers4,656,3,0
GR-1,resampled_pose,abc_d_official_1000seq_workers4,657,0,0
GR-1,resampled_pose,abc_d_official_1000seq_workers4,658,3,0
GR-1,resampled_pose,abc_d_official_1000seq_workers4,659,1,0
GR-1,resampled_pose,abc_d_official_1000seq_workers4,660,1,0
GR-1,resampled_pose,abc_d_official_1000seq_workers4,661,1,0
GR-1,resampled_pose,abc_d_official_1000seq_workers4,662,0,0
GR-1,resampled_pose,abc_d_official_1000seq_workers4,663,1,0
GR-1,resampled_pose,abc_d_official_1000seq_workers4,664,3,0
GR-1,resampled_pose,abc_d_official_1000seq_workers4,665,2,0
GR-1,resampled_pose,abc_d_official_1000seq_workers4,666,2,0
GR-1,resampled_pose,abc_d_official_1000seq_workers4,667,0,0
GR-1,resampled_pose,abc_d_official_1000seq_workers4,668,0,0
GR-1,resampled_pose,abc_d_official_1000seq_workers4,669,5,1
GR-1,resampled_pose,abc_d_official_1000seq_workers4,670,1,0
GR-1,resampled_pose,abc_d_official_1000seq_workers4,671,1,0
GR-1,resampled_pose,abc_d_official_1000seq_workers4,672,1,0
GR-1,resampled_pose,abc_d_official_1000seq_workers4,673,0,0
GR-1,resampled_pose,abc_d_official_1000seq_workers4,674,5,1
GR-1,resampled_pose,abc_d_official_1000seq_workers4,675,5,1
GR-1,resampled_pose,abc_d_official_1000seq_workers4,676,0,0
GR-1,resampled_pose,abc_d_official_1000seq_workers4,677,0,0
GR-1,resampled_pose,abc_d_official_1000seq_workers4,678,0,0
GR-1,resampled_pose,abc_d_official_1000seq_workers4,679,5,1
GR-1,resampled_pose,abc_d_official_1000seq_workers4,680,4,0
GR-1,resampled_pose,abc_d_official_1000seq_workers4,681,5,1
GR-1,resampled_pose,abc_d_official_1000seq_workers4,682,1,0
GR-1,resampled_pose,abc_d_official_1000seq_workers4,683,2,0
GR-1,resampled_pose,abc_d_official_1000seq_workers4,684,0,0
GR-1,resampled_pose,abc_d_official_1000seq_workers4,685,5,1
GR-1,resampled_pose,abc_d_official_1000seq_workers4,686,3,0
GR-1,resampled_pose,abc_d_official_1000seq_workers4,687,5,1
GR-1,resampled_pose,abc_d_official_1000seq_workers4,688,2,0
GR-1,resampled_pose,abc_d_official_1000seq_workers4,689,1,0
GR-1,resampled_pose,abc_d_official_1000seq_workers4,690,0,0
GR-1,resampled_pose,abc_d_official_1000seq_workers4,691,0,0
GR-1,resampled_pose,abc_d_official_1000seq_workers4,692,3,0
GR-1,resampled_pose,abc_d_official_1000seq_workers4,693,0,0
GR-1,resampled_pose,abc_d_official_1000seq_workers4,694,0,0
GR-1,resampled_pose,abc_d_official_1000seq_workers4,695,1,0
GR-1,resampled_pose,abc_d_official_1000seq_workers4,696,1,0
GR-1,resampled_pose,abc_d_official_1000seq_workers4,697,1,0
GR-1,resampled_pose,abc_d_official_1000seq_workers4,698,0,0
GR-1,resampled_pose,abc_d_official_1000seq_workers4,699,0,0
GR-1,resampled_pose,abc_d_official_1000seq_workers4,700,0,0
GR-1,resampled_pose,abc_d_official_1000seq_workers4,701,0,0
GR-1,resampled_pose,abc_d_official_1000seq_workers4,702,5,1
GR-1,resampled_pose,abc_d_official_1000seq_workers4,703,0,0
GR-1,resampled_pose,abc_d_official_1000seq_workers4,704,2,0
GR-1,resampled_pose,abc_d_official_1000seq_workers4,705,5,1
GR-1,resampled_pose,abc_d_official_1000seq_workers4,706,2,0
GR-1,resampled_pose,abc_d_official_1000seq_workers4,707,2,0
GR-1,resampled_pose,abc_d_official_1000seq_workers4,708,5,1
GR-1,resampled_pose,abc_d_official_1000seq_workers4,709,0,0
GR-1,resampled_pose,abc_d_official_1000seq_workers4,710,1,0
GR-1,resampled_pose,abc_d_official_1000seq_workers4,711,5,1
GR-1,resampled_pose,abc_d_official_1000seq_workers4,712,3,0
GR-1,resampled_pose,abc_d_official_1000seq_workers4,713,3,0
GR-1,resampled_pose,abc_d_official_1000seq_workers4,714,5,1
GR-1,resampled_pose,abc_d_official_1000seq_workers4,715,1,0
GR-1,resampled_pose,abc_d_official_1000seq_workers4,716,5,1
GR-1,resampled_pose,abc_d_official_1000seq_workers4,717,2,0
GR-1,resampled_pose,abc_d_official_1000seq_workers4,718,5,1
GR-1,resampled_pose,abc_d_official_1000seq_workers4,719,5,1
GR-1,resampled_pose,abc_d_official_1000seq_workers4,720,1,0
GR-1,resampled_pose,abc_d_official_1000seq_workers4,721,5,1
GR-1,resampled_pose,abc_d_official_1000seq_workers4,722,1,0
GR-1,resampled_pose,abc_d_official_1000seq_workers4,723,0,0
GR-1,resampled_pose,abc_d_official_1000seq_workers4,724,4,0
GR-1,resampled_pose,abc_d_official_1000seq_workers4,725,5,1
GR-1,resampled_pose,abc_d_official_1000seq_workers4,726,5,1
GR-1,resampled_pose,abc_d_official_1000seq_workers4,727,5,1
GR-1,resampled_pose,abc_d_official_1000seq_workers4,728,5,1
GR-1,resampled_pose,abc_d_official_1000seq_workers4,729,1,0
GR-1,resampled_pose,abc_d_official_1000seq_workers4,730,0,0
GR-1,resampled_pose,abc_d_official_1000seq_workers4,731,0,0
GR-1,resampled_pose,abc_d_official_1000seq_workers4,732,2,0
GR-1,resampled_pose,abc_d_official_1000seq_workers4,733,1,0
GR-1,resampled_pose,abc_d_official_1000seq_workers4,734,2,0
GR-1,resampled_pose,abc_d_official_1000seq_workers4,735,1,0
GR-1,resampled_pose,abc_d_official_1000seq_workers4,736,3,0
GR-1,resampled_pose,abc_d_official_1000seq_workers4,737,1,0
GR-1,resampled_pose,abc_d_official_1000seq_workers4,738,5,1
GR-1,resampled_pose,abc_d_official_1000seq_workers4,739,3,0
GR-1,resampled_pose,abc_d_official_1000seq_workers4,740,5,1
GR-1,resampled_pose,abc_d_official_1000seq_workers4,741,2,0
GR-1,resampled_pose,abc_d_official_1000seq_workers4,742,0,0
GR-1,resampled_pose,abc_d_official_1000seq_workers4,743,0,0
GR-1,resampled_pose,abc_d_official_1000seq_workers4,744,0,0
GR-1,resampled_pose,abc_d_official_1000seq_workers4,745,5,1
GR-1,resampled_pose,abc_d_official_1000seq_workers4,746,1,0
GR-1,resampled_pose,abc_d_official_1000seq_workers4,747,2,0
GR-1,resampled_pose,abc_d_official_1000seq_workers4,748,1,0
GR-1,resampled_pose,abc_d_official_1000seq_workers4,749,1,0
GR-1,resampled_pose,abc_d_official_1000seq_workers4,750,3,0
GR-1,resampled_pose,abc_d_official_1000seq_workers4,751,5,1
GR-1,resampled_pose,abc_d_official_1000seq_workers4,752,4,0
GR-1,resampled_pose,abc_d_official_1000seq_workers4,753,1,0
GR-1,resampled_pose,abc_d_official_1000seq_workers4,754,0,0
GR-1,resampled_pose,abc_d_official_1000seq_workers4,755,3,0
GR-1,resampled_pose,abc_d_official_1000seq_workers4,756,5,1
GR-1,resampled_pose,abc_d_official_1000seq_workers4,757,2,0
GR-1,resampled_pose,abc_d_official_1000seq_workers4,758,5,1
GR-1,resampled_pose,abc_d_official_1000seq_workers4,759,0,0
GR-1,resampled_pose,abc_d_official_1000seq_workers4,760,5,1
GR-1,resampled_pose,abc_d_official_1000seq_workers4,761,2,0
GR-1,resampled_pose,abc_d_official_1000seq_workers4,762,5,1
GR-1,resampled_pose,abc_d_official_1000seq_workers4,763,5,1
GR-1,resampled_pose,abc_d_official_1000seq_workers4,764,1,0
GR-1,resampled_pose,abc_d_official_1000seq_workers4,765,5,1
GR-1,resampled_pose,abc_d_official_1000seq_workers4,766,1,0
GR-1,resampled_pose,abc_d_official_1000seq_workers4,767,5,1
GR-1,resampled_pose,abc_d_official_1000seq_workers4,768,5,1
GR-1,resampled_pose,abc_d_official_1000seq_workers4,769,2,0
GR-1,resampled_pose,abc_d_official_1000seq_workers4,770,2,0
GR-1,resampled_pose,abc_d_official_1000seq_workers4,771,4,0
GR-1,resampled_pose,abc_d_official_1000seq_workers4,772,0,0
GR-1,resampled_pose,abc_d_official_1000seq_workers4,773,5,1
GR-1,resampled_pose,abc_d_official_1000seq_workers4,774,0,0
GR-1,resampled_pose,abc_d_official_1000seq_workers4,775,5,1
GR-1,resampled_pose,abc_d_official_1000seq_workers4,776,4,0
GR-1,resampled_pose,abc_d_official_1000seq_workers4,777,3,0
GR-1,resampled_pose,abc_d_official_1000seq_workers4,778,3,0
GR-1,resampled_pose,abc_d_official_1000seq_workers4,779,3,0
GR-1,resampled_pose,abc_d_official_1000seq_workers4,780,3,0
GR-1,resampled_pose,abc_d_official_1000seq_workers4,781,1,0
GR-1,resampled_pose,abc_d_official_1000seq_workers4,782,5,1
GR-1,resampled_pose,abc_d_official_1000seq_workers4,783,0,0
GR-1,resampled_pose,abc_d_official_1000seq_workers4,784,4,0
GR-1,resampled_pose,abc_d_official_1000seq_workers4,785,4,0
GR-1,resampled_pose,abc_d_official_1000seq_workers4,786,1,0
GR-1,resampled_pose,abc_d_official_1000seq_workers4,787,4,0
GR-1,resampled_pose,abc_d_official_1000seq_workers4,788,4,0
GR-1,resampled_pose,abc_d_official_1000seq_workers4,789,5,1
GR-1,resampled_pose,abc_d_official_1000seq_workers4,790,0,0
GR-1,resampled_pose,abc_d_official_1000seq_workers4,791,3,0
GR-1,resampled_pose,abc_d_official_1000seq_workers4,792,1,0
GR-1,resampled_pose,abc_d_official_1000seq_workers4,793,5,1
GR-1,resampled_pose,abc_d_official_1000seq_workers4,794,5,1
GR-1,resampled_pose,abc_d_official_1000seq_workers4,795,5,1
GR-1,resampled_pose,abc_d_official_1000seq_workers4,796,1,0
GR-1,resampled_pose,abc_d_official_1000seq_workers4,797,2,0
GR-1,resampled_pose,abc_d_official_1000seq_workers4,798,0,0
GR-1,resampled_pose,abc_d_official_1000seq_workers4,799,5,1
GR-1,resampled_pose,abc_d_official_1000seq_workers4,800,4,0
GR-1,resampled_pose,abc_d_official_1000seq_workers4,801,5,1
GR-1,resampled_pose,abc_d_official_1000seq_workers4,802,0,0
GR-1,resampled_pose,abc_d_official_1000seq_workers4,803,5,1
GR-1,resampled_pose,abc_d_official_1000seq_workers4,804,1,0
GR-1,resampled_pose,abc_d_official_1000seq_workers4,805,3,0
GR-1,resampled_pose,abc_d_official_1000seq_workers4,806,5,1
GR-1,resampled_pose,abc_d_official_1000seq_workers4,807,3,0
GR-1,resampled_pose,abc_d_official_1000seq_workers4,808,0,0
GR-1,resampled_pose,abc_d_official_1000seq_workers4,809,1,0
GR-1,resampled_pose,abc_d_official_1000seq_workers4,810,3,0
GR-1,resampled_pose,abc_d_official_1000seq_workers4,811,1,0
GR-1,resampled_pose,abc_d_official_1000seq_workers4,812,0,0
GR-1,resampled_pose,abc_d_official_1000seq_workers4,813,5,1
GR-1,resampled_pose,abc_d_official_1000seq_workers4,814,1,0
GR-1,resampled_pose,abc_d_official_1000seq_workers4,815,1,0
GR-1,resampled_pose,abc_d_official_1000seq_workers4,816,1,0
GR-1,resampled_pose,abc_d_official_1000seq_workers4,817,0,0
GR-1,resampled_pose,abc_d_official_1000seq_workers4,818,4,0
GR-1,resampled_pose,abc_d_official_1000seq_workers4,819,3,0
GR-1,resampled_pose,abc_d_official_1000seq_workers4,820,5,1
GR-1,resampled_pose,abc_d_official_1000seq_workers4,821,5,1
GR-1,resampled_pose,abc_d_official_1000seq_workers4,822,5,1
GR-1,resampled_pose,abc_d_official_1000seq_workers4,823,5,1
GR-1,resampled_pose,abc_d_official_1000seq_workers4,824,2,0
GR-1,resampled_pose,abc_d_official_1000seq_workers4,825,5,1
GR-1,resampled_pose,abc_d_official_1000seq_workers4,826,5,1
GR-1,resampled_pose,abc_d_official_1000seq_workers4,827,0,0
GR-1,resampled_pose,abc_d_official_1000seq_workers4,828,5,1
GR-1,resampled_pose,abc_d_official_1000seq_workers4,829,5,1
GR-1,resampled_pose,abc_d_official_1000seq_workers4,830,5,1
GR-1,resampled_pose,abc_d_official_1000seq_workers4,831,3,0
GR-1,resampled_pose,abc_d_official_1000seq_workers4,832,0,0
GR-1,resampled_pose,abc_d_official_1000seq_workers4,833,5,1
GR-1,resampled_pose,abc_d_official_1000seq_workers4,834,4,0
GR-1,resampled_pose,abc_d_official_1000seq_workers4,835,3,0
GR-1,resampled_pose,abc_d_official_1000seq_workers4,836,1,0
GR-1,resampled_pose,abc_d_official_1000seq_workers4,837,1,0
GR-1,resampled_pose,abc_d_official_1000seq_workers4,838,0,0
GR-1,resampled_pose,abc_d_official_1000seq_workers4,839,5,1
GR-1,resampled_pose,abc_d_official_1000seq_workers4,840,3,0
GR-1,resampled_pose,abc_d_official_1000seq_workers4,841,2,0
GR-1,resampled_pose,abc_d_official_1000seq_workers4,842,0,0
GR-1,resampled_pose,abc_d_official_1000seq_workers4,843,5,1
GR-1,resampled_pose,abc_d_official_1000seq_workers4,844,2,0
GR-1,resampled_pose,abc_d_official_1000seq_workers4,845,5,1
GR-1,resampled_pose,abc_d_official_1000seq_workers4,846,2,0
GR-1,resampled_pose,abc_d_official_1000seq_workers4,847,2,0
GR-1,resampled_pose,abc_d_official_1000seq_workers4,848,0,0
GR-1,resampled_pose,abc_d_official_1000seq_workers4,849,0,0
GR-1,resampled_pose,abc_d_official_1000seq_workers4,850,3,0
GR-1,resampled_pose,abc_d_official_1000seq_workers4,851,5,1
GR-1,resampled_pose,abc_d_official_1000seq_workers4,852,5,1
GR-1,resampled_pose,abc_d_official_1000seq_workers4,853,5,1
GR-1,resampled_pose,abc_d_official_1000seq_workers4,854,1,0
GR-1,resampled_pose,abc_d_official_1000seq_workers4,855,1,0
GR-1,resampled_pose,abc_d_official_1000seq_workers4,856,0,0
GR-1,resampled_pose,abc_d_official_1000seq_workers4,857,1,0
GR-1,resampled_pose,abc_d_official_1000seq_workers4,858,3,0
GR-1,resampled_pose,abc_d_official_1000seq_workers4,859,5,1
GR-1,resampled_pose,abc_d_official_1000seq_workers4,860,1,0
GR-1,resampled_pose,abc_d_official_1000seq_workers4,861,0,0
GR-1,resampled_pose,abc_d_official_1000seq_workers4,862,5,1
GR-1,resampled_pose,abc_d_official_1000seq_workers4,863,0,0
GR-1,resampled_pose,abc_d_official_1000seq_workers4,864,1,0
GR-1,resampled_pose,abc_d_official_1000seq_workers4,865,2,0
GR-1,resampled_pose,abc_d_official_1000seq_workers4,866,4,0
GR-1,resampled_pose,abc_d_official_1000seq_workers4,867,1,0
GR-1,resampled_pose,abc_d_official_1000seq_workers4,868,4,0
GR-1,resampled_pose,abc_d_official_1000seq_workers4,869,4,0
GR-1,resampled_pose,abc_d_official_1000seq_workers4,870,0,0
GR-1,resampled_pose,abc_d_official_1000seq_workers4,871,0,0
GR-1,resampled_pose,abc_d_official_1000seq_workers4,872,1,0
GR-1,resampled_pose,abc_d_official_1000seq_workers4,873,2,0
GR-1,resampled_pose,abc_d_official_1000seq_workers4,874,0,0
GR-1,resampled_pose,abc_d_official_1000seq_workers4,875,0,0
GR-1,resampled_pose,abc_d_official_1000seq_workers4,876,3,0
GR-1,resampled_pose,abc_d_official_1000seq_workers4,877,2,0
GR-1,resampled_pose,abc_d_official_1000seq_workers4,878,4,0
GR-1,resampled_pose,abc_d_official_1000seq_workers4,879,0,0
GR-1,resampled_pose,abc_d_official_1000seq_workers4,880,2,0
GR-1,resampled_pose,abc_d_official_1000seq_workers4,881,5,1
GR-1,resampled_pose,abc_d_official_1000seq_workers4,882,5,1
GR-1,resampled_pose,abc_d_official_1000seq_workers4,883,1,0
GR-1,resampled_pose,abc_d_official_1000seq_workers4,884,0,0
GR-1,resampled_pose,abc_d_official_1000seq_workers4,885,0,0
GR-1,resampled_pose,abc_d_official_1000seq_workers4,886,0,0
GR-1,resampled_pose,abc_d_official_1000seq_workers4,887,5,1
GR-1,resampled_pose,abc_d_official_1000seq_workers4,888,4,0
GR-1,resampled_pose,abc_d_official_1000seq_workers4,889,4,0
GR-1,resampled_pose,abc_d_official_1000seq_workers4,890,0,0
GR-1,resampled_pose,abc_d_official_1000seq_workers4,891,0,0
GR-1,resampled_pose,abc_d_official_1000seq_workers4,892,0,0
GR-1,resampled_pose,abc_d_official_1000seq_workers4,893,5,1
GR-1,resampled_pose,abc_d_official_1000seq_workers4,894,4,0
GR-1,resampled_pose,abc_d_official_1000seq_workers4,895,5,1
GR-1,resampled_pose,abc_d_official_1000seq_workers4,896,4,0
GR-1,resampled_pose,abc_d_official_1000seq_workers4,897,0,0
GR-1,resampled_pose,abc_d_official_1000seq_workers4,898,0,0
GR-1,resampled_pose,abc_d_official_1000seq_workers4,899,1,0
GR-1,resampled_pose,abc_d_official_1000seq_workers4,900,2,0
GR-1,resampled_pose,abc_d_official_1000seq_workers4,901,0,0
GR-1,resampled_pose,abc_d_official_1000seq_workers4,902,2,0
GR-1,resampled_pose,abc_d_official_1000seq_workers4,903,1,0
GR-1,resampled_pose,abc_d_official_1000seq_workers4,904,1,0
GR-1,resampled_pose,abc_d_official_1000seq_workers4,905,5,1
GR-1,resampled_pose,abc_d_official_1000seq_workers4,906,0,0
GR-1,resampled_pose,abc_d_official_1000seq_workers4,907,0,0
GR-1,resampled_pose,abc_d_official_1000seq_workers4,908,0,0
GR-1,resampled_pose,abc_d_official_1000seq_workers4,909,4,0
GR-1,resampled_pose,abc_d_official_1000seq_workers4,910,5,1
GR-1,resampled_pose,abc_d_official_1000seq_workers4,911,1,0
GR-1,resampled_pose,abc_d_official_1000seq_workers4,912,4,0
GR-1,resampled_pose,abc_d_official_1000seq_workers4,913,4,0
GR-1,resampled_pose,abc_d_official_1000seq_workers4,914,1,0
GR-1,resampled_pose,abc_d_official_1000seq_workers4,915,3,0
GR-1,resampled_pose,abc_d_official_1000seq_workers4,916,0,0
GR-1,resampled_pose,abc_d_official_1000seq_workers4,917,5,1
GR-1,resampled_pose,abc_d_official_1000seq_workers4,918,2,0
GR-1,resampled_pose,abc_d_official_1000seq_workers4,919,5,1
GR-1,resampled_pose,abc_d_official_1000seq_workers4,920,1,0
GR-1,resampled_pose,abc_d_official_1000seq_workers4,921,5,1
GR-1,resampled_pose,abc_d_official_1000seq_workers4,922,1,0
GR-1,resampled_pose,abc_d_official_1000seq_workers4,923,0,0
GR-1,resampled_pose,abc_d_official_1000seq_workers4,924,5,1
GR-1,resampled_pose,abc_d_official_1000seq_workers4,925,5,1
GR-1,resampled_pose,abc_d_official_1000seq_workers4,926,5,1
GR-1,resampled_pose,abc_d_official_1000seq_workers4,927,5,1
GR-1,resampled_pose,abc_d_official_1000seq_workers4,928,0,0
GR-1,resampled_pose,abc_d_official_1000seq_workers4,929,0,0
GR-1,resampled_pose,abc_d_official_1000seq_workers4,930,4,0
GR-1,resampled_pose,abc_d_official_1000seq_workers4,931,1,0
GR-1,resampled_pose,abc_d_official_1000seq_workers4,932,1,0
GR-1,resampled_pose,abc_d_official_1000seq_workers4,933,1,0
GR-1,resampled_pose,abc_d_official_1000seq_workers4,934,5,1
GR-1,resampled_pose,abc_d_official_1000seq_workers4,935,5,1
GR-1,resampled_pose,abc_d_official_1000seq_workers4,936,3,0
GR-1,resampled_pose,abc_d_official_1000seq_workers4,937,5,1
GR-1,resampled_pose,abc_d_official_1000seq_workers4,938,1,0
GR-1,resampled_pose,abc_d_official_1000seq_workers4,939,0,0
GR-1,resampled_pose,abc_d_official_1000seq_workers4,940,5,1
GR-1,resampled_pose,abc_d_official_1000seq_workers4,941,0,0
GR-1,resampled_pose,abc_d_official_1000seq_workers4,942,0,0
GR-1,resampled_pose,abc_d_official_1000seq_workers4,943,0,0
GR-1,resampled_pose,abc_d_official_1000seq_workers4,944,5,1
GR-1,resampled_pose,abc_d_official_1000seq_workers4,945,2,0
GR-1,resampled_pose,abc_d_official_1000seq_workers4,946,1,0
GR-1,resampled_pose,abc_d_official_1000seq_workers4,947,5,1
GR-1,resampled_pose,abc_d_official_1000seq_workers4,948,0,0
GR-1,resampled_pose,abc_d_official_1000seq_workers4,949,0,0
GR-1,resampled_pose,abc_d_official_1000seq_workers4,950,3,0
GR-1,resampled_pose,abc_d_official_1000seq_workers4,951,0,0
GR-1,resampled_pose,abc_d_official_1000seq_workers4,952,5,1
GR-1,resampled_pose,abc_d_official_1000seq_workers4,953,2,0
GR-1,resampled_pose,abc_d_official_1000seq_workers4,954,1,0
GR-1,resampled_pose,abc_d_official_1000seq_workers4,955,5,1
GR-1,resampled_pose,abc_d_official_1000seq_workers4,956,1,0
GR-1,resampled_pose,abc_d_official_1000seq_workers4,957,5,1
GR-1,resampled_pose,abc_d_official_1000seq_workers4,958,5,1
GR-1,resampled_pose,abc_d_official_1000seq_workers4,959,2,0
GR-1,resampled_pose,abc_d_official_1000seq_workers4,960,3,0
GR-1,resampled_pose,abc_d_official_1000seq_workers4,961,1,0
GR-1,resampled_pose,abc_d_official_1000seq_workers4,962,2,0
GR-1,resampled_pose,abc_d_official_1000seq_workers4,963,1,0
GR-1,resampled_pose,abc_d_official_1000seq_workers4,964,0,0
GR-1,resampled_pose,abc_d_official_1000seq_workers4,965,2,0
GR-1,resampled_pose,abc_d_official_1000seq_workers4,966,5,1
GR-1,resampled_pose,abc_d_official_1000seq_workers4,967,3,0
GR-1,resampled_pose,abc_d_official_1000seq_workers4,968,5,1
GR-1,resampled_pose,abc_d_official_1000seq_workers4,969,0,0
GR-1,resampled_pose,abc_d_official_1000seq_workers4,970,4,0
GR-1,resampled_pose,abc_d_official_1000seq_workers4,971,5,1
GR-1,resampled_pose,abc_d_official_1000seq_workers4,972,1,0
GR-1,resampled_pose,abc_d_official_1000seq_workers4,973,0,0
GR-1,resampled_pose,abc_d_official_1000seq_workers4,974,0,0
GR-1,resampled_pose,abc_d_official_1000seq_workers4,975,3,0
GR-1,resampled_pose,abc_d_official_1000seq_workers4,976,5,1
GR-1,resampled_pose,abc_d_official_1000seq_workers4,977,0,0
GR-1,resampled_pose,abc_d_official_1000seq_workers4,978,0,0
GR-1,resampled_pose,abc_d_official_1000seq_workers4,979,0,0
GR-1,resampled_pose,abc_d_official_1000seq_workers4,980,5,1
GR-1,resampled_pose,abc_d_official_1000seq_workers4,981,0,0
GR-1,resampled_pose,abc_d_official_1000seq_workers4,982,4,0
GR-1,resampled_pose,abc_d_official_1000seq_workers4,983,1,0
GR-1,resampled_pose,abc_d_official_1000seq_workers4,984,1,0
GR-1,resampled_pose,abc_d_official_1000seq_workers4,985,2,0
GR-1,resampled_pose,abc_d_official_1000seq_workers4,986,1,0
GR-1,resampled_pose,abc_d_official_1000seq_workers4,987,0,0
GR-1,resampled_pose,abc_d_official_1000seq_workers4,988,5,1
GR-1,resampled_pose,abc_d_official_1000seq_workers4,989,1,0
GR-1,resampled_pose,abc_d_official_1000seq_workers4,990,5,1
GR-1,resampled_pose,abc_d_official_1000seq_workers4,991,0,0
GR-1,resampled_pose,abc_d_official_1000seq_workers4,992,0,0
GR-1,resampled_pose,abc_d_official_1000seq_workers4,993,5,1
GR-1,resampled_pose,abc_d_official_1000seq_workers4,994,1,0
GR-1,resampled_pose,abc_d_official_1000seq_workers4,995,0,0
GR-1,resampled_pose,abc_d_official_1000seq_workers4,996,1,0
GR-1,resampled_pose,abc_d_official_1000seq_workers4,997,4,0
GR-1,resampled_pose,abc_d_official_1000seq_workers4,998,1,0
GR-1,resampled_pose,abc_d_official_1000seq_workers4,999,1,0
RoboFlamingo,calibration,abc_d_official_1000seq_workers4,0,1,0
RoboFlamingo,calibration,abc_d_official_1000seq_workers4,1,3,0
RoboFlamingo,calibration,abc_d_official_1000seq_workers4,2,4,0
RoboFlamingo,calibration,abc_d_official_1000seq_workers4,3,0,0
RoboFlamingo,calibration,abc_d_official_1000seq_workers4,4,5,1
RoboFlamingo,calibration,abc_d_official_1000seq_workers4,5,5,1
RoboFlamingo,calibration,abc_d_official_1000seq_workers4,6,5,1
RoboFlamingo,calibration,abc_d_official_1000seq_workers4,7,3,0
RoboFlamingo,calibration,abc_d_official_1000seq_workers4,8,2,0
RoboFlamingo,calibration,abc_d_official_1000seq_workers4,9,4,0
RoboFlamingo,calibration,abc_d_official_1000seq_workers4,10,3,0
RoboFlamingo,calibration,abc_d_official_1000seq_workers4,11,5,1
RoboFlamingo,calibration,abc_d_official_1000seq_workers4,12,4,0
RoboFlamingo,calibration,abc_d_official_1000seq_workers4,13,5,1
RoboFlamingo,calibration,abc_d_official_1000seq_workers4,14,1,0
RoboFlamingo,calibration,abc_d_official_1000seq_workers4,15,5,1
RoboFlamingo,calibration,abc_d_official_1000seq_workers4,16,2,0
RoboFlamingo,calibration,abc_d_official_1000seq_workers4,17,5,1
RoboFlamingo,calibration,abc_d_official_1000seq_workers4,18,2,0
RoboFlamingo,calibration,abc_d_official_1000seq_workers4,19,0,0
RoboFlamingo,calibration,abc_d_official_1000seq_workers4,20,4,0
RoboFlamingo,calibration,abc_d_official_1000seq_workers4,21,0,0
RoboFlamingo,calibration,abc_d_official_1000seq_workers4,22,3,0
RoboFlamingo,calibration,abc_d_official_1000seq_workers4,23,3,0
RoboFlamingo,calibration,abc_d_official_1000seq_workers4,24,5,1
RoboFlamingo,calibration,abc_d_official_1000seq_workers4,25,3,0
RoboFlamingo,calibration,abc_d_official_1000seq_workers4,26,2,0
RoboFlamingo,calibration,abc_d_official_1000seq_workers4,27,3,0
RoboFlamingo,calibration,abc_d_official_1000seq_workers4,28,5,1
RoboFlamingo,calibration,abc_d_official_1000seq_workers4,29,1,0
RoboFlamingo,calibration,abc_d_official_1000seq_workers4,30,5,1
RoboFlamingo,calibration,abc_d_official_1000seq_workers4,31,4,0
RoboFlamingo,calibration,abc_d_official_1000seq_workers4,32,2,0
RoboFlamingo,calibration,abc_d_official_1000seq_workers4,33,4,0
RoboFlamingo,calibration,abc_d_official_1000seq_workers4,34,0,0
RoboFlamingo,calibration,abc_d_official_1000seq_workers4,35,2,0
RoboFlamingo,calibration,abc_d_official_1000seq_workers4,36,2,0
RoboFlamingo,calibration,abc_d_official_1000seq_workers4,37,1,0
RoboFlamingo,calibration,abc_d_official_1000seq_workers4,38,1,0
RoboFlamingo,calibration,abc_d_official_1000seq_workers4,39,1,0
RoboFlamingo,calibration,abc_d_official_1000seq_workers4,40,0,0
RoboFlamingo,calibration,abc_d_official_1000seq_workers4,41,5,1
RoboFlamingo,calibration,abc_d_official_1000seq_workers4,42,0,0
RoboFlamingo,calibration,abc_d_official_1000seq_workers4,43,2,0
RoboFlamingo,calibration,abc_d_official_1000seq_workers4,44,1,0
RoboFlamingo,calibration,abc_d_official_1000seq_workers4,45,2,0
RoboFlamingo,calibration,abc_d_official_1000seq_workers4,46,4,0
RoboFlamingo,calibration,abc_d_official_1000seq_workers4,47,0,0
RoboFlamingo,calibration,abc_d_official_1000seq_workers4,48,3,0
RoboFlamingo,calibration,abc_d_official_1000seq_workers4,49,3,0
RoboFlamingo,calibration,abc_d_official_1000seq_workers4,50,1,0
RoboFlamingo,calibration,abc_d_official_1000seq_workers4,51,2,0
RoboFlamingo,calibration,abc_d_official_1000seq_workers4,52,2,0
RoboFlamingo,calibration,abc_d_official_1000seq_workers4,53,2,0
RoboFlamingo,calibration,abc_d_official_1000seq_workers4,54,4,0
RoboFlamingo,calibration,abc_d_official_1000seq_workers4,55,3,0
RoboFlamingo,calibration,abc_d_official_1000seq_workers4,56,0,0
RoboFlamingo,calibration,abc_d_official_1000seq_workers4,57,1,0
RoboFlamingo,calibration,abc_d_official_1000seq_workers4,58,0,0
RoboFlamingo,calibration,abc_d_official_1000seq_workers4,59,3,0
RoboFlamingo,calibration,abc_d_official_1000seq_workers4,60,1,0
RoboFlamingo,calibration,abc_d_official_1000seq_workers4,61,0,0
RoboFlamingo,calibration,abc_d_official_1000seq_workers4,62,2,0
RoboFlamingo,calibration,abc_d_official_1000seq_workers4,63,0,0
RoboFlamingo,calibration,abc_d_official_1000seq_workers4,64,4,0
RoboFlamingo,calibration,abc_d_official_1000seq_workers4,65,5,1
RoboFlamingo,calibration,abc_d_official_1000seq_workers4,66,3,0
RoboFlamingo,calibration,abc_d_official_1000seq_workers4,67,1,0
RoboFlamingo,calibration,abc_d_official_1000seq_workers4,68,4,0
RoboFlamingo,calibration,abc_d_official_1000seq_workers4,69,3,0
RoboFlamingo,calibration,abc_d_official_1000seq_workers4,70,1,0
RoboFlamingo,calibration,abc_d_official_1000seq_workers4,71,3,0
RoboFlamingo,calibration,abc_d_official_1000seq_workers4,72,2,0
RoboFlamingo,calibration,abc_d_official_1000seq_workers4,73,4,0
RoboFlamingo,calibration,abc_d_official_1000seq_workers4,74,0,0
RoboFlamingo,calibration,abc_d_official_1000seq_workers4,75,0,0
RoboFlamingo,calibration,abc_d_official_1000seq_workers4,76,3,0
RoboFlamingo,calibration,abc_d_official_1000seq_workers4,77,1,0
RoboFlamingo,calibration,abc_d_official_1000seq_workers4,78,4,0
RoboFlamingo,calibration,abc_d_official_1000seq_workers4,79,5,1
RoboFlamingo,calibration,abc_d_official_1000seq_workers4,80,4,0
RoboFlamingo,calibration,abc_d_official_1000seq_workers4,81,1,0
RoboFlamingo,calibration,abc_d_official_1000seq_workers4,82,5,1
RoboFlamingo,calibration,abc_d_official_1000seq_workers4,83,4,0
RoboFlamingo,calibration,abc_d_official_1000seq_workers4,84,0,0
RoboFlamingo,calibration,abc_d_official_1000seq_workers4,85,0,0
RoboFlamingo,calibration,abc_d_official_1000seq_workers4,86,0,0
RoboFlamingo,calibration,abc_d_official_1000seq_workers4,87,3,0
RoboFlamingo,calibration,abc_d_official_1000seq_workers4,88,3,0
RoboFlamingo,calibration,abc_d_official_1000seq_workers4,89,1,0
RoboFlamingo,calibration,abc_d_official_1000seq_workers4,90,1,0
RoboFlamingo,calibration,abc_d_official_1000seq_workers4,91,3,0
RoboFlamingo,calibration,abc_d_official_1000seq_workers4,92,2,0
RoboFlamingo,calibration,abc_d_official_1000seq_workers4,93,1,0
RoboFlamingo,calibration,abc_d_official_1000seq_workers4,94,5,1
RoboFlamingo,calibration,abc_d_official_1000seq_workers4,95,1,0
RoboFlamingo,calibration,abc_d_official_1000seq_workers4,96,4,0
RoboFlamingo,calibration,abc_d_official_1000seq_workers4,97,1,0
RoboFlamingo,calibration,abc_d_official_1000seq_workers4,98,2,0
RoboFlamingo,calibration,abc_d_official_1000seq_workers4,99,2,0
RoboFlamingo,calibration,abc_d_official_1000seq_workers4,100,2,0
RoboFlamingo,calibration,abc_d_official_1000seq_workers4,101,0,0
RoboFlamingo,calibration,abc_d_official_1000seq_workers4,102,5,1
RoboFlamingo,calibration,abc_d_official_1000seq_workers4,103,3,0
RoboFlamingo,calibration,abc_d_official_1000seq_workers4,104,2,0
RoboFlamingo,calibration,abc_d_official_1000seq_workers4,105,2,0
RoboFlamingo,calibration,abc_d_official_1000seq_workers4,106,3,0
RoboFlamingo,calibration,abc_d_official_1000seq_workers4,107,4,0
RoboFlamingo,calibration,abc_d_official_1000seq_workers4,108,0,0
RoboFlamingo,calibration,abc_d_official_1000seq_workers4,109,5,1
RoboFlamingo,calibration,abc_d_official_1000seq_workers4,110,1,0
RoboFlamingo,calibration,abc_d_official_1000seq_workers4,111,0,0
RoboFlamingo,calibration,abc_d_official_1000seq_workers4,112,1,0
RoboFlamingo,calibration,abc_d_official_1000seq_workers4,113,5,1
RoboFlamingo,calibration,abc_d_official_1000seq_workers4,114,3,0
RoboFlamingo,calibration,abc_d_official_1000seq_workers4,115,4,0
RoboFlamingo,calibration,abc_d_official_1000seq_workers4,116,3,0
RoboFlamingo,calibration,abc_d_official_1000seq_workers4,117,0,0
RoboFlamingo,calibration,abc_d_official_1000seq_workers4,118,2,0
RoboFlamingo,calibration,abc_d_official_1000seq_workers4,119,0,0
RoboFlamingo,calibration,abc_d_official_1000seq_workers4,120,5,1
RoboFlamingo,calibration,abc_d_official_1000seq_workers4,121,0,0
RoboFlamingo,calibration,abc_d_official_1000seq_workers4,122,3,0
RoboFlamingo,calibration,abc_d_official_1000seq_workers4,123,0,0
RoboFlamingo,calibration,abc_d_official_1000seq_workers4,124,2,0
RoboFlamingo,calibration,abc_d_official_1000seq_workers4,125,1,0
RoboFlamingo,calibration,abc_d_official_1000seq_workers4,126,5,1
RoboFlamingo,calibration,abc_d_official_1000seq_workers4,127,2,0
RoboFlamingo,calibration,abc_d_official_1000seq_workers4,128,2,0
RoboFlamingo,calibration,abc_d_official_1000seq_workers4,129,0,0
RoboFlamingo,calibration,abc_d_official_1000seq_workers4,130,1,0
RoboFlamingo,calibration,abc_d_official_1000seq_workers4,131,0,0
RoboFlamingo,calibration,abc_d_official_1000seq_workers4,132,3,0
RoboFlamingo,calibration,abc_d_official_1000seq_workers4,133,5,1
RoboFlamingo,calibration,abc_d_official_1000seq_workers4,134,5,1
RoboFlamingo,calibration,abc_d_official_1000seq_workers4,135,3,0
RoboFlamingo,calibration,abc_d_official_1000seq_workers4,136,4,0
RoboFlamingo,calibration,abc_d_official_1000seq_workers4,137,4,0
RoboFlamingo,calibration,abc_d_official_1000seq_workers4,138,3,0
RoboFlamingo,calibration,abc_d_official_1000seq_workers4,139,0,0
RoboFlamingo,calibration,abc_d_official_1000seq_workers4,140,3,0
RoboFlamingo,calibration,abc_d_official_1000seq_workers4,141,1,0
RoboFlamingo,calibration,abc_d_official_1000seq_workers4,142,4,0
RoboFlamingo,calibration,abc_d_official_1000seq_workers4,143,4,0
RoboFlamingo,calibration,abc_d_official_1000seq_workers4,144,2,0
RoboFlamingo,calibration,abc_d_official_1000seq_workers4,145,0,0
RoboFlamingo,calibration,abc_d_official_1000seq_workers4,146,0,0
RoboFlamingo,calibration,abc_d_official_1000seq_workers4,147,5,1
RoboFlamingo,calibration,abc_d_official_1000seq_workers4,148,1,0
RoboFlamingo,calibration,abc_d_official_1000seq_workers4,149,4,0
RoboFlamingo,calibration,abc_d_official_1000seq_workers4,150,3,0
RoboFlamingo,calibration,abc_d_official_1000seq_workers4,151,3,0
RoboFlamingo,calibration,abc_d_official_1000seq_workers4,152,5,1
RoboFlamingo,calibration,abc_d_official_1000seq_workers4,153,5,1
RoboFlamingo,calibration,abc_d_official_1000seq_workers4,154,5,1
RoboFlamingo,calibration,abc_d_official_1000seq_workers4,155,5,1
RoboFlamingo,calibration,abc_d_official_1000seq_workers4,156,5,1
RoboFlamingo,calibration,abc_d_official_1000seq_workers4,157,5,1
RoboFlamingo,calibration,abc_d_official_1000seq_workers4,158,1,0
RoboFlamingo,calibration,abc_d_official_1000seq_workers4,159,3,0
RoboFlamingo,calibration,abc_d_official_1000seq_workers4,160,5,1
RoboFlamingo,calibration,abc_d_official_1000seq_workers4,161,0,0
RoboFlamingo,calibration,abc_d_official_1000seq_workers4,162,4,0
RoboFlamingo,calibration,abc_d_official_1000seq_workers4,163,4,0
RoboFlamingo,calibration,abc_d_official_1000seq_workers4,164,3,0
RoboFlamingo,calibration,abc_d_official_1000seq_workers4,165,2,0
RoboFlamingo,calibration,abc_d_official_1000seq_workers4,166,2,0
RoboFlamingo,calibration,abc_d_official_1000seq_workers4,167,5,1
RoboFlamingo,calibration,abc_d_official_1000seq_workers4,168,3,0
RoboFlamingo,calibration,abc_d_official_1000seq_workers4,169,5,1
RoboFlamingo,calibration,abc_d_official_1000seq_workers4,170,0,0
RoboFlamingo,calibration,abc_d_official_1000seq_workers4,171,5,1
RoboFlamingo,calibration,abc_d_official_1000seq_workers4,172,0,0
RoboFlamingo,calibration,abc_d_official_1000seq_workers4,173,5,1
RoboFlamingo,calibration,abc_d_official_1000seq_workers4,174,4,0
RoboFlamingo,calibration,abc_d_official_1000seq_workers4,175,2,0
RoboFlamingo,calibration,abc_d_official_1000seq_workers4,176,1,0
RoboFlamingo,calibration,abc_d_official_1000seq_workers4,177,0,0
RoboFlamingo,calibration,abc_d_official_1000seq_workers4,178,4,0
RoboFlamingo,calibration,abc_d_official_1000seq_workers4,179,1,0
RoboFlamingo,calibration,abc_d_official_1000seq_workers4,180,2,0
RoboFlamingo,calibration,abc_d_official_1000seq_workers4,181,0,0
RoboFlamingo,calibration,abc_d_official_1000seq_workers4,182,0,0
RoboFlamingo,calibration,abc_d_official_1000seq_workers4,183,3,0
RoboFlamingo,calibration,abc_d_official_1000seq_workers4,184,0,0
RoboFlamingo,calibration,abc_d_official_1000seq_workers4,185,2,0
RoboFlamingo,calibration,abc_d_official_1000seq_workers4,186,2,0
RoboFlamingo,calibration,abc_d_official_1000seq_workers4,187,1,0
RoboFlamingo,calibration,abc_d_official_1000seq_workers4,188,2,0
RoboFlamingo,calibration,abc_d_official_1000seq_workers4,189,3,0
RoboFlamingo,calibration,abc_d_official_1000seq_workers4,190,1,0
RoboFlamingo,calibration,abc_d_official_1000seq_workers4,191,3,0
RoboFlamingo,calibration,abc_d_official_1000seq_workers4,192,5,1
RoboFlamingo,calibration,abc_d_official_1000seq_workers4,193,3,0
RoboFlamingo,calibration,abc_d_official_1000seq_workers4,194,3,0
RoboFlamingo,calibration,abc_d_official_1000seq_workers4,195,3,0
RoboFlamingo,calibration,abc_d_official_1000seq_workers4,196,0,0
RoboFlamingo,calibration,abc_d_official_1000seq_workers4,197,0,0
RoboFlamingo,calibration,abc_d_official_1000seq_workers4,198,4,0
RoboFlamingo,calibration,abc_d_official_1000seq_workers4,199,3,0
RoboFlamingo,calibration,abc_d_official_1000seq_workers4,200,5,1
RoboFlamingo,calibration,abc_d_official_1000seq_workers4,201,1,0
RoboFlamingo,calibration,abc_d_official_1000seq_workers4,202,2,0
RoboFlamingo,calibration,abc_d_official_1000seq_workers4,203,3,0
RoboFlamingo,calibration,abc_d_official_1000seq_workers4,204,1,0
RoboFlamingo,calibration,abc_d_official_1000seq_workers4,205,2,0
RoboFlamingo,calibration,abc_d_official_1000seq_workers4,206,2,0
RoboFlamingo,calibration,abc_d_official_1000seq_workers4,207,2,0
RoboFlamingo,calibration,abc_d_official_1000seq_workers4,208,1,0
RoboFlamingo,calibration,abc_d_official_1000seq_workers4,209,1,0
RoboFlamingo,calibration,abc_d_official_1000seq_workers4,210,0,0
RoboFlamingo,calibration,abc_d_official_1000seq_workers4,211,4,0
RoboFlamingo,calibration,abc_d_official_1000seq_workers4,212,1,0
RoboFlamingo,calibration,abc_d_official_1000seq_workers4,213,1,0
RoboFlamingo,calibration,abc_d_official_1000seq_workers4,214,5,1
RoboFlamingo,calibration,abc_d_official_1000seq_workers4,215,5,1
RoboFlamingo,calibration,abc_d_official_1000seq_workers4,216,5,1
RoboFlamingo,calibration,abc_d_official_1000seq_workers4,217,4,0
RoboFlamingo,calibration,abc_d_official_1000seq_workers4,218,0,0
RoboFlamingo,calibration,abc_d_official_1000seq_workers4,219,2,0
RoboFlamingo,calibration,abc_d_official_1000seq_workers4,220,2,0
RoboFlamingo,calibration,abc_d_official_1000seq_workers4,221,5,1
RoboFlamingo,calibration,abc_d_official_1000seq_workers4,222,3,0
RoboFlamingo,calibration,abc_d_official_1000seq_workers4,223,1,0
RoboFlamingo,calibration,abc_d_official_1000seq_workers4,224,0,0
RoboFlamingo,calibration,abc_d_official_1000seq_workers4,225,1,0
RoboFlamingo,calibration,abc_d_official_1000seq_workers4,226,5,1
RoboFlamingo,calibration,abc_d_official_1000seq_workers4,227,2,0
RoboFlamingo,calibration,abc_d_official_1000seq_workers4,228,2,0
RoboFlamingo,calibration,abc_d_official_1000seq_workers4,229,1,0
RoboFlamingo,calibration,abc_d_official_1000seq_workers4,230,1,0
RoboFlamingo,calibration,abc_d_official_1000seq_workers4,231,1,0
RoboFlamingo,calibration,abc_d_official_1000seq_workers4,232,2,0
RoboFlamingo,calibration,abc_d_official_1000seq_workers4,233,1,0
RoboFlamingo,calibration,abc_d_official_1000seq_workers4,234,3,0
RoboFlamingo,calibration,abc_d_official_1000seq_workers4,235,0,0
RoboFlamingo,calibration,abc_d_official_1000seq_workers4,236,2,0
RoboFlamingo,calibration,abc_d_official_1000seq_workers4,237,3,0
RoboFlamingo,calibration,abc_d_official_1000seq_workers4,238,0,0
RoboFlamingo,calibration,abc_d_official_1000seq_workers4,239,0,0
RoboFlamingo,calibration,abc_d_official_1000seq_workers4,240,5,1
RoboFlamingo,calibration,abc_d_official_1000seq_workers4,241,1,0
RoboFlamingo,calibration,abc_d_official_1000seq_workers4,242,1,0
RoboFlamingo,calibration,abc_d_official_1000seq_workers4,243,2,0
RoboFlamingo,calibration,abc_d_official_1000seq_workers4,244,1,0
RoboFlamingo,calibration,abc_d_official_1000seq_workers4,245,2,0
RoboFlamingo,calibration,abc_d_official_1000seq_workers4,246,5,1
RoboFlamingo,calibration,abc_d_official_1000seq_workers4,247,2,0
RoboFlamingo,calibration,abc_d_official_1000seq_workers4,248,1,0
RoboFlamingo,calibration,abc_d_official_1000seq_workers4,249,0,0
RoboFlamingo,calibration,abc_d_official_1000seq_workers4,250,1,0
RoboFlamingo,calibration,abc_d_official_1000seq_workers4,251,5,1
RoboFlamingo,calibration,abc_d_official_1000seq_workers4,252,5,1
RoboFlamingo,calibration,abc_d_official_1000seq_workers4,253,2,0
RoboFlamingo,calibration,abc_d_official_1000seq_workers4,254,2,0
RoboFlamingo,calibration,abc_d_official_1000seq_workers4,255,2,0
RoboFlamingo,calibration,abc_d_official_1000seq_workers4,256,1,0
RoboFlamingo,calibration,abc_d_official_1000seq_workers4,257,0,0
RoboFlamingo,calibration,abc_d_official_1000seq_workers4,258,4,0
RoboFlamingo,calibration,abc_d_official_1000seq_workers4,259,1,0
RoboFlamingo,calibration,abc_d_official_1000seq_workers4,260,2,0
RoboFlamingo,calibration,abc_d_official_1000seq_workers4,261,1,0
RoboFlamingo,calibration,abc_d_official_1000seq_workers4,262,2,0
RoboFlamingo,calibration,abc_d_official_1000seq_workers4,263,4,0
RoboFlamingo,calibration,abc_d_official_1000seq_workers4,264,5,1
RoboFlamingo,calibration,abc_d_official_1000seq_workers4,265,5,1
RoboFlamingo,calibration,abc_d_official_1000seq_workers4,266,0,0
RoboFlamingo,calibration,abc_d_official_1000seq_workers4,267,0,0
RoboFlamingo,calibration,abc_d_official_1000seq_workers4,268,4,0
RoboFlamingo,calibration,abc_d_official_1000seq_workers4,269,2,0
RoboFlamingo,calibration,abc_d_official_1000seq_workers4,270,3,0
RoboFlamingo,calibration,abc_d_official_1000seq_workers4,271,5,1
RoboFlamingo,calibration,abc_d_official_1000seq_workers4,272,2,0
RoboFlamingo,calibration,abc_d_official_1000seq_workers4,273,5,1
RoboFlamingo,calibration,abc_d_official_1000seq_workers4,274,1,0
RoboFlamingo,calibration,abc_d_official_1000seq_workers4,275,5,1
RoboFlamingo,calibration,abc_d_official_1000seq_workers4,276,3,0
RoboFlamingo,calibration,abc_d_official_1000seq_workers4,277,5,1
RoboFlamingo,calibration,abc_d_official_1000seq_workers4,278,1,0
RoboFlamingo,calibration,abc_d_official_1000seq_workers4,279,4,0
RoboFlamingo,calibration,abc_d_official_1000seq_workers4,280,2,0
RoboFlamingo,calibration,abc_d_official_1000seq_workers4,281,4,0
RoboFlamingo,calibration,abc_d_official_1000seq_workers4,282,5,1
RoboFlamingo,calibration,abc_d_official_1000seq_workers4,283,5,1
RoboFlamingo,calibration,abc_d_official_1000seq_workers4,284,4,0
RoboFlamingo,calibration,abc_d_official_1000seq_workers4,285,5,1
RoboFlamingo,calibration,abc_d_official_1000seq_workers4,286,2,0
RoboFlamingo,calibration,abc_d_official_1000seq_workers4,287,5,1
RoboFlamingo,calibration,abc_d_official_1000seq_workers4,288,5,1
RoboFlamingo,calibration,abc_d_official_1000seq_workers4,289,5,1
RoboFlamingo,calibration,abc_d_official_1000seq_workers4,290,1,0
RoboFlamingo,calibration,abc_d_official_1000seq_workers4,291,1,0
RoboFlamingo,calibration,abc_d_official_1000seq_workers4,292,0,0
RoboFlamingo,calibration,abc_d_official_1000seq_workers4,293,4,0
RoboFlamingo,calibration,abc_d_official_1000seq_workers4,294,1,0
RoboFlamingo,calibration,abc_d_official_1000seq_workers4,295,1,0
RoboFlamingo,calibration,abc_d_official_1000seq_workers4,296,5,1
RoboFlamingo,calibration,abc_d_official_1000seq_workers4,297,1,0
RoboFlamingo,calibration,abc_d_official_1000seq_workers4,298,2,0
RoboFlamingo,calibration,abc_d_official_1000seq_workers4,299,4,0
RoboFlamingo,calibration,abc_d_official_1000seq_workers4,300,3,0
RoboFlamingo,calibration,abc_d_official_1000seq_workers4,301,3,0
RoboFlamingo,calibration,abc_d_official_1000seq_workers4,302,0,0
RoboFlamingo,calibration,abc_d_official_1000seq_workers4,303,1,0
RoboFlamingo,calibration,abc_d_official_1000seq_workers4,304,2,0
RoboFlamingo,calibration,abc_d_official_1000seq_workers4,305,5,1
RoboFlamingo,calibration,abc_d_official_1000seq_workers4,306,0,0
RoboFlamingo,calibration,abc_d_official_1000seq_workers4,307,3,0
RoboFlamingo,calibration,abc_d_official_1000seq_workers4,308,2,0
RoboFlamingo,calibration,abc_d_official_1000seq_workers4,309,2,0
RoboFlamingo,calibration,abc_d_official_1000seq_workers4,310,0,0
RoboFlamingo,calibration,abc_d_official_1000seq_workers4,311,1,0
RoboFlamingo,calibration,abc_d_official_1000seq_workers4,312,3,0
RoboFlamingo,calibration,abc_d_official_1000seq_workers4,313,1,0
RoboFlamingo,calibration,abc_d_official_1000seq_workers4,314,2,0
RoboFlamingo,calibration,abc_d_official_1000seq_workers4,315,3,0
RoboFlamingo,calibration,abc_d_official_1000seq_workers4,316,0,0
RoboFlamingo,calibration,abc_d_official_1000seq_workers4,317,4,0
RoboFlamingo,calibration,abc_d_official_1000seq_workers4,318,3,0
RoboFlamingo,calibration,abc_d_official_1000seq_workers4,319,1,0
RoboFlamingo,calibration,abc_d_official_1000seq_workers4,320,1,0
RoboFlamingo,calibration,abc_d_official_1000seq_workers4,321,1,0
RoboFlamingo,calibration,abc_d_official_1000seq_workers4,322,3,0
RoboFlamingo,calibration,abc_d_official_1000seq_workers4,323,1,0
RoboFlamingo,calibration,abc_d_official_1000seq_workers4,324,3,0
RoboFlamingo,calibration,abc_d_official_1000seq_workers4,325,5,1
RoboFlamingo,calibration,abc_d_official_1000seq_workers4,326,2,0
RoboFlamingo,calibration,abc_d_official_1000seq_workers4,327,3,0
RoboFlamingo,calibration,abc_d_official_1000seq_workers4,328,1,0
RoboFlamingo,calibration,abc_d_official_1000seq_workers4,329,5,1
RoboFlamingo,calibration,abc_d_official_1000seq_workers4,330,3,0
RoboFlamingo,calibration,abc_d_official_1000seq_workers4,331,4,0
RoboFlamingo,calibration,abc_d_official_1000seq_workers4,332,5,1
RoboFlamingo,calibration,abc_d_official_1000seq_workers4,333,2,0
RoboFlamingo,calibration,abc_d_official_1000seq_workers4,334,4,0
RoboFlamingo,calibration,abc_d_official_1000seq_workers4,335,0,0
RoboFlamingo,calibration,abc_d_official_1000seq_workers4,336,4,0
RoboFlamingo,calibration,abc_d_official_1000seq_workers4,337,4,0
RoboFlamingo,calibration,abc_d_official_1000seq_workers4,338,0,0
RoboFlamingo,calibration,abc_d_official_1000seq_workers4,339,4,0
RoboFlamingo,calibration,abc_d_official_1000seq_workers4,340,0,0
RoboFlamingo,calibration,abc_d_official_1000seq_workers4,341,0,0
RoboFlamingo,calibration,abc_d_official_1000seq_workers4,342,4,0
RoboFlamingo,calibration,abc_d_official_1000seq_workers4,343,3,0
RoboFlamingo,calibration,abc_d_official_1000seq_workers4,344,5,1
RoboFlamingo,calibration,abc_d_official_1000seq_workers4,345,3,0
RoboFlamingo,calibration,abc_d_official_1000seq_workers4,346,0,0
RoboFlamingo,calibration,abc_d_official_1000seq_workers4,347,0,0
RoboFlamingo,calibration,abc_d_official_1000seq_workers4,348,0,0
RoboFlamingo,calibration,abc_d_official_1000seq_workers4,349,0,0
RoboFlamingo,calibration,abc_d_official_1000seq_workers4,350,5,1
RoboFlamingo,calibration,abc_d_official_1000seq_workers4,351,1,0
RoboFlamingo,calibration,abc_d_official_1000seq_workers4,352,0,0
RoboFlamingo,calibration,abc_d_official_1000seq_workers4,353,4,0
RoboFlamingo,calibration,abc_d_official_1000seq_workers4,354,3,0
RoboFlamingo,calibration,abc_d_official_1000seq_workers4,355,1,0
RoboFlamingo,calibration,abc_d_official_1000seq_workers4,356,2,0
RoboFlamingo,calibration,abc_d_official_1000seq_workers4,357,5,1
RoboFlamingo,calibration,abc_d_official_1000seq_workers4,358,2,0
RoboFlamingo,calibration,abc_d_official_1000seq_workers4,359,3,0
RoboFlamingo,calibration,abc_d_official_1000seq_workers4,360,2,0
RoboFlamingo,calibration,abc_d_official_1000seq_workers4,361,3,0
RoboFlamingo,calibration,abc_d_official_1000seq_workers4,362,3,0
RoboFlamingo,calibration,abc_d_official_1000seq_workers4,363,2,0
RoboFlamingo,calibration,abc_d_official_1000seq_workers4,364,5,1
RoboFlamingo,calibration,abc_d_official_1000seq_workers4,365,4,0
RoboFlamingo,calibration,abc_d_official_1000seq_workers4,366,4,0
RoboFlamingo,calibration,abc_d_official_1000seq_workers4,367,5,1
RoboFlamingo,calibration,abc_d_official_1000seq_workers4,368,5,1
RoboFlamingo,calibration,abc_d_official_1000seq_workers4,369,1,0
RoboFlamingo,calibration,abc_d_official_1000seq_workers4,370,0,0
RoboFlamingo,calibration,abc_d_official_1000seq_workers4,371,4,0
RoboFlamingo,calibration,abc_d_official_1000seq_workers4,372,4,0
RoboFlamingo,calibration,abc_d_official_1000seq_workers4,373,0,0
RoboFlamingo,calibration,abc_d_official_1000seq_workers4,374,2,0
RoboFlamingo,calibration,abc_d_official_1000seq_workers4,375,2,0
RoboFlamingo,calibration,abc_d_official_1000seq_workers4,376,0,0
RoboFlamingo,calibration,abc_d_official_1000seq_workers4,377,4,0
RoboFlamingo,calibration,abc_d_official_1000seq_workers4,378,1,0
RoboFlamingo,calibration,abc_d_official_1000seq_workers4,379,1,0
RoboFlamingo,calibration,abc_d_official_1000seq_workers4,380,5,1
RoboFlamingo,calibration,abc_d_official_1000seq_workers4,381,2,0
RoboFlamingo,calibration,abc_d_official_1000seq_workers4,382,5,1
RoboFlamingo,calibration,abc_d_official_1000seq_workers4,383,4,0
RoboFlamingo,calibration,abc_d_official_1000seq_workers4,384,0,0
RoboFlamingo,calibration,abc_d_official_1000seq_workers4,385,1,0
RoboFlamingo,calibration,abc_d_official_1000seq_workers4,386,1,0
RoboFlamingo,calibration,abc_d_official_1000seq_workers4,387,2,0
RoboFlamingo,calibration,abc_d_official_1000seq_workers4,388,1,0
RoboFlamingo,calibration,abc_d_official_1000seq_workers4,389,5,1
RoboFlamingo,calibration,abc_d_official_1000seq_workers4,390,0,0
RoboFlamingo,calibration,abc_d_official_1000seq_workers4,391,0,0
RoboFlamingo,calibration,abc_d_official_1000seq_workers4,392,0,0
RoboFlamingo,calibration,abc_d_official_1000seq_workers4,393,2,0
RoboFlamingo,calibration,abc_d_official_1000seq_workers4,394,0,0
RoboFlamingo,calibration,abc_d_official_1000seq_workers4,395,1,0
RoboFlamingo,calibration,abc_d_official_1000seq_workers4,396,5,1
RoboFlamingo,calibration,abc_d_official_1000seq_workers4,397,5,1
RoboFlamingo,calibration,abc_d_official_1000seq_workers4,398,5,1
RoboFlamingo,calibration,abc_d_official_1000seq_workers4,399,0,0
RoboFlamingo,calibration,abc_d_official_1000seq_workers4,400,0,0
RoboFlamingo,calibration,abc_d_official_1000seq_workers4,401,1,0
RoboFlamingo,calibration,abc_d_official_1000seq_workers4,402,0,0
RoboFlamingo,calibration,abc_d_official_1000seq_workers4,403,5,1
RoboFlamingo,calibration,abc_d_official_1000seq_workers4,404,3,0
RoboFlamingo,calibration,abc_d_official_1000seq_workers4,405,5,1
RoboFlamingo,calibration,abc_d_official_1000seq_workers4,406,4,0
RoboFlamingo,calibration,abc_d_official_1000seq_workers4,407,1,0
RoboFlamingo,calibration,abc_d_official_1000seq_workers4,408,2,0
RoboFlamingo,calibration,abc_d_official_1000seq_workers4,409,0,0
RoboFlamingo,calibration,abc_d_official_1000seq_workers4,410,2,0
RoboFlamingo,calibration,abc_d_official_1000seq_workers4,411,0,0
RoboFlamingo,calibration,abc_d_official_1000seq_workers4,412,0,0
RoboFlamingo,calibration,abc_d_official_1000seq_workers4,413,5,1
RoboFlamingo,calibration,abc_d_official_1000seq_workers4,414,0,0
RoboFlamingo,calibration,abc_d_official_1000seq_workers4,415,5,1
RoboFlamingo,calibration,abc_d_official_1000seq_workers4,416,3,0
RoboFlamingo,calibration,abc_d_official_1000seq_workers4,417,4,0
RoboFlamingo,calibration,abc_d_official_1000seq_workers4,418,1,0
RoboFlamingo,calibration,abc_d_official_1000seq_workers4,419,0,0
RoboFlamingo,calibration,abc_d_official_1000seq_workers4,420,4,0
RoboFlamingo,calibration,abc_d_official_1000seq_workers4,421,2,0
RoboFlamingo,calibration,abc_d_official_1000seq_workers4,422,5,1
RoboFlamingo,calibration,abc_d_official_1000seq_workers4,423,0,0
RoboFlamingo,calibration,abc_d_official_1000seq_workers4,424,5,1
RoboFlamingo,calibration,abc_d_official_1000seq_workers4,425,5,1
RoboFlamingo,calibration,abc_d_official_1000seq_workers4,426,5,1
RoboFlamingo,calibration,abc_d_official_1000seq_workers4,427,5,1
RoboFlamingo,calibration,abc_d_official_1000seq_workers4,428,3,0
RoboFlamingo,calibration,abc_d_official_1000seq_workers4,429,1,0
RoboFlamingo,calibration,abc_d_official_1000seq_workers4,430,1,0
RoboFlamingo,calibration,abc_d_official_1000seq_workers4,431,5,1
RoboFlamingo,calibration,abc_d_official_1000seq_workers4,432,1,0
RoboFlamingo,calibration,abc_d_official_1000seq_workers4,433,1,0
RoboFlamingo,calibration,abc_d_official_1000seq_workers4,434,0,0
RoboFlamingo,calibration,abc_d_official_1000seq_workers4,435,3,0
RoboFlamingo,calibration,abc_d_official_1000seq_workers4,436,1,0
RoboFlamingo,calibration,abc_d_official_1000seq_workers4,437,4,0
RoboFlamingo,calibration,abc_d_official_1000seq_workers4,438,2,0
RoboFlamingo,calibration,abc_d_official_1000seq_workers4,439,5,1
RoboFlamingo,calibration,abc_d_official_1000seq_workers4,440,1,0
RoboFlamingo,calibration,abc_d_official_1000seq_workers4,441,2,0
RoboFlamingo,calibration,abc_d_official_1000seq_workers4,442,5,1
RoboFlamingo,calibration,abc_d_official_1000seq_workers4,443,1,0
RoboFlamingo,calibration,abc_d_official_1000seq_workers4,444,3,0
RoboFlamingo,calibration,abc_d_official_1000seq_workers4,445,5,1
RoboFlamingo,calibration,abc_d_official_1000seq_workers4,446,0,0
RoboFlamingo,calibration,abc_d_official_1000seq_workers4,447,1,0
RoboFlamingo,calibration,abc_d_official_1000seq_workers4,448,2,0
RoboFlamingo,calibration,abc_d_official_1000seq_workers4,449,1,0
RoboFlamingo,calibration,abc_d_official_1000seq_workers4,450,0,0
RoboFlamingo,calibration,abc_d_official_1000seq_workers4,451,0,0
RoboFlamingo,calibration,abc_d_official_1000seq_workers4,452,3,0
RoboFlamingo,calibration,abc_d_official_1000seq_workers4,453,1,0
RoboFlamingo,calibration,abc_d_official_1000seq_workers4,454,0,0
RoboFlamingo,calibration,abc_d_official_1000seq_workers4,455,4,0
RoboFlamingo,calibration,abc_d_official_1000seq_workers4,456,0,0
RoboFlamingo,calibration,abc_d_official_1000seq_workers4,457,2,0
RoboFlamingo,calibration,abc_d_official_1000seq_workers4,458,5,1
RoboFlamingo,calibration,abc_d_official_1000seq_workers4,459,5,1
RoboFlamingo,calibration,abc_d_official_1000seq_workers4,460,2,0
RoboFlamingo,calibration,abc_d_official_1000seq_workers4,461,2,0
RoboFlamingo,calibration,abc_d_official_1000seq_workers4,462,4,0
RoboFlamingo,calibration,abc_d_official_1000seq_workers4,463,1,0
RoboFlamingo,calibration,abc_d_official_1000seq_workers4,464,1,0
RoboFlamingo,calibration,abc_d_official_1000seq_workers4,465,5,1
RoboFlamingo,calibration,abc_d_official_1000seq_workers4,466,5,1
RoboFlamingo,calibration,abc_d_official_1000seq_workers4,467,0,0
RoboFlamingo,calibration,abc_d_official_1000seq_workers4,468,1,0
RoboFlamingo,calibration,abc_d_official_1000seq_workers4,469,5,1
RoboFlamingo,calibration,abc_d_official_1000seq_workers4,470,2,0
RoboFlamingo,calibration,abc_d_official_1000seq_workers4,471,1,0
RoboFlamingo,calibration,abc_d_official_1000seq_workers4,472,0,0
RoboFlamingo,calibration,abc_d_official_1000seq_workers4,473,1,0
RoboFlamingo,calibration,abc_d_official_1000seq_workers4,474,2,0
RoboFlamingo,calibration,abc_d_official_1000seq_workers4,475,5,1
RoboFlamingo,calibration,abc_d_official_1000seq_workers4,476,5,1
RoboFlamingo,calibration,abc_d_official_1000seq_workers4,477,5,1
RoboFlamingo,calibration,abc_d_official_1000seq_workers4,478,2,0
RoboFlamingo,calibration,abc_d_official_1000seq_workers4,479,3,0
RoboFlamingo,calibration,abc_d_official_1000seq_workers4,480,1,0
RoboFlamingo,calibration,abc_d_official_1000seq_workers4,481,1,0
RoboFlamingo,calibration,abc_d_official_1000seq_workers4,482,1,0
RoboFlamingo,calibration,abc_d_official_1000seq_workers4,483,2,0
RoboFlamingo,calibration,abc_d_official_1000seq_workers4,484,1,0
RoboFlamingo,calibration,abc_d_official_1000seq_workers4,485,3,0
RoboFlamingo,calibration,abc_d_official_1000seq_workers4,486,3,0
RoboFlamingo,calibration,abc_d_official_1000seq_workers4,487,5,1
RoboFlamingo,calibration,abc_d_official_1000seq_workers4,488,5,1
RoboFlamingo,calibration,abc_d_official_1000seq_workers4,489,5,1
RoboFlamingo,calibration,abc_d_official_1000seq_workers4,490,5,1
RoboFlamingo,calibration,abc_d_official_1000seq_workers4,491,1,0
RoboFlamingo,calibration,abc_d_official_1000seq_workers4,492,4,0
RoboFlamingo,calibration,abc_d_official_1000seq_workers4,493,0,0
RoboFlamingo,calibration,abc_d_official_1000seq_workers4,494,0,0
RoboFlamingo,calibration,abc_d_official_1000seq_workers4,495,0,0
RoboFlamingo,calibration,abc_d_official_1000seq_workers4,496,5,1
RoboFlamingo,calibration,abc_d_official_1000seq_workers4,497,3,0
RoboFlamingo,calibration,abc_d_official_1000seq_workers4,498,2,0
RoboFlamingo,calibration,abc_d_official_1000seq_workers4,499,5,1
RoboFlamingo,calibration,abc_d_official_1000seq_workers4,500,1,0
RoboFlamingo,calibration,abc_d_official_1000seq_workers4,501,1,0
RoboFlamingo,calibration,abc_d_official_1000seq_workers4,502,0,0
RoboFlamingo,calibration,abc_d_official_1000seq_workers4,503,3,0
RoboFlamingo,calibration,abc_d_official_1000seq_workers4,504,0,0
RoboFlamingo,calibration,abc_d_official_1000seq_workers4,505,1,0
RoboFlamingo,calibration,abc_d_official_1000seq_workers4,506,5,1
RoboFlamingo,calibration,abc_d_official_1000seq_workers4,507,1,0
RoboFlamingo,calibration,abc_d_official_1000seq_workers4,508,1,0
RoboFlamingo,calibration,abc_d_official_1000seq_workers4,509,0,0
RoboFlamingo,calibration,abc_d_official_1000seq_workers4,510,0,0
RoboFlamingo,calibration,abc_d_official_1000seq_workers4,511,0,0
RoboFlamingo,calibration,abc_d_official_1000seq_workers4,512,2,0
RoboFlamingo,calibration,abc_d_official_1000seq_workers4,513,5,1
RoboFlamingo,calibration,abc_d_official_1000seq_workers4,514,2,0
RoboFlamingo,calibration,abc_d_official_1000seq_workers4,515,2,0
RoboFlamingo,calibration,abc_d_official_1000seq_workers4,516,1,0
RoboFlamingo,calibration,abc_d_official_1000seq_workers4,517,4,0
RoboFlamingo,calibration,abc_d_official_1000seq_workers4,518,3,0
RoboFlamingo,calibration,abc_d_official_1000seq_workers4,519,0,0
RoboFlamingo,calibration,abc_d_official_1000seq_workers4,520,1,0
RoboFlamingo,calibration,abc_d_official_1000seq_workers4,521,2,0
RoboFlamingo,calibration,abc_d_official_1000seq_workers4,522,5,1
RoboFlamingo,calibration,abc_d_official_1000seq_workers4,523,1,0
RoboFlamingo,calibration,abc_d_official_1000seq_workers4,524,5,1
RoboFlamingo,calibration,abc_d_official_1000seq_workers4,525,2,0
RoboFlamingo,calibration,abc_d_official_1000seq_workers4,526,5,1
RoboFlamingo,calibration,abc_d_official_1000seq_workers4,527,5,1
RoboFlamingo,calibration,abc_d_official_1000seq_workers4,528,5,1
RoboFlamingo,calibration,abc_d_official_1000seq_workers4,529,0,0
RoboFlamingo,calibration,abc_d_official_1000seq_workers4,530,0,0
RoboFlamingo,calibration,abc_d_official_1000seq_workers4,531,0,0
RoboFlamingo,calibration,abc_d_official_1000seq_workers4,532,0,0
RoboFlamingo,calibration,abc_d_official_1000seq_workers4,533,3,0
RoboFlamingo,calibration,abc_d_official_1000seq_workers4,534,1,0
RoboFlamingo,calibration,abc_d_official_1000seq_workers4,535,5,1
RoboFlamingo,calibration,abc_d_official_1000seq_workers4,536,0,0
RoboFlamingo,calibration,abc_d_official_1000seq_workers4,537,4,0
RoboFlamingo,calibration,abc_d_official_1000seq_workers4,538,1,0
RoboFlamingo,calibration,abc_d_official_1000seq_workers4,539,5,1
RoboFlamingo,calibration,abc_d_official_1000seq_workers4,540,0,0
RoboFlamingo,calibration,abc_d_official_1000seq_workers4,541,5,1
RoboFlamingo,calibration,abc_d_official_1000seq_workers4,542,1,0
RoboFlamingo,calibration,abc_d_official_1000seq_workers4,543,5,1
RoboFlamingo,calibration,abc_d_official_1000seq_workers4,544,1,0
RoboFlamingo,calibration,abc_d_official_1000seq_workers4,545,3,0
RoboFlamingo,calibration,abc_d_official_1000seq_workers4,546,3,0
RoboFlamingo,calibration,abc_d_official_1000seq_workers4,547,5,1
RoboFlamingo,calibration,abc_d_official_1000seq_workers4,548,0,0
RoboFlamingo,calibration,abc_d_official_1000seq_workers4,549,5,1
RoboFlamingo,calibration,abc_d_official_1000seq_workers4,550,1,0
RoboFlamingo,calibration,abc_d_official_1000seq_workers4,551,5,1
RoboFlamingo,calibration,abc_d_official_1000seq_workers4,552,1,0
RoboFlamingo,calibration,abc_d_official_1000seq_workers4,553,1,0
RoboFlamingo,calibration,abc_d_official_1000seq_workers4,554,1,0
RoboFlamingo,calibration,abc_d_official_1000seq_workers4,555,2,0
RoboFlamingo,calibration,abc_d_official_1000seq_workers4,556,2,0
RoboFlamingo,calibration,abc_d_official_1000seq_workers4,557,0,0
RoboFlamingo,calibration,abc_d_official_1000seq_workers4,558,2,0
RoboFlamingo,calibration,abc_d_official_1000seq_workers4,559,1,0
RoboFlamingo,calibration,abc_d_official_1000seq_workers4,560,3,0
RoboFlamingo,calibration,abc_d_official_1000seq_workers4,561,1,0
RoboFlamingo,calibration,abc_d_official_1000seq_workers4,562,5,1
RoboFlamingo,calibration,abc_d_official_1000seq_workers4,563,3,0
RoboFlamingo,calibration,abc_d_official_1000seq_workers4,564,0,0
RoboFlamingo,calibration,abc_d_official_1000seq_workers4,565,5,1
RoboFlamingo,calibration,abc_d_official_1000seq_workers4,566,0,0
RoboFlamingo,calibration,abc_d_official_1000seq_workers4,567,0,0
RoboFlamingo,calibration,abc_d_official_1000seq_workers4,568,0,0
RoboFlamingo,calibration,abc_d_official_1000seq_workers4,569,2,0
RoboFlamingo,calibration,abc_d_official_1000seq_workers4,570,3,0
RoboFlamingo,calibration,abc_d_official_1000seq_workers4,571,0,0
RoboFlamingo,calibration,abc_d_official_1000seq_workers4,572,5,1
RoboFlamingo,calibration,abc_d_official_1000seq_workers4,573,0,0
RoboFlamingo,calibration,abc_d_official_1000seq_workers4,574,2,0
RoboFlamingo,calibration,abc_d_official_1000seq_workers4,575,0,0
RoboFlamingo,calibration,abc_d_official_1000seq_workers4,576,4,0
RoboFlamingo,calibration,abc_d_official_1000seq_workers4,577,5,1
RoboFlamingo,calibration,abc_d_official_1000seq_workers4,578,1,0
RoboFlamingo,calibration,abc_d_official_1000seq_workers4,579,1,0
RoboFlamingo,calibration,abc_d_official_1000seq_workers4,580,0,0
RoboFlamingo,calibration,abc_d_official_1000seq_workers4,581,3,0
RoboFlamingo,calibration,abc_d_official_1000seq_workers4,582,4,0
RoboFlamingo,calibration,abc_d_official_1000seq_workers4,583,4,0
RoboFlamingo,calibration,abc_d_official_1000seq_workers4,584,4,0
RoboFlamingo,calibration,abc_d_official_1000seq_workers4,585,5,1
RoboFlamingo,calibration,abc_d_official_1000seq_workers4,586,5,1
RoboFlamingo,calibration,abc_d_official_1000seq_workers4,587,4,0
RoboFlamingo,calibration,abc_d_official_1000seq_workers4,588,1,0
RoboFlamingo,calibration,abc_d_official_1000seq_workers4,589,5,1
RoboFlamingo,calibration,abc_d_official_1000seq_workers4,590,5,1
RoboFlamingo,calibration,abc_d_official_1000seq_workers4,591,1,0
RoboFlamingo,calibration,abc_d_official_1000seq_workers4,592,5,1
RoboFlamingo,calibration,abc_d_official_1000seq_workers4,593,1,0
RoboFlamingo,calibration,abc_d_official_1000seq_workers4,594,4,0
RoboFlamingo,calibration,abc_d_official_1000seq_workers4,595,5,1
RoboFlamingo,calibration,abc_d_official_1000seq_workers4,596,1,0
RoboFlamingo,calibration,abc_d_official_1000seq_workers4,597,4,0
RoboFlamingo,calibration,abc_d_official_1000seq_workers4,598,0,0
RoboFlamingo,calibration,abc_d_official_1000seq_workers4,599,1,0
RoboFlamingo,calibration,abc_d_official_1000seq_workers4,600,0,0
RoboFlamingo,calibration,abc_d_official_1000seq_workers4,601,5,1
RoboFlamingo,calibration,abc_d_official_1000seq_workers4,602,3,0
RoboFlamingo,calibration,abc_d_official_1000seq_workers4,603,1,0
RoboFlamingo,calibration,abc_d_official_1000seq_workers4,604,0,0
RoboFlamingo,calibration,abc_d_official_1000seq_workers4,605,0,0
RoboFlamingo,calibration,abc_d_official_1000seq_workers4,606,1,0
RoboFlamingo,calibration,abc_d_official_1000seq_workers4,607,2,0
RoboFlamingo,calibration,abc_d_official_1000seq_workers4,608,0,0
RoboFlamingo,calibration,abc_d_official_1000seq_workers4,609,1,0
RoboFlamingo,calibration,abc_d_official_1000seq_workers4,610,3,0
RoboFlamingo,calibration,abc_d_official_1000seq_workers4,611,3,0
RoboFlamingo,calibration,abc_d_official_1000seq_workers4,612,2,0
RoboFlamingo,calibration,abc_d_official_1000seq_workers4,613,0,0
RoboFlamingo,calibration,abc_d_official_1000seq_workers4,614,5,1
RoboFlamingo,calibration,abc_d_official_1000seq_workers4,615,0,0
RoboFlamingo,calibration,abc_d_official_1000seq_workers4,616,3,0
RoboFlamingo,calibration,abc_d_official_1000seq_workers4,617,2,0
RoboFlamingo,calibration,abc_d_official_1000seq_workers4,618,2,0
RoboFlamingo,calibration,abc_d_official_1000seq_workers4,619,2,0
RoboFlamingo,calibration,abc_d_official_1000seq_workers4,620,2,0
RoboFlamingo,calibration,abc_d_official_1000seq_workers4,621,5,1
RoboFlamingo,calibration,abc_d_official_1000seq_workers4,622,1,0
RoboFlamingo,calibration,abc_d_official_1000seq_workers4,623,5,1
RoboFlamingo,calibration,abc_d_official_1000seq_workers4,624,0,0
RoboFlamingo,calibration,abc_d_official_1000seq_workers4,625,2,0
RoboFlamingo,calibration,abc_d_official_1000seq_workers4,626,5,1
RoboFlamingo,calibration,abc_d_official_1000seq_workers4,627,5,1
RoboFlamingo,calibration,abc_d_official_1000seq_workers4,628,1,0
RoboFlamingo,calibration,abc_d_official_1000seq_workers4,629,4,0
RoboFlamingo,calibration,abc_d_official_1000seq_workers4,630,5,1
RoboFlamingo,calibration,abc_d_official_1000seq_workers4,631,5,1
RoboFlamingo,calibration,abc_d_official_1000seq_workers4,632,5,1
RoboFlamingo,calibration,abc_d_official_1000seq_workers4,633,3,0
RoboFlamingo,calibration,abc_d_official_1000seq_workers4,634,0,0
RoboFlamingo,calibration,abc_d_official_1000seq_workers4,635,5,1
RoboFlamingo,calibration,abc_d_official_1000seq_workers4,636,5,1
RoboFlamingo,calibration,abc_d_official_1000seq_workers4,637,2,0
RoboFlamingo,calibration,abc_d_official_1000seq_workers4,638,0,0
RoboFlamingo,calibration,abc_d_official_1000seq_workers4,639,0,0
RoboFlamingo,calibration,abc_d_official_1000seq_workers4,640,0,0
RoboFlamingo,calibration,abc_d_official_1000seq_workers4,641,5,1
RoboFlamingo,calibration,abc_d_official_1000seq_workers4,642,4,0
RoboFlamingo,calibration,abc_d_official_1000seq_workers4,643,0,0
RoboFlamingo,calibration,abc_d_official_1000seq_workers4,644,0,0
RoboFlamingo,calibration,abc_d_official_1000seq_workers4,645,0,0
RoboFlamingo,calibration,abc_d_official_1000seq_workers4,646,1,0
RoboFlamingo,calibration,abc_d_official_1000seq_workers4,647,4,0
RoboFlamingo,calibration,abc_d_official_1000seq_workers4,648,1,0
RoboFlamingo,calibration,abc_d_official_1000seq_workers4,649,1,0
RoboFlamingo,calibration,abc_d_official_1000seq_workers4,650,4,0
RoboFlamingo,calibration,abc_d_official_1000seq_workers4,651,3,0
RoboFlamingo,calibration,abc_d_official_1000seq_workers4,652,1,0
RoboFlamingo,calibration,abc_d_official_1000seq_workers4,653,1,0
RoboFlamingo,calibration,abc_d_official_1000seq_workers4,654,1,0
RoboFlamingo,calibration,abc_d_official_1000seq_workers4,655,1,0
RoboFlamingo,calibration,abc_d_official_1000seq_workers4,656,0,0
RoboFlamingo,calibration,abc_d_official_1000seq_workers4,657,5,1
RoboFlamingo,calibration,abc_d_official_1000seq_workers4,658,5,1
RoboFlamingo,calibration,abc_d_official_1000seq_workers4,659,3,0
RoboFlamingo,calibration,abc_d_official_1000seq_workers4,660,5,1
RoboFlamingo,calibration,abc_d_official_1000seq_workers4,661,3,0
RoboFlamingo,calibration,abc_d_official_1000seq_workers4,662,3,0
RoboFlamingo,calibration,abc_d_official_1000seq_workers4,663,0,0
RoboFlamingo,calibration,abc_d_official_1000seq_workers4,664,2,0
RoboFlamingo,calibration,abc_d_official_1000seq_workers4,665,0,0
RoboFlamingo,calibration,abc_d_official_1000seq_workers4,666,2,0
RoboFlamingo,calibration,abc_d_official_1000seq_workers4,667,1,0
RoboFlamingo,calibration,abc_d_official_1000seq_workers4,668,0,0
RoboFlamingo,calibration,abc_d_official_1000seq_workers4,669,4,0
RoboFlamingo,calibration,abc_d_official_1000seq_workers4,670,2,0
RoboFlamingo,calibration,abc_d_official_1000seq_workers4,671,1,0
RoboFlamingo,calibration,abc_d_official_1000seq_workers4,672,5,1
RoboFlamingo,calibration,abc_d_official_1000seq_workers4,673,2,0
RoboFlamingo,calibration,abc_d_official_1000seq_workers4,674,2,0
RoboFlamingo,calibration,abc_d_official_1000seq_workers4,675,1,0
RoboFlamingo,calibration,abc_d_official_1000seq_workers4,676,1,0
RoboFlamingo,calibration,abc_d_official_1000seq_workers4,677,5,1
RoboFlamingo,calibration,abc_d_official_1000seq_workers4,678,2,0
RoboFlamingo,calibration,abc_d_official_1000seq_workers4,679,5,1
RoboFlamingo,calibration,abc_d_official_1000seq_workers4,680,5,1
RoboFlamingo,calibration,abc_d_official_1000seq_workers4,681,2,0
RoboFlamingo,calibration,abc_d_official_1000seq_workers4,682,3,0
RoboFlamingo,calibration,abc_d_official_1000seq_workers4,683,3,0
RoboFlamingo,calibration,abc_d_official_1000seq_workers4,684,3,0
RoboFlamingo,calibration,abc_d_official_1000seq_workers4,685,5,1
RoboFlamingo,calibration,abc_d_official_1000seq_workers4,686,0,0
RoboFlamingo,calibration,abc_d_official_1000seq_workers4,687,1,0
RoboFlamingo,calibration,abc_d_official_1000seq_workers4,688,4,0
RoboFlamingo,calibration,abc_d_official_1000seq_workers4,689,5,1
RoboFlamingo,calibration,abc_d_official_1000seq_workers4,690,0,0
RoboFlamingo,calibration,abc_d_official_1000seq_workers4,691,1,0
RoboFlamingo,calibration,abc_d_official_1000seq_workers4,692,1,0
RoboFlamingo,calibration,abc_d_official_1000seq_workers4,693,5,1
RoboFlamingo,calibration,abc_d_official_1000seq_workers4,694,5,1
RoboFlamingo,calibration,abc_d_official_1000seq_workers4,695,0,0
RoboFlamingo,calibration,abc_d_official_1000seq_workers4,696,1,0
RoboFlamingo,calibration,abc_d_official_1000seq_workers4,697,0,0
RoboFlamingo,calibration,abc_d_official_1000seq_workers4,698,1,0
RoboFlamingo,calibration,abc_d_official_1000seq_workers4,699,1,0
RoboFlamingo,calibration,abc_d_official_1000seq_workers4,700,3,0
RoboFlamingo,calibration,abc_d_official_1000seq_workers4,701,5,1
RoboFlamingo,calibration,abc_d_official_1000seq_workers4,702,5,1
RoboFlamingo,calibration,abc_d_official_1000seq_workers4,703,0,0
RoboFlamingo,calibration,abc_d_official_1000seq_workers4,704,2,0
RoboFlamingo,calibration,abc_d_official_1000seq_workers4,705,4,0
RoboFlamingo,calibration,abc_d_official_1000seq_workers4,706,0,0
RoboFlamingo,calibration,abc_d_official_1000seq_workers4,707,1,0
RoboFlamingo,calibration,abc_d_official_1000seq_workers4,708,4,0
RoboFlamingo,calibration,abc_d_official_1000seq_workers4,709,0,0
RoboFlamingo,calibration,abc_d_official_1000seq_workers4,710,1,0
RoboFlamingo,calibration,abc_d_official_1000seq_workers4,711,1,0
RoboFlamingo,calibration,abc_d_official_1000seq_workers4,712,0,0
RoboFlamingo,calibration,abc_d_official_1000seq_workers4,713,2,0
RoboFlamingo,calibration,abc_d_official_1000seq_workers4,714,3,0
RoboFlamingo,calibration,abc_d_official_1000seq_workers4,715,1,0
RoboFlamingo,calibration,abc_d_official_1000seq_workers4,716,0,0
RoboFlamingo,calibration,abc_d_official_1000seq_workers4,717,3,0
RoboFlamingo,calibration,abc_d_official_1000seq_workers4,718,4,0
RoboFlamingo,calibration,abc_d_official_1000seq_workers4,719,4,0
RoboFlamingo,calibration,abc_d_official_1000seq_workers4,720,0,0
RoboFlamingo,calibration,abc_d_official_1000seq_workers4,721,5,1
RoboFlamingo,calibration,abc_d_official_1000seq_workers4,722,1,0
RoboFlamingo,calibration,abc_d_official_1000seq_workers4,723,1,0
RoboFlamingo,calibration,abc_d_official_1000seq_workers4,724,5,1
RoboFlamingo,calibration,abc_d_official_1000seq_workers4,725,2,0
RoboFlamingo,calibration,abc_d_official_1000seq_workers4,726,5,1
RoboFlamingo,calibration,abc_d_official_1000seq_workers4,727,5,1
RoboFlamingo,calibration,abc_d_official_1000seq_workers4,728,1,0
RoboFlamingo,calibration,abc_d_official_1000seq_workers4,729,4,0
RoboFlamingo,calibration,abc_d_official_1000seq_workers4,730,3,0
RoboFlamingo,calibration,abc_d_official_1000seq_workers4,731,5,1
RoboFlamingo,calibration,abc_d_official_1000seq_workers4,732,1,0
RoboFlamingo,calibration,abc_d_official_1000seq_workers4,733,0,0
RoboFlamingo,calibration,abc_d_official_1000seq_workers4,734,2,0
RoboFlamingo,calibration,abc_d_official_1000seq_workers4,735,1,0
RoboFlamingo,calibration,abc_d_official_1000seq_workers4,736,1,0
RoboFlamingo,calibration,abc_d_official_1000seq_workers4,737,5,1
RoboFlamingo,calibration,abc_d_official_1000seq_workers4,738,3,0
RoboFlamingo,calibration,abc_d_official_1000seq_workers4,739,1,0
RoboFlamingo,calibration,abc_d_official_1000seq_workers4,740,2,0
RoboFlamingo,calibration,abc_d_official_1000seq_workers4,741,3,0
RoboFlamingo,calibration,abc_d_official_1000seq_workers4,742,1,0
RoboFlamingo,calibration,abc_d_official_1000seq_workers4,743,2,0
RoboFlamingo,calibration,abc_d_official_1000seq_workers4,744,5,1
RoboFlamingo,calibration,abc_d_official_1000seq_workers4,745,5,1
RoboFlamingo,calibration,abc_d_official_1000seq_workers4,746,3,0
RoboFlamingo,calibration,abc_d_official_1000seq_workers4,747,2,0
RoboFlamingo,calibration,abc_d_official_1000seq_workers4,748,5,1
RoboFlamingo,calibration,abc_d_official_1000seq_workers4,749,2,0
RoboFlamingo,calibration,abc_d_official_1000seq_workers4,750,2,0
RoboFlamingo,calibration,abc_d_official_1000seq_workers4,751,1,0
RoboFlamingo,calibration,abc_d_official_1000seq_workers4,752,0,0
RoboFlamingo,calibration,abc_d_official_1000seq_workers4,753,4,0
RoboFlamingo,calibration,abc_d_official_1000seq_workers4,754,5,1
RoboFlamingo,calibration,abc_d_official_1000seq_workers4,755,1,0
RoboFlamingo,calibration,abc_d_official_1000seq_workers4,756,1,0
RoboFlamingo,calibration,abc_d_official_1000seq_workers4,757,3,0
RoboFlamingo,calibration,abc_d_official_1000seq_workers4,758,0,0
RoboFlamingo,calibration,abc_d_official_1000seq_workers4,759,5,1
RoboFlamingo,calibration,abc_d_official_1000seq_workers4,760,5,1
RoboFlamingo,calibration,abc_d_official_1000seq_workers4,761,0,0
RoboFlamingo,calibration,abc_d_official_1000seq_workers4,762,4,0
RoboFlamingo,calibration,abc_d_official_1000seq_workers4,763,5,1
RoboFlamingo,calibration,abc_d_official_1000seq_workers4,764,0,0
RoboFlamingo,calibration,abc_d_official_1000seq_workers4,765,1,0
RoboFlamingo,calibration,abc_d_official_1000seq_workers4,766,3,0
RoboFlamingo,calibration,abc_d_official_1000seq_workers4,767,2,0
RoboFlamingo,calibration,abc_d_official_1000seq_workers4,768,0,0
RoboFlamingo,calibration,abc_d_official_1000seq_workers4,769,1,0
RoboFlamingo,calibration,abc_d_official_1000seq_workers4,770,3,0
RoboFlamingo,calibration,abc_d_official_1000seq_workers4,771,1,0
RoboFlamingo,calibration,abc_d_official_1000seq_workers4,772,2,0
RoboFlamingo,calibration,abc_d_official_1000seq_workers4,773,5,1
RoboFlamingo,calibration,abc_d_official_1000seq_workers4,774,0,0
RoboFlamingo,calibration,abc_d_official_1000seq_workers4,775,1,0
RoboFlamingo,calibration,abc_d_official_1000seq_workers4,776,2,0
RoboFlamingo,calibration,abc_d_official_1000seq_workers4,777,3,0
RoboFlamingo,calibration,abc_d_official_1000seq_workers4,778,0,0
RoboFlamingo,calibration,abc_d_official_1000seq_workers4,779,0,0
RoboFlamingo,calibration,abc_d_official_1000seq_workers4,780,0,0
RoboFlamingo,calibration,abc_d_official_1000seq_workers4,781,2,0
RoboFlamingo,calibration,abc_d_official_1000seq_workers4,782,3,0
RoboFlamingo,calibration,abc_d_official_1000seq_workers4,783,3,0
RoboFlamingo,calibration,abc_d_official_1000seq_workers4,784,1,0
RoboFlamingo,calibration,abc_d_official_1000seq_workers4,785,2,0
RoboFlamingo,calibration,abc_d_official_1000seq_workers4,786,1,0
RoboFlamingo,calibration,abc_d_official_1000seq_workers4,787,4,0
RoboFlamingo,calibration,abc_d_official_1000seq_workers4,788,0,0
RoboFlamingo,calibration,abc_d_official_1000seq_workers4,789,1,0
RoboFlamingo,calibration,abc_d_official_1000seq_workers4,790,4,0
RoboFlamingo,calibration,abc_d_official_1000seq_workers4,791,0,0
RoboFlamingo,calibration,abc_d_official_1000seq_workers4,792,0,0
RoboFlamingo,calibration,abc_d_official_1000seq_workers4,793,1,0
RoboFlamingo,calibration,abc_d_official_1000seq_workers4,794,4,0
RoboFlamingo,calibration,abc_d_official_1000seq_workers4,795,2,0
RoboFlamingo,calibration,abc_d_official_1000seq_workers4,796,0,0
RoboFlamingo,calibration,abc_d_official_1000seq_workers4,797,5,1
RoboFlamingo,calibration,abc_d_official_1000seq_workers4,798,0,0
RoboFlamingo,calibration,abc_d_official_1000seq_workers4,799,5,1
RoboFlamingo,calibration,abc_d_official_1000seq_workers4,800,0,0
RoboFlamingo,calibration,abc_d_official_1000seq_workers4,801,1,0
RoboFlamingo,calibration,abc_d_official_1000seq_workers4,802,1,0
RoboFlamingo,calibration,abc_d_official_1000seq_workers4,803,3,0
RoboFlamingo,calibration,abc_d_official_1000seq_workers4,804,0,0
RoboFlamingo,calibration,abc_d_official_1000seq_workers4,805,3,0
RoboFlamingo,calibration,abc_d_official_1000seq_workers4,806,4,0
RoboFlamingo,calibration,abc_d_official_1000seq_workers4,807,2,0
RoboFlamingo,calibration,abc_d_official_1000seq_workers4,808,4,0
RoboFlamingo,calibration,abc_d_official_1000seq_workers4,809,4,0
RoboFlamingo,calibration,abc_d_official_1000seq_workers4,810,3,0
RoboFlamingo,calibration,abc_d_official_1000seq_workers4,811,5,1
RoboFlamingo,calibration,abc_d_official_1000seq_workers4,812,1,0
RoboFlamingo,calibration,abc_d_official_1000seq_workers4,813,4,0
RoboFlamingo,calibration,abc_d_official_1000seq_workers4,814,3,0
RoboFlamingo,calibration,abc_d_official_1000seq_workers4,815,3,0
RoboFlamingo,calibration,abc_d_official_1000seq_workers4,816,0,0
RoboFlamingo,calibration,abc_d_official_1000seq_workers4,817,1,0
RoboFlamingo,calibration,abc_d_official_1000seq_workers4,818,2,0
RoboFlamingo,calibration,abc_d_official_1000seq_workers4,819,0,0
RoboFlamingo,calibration,abc_d_official_1000seq_workers4,820,5,1
RoboFlamingo,calibration,abc_d_official_1000seq_workers4,821,1,0
RoboFlamingo,calibration,abc_d_official_1000seq_workers4,822,1,0
RoboFlamingo,calibration,abc_d_official_1000seq_workers4,823,2,0
RoboFlamingo,calibration,abc_d_official_1000seq_workers4,824,0,0
RoboFlamingo,calibration,abc_d_official_1000seq_workers4,825,0,0
RoboFlamingo,calibration,abc_d_official_1000seq_workers4,826,5,1
RoboFlamingo,calibration,abc_d_official_1000seq_workers4,827,0,0
RoboFlamingo,calibration,abc_d_official_1000seq_workers4,828,5,1
RoboFlamingo,calibration,abc_d_official_1000seq_workers4,829,5,1
RoboFlamingo,calibration,abc_d_official_1000seq_workers4,830,5,1
RoboFlamingo,calibration,abc_d_official_1000seq_workers4,831,2,0
RoboFlamingo,calibration,abc_d_official_1000seq_workers4,832,2,0
RoboFlamingo,calibration,abc_d_official_1000seq_workers4,833,1,0
RoboFlamingo,calibration,abc_d_official_1000seq_workers4,834,3,0
RoboFlamingo,calibration,abc_d_official_1000seq_workers4,835,4,0
RoboFlamingo,calibration,abc_d_official_1000seq_workers4,836,5,1
RoboFlamingo,calibration,abc_d_official_1000seq_workers4,837,0,0
RoboFlamingo,calibration,abc_d_official_1000seq_workers4,838,2,0
RoboFlamingo,calibration,abc_d_official_1000seq_workers4,839,4,0
RoboFlamingo,calibration,abc_d_official_1000seq_workers4,840,5,1
RoboFlamingo,calibration,abc_d_official_1000seq_workers4,841,2,0
RoboFlamingo,calibration,abc_d_official_1000seq_workers4,842,1,0
RoboFlamingo,calibration,abc_d_official_1000seq_workers4,843,5,1
RoboFlamingo,calibration,abc_d_official_1000seq_workers4,844,1,0
RoboFlamingo,calibration,abc_d_official_1000seq_workers4,845,5,1
RoboFlamingo,calibration,abc_d_official_1000seq_workers4,846,3,0
RoboFlamingo,calibration,abc_d_official_1000seq_workers4,847,1,0
RoboFlamingo,calibration,abc_d_official_1000seq_workers4,848,1,0
RoboFlamingo,calibration,abc_d_official_1000seq_workers4,849,5,1
RoboFlamingo,calibration,abc_d_official_1000seq_workers4,850,4,0
RoboFlamingo,calibration,abc_d_official_1000seq_workers4,851,5,1
RoboFlamingo,calibration,abc_d_official_1000seq_workers4,852,0,0
RoboFlamingo,calibration,abc_d_official_1000seq_workers4,853,2,0
RoboFlamingo,calibration,abc_d_official_1000seq_workers4,854,0,0
RoboFlamingo,calibration,abc_d_official_1000seq_workers4,855,5,1
RoboFlamingo,calibration,abc_d_official_1000seq_workers4,856,0,0
RoboFlamingo,calibration,abc_d_official_1000seq_workers4,857,1,0
RoboFlamingo,calibration,abc_d_official_1000seq_workers4,858,3,0
RoboFlamingo,calibration,abc_d_official_1000seq_workers4,859,0,0
RoboFlamingo,calibration,abc_d_official_1000seq_workers4,860,1,0
RoboFlamingo,calibration,abc_d_official_1000seq_workers4,861,0,0
RoboFlamingo,calibration,abc_d_official_1000seq_workers4,862,4,0
RoboFlamingo,calibration,abc_d_official_1000seq_workers4,863,5,1
RoboFlamingo,calibration,abc_d_official_1000seq_workers4,864,1,0
RoboFlamingo,calibration,abc_d_official_1000seq_workers4,865,0,0
RoboFlamingo,calibration,abc_d_official_1000seq_workers4,866,2,0
RoboFlamingo,calibration,abc_d_official_1000seq_workers4,867,4,0
RoboFlamingo,calibration,abc_d_official_1000seq_workers4,868,2,0
RoboFlamingo,calibration,abc_d_official_1000seq_workers4,869,0,0
RoboFlamingo,calibration,abc_d_official_1000seq_workers4,870,4,0
RoboFlamingo,calibration,abc_d_official_1000seq_workers4,871,1,0
RoboFlamingo,calibration,abc_d_official_1000seq_workers4,872,0,0
RoboFlamingo,calibration,abc_d_official_1000seq_workers4,873,5,1
RoboFlamingo,calibration,abc_d_official_1000seq_workers4,874,2,0
RoboFlamingo,calibration,abc_d_official_1000seq_workers4,875,2,0
RoboFlamingo,calibration,abc_d_official_1000seq_workers4,876,1,0
RoboFlamingo,calibration,abc_d_official_1000seq_workers4,877,2,0
RoboFlamingo,calibration,abc_d_official_1000seq_workers4,878,2,0
RoboFlamingo,calibration,abc_d_official_1000seq_workers4,879,5,1
RoboFlamingo,calibration,abc_d_official_1000seq_workers4,880,2,0
RoboFlamingo,calibration,abc_d_official_1000seq_workers4,881,0,0
RoboFlamingo,calibration,abc_d_official_1000seq_workers4,882,2,0
RoboFlamingo,calibration,abc_d_official_1000seq_workers4,883,5,1
RoboFlamingo,calibration,abc_d_official_1000seq_workers4,884,0,0
RoboFlamingo,calibration,abc_d_official_1000seq_workers4,885,0,0
RoboFlamingo,calibration,abc_d_official_1000seq_workers4,886,0,0
RoboFlamingo,calibration,abc_d_official_1000seq_workers4,887,5,1
RoboFlamingo,calibration,abc_d_official_1000seq_workers4,888,1,0
RoboFlamingo,calibration,abc_d_official_1000seq_workers4,889,4,0
RoboFlamingo,calibration,abc_d_official_1000seq_workers4,890,2,0
RoboFlamingo,calibration,abc_d_official_1000seq_workers4,891,1,0
RoboFlamingo,calibration,abc_d_official_1000seq_workers4,892,5,1
RoboFlamingo,calibration,abc_d_official_1000seq_workers4,893,0,0
RoboFlamingo,calibration,abc_d_official_1000seq_workers4,894,5,1
RoboFlamingo,calibration,abc_d_official_1000seq_workers4,895,2,0
RoboFlamingo,calibration,abc_d_official_1000seq_workers4,896,1,0
RoboFlamingo,calibration,abc_d_official_1000seq_workers4,897,0,0
RoboFlamingo,calibration,abc_d_official_1000seq_workers4,898,5,1
RoboFlamingo,calibration,abc_d_official_1000seq_workers4,899,0,0
RoboFlamingo,calibration,abc_d_official_1000seq_workers4,900,1,0
RoboFlamingo,calibration,abc_d_official_1000seq_workers4,901,3,0
RoboFlamingo,calibration,abc_d_official_1000seq_workers4,902,2,0
RoboFlamingo,calibration,abc_d_official_1000seq_workers4,903,1,0
RoboFlamingo,calibration,abc_d_official_1000seq_workers4,904,5,1
RoboFlamingo,calibration,abc_d_official_1000seq_workers4,905,1,0
RoboFlamingo,calibration,abc_d_official_1000seq_workers4,906,5,1
RoboFlamingo,calibration,abc_d_official_1000seq_workers4,907,1,0
RoboFlamingo,calibration,abc_d_official_1000seq_workers4,908,3,0
RoboFlamingo,calibration,abc_d_official_1000seq_workers4,909,3,0
RoboFlamingo,calibration,abc_d_official_1000seq_workers4,910,5,1
RoboFlamingo,calibration,abc_d_official_1000seq_workers4,911,5,1
RoboFlamingo,calibration,abc_d_official_1000seq_workers4,912,5,1
RoboFlamingo,calibration,abc_d_official_1000seq_workers4,913,1,0
RoboFlamingo,calibration,abc_d_official_1000seq_workers4,914,3,0
RoboFlamingo,calibration,abc_d_official_1000seq_workers4,915,5,1
RoboFlamingo,calibration,abc_d_official_1000seq_workers4,916,0,0
RoboFlamingo,calibration,abc_d_official_1000seq_workers4,917,0,0
RoboFlamingo,calibration,abc_d_official_1000seq_workers4,918,2,0
RoboFlamingo,calibration,abc_d_official_1000seq_workers4,919,0,0
RoboFlamingo,calibration,abc_d_official_1000seq_workers4,920,1,0
RoboFlamingo,calibration,abc_d_official_1000seq_workers4,921,4,0
RoboFlamingo,calibration,abc_d_official_1000seq_workers4,922,4,0
RoboFlamingo,calibration,abc_d_official_1000seq_workers4,923,3,0
RoboFlamingo,calibration,abc_d_official_1000seq_workers4,924,4,0
RoboFlamingo,calibration,abc_d_official_1000seq_workers4,925,1,0
RoboFlamingo,calibration,abc_d_official_1000seq_workers4,926,3,0
RoboFlamingo,calibration,abc_d_official_1000seq_workers4,927,0,0
RoboFlamingo,calibration,abc_d_official_1000seq_workers4,928,3,0
RoboFlamingo,calibration,abc_d_official_1000seq_workers4,929,5,1
RoboFlamingo,calibration,abc_d_official_1000seq_workers4,930,4,0
RoboFlamingo,calibration,abc_d_official_1000seq_workers4,931,0,0
RoboFlamingo,calibration,abc_d_official_1000seq_workers4,932,1,0
RoboFlamingo,calibration,abc_d_official_1000seq_workers4,933,0,0
RoboFlamingo,calibration,abc_d_official_1000seq_workers4,934,5,1
RoboFlamingo,calibration,abc_d_official_1000seq_workers4,935,5,1
RoboFlamingo,calibration,abc_d_official_1000seq_workers4,936,0,0
RoboFlamingo,calibration,abc_d_official_1000seq_workers4,937,5,1
RoboFlamingo,calibration,abc_d_official_1000seq_workers4,938,3,0
RoboFlamingo,calibration,abc_d_official_1000seq_workers4,939,2,0
RoboFlamingo,calibration,abc_d_official_1000seq_workers4,940,4,0
RoboFlamingo,calibration,abc_d_official_1000seq_workers4,941,1,0
RoboFlamingo,calibration,abc_d_official_1000seq_workers4,942,0,0
RoboFlamingo,calibration,abc_d_official_1000seq_workers4,943,2,0
RoboFlamingo,calibration,abc_d_official_1000seq_workers4,944,3,0
RoboFlamingo,calibration,abc_d_official_1000seq_workers4,945,0,0
RoboFlamingo,calibration,abc_d_official_1000seq_workers4,946,4,0
RoboFlamingo,calibration,abc_d_official_1000seq_workers4,947,5,1
RoboFlamingo,calibration,abc_d_official_1000seq_workers4,948,5,1
RoboFlamingo,calibration,abc_d_official_1000seq_workers4,949,5,1
RoboFlamingo,calibration,abc_d_official_1000seq_workers4,950,0,0
RoboFlamingo,calibration,abc_d_official_1000seq_workers4,951,1,0
RoboFlamingo,calibration,abc_d_official_1000seq_workers4,952,1,0
RoboFlamingo,calibration,abc_d_official_1000seq_workers4,953,0,0
RoboFlamingo,calibration,abc_d_official_1000seq_workers4,954,2,0
RoboFlamingo,calibration,abc_d_official_1000seq_workers4,955,1,0
RoboFlamingo,calibration,abc_d_official_1000seq_workers4,956,5,1
RoboFlamingo,calibration,abc_d_official_1000seq_workers4,957,3,0
RoboFlamingo,calibration,abc_d_official_1000seq_workers4,958,4,0
RoboFlamingo,calibration,abc_d_official_1000seq_workers4,959,2,0
RoboFlamingo,calibration,abc_d_official_1000seq_workers4,960,0,0
RoboFlamingo,calibration,abc_d_official_1000seq_workers4,961,2,0
RoboFlamingo,calibration,abc_d_official_1000seq_workers4,962,5,1
RoboFlamingo,calibration,abc_d_official_1000seq_workers4,963,0,0
RoboFlamingo,calibration,abc_d_official_1000seq_workers4,964,3,0
RoboFlamingo,calibration,abc_d_official_1000seq_workers4,965,0,0
RoboFlamingo,calibration,abc_d_official_1000seq_workers4,966,4,0
RoboFlamingo,calibration,abc_d_official_1000seq_workers4,967,4,0
RoboFlamingo,calibration,abc_d_official_1000seq_workers4,968,3,0
RoboFlamingo,calibration,abc_d_official_1000seq_workers4,969,1,0
RoboFlamingo,calibration,abc_d_official_1000seq_workers4,970,1,0
RoboFlamingo,calibration,abc_d_official_1000seq_workers4,971,2,0
RoboFlamingo,calibration,abc_d_official_1000seq_workers4,972,1,0
RoboFlamingo,calibration,abc_d_official_1000seq_workers4,973,5,1
RoboFlamingo,calibration,abc_d_official_1000seq_workers4,974,0,0
RoboFlamingo,calibration,abc_d_official_1000seq_workers4,975,1,0
RoboFlamingo,calibration,abc_d_official_1000seq_workers4,976,0,0
RoboFlamingo,calibration,abc_d_official_1000seq_workers4,977,2,0
RoboFlamingo,calibration,abc_d_official_1000seq_workers4,978,5,1
RoboFlamingo,calibration,abc_d_official_1000seq_workers4,979,5,1
RoboFlamingo,calibration,abc_d_official_1000seq_workers4,980,3,0
RoboFlamingo,calibration,abc_d_official_1000seq_workers4,981,5,1
RoboFlamingo,calibration,abc_d_official_1000seq_workers4,982,2,0
RoboFlamingo,calibration,abc_d_official_1000seq_workers4,983,5,1
RoboFlamingo,calibration,abc_d_official_1000seq_workers4,984,3,0
RoboFlamingo,calibration,abc_d_official_1000seq_workers4,985,5,1
RoboFlamingo,calibration,abc_d_official_1000seq_workers4,986,0,0
RoboFlamingo,calibration,abc_d_official_1000seq_workers4,987,0,0
RoboFlamingo,calibration,abc_d_official_1000seq_workers4,988,3,0
RoboFlamingo,calibration,abc_d_official_1000seq_workers4,989,1,0
RoboFlamingo,calibration,abc_d_official_1000seq_workers4,990,3,0
RoboFlamingo,calibration,abc_d_official_1000seq_workers4,991,3,0
RoboFlamingo,calibration,abc_d_official_1000seq_workers4,992,5,1
RoboFlamingo,calibration,abc_d_official_1000seq_workers4,993,2,0
RoboFlamingo,calibration,abc_d_official_1000seq_workers4,994,1,0
RoboFlamingo,calibration,abc_d_official_1000seq_workers4,995,4,0
RoboFlamingo,calibration,abc_d_official_1000seq_workers4,996,3,0
RoboFlamingo,calibration,abc_d_official_1000seq_workers4,997,0,0
RoboFlamingo,calibration,abc_d_official_1000seq_workers4,998,3,0
RoboFlamingo,calibration,abc_d_official_1000seq_workers4,999,0,0
RoboFlamingo,resampled_pose,abc_d_official_1000seq_workers4,0,1,0
RoboFlamingo,resampled_pose,abc_d_official_1000seq_workers4,1,5,1
RoboFlamingo,resampled_pose,abc_d_official_1000seq_workers4,2,3,0
RoboFlamingo,resampled_pose,abc_d_official_1000seq_workers4,3,0,0
RoboFlamingo,resampled_pose,abc_d_official_1000seq_workers4,4,4,0
RoboFlamingo,resampled_pose,abc_d_official_1000seq_workers4,5,5,1
RoboFlamingo,resampled_pose,abc_d_official_1000seq_workers4,6,1,0
RoboFlamingo,resampled_pose,abc_d_official_1000seq_workers4,7,0,0
RoboFlamingo,resampled_pose,abc_d_official_1000seq_workers4,8,1,0
RoboFlamingo,resampled_pose,abc_d_official_1000seq_workers4,9,0,0
RoboFlamingo,resampled_pose,abc_d_official_1000seq_workers4,10,0,0
RoboFlamingo,resampled_pose,abc_d_official_1000seq_workers4,11,2,0
RoboFlamingo,resampled_pose,abc_d_official_1000seq_workers4,12,1,0
RoboFlamingo,resampled_pose,abc_d_official_1000seq_workers4,13,5,1
RoboFlamingo,resampled_pose,abc_d_official_1000seq_workers4,14,1,0
RoboFlamingo,resampled_pose,abc_d_official_1000seq_workers4,15,0,0
RoboFlamingo,resampled_pose,abc_d_official_1000seq_workers4,16,2,0
RoboFlamingo,resampled_pose,abc_d_official_1000seq_workers4,17,5,1
RoboFlamingo,resampled_pose,abc_d_official_1000seq_workers4,18,1,0
RoboFlamingo,resampled_pose,abc_d_official_1000seq_workers4,19,2,0
RoboFlamingo,resampled_pose,abc_d_official_1000seq_workers4,20,3,0
RoboFlamingo,resampled_pose,abc_d_official_1000seq_workers4,21,0,0
RoboFlamingo,resampled_pose,abc_d_official_1000seq_workers4,22,3,0
RoboFlamingo,resampled_pose,abc_d_official_1000seq_workers4,23,1,0
RoboFlamingo,resampled_pose,abc_d_official_1000seq_workers4,24,4,0
RoboFlamingo,resampled_pose,abc_d_official_1000seq_workers4,25,4,0
RoboFlamingo,resampled_pose,abc_d_official_1000seq_workers4,26,2,0
RoboFlamingo,resampled_pose,abc_d_official_1000seq_workers4,27,5,1
RoboFlamingo,resampled_pose,abc_d_official_1000seq_workers4,28,5,1
RoboFlamingo,resampled_pose,abc_d_official_1000seq_workers4,29,0,0
RoboFlamingo,resampled_pose,abc_d_official_1000seq_workers4,30,5,1
RoboFlamingo,resampled_pose,abc_d_official_1000seq_workers4,31,0,0
RoboFlamingo,resampled_pose,abc_d_official_1000seq_workers4,32,0,0
RoboFlamingo,resampled_pose,abc_d_official_1000seq_workers4,33,3,0
RoboFlamingo,resampled_pose,abc_d_official_1000seq_workers4,34,5,1
RoboFlamingo,resampled_pose,abc_d_official_1000seq_workers4,35,2,0
RoboFlamingo,resampled_pose,abc_d_official_1000seq_workers4,36,2,0
RoboFlamingo,resampled_pose,abc_d_official_1000seq_workers4,37,3,0
RoboFlamingo,resampled_pose,abc_d_official_1000seq_workers4,38,2,0
RoboFlamingo,resampled_pose,abc_d_official_1000seq_workers4,39,1,0
RoboFlamingo,resampled_pose,abc_d_official_1000seq_workers4,40,0,0
RoboFlamingo,resampled_pose,abc_d_official_1000seq_workers4,41,0,0
RoboFlamingo,resampled_pose,abc_d_official_1000seq_workers4,42,0,0
RoboFlamingo,resampled_pose,abc_d_official_1000seq_workers4,43,0,0
RoboFlamingo,resampled_pose,abc_d_official_1000seq_workers4,44,1,0
RoboFlamingo,resampled_pose,abc_d_official_1000seq_workers4,45,0,0
RoboFlamingo,resampled_pose,abc_d_official_1000seq_workers4,46,5,1
RoboFlamingo,resampled_pose,abc_d_official_1000seq_workers4,47,0,0
RoboFlamingo,resampled_pose,abc_d_official_1000seq_workers4,48,0,0
RoboFlamingo,resampled_pose,abc_d_official_1000seq_workers4,49,4,0
RoboFlamingo,resampled_pose,abc_d_official_1000seq_workers4,50,1,0
RoboFlamingo,resampled_pose,abc_d_official_1000seq_workers4,51,3,0
RoboFlamingo,resampled_pose,abc_d_official_1000seq_workers4,52,2,0
RoboFlamingo,resampled_pose,abc_d_official_1000seq_workers4,53,2,0
RoboFlamingo,resampled_pose,abc_d_official_1000seq_workers4,54,2,0
RoboFlamingo,resampled_pose,abc_d_official_1000seq_workers4,55,1,0
RoboFlamingo,resampled_pose,abc_d_official_1000seq_workers4,56,0,0
RoboFlamingo,resampled_pose,abc_d_official_1000seq_workers4,57,5,1
RoboFlamingo,resampled_pose,abc_d_official_1000seq_workers4,58,0,0
RoboFlamingo,resampled_pose,abc_d_official_1000seq_workers4,59,5,1
RoboFlamingo,resampled_pose,abc_d_official_1000seq_workers4,60,1,0
RoboFlamingo,resampled_pose,abc_d_official_1000seq_workers4,61,0,0
RoboFlamingo,resampled_pose,abc_d_official_1000seq_workers4,62,2,0
RoboFlamingo,resampled_pose,abc_d_official_1000seq_workers4,63,0,0
RoboFlamingo,resampled_pose,abc_d_official_1000seq_workers4,64,4,0
RoboFlamingo,resampled_pose,abc_d_official_1000seq_workers4,65,2,0
RoboFlamingo,resampled_pose,abc_d_official_1000seq_workers4,66,0,0
RoboFlamingo,resampled_pose,abc_d_official_1000seq_workers4,67,1,0
RoboFlamingo,resampled_pose,abc_d_official_1000seq_workers4,68,0,0
RoboFlamingo,resampled_pose,abc_d_official_1000seq_workers4,69,3,0
RoboFlamingo,resampled_pose,abc_d_official_1000seq_workers4,70,1,0
RoboFlamingo,resampled_pose,abc_d_official_1000seq_workers4,71,2,0
RoboFlamingo,resampled_pose,abc_d_official_1000seq_workers4,72,1,0
RoboFlamingo,resampled_pose,abc_d_official_1000seq_workers4,73,4,0
RoboFlamingo,resampled_pose,abc_d_official_1000seq_workers4,74,1,0
RoboFlamingo,resampled_pose,abc_d_official_1000seq_workers4,75,0,0
RoboFlamingo,resampled_pose,abc_d_official_1000seq_workers4,76,3,0
RoboFlamingo,resampled_pose,abc_d_official_1000seq_workers4,77,1,0
RoboFlamingo,resampled_pose,abc_d_official_1000seq_workers4,78,5,1
RoboFlamingo,resampled_pose,abc_d_official_1000seq_workers4,79,0,0
RoboFlamingo,resampled_pose,abc_d_official_1000seq_workers4,80,5,1
RoboFlamingo,resampled_pose,abc_d_official_1000seq_workers4,81,2,0
RoboFlamingo,resampled_pose,abc_d_official_1000seq_workers4,82,5,1
RoboFlamingo,resampled_pose,abc_d_official_1000seq_workers4,83,3,0
RoboFlamingo,resampled_pose,abc_d_official_1000seq_workers4,84,0,0
RoboFlamingo,resampled_pose,abc_d_official_1000seq_workers4,85,5,1
RoboFlamingo,resampled_pose,abc_d_official_1000seq_workers4,86,5,1
RoboFlamingo,resampled_pose,abc_d_official_1000seq_workers4,87,0,0
RoboFlamingo,resampled_pose,abc_d_official_1000seq_workers4,88,4,0
RoboFlamingo,resampled_pose,abc_d_official_1000seq_workers4,89,1,0
RoboFlamingo,resampled_pose,abc_d_official_1000seq_workers4,90,2,0
RoboFlamingo,resampled_pose,abc_d_official_1000seq_workers4,91,1,0
RoboFlamingo,resampled_pose,abc_d_official_1000seq_workers4,92,2,0
RoboFlamingo,resampled_pose,abc_d_official_1000seq_workers4,93,0,0
RoboFlamingo,resampled_pose,abc_d_official_1000seq_workers4,94,1,0
RoboFlamingo,resampled_pose,abc_d_official_1000seq_workers4,95,1,0
RoboFlamingo,resampled_pose,abc_d_official_1000seq_workers4,96,1,0
RoboFlamingo,resampled_pose,abc_d_official_1000seq_workers4,97,4,0
RoboFlamingo,resampled_pose,abc_d_official_1000seq_workers4,98,0,0
RoboFlamingo,resampled_pose,abc_d_official_1000seq_workers4,99,0,0
RoboFlamingo,resampled_pose,abc_d_official_1000seq_workers4,100,3,0
RoboFlamingo,resampled_pose,abc_d_official_1000seq_workers4,101,5,1
RoboFlamingo,resampled_pose,abc_d_official_1000seq_workers4,102,3,0
RoboFlamingo,resampled_pose,abc_d_official_1000seq_workers4,103,0,0
RoboFlamingo,resampled_pose,abc_d_official_1000seq_workers4,104,2,0
RoboFlamingo,resampled_pose,abc_d_official_1000seq_workers4,105,1,0
RoboFlamingo,resampled_pose,abc_d_official_1000seq_workers4,106,4,0
RoboFlamingo,resampled_pose,abc_d_official_1000seq_workers4,107,0,0
RoboFlamingo,resampled_pose,abc_d_official_1000seq_workers4,108,0,0
RoboFlamingo,resampled_pose,abc_d_official_1000seq_workers4,109,0,0
RoboFlamingo,resampled_pose,abc_d_official_1000seq_workers4,110,0,0
RoboFlamingo,resampled_pose,abc_d_official_1000seq_workers4,111,1,0
RoboFlamingo,resampled_pose,abc_d_official_1000seq_workers4,112,0,0
RoboFlamingo,resampled_pose,abc_d_official_1000seq_workers4,113,0,0
RoboFlamingo,resampled_pose,abc_d_official_1000seq_workers4,114,3,0
RoboFlamingo,resampled_pose,abc_d_official_1000seq_workers4,115,5,1
RoboFlamingo,resampled_pose,abc_d_official_1000seq_workers4,116,1,0
RoboFlamingo,resampled_pose,abc_d_official_1000seq_workers4,117,0,0
RoboFlamingo,resampled_pose,abc_d_official_1000seq_workers4,118,2,0
RoboFlamingo,resampled_pose,abc_d_official_1000seq_workers4,119,0,0
RoboFlamingo,resampled_pose,abc_d_official_1000seq_workers4,120,2,0
RoboFlamingo,resampled_pose,abc_d_official_1000seq_workers4,121,0,0
RoboFlamingo,resampled_pose,abc_d_official_1000seq_workers4,122,0,0
RoboFlamingo,resampled_pose,abc_d_official_1000seq_workers4,123,0,0
RoboFlamingo,resampled_pose,abc_d_official_1000seq_workers4,124,2,0
RoboFlamingo,resampled_pose,abc_d_official_1000seq_workers4,125,0,0
RoboFlamingo,resampled_pose,abc_d_official_1000seq_workers4,126,5,1
RoboFlamingo,resampled_pose,abc_d_official_1000seq_workers4,127,2,0
RoboFlamingo,resampled_pose,abc_d_official_1000seq_workers4,128,2,0
RoboFlamingo,resampled_pose,abc_d_official_1000seq_workers4,129,5,1
RoboFlamingo,resampled_pose,abc_d_official_1000seq_workers4,130,4,0
RoboFlamingo,resampled_pose,abc_d_official_1000seq_workers4,131,0,0
RoboFlamingo,resampled_pose,abc_d_official_1000seq_workers4,132,2,0
RoboFlamingo,resampled_pose,abc_d_official_1000seq_workers4,133,3,0
RoboFlamingo,resampled_pose,abc_d_official_1000seq_workers4,134,5,1
RoboFlamingo,resampled_pose,abc_d_official_1000seq_workers4,135,3,0
RoboFlamingo,resampled_pose,abc_d_official_1000seq_workers4,136,2,0
RoboFlamingo,resampled_pose,abc_d_official_1000seq_workers4,137,5,1
RoboFlamingo,resampled_pose,abc_d_official_1000seq_workers4,138,2,0
RoboFlamingo,resampled_pose,abc_d_official_1000seq_workers4,139,0,0
RoboFlamingo,resampled_pose,abc_d_official_1000seq_workers4,140,1,0
RoboFlamingo,resampled_pose,abc_d_official_1000seq_workers4,141,1,0
RoboFlamingo,resampled_pose,abc_d_official_1000seq_workers4,142,4,0
RoboFlamingo,resampled_pose,abc_d_official_1000seq_workers4,143,3,0
RoboFlamingo,resampled_pose,abc_d_official_1000seq_workers4,144,0,0
RoboFlamingo,resampled_pose,abc_d_official_1000seq_workers4,145,0,0
RoboFlamingo,resampled_pose,abc_d_official_1000seq_workers4,146,0,0
RoboFlamingo,resampled_pose,abc_d_official_1000seq_workers4,147,4,0
RoboFlamingo,resampled_pose,abc_d_official_1000seq_workers4,148,1,0
RoboFlamingo,resampled_pose,abc_d_official_1000seq_workers4,149,4,0
RoboFlamingo,resampled_pose,abc_d_official_1000seq_workers4,150,5,1
RoboFlamingo,resampled_pose,abc_d_official_1000seq_workers4,151,3,0
RoboFlamingo,resampled_pose,abc_d_official_1000seq_workers4,152,5,1
RoboFlamingo,resampled_pose,abc_d_official_1000seq_workers4,153,5,1
RoboFlamingo,resampled_pose,abc_d_official_1000seq_workers4,154,1,0
RoboFlamingo,resampled_pose,abc_d_official_1000seq_workers4,155,5,1
RoboFlamingo,resampled_pose,abc_d_official_1000seq_workers4,156,0,0
RoboFlamingo,resampled_pose,abc_d_official_1000seq_workers4,157,2,0
RoboFlamingo,resampled_pose,abc_d_official_1000seq_workers4,158,0,0
RoboFlamingo,resampled_pose,abc_d_official_1000seq_workers4,159,1,0
RoboFlamingo,resampled_pose,abc_d_official_1000seq_workers4,160,1,0
RoboFlamingo,resampled_pose,abc_d_official_1000seq_workers4,161,0,0
RoboFlamingo,resampled_pose,abc_d_official_1000seq_workers4,162,3,0
RoboFlamingo,resampled_pose,abc_d_official_1000seq_workers4,163,0,0
RoboFlamingo,resampled_pose,abc_d_official_1000seq_workers4,164,0,0
RoboFlamingo,resampled_pose,abc_d_official_1000seq_workers4,165,5,1
RoboFlamingo,resampled_pose,abc_d_official_1000seq_workers4,166,1,0
RoboFlamingo,resampled_pose,abc_d_official_1000seq_workers4,167,0,0
RoboFlamingo,resampled_pose,abc_d_official_1000seq_workers4,168,0,0
RoboFlamingo,resampled_pose,abc_d_official_1000seq_workers4,169,5,1
RoboFlamingo,resampled_pose,abc_d_official_1000seq_workers4,170,1,0
RoboFlamingo,resampled_pose,abc_d_official_1000seq_workers4,171,2,0
RoboFlamingo,resampled_pose,abc_d_official_1000seq_workers4,172,0,0
RoboFlamingo,resampled_pose,abc_d_official_1000seq_workers4,173,1,0
RoboFlamingo,resampled_pose,abc_d_official_1000seq_workers4,174,4,0
RoboFlamingo,resampled_pose,abc_d_official_1000seq_workers4,175,2,0
RoboFlamingo,resampled_pose,abc_d_official_1000seq_workers4,176,1,0
RoboFlamingo,resampled_pose,abc_d_official_1000seq_workers4,177,0,0
RoboFlamingo,resampled_pose,abc_d_official_1000seq_workers4,178,2,0
RoboFlamingo,resampled_pose,abc_d_official_1000seq_workers4,179,5,1
RoboFlamingo,resampled_pose,abc_d_official_1000seq_workers4,180,1,0
RoboFlamingo,resampled_pose,abc_d_official_1000seq_workers4,181,0,0
RoboFlamingo,resampled_pose,abc_d_official_1000seq_workers4,182,0,0
RoboFlamingo,resampled_pose,abc_d_official_1000seq_workers4,183,0,0
RoboFlamingo,resampled_pose,abc_d_official_1000seq_workers4,184,5,1
RoboFlamingo,resampled_pose,abc_d_official_1000seq_workers4,185,0,0
RoboFlamingo,resampled_pose,abc_d_official_1000seq_workers4,186,0,0
RoboFlamingo,resampled_pose,abc_d_official_1000seq_workers4,187,1,0
RoboFlamingo,resampled_pose,abc_d_official_1000seq_workers4,188,2,0
RoboFlamingo,resampled_pose,abc_d_official_1000seq_workers4,189,5,1
RoboFlamingo,resampled_pose,abc_d_official_1000seq_workers4,190,1,0
RoboFlamingo,resampled_pose,abc_d_official_1000seq_workers4,191,3,0
RoboFlamingo,resampled_pose,abc_d_official_1000seq_workers4,192,0,0
RoboFlamingo,resampled_pose,abc_d_official_1000seq_workers4,193,4,0
RoboFlamingo,resampled_pose,abc_d_official_1000seq_workers4,194,3,0
RoboFlamingo,resampled_pose,abc_d_official_1000seq_workers4,195,5,1
RoboFlamingo,resampled_pose,abc_d_official_1000seq_workers4,196,0,0
RoboFlamingo,resampled_pose,abc_d_official_1000seq_workers4,197,0,0
RoboFlamingo,resampled_pose,abc_d_official_1000seq_workers4,198,4,0
RoboFlamingo,resampled_pose,abc_d_official_1000seq_workers4,199,4,0
RoboFlamingo,resampled_pose,abc_d_official_1000seq_workers4,200,3,0
RoboFlamingo,resampled_pose,abc_d_official_1000seq_workers4,201,0,0
RoboFlamingo,resampled_pose,abc_d_official_1000seq_workers4,202,4,0
RoboFlamingo,resampled_pose,abc_d_official_1000seq_workers4,203,3,0
RoboFlamingo,resampled_pose,abc_d_official_1000seq_workers4,204,1,0
RoboFlamingo,resampled_pose,abc_d_official_1000seq_workers4,205,2,0
RoboFlamingo,resampled_pose,abc_d_official_1000seq_workers4,206,2,0
RoboFlamingo,resampled_pose,abc_d_official_1000seq_workers4,207,2,0
RoboFlamingo,resampled_pose,abc_d_official_1000seq_workers4,208,1,0
RoboFlamingo,resampled_pose,abc_d_official_1000seq_workers4,209,1,0
RoboFlamingo,resampled_pose,abc_d_official_1000seq_workers4,210,0,0
RoboFlamingo,resampled_pose,abc_d_official_1000seq_workers4,211,1,0
RoboFlamingo,resampled_pose,abc_d_official_1000seq_workers4,212,0,0
RoboFlamingo,resampled_pose,abc_d_official_1000seq_workers4,213,5,1
RoboFlamingo,resampled_pose,abc_d_official_1000seq_workers4,214,2,0
RoboFlamingo,resampled_pose,abc_d_official_1000seq_workers4,215,5,1
RoboFlamingo,resampled_pose,abc_d_official_1000seq_workers4,216,5,1
RoboFlamingo,resampled_pose,abc_d_official_1000seq_workers4,217,4,0
RoboFlamingo,resampled_pose,abc_d_official_1000seq_workers4,218,3,0
RoboFlamingo,resampled_pose,abc_d_official_1000seq_workers4,219,1,0
RoboFlamingo,resampled_pose,abc_d_official_1000seq_workers4,220,2,0
RoboFlamingo,resampled_pose,abc_d_official_1000seq_workers4,221,2,0
RoboFlamingo,resampled_pose,abc_d_official_1000seq_workers4,222,3,0
RoboFlamingo,resampled_pose,abc_d_official_1000seq_workers4,223,0,0
RoboFlamingo,resampled_pose,abc_d_official_1000seq_workers4,224,0,0
RoboFlamingo,resampled_pose,abc_d_official_1000seq_workers4,225,1,0
RoboFlamingo,resampled_pose,abc_d_official_1000seq_workers4,226,3,0
RoboFlamingo,resampled_pose,abc_d_official_1000seq_workers4,227,4,0
RoboFlamingo,resampled_pose,abc_d_official_1000seq_workers4,228,2,0
RoboFlamingo,resampled_pose,abc_d_official_1000seq_workers4,229,1,0
RoboFlamingo,resampled_pose,abc_d_official_1000seq_workers4,230,4,0
RoboFlamingo,resampled_pose,abc_d_official_1000seq_workers4,231,1,0
RoboFlamingo,resampled_pose,abc_d_official_1000seq_workers4,232,1,0
RoboFlamingo,resampled_pose,abc_d_official_1000seq_workers4,233,4,0
RoboFlamingo,resampled_pose,abc_d_official_1000seq_workers4,234,3,0
RoboFlamingo,resampled_pose,abc_d_official_1000seq_workers4,235,1,0
RoboFlamingo,resampled_pose,abc_d_official_1000seq_workers4,236,3,0
RoboFlamingo,resampled_pose,abc_d_official_1000seq_workers4,237,5,1
RoboFlamingo,resampled_pose,abc_d_official_1000seq_workers4,238,1,0
RoboFlamingo,resampled_pose,abc_d_official_1000seq_workers4,239,1,0
RoboFlamingo,resampled_pose,abc_d_official_1000seq_workers4,240,5,1
RoboFlamingo,resampled_pose,abc_d_official_1000seq_workers4,241,1,0
RoboFlamingo,resampled_pose,abc_d_official_1000seq_workers4,242,5,1
RoboFlamingo,resampled_pose,abc_d_official_1000seq_workers4,243,1,0
RoboFlamingo,resampled_pose,abc_d_official_1000seq_workers4,244,1,0
RoboFlamingo,resampled_pose,abc_d_official_1000seq_workers4,245,2,0
RoboFlamingo,resampled_pose,abc_d_official_1000seq_workers4,246,0,0
RoboFlamingo,resampled_pose,abc_d_official_1000seq_workers4,247,5,1
RoboFlamingo,resampled_pose,abc_d_official_1000seq_workers4,248,4,0
RoboFlamingo,resampled_pose,abc_d_official_1000seq_workers4,249,0,0
RoboFlamingo,resampled_pose,abc_d_official_1000seq_workers4,250,3,0
RoboFlamingo,resampled_pose,abc_d_official_1000seq_workers4,251,5,1
RoboFlamingo,resampled_pose,abc_d_official_1000seq_workers4,252,3,0
RoboFlamingo,resampled_pose,abc_d_official_1000seq_workers4,253,2,0
RoboFlamingo,resampled_pose,abc_d_official_1000seq_workers4,254,5,1
RoboFlamingo,resampled_pose,abc_d_official_1000seq_workers4,255,4,0
RoboFlamingo,resampled_pose,abc_d_official_1000seq_workers4,256,0,0
RoboFlamingo,resampled_pose,abc_d_official_1000seq_workers4,257,0,0
RoboFlamingo,resampled_pose,abc_d_official_1000seq_workers4,258,4,0
RoboFlamingo,resampled_pose,abc_d_official_1000seq_workers4,259,0,0
RoboFlamingo,resampled_pose,abc_d_official_1000seq_workers4,260,4,0
RoboFlamingo,resampled_pose,abc_d_official_1000seq_workers4,261,1,0
RoboFlamingo,resampled_pose,abc_d_official_1000seq_workers4,262,3,0
RoboFlamingo,resampled_pose,abc_d_official_1000seq_workers4,263,4,0
RoboFlamingo,resampled_pose,abc_d_official_1000seq_workers4,264,4,0
RoboFlamingo,resampled_pose,abc_d_official_1000seq_workers4,265,1,0
RoboFlamingo,resampled_pose,abc_d_official_1000seq_workers4,266,0,0
RoboFlamingo,resampled_pose,abc_d_official_1000seq_workers4,267,0,0
RoboFlamingo,resampled_pose,abc_d_official_1000seq_workers4,268,1,0
RoboFlamingo,resampled_pose,abc_d_official_1000seq_workers4,269,0,0
RoboFlamingo,resampled_pose,abc_d_official_1000seq_workers4,270,3,0
RoboFlamingo,resampled_pose,abc_d_official_1000seq_workers4,271,2,0
RoboFlamingo,resampled_pose,abc_d_official_1000seq_workers4,272,0,0
RoboFlamingo,resampled_pose,abc_d_official_1000seq_workers4,273,4,0
RoboFlamingo,resampled_pose,abc_d_official_1000seq_workers4,274,3,0
RoboFlamingo,resampled_pose,abc_d_official_1000seq_workers4,275,5,1
RoboFlamingo,resampled_pose,abc_d_official_1000seq_workers4,276,3,0
RoboFlamingo,resampled_pose,abc_d_official_1000seq_workers4,277,1,0
RoboFlamingo,resampled_pose,abc_d_official_1000seq_workers4,278,0,0
RoboFlamingo,resampled_pose,abc_d_official_1000seq_workers4,279,4,0
RoboFlamingo,resampled_pose,abc_d_official_1000seq_workers4,280,2,0
RoboFlamingo,resampled_pose,abc_d_official_1000seq_workers4,281,5,1
RoboFlamingo,resampled_pose,abc_d_official_1000seq_workers4,282,5,1
RoboFlamingo,resampled_pose,abc_d_official_1000seq_workers4,283,1,0
RoboFlamingo,resampled_pose,abc_d_official_1000seq_workers4,284,4,0
RoboFlamingo,resampled_pose,abc_d_official_1000seq_workers4,285,2,0
RoboFlamingo,resampled_pose,abc_d_official_1000seq_workers4,286,2,0
RoboFlamingo,resampled_pose,abc_d_official_1000seq_workers4,287,5,1
RoboFlamingo,resampled_pose,abc_d_official_1000seq_workers4,288,1,0
RoboFlamingo,resampled_pose,abc_d_official_1000seq_workers4,289,5,1
RoboFlamingo,resampled_pose,abc_d_official_1000seq_workers4,290,0,0
RoboFlamingo,resampled_pose,abc_d_official_1000seq_workers4,291,1,0
RoboFlamingo,resampled_pose,abc_d_official_1000seq_workers4,292,1,0
RoboFlamingo,resampled_pose,abc_d_official_1000seq_workers4,293,2,0
RoboFlamingo,resampled_pose,abc_d_official_1000seq_workers4,294,1,0
RoboFlamingo,resampled_pose,abc_d_official_1000seq_workers4,295,1,0
RoboFlamingo,resampled_pose,abc_d_official_1000seq_workers4,296,0,0
RoboFlamingo,resampled_pose,abc_d_official_1000seq_workers4,297,0,0
RoboFlamingo,resampled_pose,abc_d_official_1000seq_workers4,298,1,0
RoboFlamingo,resampled_pose,abc_d_official_1000seq_workers4,299,5,1
RoboFlamingo,resampled_pose,abc_d_official_1000seq_workers4,300,3,0
RoboFlamingo,resampled_pose,abc_d_official_1000seq_workers4,301,3,0
RoboFlamingo,resampled_pose,abc_d_official_1000seq_workers4,302,1,0
RoboFlamingo,resampled_pose,abc_d_official_1000seq_workers4,303,1,0
RoboFlamingo,resampled_pose,abc_d_official_1000seq_workers4,304,2,0
RoboFlamingo,resampled_pose,abc_d_official_1000seq_workers4,305,3,0
RoboFlamingo,resampled_pose,abc_d_official_1000seq_workers4,306,0,0
RoboFlamingo,resampled_pose,abc_d_official_1000seq_workers4,307,3,0
RoboFlamingo,resampled_pose,abc_d_official_1000seq_workers4,308,0,0
RoboFlamingo,resampled_pose,abc_d_official_1000seq_workers4,309,2,0
RoboFlamingo,resampled_pose,abc_d_official_1000seq_workers4,310,1,0
RoboFlamingo,resampled_pose,abc_d_official_1000seq_workers4,311,0,0
RoboFlamingo,resampled_pose,abc_d_official_1000seq_workers4,312,2,0
RoboFlamingo,resampled_pose,abc_d_official_1000seq_workers4,313,1,0
RoboFlamingo,resampled_pose,abc_d_official_1000seq_workers4,314,2,0
RoboFlamingo,resampled_pose,abc_d_official_1000seq_workers4,315,1,0
RoboFlamingo,resampled_pose,abc_d_official_1000seq_workers4,316,0,0
RoboFlamingo,resampled_pose,abc_d_official_1000seq_workers4,317,0,0
RoboFlamingo,resampled_pose,abc_d_official_1000seq_workers4,318,2,0
RoboFlamingo,resampled_pose,abc_d_official_1000seq_workers4,319,1,0
RoboFlamingo,resampled_pose,abc_d_official_1000seq_workers4,320,1,0
RoboFlamingo,resampled_pose,abc_d_official_1000seq_workers4,321,1,0
RoboFlamingo,resampled_pose,abc_d_official_1000seq_workers4,322,3,0
RoboFlamingo,resampled_pose,abc_d_official_1000seq_workers4,323,1,0
RoboFlamingo,resampled_pose,abc_d_official_1000seq_workers4,324,1,0
RoboFlamingo,resampled_pose,abc_d_official_1000seq_workers4,325,5,1
RoboFlamingo,resampled_pose,abc_d_official_1000seq_workers4,326,2,0
RoboFlamingo,resampled_pose,abc_d_official_1000seq_workers4,327,3,0
RoboFlamingo,resampled_pose,abc_d_official_1000seq_workers4,328,1,0
RoboFlamingo,resampled_pose,abc_d_official_1000seq_workers4,329,4,0
RoboFlamingo,resampled_pose,abc_d_official_1000seq_workers4,330,1,0
RoboFlamingo,resampled_pose,abc_d_official_1000seq_workers4,331,2,0
RoboFlamingo,resampled_pose,abc_d_official_1000seq_workers4,332,5,1
RoboFlamingo,resampled_pose,abc_d_official_1000seq_workers4,333,2,0
RoboFlamingo,resampled_pose,abc_d_official_1000seq_workers4,334,1,0
RoboFlamingo,resampled_pose,abc_d_official_1000seq_workers4,335,0,0
RoboFlamingo,resampled_pose,abc_d_official_1000seq_workers4,336,0,0
RoboFlamingo,resampled_pose,abc_d_official_1000seq_workers4,337,1,0
RoboFlamingo,resampled_pose,abc_d_official_1000seq_workers4,338,0,0
RoboFlamingo,resampled_pose,abc_d_official_1000seq_workers4,339,5,1
RoboFlamingo,resampled_pose,abc_d_official_1000seq_workers4,340,0,0
RoboFlamingo,resampled_pose,abc_d_official_1000seq_workers4,341,0,0
RoboFlamingo,resampled_pose,abc_d_official_1000seq_workers4,342,4,0
RoboFlamingo,resampled_pose,abc_d_official_1000seq_workers4,343,2,0
RoboFlamingo,resampled_pose,abc_d_official_1000seq_workers4,344,4,0
RoboFlamingo,resampled_pose,abc_d_official_1000seq_workers4,345,1,0
RoboFlamingo,resampled_pose,abc_d_official_1000seq_workers4,346,3,0
RoboFlamingo,resampled_pose,abc_d_official_1000seq_workers4,347,5,1
RoboFlamingo,resampled_pose,abc_d_official_1000seq_workers4,348,1,0
RoboFlamingo,resampled_pose,abc_d_official_1000seq_workers4,349,0,0
RoboFlamingo,resampled_pose,abc_d_official_1000seq_workers4,350,0,0
RoboFlamingo,resampled_pose,abc_d_official_1000seq_workers4,351,1,0
RoboFlamingo,resampled_pose,abc_d_official_1000seq_workers4,352,0,0
RoboFlamingo,resampled_pose,abc_d_official_1000seq_workers4,353,1,0
RoboFlamingo,resampled_pose,abc_d_official_1000seq_workers4,354,4,0
RoboFlamingo,resampled_pose,abc_d_official_1000seq_workers4,355,5,1
RoboFlamingo,resampled_pose,abc_d_official_1000seq_workers4,356,1,0
RoboFlamingo,resampled_pose,abc_d_official_1000seq_workers4,357,5,1
RoboFlamingo,resampled_pose,abc_d_official_1000seq_workers4,358,2,0
RoboFlamingo,resampled_pose,abc_d_official_1000seq_workers4,359,3,0
RoboFlamingo,resampled_pose,abc_d_official_1000seq_workers4,360,5,1
RoboFlamingo,resampled_pose,abc_d_official_1000seq_workers4,361,3,0
RoboFlamingo,resampled_pose,abc_d_official_1000seq_workers4,362,3,0
RoboFlamingo,resampled_pose,abc_d_official_1000seq_workers4,363,1,0
RoboFlamingo,resampled_pose,abc_d_official_1000seq_workers4,364,1,0
RoboFlamingo,resampled_pose,abc_d_official_1000seq_workers4,365,4,0
RoboFlamingo,resampled_pose,abc_d_official_1000seq_workers4,366,1,0
RoboFlamingo,resampled_pose,abc_d_official_1000seq_workers4,367,0,0
RoboFlamingo,resampled_pose,abc_d_official_1000seq_workers4,368,5,1
RoboFlamingo,resampled_pose,abc_d_official_1000seq_workers4,369,1,0
RoboFlamingo,resampled_pose,abc_d_official_1000seq_workers4,370,1,0
RoboFlamingo,resampled_pose,abc_d_official_1000seq_workers4,371,5,1
RoboFlamingo,resampled_pose,abc_d_official_1000seq_workers4,372,5,1
RoboFlamingo,resampled_pose,abc_d_official_1000seq_workers4,373,0,0
RoboFlamingo,resampled_pose,abc_d_official_1000seq_workers4,374,5,1
RoboFlamingo,resampled_pose,abc_d_official_1000seq_workers4,375,1,0
RoboFlamingo,resampled_pose,abc_d_official_1000seq_workers4,376,1,0
RoboFlamingo,resampled_pose,abc_d_official_1000seq_workers4,377,1,0
RoboFlamingo,resampled_pose,abc_d_official_1000seq_workers4,378,1,0
RoboFlamingo,resampled_pose,abc_d_official_1000seq_workers4,379,0,0
RoboFlamingo,resampled_pose,abc_d_official_1000seq_workers4,380,5,1
RoboFlamingo,resampled_pose,abc_d_official_1000seq_workers4,381,2,0
RoboFlamingo,resampled_pose,abc_d_official_1000seq_workers4,382,0,0
RoboFlamingo,resampled_pose,abc_d_official_1000seq_workers4,383,2,0
RoboFlamingo,resampled_pose,abc_d_official_1000seq_workers4,384,0,0
RoboFlamingo,resampled_pose,abc_d_official_1000seq_workers4,385,1,0
RoboFlamingo,resampled_pose,abc_d_official_1000seq_workers4,386,0,0
RoboFlamingo,resampled_pose,abc_d_official_1000seq_workers4,387,1,0
RoboFlamingo,resampled_pose,abc_d_official_1000seq_workers4,388,3,0
RoboFlamingo,resampled_pose,abc_d_official_1000seq_workers4,389,0,0
RoboFlamingo,resampled_pose,abc_d_official_1000seq_workers4,390,0,0
RoboFlamingo,resampled_pose,abc_d_official_1000seq_workers4,391,1,0
RoboFlamingo,resampled_pose,abc_d_official_1000seq_workers4,392,0,0
RoboFlamingo,resampled_pose,abc_d_official_1000seq_workers4,393,3,0
RoboFlamingo,resampled_pose,abc_d_official_1000seq_workers4,394,0,0
RoboFlamingo,resampled_pose,abc_d_official_1000seq_workers4,395,1,0
RoboFlamingo,resampled_pose,abc_d_official_1000seq_workers4,396,2,0
RoboFlamingo,resampled_pose,abc_d_official_1000seq_workers4,397,5,1
RoboFlamingo,resampled_pose,abc_d_official_1000seq_workers4,398,5,1
RoboFlamingo,resampled_pose,abc_d_official_1000seq_workers4,399,5,1
RoboFlamingo,resampled_pose,abc_d_official_1000seq_workers4,400,0,0
RoboFlamingo,resampled_pose,abc_d_official_1000seq_workers4,401,2,0
RoboFlamingo,resampled_pose,abc_d_official_1000seq_workers4,402,0,0
RoboFlamingo,resampled_pose,abc_d_official_1000seq_workers4,403,5,1
RoboFlamingo,resampled_pose,abc_d_official_1000seq_workers4,404,0,0
RoboFlamingo,resampled_pose,abc_d_official_1000seq_workers4,405,4,0
RoboFlamingo,resampled_pose,abc_d_official_1000seq_workers4,406,5,1
RoboFlamingo,resampled_pose,abc_d_official_1000seq_workers4,407,1,0
RoboFlamingo,resampled_pose,abc_d_official_1000seq_workers4,408,2,0
RoboFlamingo,resampled_pose,abc_d_official_1000seq_workers4,409,0,0
RoboFlamingo,resampled_pose,abc_d_official_1000seq_workers4,410,2,0
RoboFlamingo,resampled_pose,abc_d_official_1000seq_workers4,411,3,0
RoboFlamingo,resampled_pose,abc_d_official_1000seq_workers4,412,0,0
RoboFlamingo,resampled_pose,abc_d_official_1000seq_workers4,413,0,0
RoboFlamingo,resampled_pose,abc_d_official_1000seq_workers4,414,0,0
RoboFlamingo,resampled_pose,abc_d_official_1000seq_workers4,415,5,1
RoboFlamingo,resampled_pose,abc_d_official_1000seq_workers4,416,2,0
RoboFlamingo,resampled_pose,abc_d_official_1000seq_workers4,417,5,1
RoboFlamingo,resampled_pose,abc_d_official_1000seq_workers4,418,1,0
RoboFlamingo,resampled_pose,abc_d_official_1000seq_workers4,419,0,0
RoboFlamingo,resampled_pose,abc_d_official_1000seq_workers4,420,0,0
RoboFlamingo,resampled_pose,abc_d_official_1000seq_workers4,421,0,0
RoboFlamingo,resampled_pose,abc_d_official_1000seq_workers4,422,1,0
RoboFlamingo,resampled_pose,abc_d_official_1000seq_workers4,423,0,0
RoboFlamingo,resampled_pose,abc_d_official_1000seq_workers4,424,5,1
RoboFlamingo,resampled_pose,abc_d_official_1000seq_workers4,425,4,0
RoboFlamingo,resampled_pose,abc_d_official_1000seq_workers4,426,5,1
RoboFlamingo,resampled_pose,abc_d_official_1000seq_workers4,427,1,0
RoboFlamingo,resampled_pose,abc_d_official_1000seq_workers4,428,3,0
RoboFlamingo,resampled_pose,abc_d_official_1000seq_workers4,429,2,0
RoboFlamingo,resampled_pose,abc_d_official_1000seq_workers4,430,0,0
RoboFlamingo,resampled_pose,abc_d_official_1000seq_workers4,431,0,0
RoboFlamingo,resampled_pose,abc_d_official_1000seq_workers4,432,1,0
RoboFlamingo,resampled_pose,abc_d_official_1000seq_workers4,433,1,0
RoboFlamingo,resampled_pose,abc_d_official_1000seq_workers4,434,1,0
RoboFlamingo,resampled_pose,abc_d_official_1000seq_workers4,435,3,0
RoboFlamingo,resampled_pose,abc_d_official_1000seq_workers4,436,2,0
RoboFlamingo,resampled_pose,abc_d_official_1000seq_workers4,437,5,1
RoboFlamingo,resampled_pose,abc_d_official_1000seq_workers4,438,2,0
RoboFlamingo,resampled_pose,abc_d_official_1000seq_workers4,439,5,1
RoboFlamingo,resampled_pose,abc_d_official_1000seq_workers4,440,3,0
RoboFlamingo,resampled_pose,abc_d_official_1000seq_workers4,441,2,0
RoboFlamingo,resampled_pose,abc_d_official_1000seq_workers4,442,1,0
RoboFlamingo,resampled_pose,abc_d_official_1000seq_workers4,443,1,0
RoboFlamingo,resampled_pose,abc_d_official_1000seq_workers4,444,3,0
RoboFlamingo,resampled_pose,abc_d_official_1000seq_workers4,445,1,0
RoboFlamingo,resampled_pose,abc_d_official_1000seq_workers4,446,1,0
RoboFlamingo,resampled_pose,abc_d_official_1000seq_workers4,447,1,0
RoboFlamingo,resampled_pose,abc_d_official_1000seq_workers4,448,2,0
RoboFlamingo,resampled_pose,abc_d_official_1000seq_workers4,449,0,0
RoboFlamingo,resampled_pose,abc_d_official_1000seq_workers4,450,0,0
RoboFlamingo,resampled_pose,abc_d_official_1000seq_workers4,451,2,0
RoboFlamingo,resampled_pose,abc_d_official_1000seq_workers4,452,5,1
RoboFlamingo,resampled_pose,abc_d_official_1000seq_workers4,453,0,0
RoboFlamingo,resampled_pose,abc_d_official_1000seq_workers4,454,0,0
RoboFlamingo,resampled_pose,abc_d_official_1000seq_workers4,455,3,0
RoboFlamingo,resampled_pose,abc_d_official_1000seq_workers4,456,3,0
RoboFlamingo,resampled_pose,abc_d_official_1000seq_workers4,457,2,0
RoboFlamingo,resampled_pose,abc_d_official_1000seq_workers4,458,4,0
RoboFlamingo,resampled_pose,abc_d_official_1000seq_workers4,459,1,0
RoboFlamingo,resampled_pose,abc_d_official_1000seq_workers4,460,2,0
RoboFlamingo,resampled_pose,abc_d_official_1000seq_workers4,461,1,0
RoboFlamingo,resampled_pose,abc_d_official_1000seq_workers4,462,1,0
RoboFlamingo,resampled_pose,abc_d_official_1000seq_workers4,463,1,0
RoboFlamingo,resampled_pose,abc_d_official_1000seq_workers4,464,0,0
RoboFlamingo,resampled_pose,abc_d_official_1000seq_workers4,465,0,0
RoboFlamingo,resampled_pose,abc_d_official_1000seq_workers4,466,0,0
RoboFlamingo,resampled_pose,abc_d_official_1000seq_workers4,467,0,0
RoboFlamingo,resampled_pose,abc_d_official_1000seq_workers4,468,0,0
RoboFlamingo,resampled_pose,abc_d_official_1000seq_workers4,469,5,1
RoboFlamingo,resampled_pose,abc_d_official_1000seq_workers4,470,1,0
RoboFlamingo,resampled_pose,abc_d_official_1000seq_workers4,471,0,0
RoboFlamingo,resampled_pose,abc_d_official_1000seq_workers4,472,0,0
RoboFlamingo,resampled_pose,abc_d_official_1000seq_workers4,473,3,0
RoboFlamingo,resampled_pose,abc_d_official_1000seq_workers4,474,4,0
RoboFlamingo,resampled_pose,abc_d_official_1000seq_workers4,475,1,0
RoboFlamingo,resampled_pose,abc_d_official_1000seq_workers4,476,0,0
RoboFlamingo,resampled_pose,abc_d_official_1000seq_workers4,477,0,0
RoboFlamingo,resampled_pose,abc_d_official_1000seq_workers4,478,0,0
RoboFlamingo,resampled_pose,abc_d_official_1000seq_workers4,479,1,0
RoboFlamingo,resampled_pose,abc_d_official_1000seq_workers4,480,1,0
RoboFlamingo,resampled_pose,abc_d_official_1000seq_workers4,481,1,0
RoboFlamingo,resampled_pose,abc_d_official_1000seq_workers4,482,2,0
RoboFlamingo,resampled_pose,abc_d_official_1000seq_workers4,483,2,0
RoboFlamingo,resampled_pose,abc_d_official_1000seq_workers4,484,1,0
RoboFlamingo,resampled_pose,abc_d_official_1000seq_workers4,485,5,1
RoboFlamingo,resampled_pose,abc_d_official_1000seq_workers4,486,5,1
RoboFlamingo,resampled_pose,abc_d_official_1000seq_workers4,487,5,1
RoboFlamingo,resampled_pose,abc_d_official_1000seq_workers4,488,2,0
RoboFlamingo,resampled_pose,abc_d_official_1000seq_workers4,489,0,0
RoboFlamingo,resampled_pose,abc_d_official_1000seq_workers4,490,0,0
RoboFlamingo,resampled_pose,abc_d_official_1000seq_workers4,491,1,0
RoboFlamingo,resampled_pose,abc_d_official_1000seq_workers4,492,2,0
RoboFlamingo,resampled_pose,abc_d_official_1000seq_workers4,493,0,0
RoboFlamingo,resampled_pose,abc_d_official_1000seq_workers4,494,0,0
RoboFlamingo,resampled_pose,abc_d_official_1000seq_workers4,495,0,0
RoboFlamingo,resampled_pose,abc_d_official_1000seq_workers4,496,2,0
RoboFlamingo,resampled_pose,abc_d_official_1000seq_workers4,497,5,1
RoboFlamingo,resampled_pose,abc_d_official_1000seq_workers4,498,2,0
RoboFlamingo,resampled_pose,abc_d_official_1000seq_workers4,499,2,0
RoboFlamingo,resampled_pose,abc_d_official_1000seq_workers4,500,1,0
RoboFlamingo,resampled_pose,abc_d_official_1000seq_workers4,501,2,0
RoboFlamingo,resampled_pose,abc_d_official_1000seq_workers4,502,1,0
RoboFlamingo,resampled_pose,abc_d_official_1000seq_workers4,503,2,0
RoboFlamingo,resampled_pose,abc_d_official_1000seq_workers4,504,4,0
RoboFlamingo,resampled_pose,abc_d_official_1000seq_workers4,505,1,0
RoboFlamingo,resampled_pose,abc_d_official_1000seq_workers4,506,5,1
RoboFlamingo,resampled_pose,abc_d_official_1000seq_workers4,507,1,0
RoboFlamingo,resampled_pose,abc_d_official_1000seq_workers4,508,2,0
RoboFlamingo,resampled_pose,abc_d_official_1000seq_workers4,509,0,0
RoboFlamingo,resampled_pose,abc_d_official_1000seq_workers4,510,2,0
RoboFlamingo,resampled_pose,abc_d_official_1000seq_workers4,511,5,1
RoboFlamingo,resampled_pose,abc_d_official_1000seq_workers4,512,0,0
RoboFlamingo,resampled_pose,abc_d_official_1000seq_workers4,513,5,1
RoboFlamingo,resampled_pose,abc_d_official_1000seq_workers4,514,4,0
RoboFlamingo,resampled_pose,abc_d_official_1000seq_workers4,515,2,0
RoboFlamingo,resampled_pose,abc_d_official_1000seq_workers4,516,1,0
RoboFlamingo,resampled_pose,abc_d_official_1000seq_workers4,517,0,0
RoboFlamingo,resampled_pose,abc_d_official_1000seq_workers4,518,1,0
RoboFlamingo,resampled_pose,abc_d_official_1000seq_workers4,519,1,0
RoboFlamingo,resampled_pose,abc_d_official_1000seq_workers4,520,1,0
RoboFlamingo,resampled_pose,abc_d_official_1000seq_workers4,521,4,0
RoboFlamingo,resampled_pose,abc_d_official_1000seq_workers4,522,5,1
RoboFlamingo,resampled_pose,abc_d_official_1000seq_workers4,523,5,1
RoboFlamingo,resampled_pose,abc_d_official_1000seq_workers4,524,5,1
RoboFlamingo,resampled_pose,abc_d_official_1000seq_workers4,525,3,0
RoboFlamingo,resampled_pose,abc_d_official_1000seq_workers4,526,5,1
RoboFlamingo,resampled_pose,abc_d_official_1000seq_workers4,527,3,0
RoboFlamingo,resampled_pose,abc_d_official_1000seq_workers4,528,2,0
RoboFlamingo,resampled_pose,abc_d_official_1000seq_workers4,529,0,0
RoboFlamingo,resampled_pose,abc_d_official_1000seq_workers4,530,1,0
RoboFlamingo,resampled_pose,abc_d_official_1000seq_workers4,531,1,0
RoboFlamingo,resampled_pose,abc_d_official_1000seq_workers4,532,0,0
RoboFlamingo,resampled_pose,abc_d_official_1000seq_workers4,533,0,0
RoboFlamingo,resampled_pose,abc_d_official_1000seq_workers4,534,1,0
RoboFlamingo,resampled_pose,abc_d_official_1000seq_workers4,535,0,0
RoboFlamingo,resampled_pose,abc_d_official_1000seq_workers4,536,4,0
RoboFlamingo,resampled_pose,abc_d_official_1000seq_workers4,537,3,0
RoboFlamingo,resampled_pose,abc_d_official_1000seq_workers4,538,1,0
RoboFlamingo,resampled_pose,abc_d_official_1000seq_workers4,539,0,0
RoboFlamingo,resampled_pose,abc_d_official_1000seq_workers4,540,0,0
RoboFlamingo,resampled_pose,abc_d_official_1000seq_workers4,541,0,0
RoboFlamingo,resampled_pose,abc_d_official_1000seq_workers4,542,2,0
RoboFlamingo,resampled_pose,abc_d_official_1000seq_workers4,543,0,0
RoboFlamingo,resampled_pose,abc_d_official_1000seq_workers4,544,1,0
RoboFlamingo,resampled_pose,abc_d_official_1000seq_workers4,545,2,0
RoboFlamingo,resampled_pose,abc_d_official_1000seq_workers4,546,0,0
RoboFlamingo,resampled_pose,abc_d_official_1000seq_workers4,547,0,0
RoboFlamingo,resampled_pose,abc_d_official_1000seq_workers4,548,0,0
RoboFlamingo,resampled_pose,abc_d_official_1000seq_workers4,549,4,0
RoboFlamingo,resampled_pose,abc_d_official_1000seq_workers4,550,1,0
RoboFlamingo,resampled_pose,abc_d_official_1000seq_workers4,551,4,0
RoboFlamingo,resampled_pose,abc_d_official_1000seq_workers4,552,5,1
RoboFlamingo,resampled_pose,abc_d_official_1000seq_workers4,553,2,0
RoboFlamingo,resampled_pose,abc_d_official_1000seq_workers4,554,4,0
RoboFlamingo,resampled_pose,abc_d_official_1000seq_workers4,555,0,0
RoboFlamingo,resampled_pose,abc_d_official_1000seq_workers4,556,2,0
RoboFlamingo,resampled_pose,abc_d_official_1000seq_workers4,557,2,0
RoboFlamingo,resampled_pose,abc_d_official_1000seq_workers4,558,2,0
RoboFlamingo,resampled_pose,abc_d_official_1000seq_workers4,559,4,0
RoboFlamingo,resampled_pose,abc_d_official_1000seq_workers4,560,1,0
RoboFlamingo,resampled_pose,abc_d_official_1000seq_workers4,561,1,0
RoboFlamingo,resampled_pose,abc_d_official_1000seq_workers4,562,1,0
RoboFlamingo,resampled_pose,abc_d_official_1000seq_workers4,563,2,0
RoboFlamingo,resampled_pose,abc_d_official_1000seq_workers4,564,0,0
RoboFlamingo,resampled_pose,abc_d_official_1000seq_workers4,565,4,0
RoboFlamingo,resampled_pose,abc_d_official_1000seq_workers4,566,0,0
RoboFlamingo,resampled_pose,abc_d_official_1000seq_workers4,567,0,0
RoboFlamingo,resampled_pose,abc_d_official_1000seq_workers4,568,0,0
RoboFlamingo,resampled_pose,abc_d_official_1000seq_workers4,569,3,0
RoboFlamingo,resampled_pose,abc_d_official_1000seq_workers4,570,3,0
RoboFlamingo,resampled_pose,abc_d_official_1000seq_workers4,571,2,0
RoboFlamingo,resampled_pose,abc_d_official_1000seq_workers4,572,5,1
RoboFlamingo,resampled_pose,abc_d_official_1000seq_workers4,573,0,0
RoboFlamingo,resampled_pose,abc_d_official_1000seq_workers4,574,1,0
RoboFlamingo,resampled_pose,abc_d_official_1000seq_workers4,575,0,0
RoboFlamingo,resampled_pose,abc_d_official_1000seq_workers4,576,4,0
RoboFlamingo,resampled_pose,abc_d_official_1000seq_workers4,577,0,0
RoboFlamingo,resampled_pose,abc_d_official_1000seq_workers4,578,1,0
RoboFlamingo,resampled_pose,abc_d_official_1000seq_workers4,579,2,0
RoboFlamingo,resampled_pose,abc_d_official_1000seq_workers4,580,0,0
RoboFlamingo,resampled_pose,abc_d_official_1000seq_workers4,581,5,1
RoboFlamingo,resampled_pose,abc_d_official_1000seq_workers4,582,2,0
RoboFlamingo,resampled_pose,abc_d_official_1000seq_workers4,583,0,0
RoboFlamingo,resampled_pose,abc_d_official_1000seq_workers4,584,2,0
RoboFlamingo,resampled_pose,abc_d_official_1000seq_workers4,585,4,0
RoboFlamingo,resampled_pose,abc_d_official_1000seq_workers4,586,4,0
RoboFlamingo,resampled_pose,abc_d_official_1000seq_workers4,587,1,0
RoboFlamingo,resampled_pose,abc_d_official_1000seq_workers4,588,0,0
RoboFlamingo,resampled_pose,abc_d_official_1000seq_workers4,589,0,0
RoboFlamingo,resampled_pose,abc_d_official_1000seq_workers4,590,5,1
RoboFlamingo,resampled_pose,abc_d_official_1000seq_workers4,591,0,0
RoboFlamingo,resampled_pose,abc_d_official_1000seq_workers4,592,0,0
RoboFlamingo,resampled_pose,abc_d_official_1000seq_workers4,593,1,0
RoboFlamingo,resampled_pose,abc_d_official_1000seq_workers4,594,4,0
RoboFlamingo,resampled_pose,abc_d_official_1000seq_workers4,595,5,1
RoboFlamingo,resampled_pose,abc_d_official_1000seq_workers4,596,3,0
RoboFlamingo,resampled_pose,abc_d_official_1000seq_workers4,597,5,1
RoboFlamingo,resampled_pose,abc_d_official_1000seq_workers4,598,0,0
RoboFlamingo,resampled_pose,abc_d_official_1000seq_workers4,599,1,0
RoboFlamingo,resampled_pose,abc_d_official_1000seq_workers4,600,0,0
RoboFlamingo,resampled_pose,abc_d_official_1000seq_workers4,601,5,1
RoboFlamingo,resampled_pose,abc_d_official_1000seq_workers4,602,3,0
RoboFlamingo,resampled_pose,abc_d_official_1000seq_workers4,603,2,0
RoboFlamingo,resampled_pose,abc_d_official_1000seq_workers4,604,0,0
RoboFlamingo,resampled_pose,abc_d_official_1000seq_workers4,605,0,0
RoboFlamingo,resampled_pose,abc_d_official_1000seq_workers4,606,1,0
RoboFlamingo,resampled_pose,abc_d_official_1000seq_workers4,607,5,1
RoboFlamingo,resampled_pose,abc_d_official_1000seq_workers4,608,0,0
RoboFlamingo,resampled_pose,abc_d_official_1000seq_workers4,609,1,0
RoboFlamingo,resampled_pose,abc_d_official_1000seq_workers4,610,5,1
RoboFlamingo,resampled_pose,abc_d_official_1000seq_workers4,611,3,0
RoboFlamingo,resampled_pose,abc_d_official_1000seq_workers4,612,0,0
RoboFlamingo,resampled_pose,abc_d_official_1000seq_workers4,613,0,0
RoboFlamingo,resampled_pose,abc_d_official_1000seq_workers4,614,5,1
RoboFlamingo,resampled_pose,abc_d_official_1000seq_workers4,615,0,0
RoboFlamingo,resampled_pose,abc_d_official_1000seq_workers4,616,5,1
RoboFlamingo,resampled_pose,abc_d_official_1000seq_workers4,617,2,0
RoboFlamingo,resampled_pose,abc_d_official_1000seq_workers4,618,0,0
RoboFlamingo,resampled_pose,abc_d_official_1000seq_workers4,619,4,0
RoboFlamingo,resampled_pose,abc_d_official_1000seq_workers4,620,2,0
RoboFlamingo,resampled_pose,abc_d_official_1000seq_workers4,621,1,0
RoboFlamingo,resampled_pose,abc_d_official_1000seq_workers4,622,1,0
RoboFlamingo,resampled_pose,abc_d_official_1000seq_workers4,623,5,1
RoboFlamingo,resampled_pose,abc_d_official_1000seq_workers4,624,0,0
RoboFlamingo,resampled_pose,abc_d_official_1000seq_workers4,625,2,0
RoboFlamingo,resampled_pose,abc_d_official_1000seq_workers4,626,0,0
RoboFlamingo,resampled_pose,abc_d_official_1000seq_workers4,627,5,1
RoboFlamingo,resampled_pose,abc_d_official_1000seq_workers4,628,1,0
RoboFlamingo,resampled_pose,abc_d_official_1000seq_workers4,629,0,0
RoboFlamingo,resampled_pose,abc_d_official_1000seq_workers4,630,5,1
RoboFlamingo,resampled_pose,abc_d_official_1000seq_workers4,631,0,0
RoboFlamingo,resampled_pose,abc_d_official_1000seq_workers4,632,1,0
RoboFlamingo,resampled_pose,abc_d_official_1000seq_workers4,633,3,0
RoboFlamingo,resampled_pose,abc_d_official_1000seq_workers4,634,0,0
RoboFlamingo,resampled_pose,abc_d_official_1000seq_workers4,635,1,0
RoboFlamingo,resampled_pose,abc_d_official_1000seq_workers4,636,2,0
RoboFlamingo,resampled_pose,abc_d_official_1000seq_workers4,637,2,0
RoboFlamingo,resampled_pose,abc_d_official_1000seq_workers4,638,0,0
RoboFlamingo,resampled_pose,abc_d_official_1000seq_workers4,639,0,0
RoboFlamingo,resampled_pose,abc_d_official_1000seq_workers4,640,1,0
RoboFlamingo,resampled_pose,abc_d_official_1000seq_workers4,641,1,0
RoboFlamingo,resampled_pose,abc_d_official_1000seq_workers4,642,1,0
RoboFlamingo,resampled_pose,abc_d_official_1000seq_workers4,643,2,0
RoboFlamingo,resampled_pose,abc_d_official_1000seq_workers4,644,0,0
RoboFlamingo,resampled_pose,abc_d_official_1000seq_workers4,645,5,1
RoboFlamingo,resampled_pose,abc_d_official_1000seq_workers4,646,0,0
RoboFlamingo,resampled_pose,abc_d_official_1000seq_workers4,647,1,0
RoboFlamingo,resampled_pose,abc_d_official_1000seq_workers4,648,1,0
RoboFlamingo,resampled_pose,abc_d_official_1000seq_workers4,649,1,0
RoboFlamingo,resampled_pose,abc_d_official_1000seq_workers4,650,0,0
RoboFlamingo,resampled_pose,abc_d_official_1000seq_workers4,651,3,0
RoboFlamingo,resampled_pose,abc_d_official_1000seq_workers4,652,0,0
RoboFlamingo,resampled_pose,abc_d_official_1000seq_workers4,653,2,0
RoboFlamingo,resampled_pose,abc_d_official_1000seq_workers4,654,1,0
RoboFlamingo,resampled_pose,abc_d_official_1000seq_workers4,655,0,0
RoboFlamingo,resampled_pose,abc_d_official_1000seq_workers4,656,1,0
RoboFlamingo,resampled_pose,abc_d_official_1000seq_workers4,657,0,0
RoboFlamingo,resampled_pose,abc_d_official_1000seq_workers4,658,5,1
RoboFlamingo,resampled_pose,abc_d_official_1000seq_workers4,659,4,0
RoboFlamingo,resampled_pose,abc_d_official_1000seq_workers4,660,4,0
RoboFlamingo,resampled_pose,abc_d_official_1000seq_workers4,661,0,0
RoboFlamingo,resampled_pose,abc_d_official_1000seq_workers4,662,3,0
RoboFlamingo,resampled_pose,abc_d_official_1000seq_workers4,663,0,0
RoboFlamingo,resampled_pose,abc_d_official_1000seq_workers4,664,2,0
RoboFlamingo,resampled_pose,abc_d_official_1000seq_workers4,665,5,1
RoboFlamingo,resampled_pose,abc_d_official_1000seq_workers4,666,2,0
RoboFlamingo,resampled_pose,abc_d_official_1000seq_workers4,667,1,0
RoboFlamingo,resampled_pose,abc_d_official_1000seq_workers4,668,2,0
RoboFlamingo,resampled_pose,abc_d_official_1000seq_workers4,669,0,0
RoboFlamingo,resampled_pose,abc_d_official_1000seq_workers4,670,2,0
RoboFlamingo,resampled_pose,abc_d_official_1000seq_workers4,671,3,0
RoboFlamingo,resampled_pose,abc_d_official_1000seq_workers4,672,5,1
RoboFlamingo,resampled_pose,abc_d_official_1000seq_workers4,673,0,0
RoboFlamingo,resampled_pose,abc_d_official_1000seq_workers4,674,5,1
RoboFlamingo,resampled_pose,abc_d_official_1000seq_workers4,675,3,0
RoboFlamingo,resampled_pose,abc_d_official_1000seq_workers4,676,1,0
RoboFlamingo,resampled_pose,abc_d_official_1000seq_workers4,677,5,1
RoboFlamingo,resampled_pose,abc_d_official_1000seq_workers4,678,2,0
RoboFlamingo,resampled_pose,abc_d_official_1000seq_workers4,679,0,0
RoboFlamingo,resampled_pose,abc_d_official_1000seq_workers4,680,3,0
RoboFlamingo,resampled_pose,abc_d_official_1000seq_workers4,681,2,0
RoboFlamingo,resampled_pose,abc_d_official_1000seq_workers4,682,2,0
RoboFlamingo,resampled_pose,abc_d_official_1000seq_workers4,683,5,1
RoboFlamingo,resampled_pose,abc_d_official_1000seq_workers4,684,0,0
RoboFlamingo,resampled_pose,abc_d_official_1000seq_workers4,685,5,1
RoboFlamingo,resampled_pose,abc_d_official_1000seq_workers4,686,3,0
RoboFlamingo,resampled_pose,abc_d_official_1000seq_workers4,687,1,0
RoboFlamingo,resampled_pose,abc_d_official_1000seq_workers4,688,0,0
RoboFlamingo,resampled_pose,abc_d_official_1000seq_workers4,689,1,0
RoboFlamingo,resampled_pose,abc_d_official_1000seq_workers4,690,0,0
RoboFlamingo,resampled_pose,abc_d_official_1000seq_workers4,691,1,0
RoboFlamingo,resampled_pose,abc_d_official_1000seq_workers4,692,1,0
RoboFlamingo,resampled_pose,abc_d_official_1000seq_workers4,693,0,0
RoboFlamingo,resampled_pose,abc_d_official_1000seq_workers4,694,0,0
RoboFlamingo,resampled_pose,abc_d_official_1000seq_workers4,695,1,0
RoboFlamingo,resampled_pose,abc_d_official_1000seq_workers4,696,3,0
RoboFlamingo,resampled_pose,abc_d_official_1000seq_workers4,697,0,0
RoboFlamingo,resampled_pose,abc_d_official_1000seq_workers4,698,4,0
RoboFlamingo,resampled_pose,abc_d_official_1000seq_workers4,699,0,0
RoboFlamingo,resampled_pose,abc_d_official_1000seq_workers4,700,3,0
RoboFlamingo,resampled_pose,abc_d_official_1000seq_workers4,701,1,0
RoboFlamingo,resampled_pose,abc_d_official_1000seq_workers4,702,0,0
RoboFlamingo,resampled_pose,abc_d_official_1000seq_workers4,703,2,0
RoboFlamingo,resampled_pose,abc_d_official_1000seq_workers4,704,1,0
RoboFlamingo,resampled_pose,abc_d_official_1000seq_workers4,705,4,0
RoboFlamingo,resampled_pose,abc_d_official_1000seq_workers4,706,5,1
RoboFlamingo,resampled_pose,abc_d_official_1000seq_workers4,707,0,0
RoboFlamingo,resampled_pose,abc_d_official_1000seq_workers4,708,2,0
RoboFlamingo,resampled_pose,abc_d_official_1000seq_workers4,709,0,0
RoboFlamingo,resampled_pose,abc_d_official_1000seq_workers4,710,1,0
RoboFlamingo,resampled_pose,abc_d_official_1000seq_workers4,711,1,0
RoboFlamingo,resampled_pose,abc_d_official_1000seq_workers4,712,2,0
RoboFlamingo,resampled_pose,abc_d_official_1000seq_workers4,713,0,0
RoboFlamingo,resampled_pose,abc_d_official_1000seq_workers4,714,3,0
RoboFlamingo,resampled_pose,abc_d_official_1000seq_workers4,715,1,0
RoboFlamingo,resampled_pose,abc_d_official_1000seq_workers4,716,0,0
RoboFlamingo,resampled_pose,abc_d_official_1000seq_workers4,717,0,0
RoboFlamingo,resampled_pose,abc_d_official_1000seq_workers4,718,5,1
RoboFlamingo,resampled_pose,abc_d_official_1000seq_workers4,719,4,0
RoboFlamingo,resampled_pose,abc_d_official_1000seq_workers4,720,0,0
RoboFlamingo,resampled_pose,abc_d_official_1000seq_workers4,721,5,1
RoboFlamingo,resampled_pose,abc_d_official_1000seq_workers4,722,1,0
RoboFlamingo,resampled_pose,abc_d_official_1000seq_workers4,723,1,0
RoboFlamingo,resampled_pose,abc_d_official_1000seq_workers4,724,3,0
RoboFlamingo,resampled_pose,abc_d_official_1000seq_workers4,725,2,0
RoboFlamingo,resampled_pose,abc_d_official_1000seq_workers4,726,5,1
RoboFlamingo,resampled_pose,abc_d_official_1000seq_workers4,727,1,0
RoboFlamingo,resampled_pose,abc_d_official_1000seq_workers4,728,0,0
RoboFlamingo,resampled_pose,abc_d_official_1000seq_workers4,729,4,0
RoboFlamingo,resampled_pose,abc_d_official_1000seq_workers4,730,0,0
RoboFlamingo,resampled_pose,abc_d_official_1000seq_workers4,731,0,0
RoboFlamingo,resampled_pose,abc_d_official_1000seq_workers4,732,1,0
RoboFlamingo,resampled_pose,abc_d_official_1000seq_workers4,733,1,0
RoboFlamingo,resampled_pose,abc_d_official_1000seq_workers4,734,2,0
RoboFlamingo,resampled_pose,abc_d_official_1000seq_workers4,735,1,0
RoboFlamingo,resampled_pose,abc_d_official_1000seq_workers4,736,1,0
RoboFlamingo,resampled_pose,abc_d_official_1000seq_workers4,737,0,0
RoboFlamingo,resampled_pose,abc_d_official_1000seq_workers4,738,5,1
RoboFlamingo,resampled_pose,abc_d_official_1000seq_workers4,739,5,1
RoboFlamingo,resampled_pose,abc_d_official_1000seq_workers4,740,5,1
RoboFlamingo,resampled_pose,abc_d_official_1000seq_workers4,741,2,0
RoboFlamingo,resampled_pose,abc_d_official_1000seq_workers4,742,1,0
RoboFlamingo,resampled_pose,abc_d_official_1000seq_workers4,743,2,0
RoboFlamingo,resampled_pose,abc_d_official_1000seq_workers4,744,0,0
RoboFlamingo,resampled_pose,abc_d_official_1000seq_workers4,745,1,0
RoboFlamingo,resampled_pose,abc_d_official_1000seq_workers4,746,5,1
RoboFlamingo,resampled_pose,abc_d_official_1000seq_workers4,747,1,0
RoboFlamingo,resampled_pose,abc_d_official_1000seq_workers4,748,5,1
RoboFlamingo,resampled_pose,abc_d_official_1000seq_workers4,749,2,0
RoboFlamingo,resampled_pose,abc_d_official_1000seq_workers4,750,2,0
RoboFlamingo,resampled_pose,abc_d_official_1000seq_workers4,751,1,0
RoboFlamingo,resampled_pose,abc_d_official_1000seq_workers4,752,0,0
RoboFlamingo,resampled_pose,abc_d_official_1000seq_workers4,753,1,0
RoboFlamingo,resampled_pose,abc_d_official_1000seq_workers4,754,5,1
RoboFlamingo,resampled_pose,abc_d_official_1000seq_workers4,755,1,0
RoboFlamingo,resampled_pose,abc_d_official_1000seq_workers4,756,0,0
RoboFlamingo,resampled_pose,abc_d_official_1000seq_workers4,757,3,0
RoboFlamingo,resampled_pose,abc_d_official_1000seq_workers4,758,0,0
RoboFlamingo,resampled_pose,abc_d_official_1000seq_workers4,759,0,0
RoboFlamingo,resampled_pose,abc_d_official_1000seq_workers4,760,5,1
RoboFlamingo,resampled_pose,abc_d_official_1000seq_workers4,761,0,0
RoboFlamingo,resampled_pose,abc_d_official_1000seq_workers4,762,4,0
RoboFlamingo,resampled_pose,abc_d_official_1000seq_workers4,763,5,1
RoboFlamingo,resampled_pose,abc_d_official_1000seq_workers4,764,0,0
RoboFlamingo,resampled_pose,abc_d_official_1000seq_workers4,765,4,0
RoboFlamingo,resampled_pose,abc_d_official_1000seq_workers4,766,5,1
RoboFlamingo,resampled_pose,abc_d_official_1000seq_workers4,767,2,0
RoboFlamingo,resampled_pose,abc_d_official_1000seq_workers4,768,3,0
RoboFlamingo,resampled_pose,abc_d_official_1000seq_workers4,769,1,0
RoboFlamingo,resampled_pose,abc_d_official_1000seq_workers4,770,2,0
RoboFlamingo,resampled_pose,abc_d_official_1000seq_workers4,771,1,0
RoboFlamingo,resampled_pose,abc_d_official_1000seq_workers4,772,0,0
RoboFlamingo,resampled_pose,abc_d_official_1000seq_workers4,773,3,0
RoboFlamingo,resampled_pose,abc_d_official_1000seq_workers4,774,1,0
RoboFlamingo,resampled_pose,abc_d_official_1000seq_workers4,775,1,0
RoboFlamingo,resampled_pose,abc_d_official_1000seq_workers4,776,3,0
RoboFlamingo,resampled_pose,abc_d_official_1000seq_workers4,777,1,0
RoboFlamingo,resampled_pose,abc_d_official_1000seq_workers4,778,5,1
RoboFlamingo,resampled_pose,abc_d_official_1000seq_workers4,779,0,0
RoboFlamingo,resampled_pose,abc_d_official_1000seq_workers4,780,2,0
RoboFlamingo,resampled_pose,abc_d_official_1000seq_workers4,781,1,0
RoboFlamingo,resampled_pose,abc_d_official_1000seq_workers4,782,3,0
RoboFlamingo,resampled_pose,abc_d_official_1000seq_workers4,783,0,0
RoboFlamingo,resampled_pose,abc_d_official_1000seq_workers4,784,3,0
RoboFlamingo,resampled_pose,abc_d_official_1000seq_workers4,785,4,0
RoboFlamingo,resampled_pose,abc_d_official_1000seq_workers4,786,1,0
RoboFlamingo,resampled_pose,abc_d_official_1000seq_workers4,787,4,0
RoboFlamingo,resampled_pose,abc_d_official_1000seq_workers4,788,5,1
RoboFlamingo,resampled_pose,abc_d_official_1000seq_workers4,789,5,1
RoboFlamingo,resampled_pose,abc_d_official_1000seq_workers4,790,0,0
RoboFlamingo,resampled_pose,abc_d_official_1000seq_workers4,791,0,0
RoboFlamingo,resampled_pose,abc_d_official_1000seq_workers4,792,0,0
RoboFlamingo,resampled_pose,abc_d_official_1000seq_workers4,793,2,0
RoboFlamingo,resampled_pose,abc_d_official_1000seq_workers4,794,4,0
RoboFlamingo,resampled_pose,abc_d_official_1000seq_workers4,795,2,0
RoboFlamingo,resampled_pose,abc_d_official_1000seq_workers4,796,0,0
RoboFlamingo,resampled_pose,abc_d_official_1000seq_workers4,797,2,0
RoboFlamingo,resampled_pose,abc_d_official_1000seq_workers4,798,1,0
RoboFlamingo,resampled_pose,abc_d_official_1000seq_workers4,799,4,0
RoboFlamingo,resampled_pose,abc_d_official_1000seq_workers4,800,1,0
RoboFlamingo,resampled_pose,abc_d_official_1000seq_workers4,801,2,0
RoboFlamingo,resampled_pose,abc_d_official_1000seq_workers4,802,5,1
RoboFlamingo,resampled_pose,abc_d_official_1000seq_workers4,803,2,0
RoboFlamingo,resampled_pose,abc_d_official_1000seq_workers4,804,0,0
RoboFlamingo,resampled_pose,abc_d_official_1000seq_workers4,805,3,0
RoboFlamingo,resampled_pose,abc_d_official_1000seq_workers4,806,4,0
RoboFlamingo,resampled_pose,abc_d_official_1000seq_workers4,807,4,0
RoboFlamingo,resampled_pose,abc_d_official_1000seq_workers4,808,0,0
RoboFlamingo,resampled_pose,abc_d_official_1000seq_workers4,809,1,0
RoboFlamingo,resampled_pose,abc_d_official_1000seq_workers4,810,5,1
RoboFlamingo,resampled_pose,abc_d_official_1000seq_workers4,811,0,0
RoboFlamingo,resampled_pose,abc_d_official_1000seq_workers4,812,0,0
RoboFlamingo,resampled_pose,abc_d_official_1000seq_workers4,813,3,0
RoboFlamingo,resampled_pose,abc_d_official_1000seq_workers4,814,3,0
RoboFlamingo,resampled_pose,abc_d_official_1000seq_workers4,815,1,0
RoboFlamingo,resampled_pose,abc_d_official_1000seq_workers4,816,0,0
RoboFlamingo,resampled_pose,abc_d_official_1000seq_workers4,817,2,0
RoboFlamingo,resampled_pose,abc_d_official_1000seq_workers4,818,2,0
RoboFlamingo,resampled_pose,abc_d_official_1000seq_workers4,819,0,0
RoboFlamingo,resampled_pose,abc_d_official_1000seq_workers4,820,5,1
RoboFlamingo,resampled_pose,abc_d_official_1000seq_workers4,821,1,0
RoboFlamingo,resampled_pose,abc_d_official_1000seq_workers4,822,1,0
RoboFlamingo,resampled_pose,abc_d_official_1000seq_workers4,823,1,0
RoboFlamingo,resampled_pose,abc_d_official_1000seq_workers4,824,0,0
RoboFlamingo,resampled_pose,abc_d_official_1000seq_workers4,825,0,0
RoboFlamingo,resampled_pose,abc_d_official_1000seq_workers4,826,4,0
RoboFlamingo,resampled_pose,abc_d_official_1000seq_workers4,827,0,0
RoboFlamingo,resampled_pose,abc_d_official_1000seq_workers4,828,5,1
RoboFlamingo,resampled_pose,abc_d_official_1000seq_workers4,829,3,0
RoboFlamingo,resampled_pose,abc_d_official_1000seq_workers4,830,1,0
RoboFlamingo,resampled_pose,abc_d_official_1000seq_workers4,831,2,0
RoboFlamingo,resampled_pose,abc_d_official_1000seq_workers4,832,1,0
RoboFlamingo,resampled_pose,abc_d_official_1000seq_workers4,833,0,0
RoboFlamingo,resampled_pose,abc_d_official_1000seq_workers4,834,3,0
RoboFlamingo,resampled_pose,abc_d_official_1000seq_workers4,835,4,0
RoboFlamingo,resampled_pose,abc_d_official_1000seq_workers4,836,1,0
RoboFlamingo,resampled_pose,abc_d_official_1000seq_workers4,837,1,0
RoboFlamingo,resampled_pose,abc_d_official_1000seq_workers4,838,2,0
RoboFlamingo,resampled_pose,abc_d_official_1000seq_workers4,839,5,1
RoboFlamingo,resampled_pose,abc_d_official_1000seq_workers4,840,0,0
RoboFlamingo,resampled_pose,abc_d_official_1000seq_workers4,841,2,0
RoboFlamingo,resampled_pose,abc_d_official_1000seq_workers4,842,0,0
RoboFlamingo,resampled_pose,abc_d_official_1000seq_workers4,843,5,1
RoboFlamingo,resampled_pose,abc_d_official_1000seq_workers4,844,1,0
RoboFlamingo,resampled_pose,abc_d_official_1000seq_workers4,845,5,1
RoboFlamingo,resampled_pose,abc_d_official_1000seq_workers4,846,1,0
RoboFlamingo,resampled_pose,abc_d_official_1000seq_workers4,847,0,0
RoboFlamingo,resampled_pose,abc_d_official_1000seq_workers4,848,1,0
RoboFlamingo,resampled_pose,abc_d_official_1000seq_workers4,849,5,1
RoboFlamingo,resampled_pose,abc_d_official_1000seq_workers4,850,1,0
RoboFlamingo,resampled_pose,abc_d_official_1000seq_workers4,851,0,0
RoboFlamingo,resampled_pose,abc_d_official_1000seq_workers4,852,1,0
RoboFlamingo,resampled_pose,abc_d_official_1000seq_workers4,853,2,0
RoboFlamingo,resampled_pose,abc_d_official_1000seq_workers4,854,0,0
RoboFlamingo,resampled_pose,abc_d_official_1000seq_workers4,855,0,0
RoboFlamingo,resampled_pose,abc_d_official_1000seq_workers4,856,0,0
RoboFlamingo,resampled_pose,abc_d_official_1000seq_workers4,857,1,0
RoboFlamingo,resampled_pose,abc_d_official_1000seq_workers4,858,2,0
RoboFlamingo,resampled_pose,abc_d_official_1000seq_workers4,859,0,0
RoboFlamingo,resampled_pose,abc_d_official_1000seq_workers4,860,1,0
RoboFlamingo,resampled_pose,abc_d_official_1000seq_workers4,861,0,0
RoboFlamingo,resampled_pose,abc_d_official_1000seq_workers4,862,1,0
RoboFlamingo,resampled_pose,abc_d_official_1000seq_workers4,863,5,1
RoboFlamingo,resampled_pose,abc_d_official_1000seq_workers4,864,1,0
RoboFlamingo,resampled_pose,abc_d_official_1000seq_workers4,865,0,0
RoboFlamingo,resampled_pose,abc_d_official_1000seq_workers4,866,0,0
RoboFlamingo,resampled_pose,abc_d_official_1000seq_workers4,867,4,0
RoboFlamingo,resampled_pose,abc_d_official_1000seq_workers4,868,2,0
RoboFlamingo,resampled_pose,abc_d_official_1000seq_workers4,869,1,0
RoboFlamingo,resampled_pose,abc_d_official_1000seq_workers4,870,0,0
RoboFlamingo,resampled_pose,abc_d_official_1000seq_workers4,871,1,0
RoboFlamingo,resampled_pose,abc_d_official_1000seq_workers4,872,0,0
RoboFlamingo,resampled_pose,abc_d_official_1000seq_workers4,873,1,0
RoboFlamingo,resampled_pose,abc_d_official_1000seq_workers4,874,4,0
RoboFlamingo,resampled_pose,abc_d_official_1000seq_workers4,875,0,0
RoboFlamingo,resampled_pose,abc_d_official_1000seq_workers4,876,4,0
RoboFlamingo,resampled_pose,abc_d_official_1000seq_workers4,877,2,0
RoboFlamingo,resampled_pose,abc_d_official_1000seq_workers4,878,2,0
RoboFlamingo,resampled_pose,abc_d_official_1000seq_workers4,879,5,1
RoboFlamingo,resampled_pose,abc_d_official_1000seq_workers4,880,2,0
RoboFlamingo,resampled_pose,abc_d_official_1000seq_workers4,881,5,1
RoboFlamingo,resampled_pose,abc_d_official_1000seq_workers4,882,4,0
RoboFlamingo,resampled_pose,abc_d_official_1000seq_workers4,883,1,0
RoboFlamingo,resampled_pose,abc_d_official_1000seq_workers4,884,0,0
RoboFlamingo,resampled_pose,abc_d_official_1000seq_workers4,885,0,0
RoboFlamingo,resampled_pose,abc_d_official_1000seq_workers4,886,1,0
RoboFlamingo,resampled_pose,abc_d_official_1000seq_workers4,887,5,1
RoboFlamingo,resampled_pose,abc_d_official_1000seq_workers4,888,0,0
RoboFlamingo,resampled_pose,abc_d_official_1000seq_workers4,889,5,1
RoboFlamingo,resampled_pose,abc_d_official_1000seq_workers4,890,2,0
RoboFlamingo,resampled_pose,abc_d_official_1000seq_workers4,891,1,0
RoboFlamingo,resampled_pose,abc_d_official_1000seq_workers4,892,1,0
RoboFlamingo,resampled_pose,abc_d_official_1000seq_workers4,893,2,0
RoboFlamingo,resampled_pose,abc_d_official_1000seq_workers4,894,2,0
RoboFlamingo,resampled_pose,abc_d_official_1000seq_workers4,895,0,0
RoboFlamingo,resampled_pose,abc_d_official_1000seq_workers4,896,1,0
RoboFlamingo,resampled_pose,abc_d_official_1000seq_workers4,897,5,1
RoboFlamingo,resampled_pose,abc_d_official_1000seq_workers4,898,0,0
RoboFlamingo,resampled_pose,abc_d_official_1000seq_workers4,899,5,1
RoboFlamingo,resampled_pose,abc_d_official_1000seq_workers4,900,1,0
RoboFlamingo,resampled_pose,abc_d_official_1000seq_workers4,901,3,0
RoboFlamingo,resampled_pose,abc_d_official_1000seq_workers4,902,4,0
RoboFlamingo,resampled_pose,abc_d_official_1000seq_workers4,903,1,0
RoboFlamingo,resampled_pose,abc_d_official_1000seq_workers4,904,0,0
RoboFlamingo,resampled_pose,abc_d_official_1000seq_workers4,905,1,0
RoboFlamingo,resampled_pose,abc_d_official_1000seq_workers4,906,5,1
RoboFlamingo,resampled_pose,abc_d_official_1000seq_workers4,907,3,0
RoboFlamingo,resampled_pose,abc_d_official_1000seq_workers4,908,1,0
RoboFlamingo,resampled_pose,abc_d_official_1000seq_workers4,909,4,0
RoboFlamingo,resampled_pose,abc_d_official_1000seq_workers4,910,0,0
RoboFlamingo,resampled_pose,abc_d_official_1000seq_workers4,911,2,0
RoboFlamingo,resampled_pose,abc_d_official_1000seq_workers4,912,0,0
RoboFlamingo,resampled_pose,abc_d_official_1000seq_workers4,913,4,0
RoboFlamingo,resampled_pose,abc_d_official_1000seq_workers4,914,0,0
RoboFlamingo,resampled_pose,abc_d_official_1000seq_workers4,915,3,0
RoboFlamingo,resampled_pose,abc_d_official_1000seq_workers4,916,0,0
RoboFlamingo,resampled_pose,abc_d_official_1000seq_workers4,917,0,0
RoboFlamingo,resampled_pose,abc_d_official_1000seq_workers4,918,0,0
RoboFlamingo,resampled_pose,abc_d_official_1000seq_workers4,919,0,0
RoboFlamingo,resampled_pose,abc_d_official_1000seq_workers4,920,1,0
RoboFlamingo,resampled_pose,abc_d_official_1000seq_workers4,921,4,0
RoboFlamingo,resampled_pose,abc_d_official_1000seq_workers4,922,0,0
RoboFlamingo,resampled_pose,abc_d_official_1000seq_workers4,923,0,0
RoboFlamingo,resampled_pose,abc_d_official_1000seq_workers4,924,2,0
RoboFlamingo,resampled_pose,abc_d_official_1000seq_workers4,925,0,0
RoboFlamingo,resampled_pose,abc_d_official_1000seq_workers4,926,2,0
RoboFlamingo,resampled_pose,abc_d_official_1000seq_workers4,927,0,0
RoboFlamingo,resampled_pose,abc_d_official_1000seq_workers4,928,3,0
RoboFlamingo,resampled_pose,abc_d_official_1000seq_workers4,929,5,1
RoboFlamingo,resampled_pose,abc_d_official_1000seq_workers4,930,3,0
RoboFlamingo,resampled_pose,abc_d_official_1000seq_workers4,931,4,0
RoboFlamingo,resampled_pose,abc_d_official_1000seq_workers4,932,1,0
RoboFlamingo,resampled_pose,abc_d_official_1000seq_workers4,933,5,1
RoboFlamingo,resampled_pose,abc_d_official_1000seq_workers4,934,5,1
RoboFlamingo,resampled_pose,abc_d_official_1000seq_workers4,935,5,1
RoboFlamingo,resampled_pose,abc_d_official_1000seq_workers4,936,0,0
RoboFlamingo,resampled_pose,abc_d_official_1000seq_workers4,937,5,1
RoboFlamingo,resampled_pose,abc_d_official_1000seq_workers4,938,1,0
RoboFlamingo,resampled_pose,abc_d_official_1000seq_workers4,939,5,1
RoboFlamingo,resampled_pose,abc_d_official_1000seq_workers4,940,5,1
RoboFlamingo,resampled_pose,abc_d_official_1000seq_workers4,941,0,0
RoboFlamingo,resampled_pose,abc_d_official_1000seq_workers4,942,1,0
RoboFlamingo,resampled_pose,abc_d_official_1000seq_workers4,943,1,0
RoboFlamingo,resampled_pose,abc_d_official_1000seq_workers4,944,0,0
RoboFlamingo,resampled_pose,abc_d_official_1000seq_workers4,945,0,0
RoboFlamingo,resampled_pose,abc_d_official_1000seq_workers4,946,0,0
RoboFlamingo,resampled_pose,abc_d_official_1000seq_workers4,947,1,0
RoboFlamingo,resampled_pose,abc_d_official_1000seq_workers4,948,0,0
RoboFlamingo,resampled_pose,abc_d_official_1000seq_workers4,949,0,0
RoboFlamingo,resampled_pose,abc_d_official_1000seq_workers4,950,3,0
RoboFlamingo,resampled_pose,abc_d_official_1000seq_workers4,951,1,0
RoboFlamingo,resampled_pose,abc_d_official_1000seq_workers4,952,1,0
RoboFlamingo,resampled_pose,abc_d_official_1000seq_workers4,953,0,0
RoboFlamingo,resampled_pose,abc_d_official_1000seq_workers4,954,0,0
RoboFlamingo,resampled_pose,abc_d_official_1000seq_workers4,955,1,0
RoboFlamingo,resampled_pose,abc_d_official_1000seq_workers4,956,1,0
RoboFlamingo,resampled_pose,abc_d_official_1000seq_workers4,957,3,0
RoboFlamingo,resampled_pose,abc_d_official_1000seq_workers4,958,4,0
RoboFlamingo,resampled_pose,abc_d_official_1000seq_workers4,959,2,0
RoboFlamingo,resampled_pose,abc_d_official_1000seq_workers4,960,0,0
RoboFlamingo,resampled_pose,abc_d_official_1000seq_workers4,961,2,0
RoboFlamingo,resampled_pose,abc_d_official_1000seq_workers4,962,5,1
RoboFlamingo,resampled_pose,abc_d_official_1000seq_workers4,963,1,0
RoboFlamingo,resampled_pose,abc_d_official_1000seq_workers4,964,3,0
RoboFlamingo,resampled_pose,abc_d_official_1000seq_workers4,965,0,0
RoboFlamingo,resampled_pose,abc_d_official_1000seq_workers4,966,4,0
RoboFlamingo,resampled_pose,abc_d_official_1000seq_workers4,967,0,0
RoboFlamingo,resampled_pose,abc_d_official_1000seq_workers4,968,2,0
RoboFlamingo,resampled_pose,abc_d_official_1000seq_workers4,969,1,0
RoboFlamingo,resampled_pose,abc_d_official_1000seq_workers4,970,1,0
RoboFlamingo,resampled_pose,abc_d_official_1000seq_workers4,971,2,0
RoboFlamingo,resampled_pose,abc_d_official_1000seq_workers4,972,1,0
RoboFlamingo,resampled_pose,abc_d_official_1000seq_workers4,973,0,0
RoboFlamingo,resampled_pose,abc_d_official_1000seq_workers4,974,3,0
RoboFlamingo,resampled_pose,abc_d_official_1000seq_workers4,975,0,0
RoboFlamingo,resampled_pose,abc_d_official_1000seq_workers4,976,0,0
RoboFlamingo,resampled_pose,abc_d_official_1000seq_workers4,977,0,0
RoboFlamingo,resampled_pose,abc_d_official_1000seq_workers4,978,1,0
RoboFlamingo,resampled_pose,abc_d_official_1000seq_workers4,979,0,0
RoboFlamingo,resampled_pose,abc_d_official_1000seq_workers4,980,2,0
RoboFlamingo,resampled_pose,abc_d_official_1000seq_workers4,981,2,0
RoboFlamingo,resampled_pose,abc_d_official_1000seq_workers4,982,0,0
RoboFlamingo,resampled_pose,abc_d_official_1000seq_workers4,983,1,0
RoboFlamingo,resampled_pose,abc_d_official_1000seq_workers4,984,3,0
RoboFlamingo,resampled_pose,abc_d_official_1000seq_workers4,985,0,0
RoboFlamingo,resampled_pose,abc_d_official_1000seq_workers4,986,0,0
RoboFlamingo,resampled_pose,abc_d_official_1000seq_workers4,987,0,0
RoboFlamingo,resampled_pose,abc_d_official_1000seq_workers4,988,3,0
RoboFlamingo,resampled_pose,abc_d_official_1000seq_workers4,989,1,0
RoboFlamingo,resampled_pose,abc_d_official_1000seq_workers4,990,3,0
RoboFlamingo,resampled_pose,abc_d_official_1000seq_workers4,991,0,0
RoboFlamingo,resampled_pose,abc_d_official_1000seq_workers4,992,0,0
RoboFlamingo,resampled_pose,abc_d_official_1000seq_workers4,993,1,0
RoboFlamingo,resampled_pose,abc_d_official_1000seq_workers4,994,1,0
RoboFlamingo,resampled_pose,abc_d_official_1000seq_workers4,995,0,0
RoboFlamingo,resampled_pose,abc_d_official_1000seq_workers4,996,0,0
RoboFlamingo,resampled_pose,abc_d_official_1000seq_workers4,997,0,0
RoboFlamingo,resampled_pose,abc_d_official_1000seq_workers4,998,3,0
RoboFlamingo,resampled_pose,abc_d_official_1000seq_workers4,999,0,0
