source_policy,policy,task,official_episode_id,repeat_id,seed,success,steps,error,timeout,horizon
cogact,cogact,stack,0,0,202706230,1,60,,0,60
cogact,cogact,stack,1,0,202706231,0,60,,0,60
cogact,cogact,stack,2,0,202706232,0,60,,0,60
cogact,cogact,stack,3,0,202706233,0,60,,0,60
cogact,cogact,stack,4,0,202706234,0,60,,0,60
cogact,cogact,stack,5,0,202706235,0,60,,0,60
cogact,cogact,stack,6,0,202706236,0,60,,0,60
cogact,cogact,stack,7,0,202706237,1,60,,0,60
cogact,cogact,stack,8,0,202706238,0,60,,0,60
cogact,cogact,stack,9,0,202706239,1,60,,0,60
cogact,cogact,stack,10,0,202706240,1,60,,0,60
cogact,cogact,stack,11,0,202706241,0,60,,0,60
cogact,cogact,stack,12,0,202706242,0,60,,0,60
cogact,cogact,stack,13,0,202706243,0,60,,0,60
cogact,cogact,stack,14,0,202706244,0,60,,0,60
cogact,cogact,stack,15,0,202706245,1,60,,0,60
cogact,cogact,stack,16,0,202706246,1,60,,0,60
cogact,cogact,stack,17,0,202706247,0,60,,0,60
cogact,cogact,stack,18,0,202706248,0,60,,0,60
cogact,cogact,stack,19,0,202706249,0,60,,0,60
cogact,cogact,stack,20,0,202706250,0,60,,0,60
cogact,cogact,stack,21,0,202706251,0,60,,0,60
cogact,cogact,stack,22,0,202706252,0,60,,0,60
cogact,cogact,stack,23,0,202706253,0,60,,0,60
cogact,cogact,stack,0,1,202706254,0,60,,0,60
cogact,cogact,stack,1,1,202706255,0,60,,0,60
cogact,cogact,stack,2,1,202706256,0,60,,0,60
cogact,cogact,stack,3,1,202706257,0,60,,0,60
cogact,cogact,stack,4,1,202706258,0,60,,0,60
cogact,cogact,stack,5,1,202706259,0,60,,0,60
cogact,cogact,stack,6,1,202706260,0,60,,0,60
cogact,cogact,stack,7,1,202706261,1,60,,0,60
cogact,cogact,stack,8,1,202706262,0,60,,0,60
cogact,cogact,stack,9,1,202706263,0,60,,0,60
cogact,cogact,stack,10,1,202706264,0,60,,0,60
cogact,cogact,stack,11,1,202706265,0,60,,0,60
cogact,cogact,stack,12,1,202706266,0,60,,0,60
cogact,cogact,stack,13,1,202706267,0,60,,0,60
cogact,cogact,stack,14,1,202706268,0,60,,0,60
cogact,cogact,stack,15,1,202706269,1,60,,0,60
cogact,cogact,stack,16,1,202706270,1,60,,0,60
cogact,cogact,stack,17,1,202706271,0,60,,0,60
cogact,cogact,stack,18,1,202706272,0,60,,0,60
cogact,cogact,stack,19,1,202706273,0,60,,0,60
cogact,cogact,stack,20,1,202706274,0,60,,0,60
cogact,cogact,stack,21,1,202706275,0,60,,0,60
cogact,cogact,stack,22,1,202706276,0,60,,0,60
cogact,cogact,stack,23,1,202706277,1,60,,0,60
cogact,cogact,stack,0,2,202706278,0,60,,0,60
cogact,cogact,stack,1,2,202706279,0,60,,0,60
cogact,cogact,stack,2,2,202706280,0,60,,0,60
cogact,cogact,stack,3,2,202706281,0,60,,0,60
cogact,cogact,stack,4,2,202706282,0,60,,0,60
cogact,cogact,stack,5,2,202706283,0,60,,0,60
cogact,cogact,stack,6,2,202706284,0,60,,0,60
cogact,cogact,stack,7,2,202706285,1,60,,0,60
cogact,cogact,stack,8,2,202706286,0,60,,0,60
cogact,cogact,stack,9,2,202706287,0,60,,0,60
cogact,cogact,stack,10,2,202706288,1,60,,0,60
cogact,cogact,stack,11,2,202706289,0,60,,0,60
cogact,cogact,stack,12,2,202706290,0,60,,0,60
cogact,cogact,stack,13,2,202706291,0,60,,0,60
cogact,cogact,stack,14,2,202706292,0,60,,0,60
cogact,cogact,stack,15,2,202706293,1,60,,0,60
cogact,cogact,stack,16,2,202706294,0,60,,0,60
cogact,cogact,stack,17,2,202706295,0,60,,0,60
cogact,cogact,stack,18,2,202706296,0,60,,0,60
cogact,cogact,stack,19,2,202706297,0,60,,0,60
cogact,cogact,stack,20,2,202706298,0,60,,0,60
cogact,cogact,stack,21,2,202706299,0,60,,0,60
cogact,cogact,stack,22,2,202706300,0,60,,0,60
cogact,cogact,stack,23,2,202706301,1,60,,0,60
cogact,cogact,stack,0,3,202706302,0,60,,0,60
cogact,cogact,stack,1,3,202706303,0,60,,0,60
cogact,cogact,stack,2,3,202706304,0,60,,0,60
cogact,cogact,stack,3,3,202706305,0,60,,0,60
cogact,cogact,stack,4,3,202706306,1,60,,0,60
cogact,cogact,stack,5,3,202706307,0,60,,0,60
cogact,cogact,stack,6,3,202706308,0,60,,0,60
cogact,cogact,stack,7,3,202706309,0,60,,0,60
cogact,cogact,stack,8,3,202706310,0,60,,0,60
cogact,cogact,stack,9,3,202706311,1,60,,0,60
cogact,cogact,stack,10,3,202706312,1,60,,0,60
cogact,cogact,stack,11,3,202706313,0,60,,0,60
cogact,cogact,stack,12,3,202706314,0,60,,0,60
cogact,cogact,stack,13,3,202706315,0,60,,0,60
cogact,cogact,stack,14,3,202706316,0,60,,0,60
cogact,cogact,stack,15,3,202706317,1,60,,0,60
cogact,cogact,stack,16,3,202706318,0,60,,0,60
cogact,cogact,stack,17,3,202706319,1,60,,0,60
cogact,cogact,stack,18,3,202706320,0,60,,0,60
cogact,cogact,stack,19,3,202706321,0,60,,0,60
cogact,cogact,stack,20,3,202706322,0,60,,0,60
cogact,cogact,stack,21,3,202706323,1,60,,0,60
cogact,cogact,stack,22,3,202706324,0,60,,0,60
cogact,cogact,stack,23,3,202706325,1,60,,0,60
cogact,cogact,stack,0,4,202706326,0,60,,0,60
cogact,cogact,stack,1,4,202706327,0,60,,0,60
cogact,cogact,stack,2,4,202706328,0,60,,0,60
cogact,cogact,stack,3,4,202706329,0,60,,0,60
cogact,cogact,stack,4,4,202706330,0,60,,0,60
cogact,cogact,stack,5,4,202706331,0,60,,0,60
cogact,cogact,stack,6,4,202706332,0,60,,0,60
cogact,cogact,stack,7,4,202706333,1,60,,0,60
cogact,cogact,stack,8,4,202706334,0,60,,0,60
cogact,cogact,stack,9,4,202706335,1,60,,0,60
cogact,cogact,stack,10,4,202706336,1,60,,0,60
cogact,cogact,stack,11,4,202706337,0,60,,0,60
cogact,cogact,stack,12,4,202706338,0,60,,0,60
cogact,cogact,stack,13,4,202706339,0,60,,0,60
cogact,cogact,stack,14,4,202706340,0,60,,0,60
cogact,cogact,stack,15,4,202706341,1,60,,0,60
cogact,cogact,stack,16,4,202706342,0,60,,0,60
cogact,cogact,stack,17,4,202706343,0,60,,0,60
cogact,cogact,stack,18,4,202706344,0,60,,0,60
cogact,cogact,stack,19,4,202706345,0,60,,0,60
cogact,cogact,stack,20,4,202706346,0,60,,0,60
cogact,cogact,stack,21,4,202706347,0,60,,0,60
cogact,cogact,stack,22,4,202706348,0,60,,0,60
cogact,cogact,stack,23,4,202706349,1,60,,0,60
cogact,cogact,stack,0,5,202706350,0,60,,0,60
cogact,cogact,stack,1,5,202706351,0,60,,0,60
cogact,cogact,stack,2,5,202706352,0,60,,0,60
cogact,cogact,stack,3,5,202706353,0,60,,0,60
cogact,cogact,stack,4,5,202706354,1,60,,0,60
cogact,cogact,stack,5,5,202706355,0,60,,0,60
cogact,cogact,stack,6,5,202706356,0,60,,0,60
cogact,cogact,stack,7,5,202706357,0,60,,0,60
cogact,cogact,stack,8,5,202706358,0,60,,0,60
cogact,cogact,stack,9,5,202706359,0,60,,0,60
cogact,cogact,stack,10,5,202706360,1,60,,0,60
cogact,cogact,stack,11,5,202706361,0,60,,0,60
cogact,cogact,stack,12,5,202706362,0,60,,0,60
cogact,cogact,stack,13,5,202706363,0,60,,0,60
cogact,cogact,stack,14,5,202706364,0,60,,0,60
cogact,cogact,stack,15,5,202706365,1,60,,0,60
cogact,cogact,stack,16,5,202706366,1,60,,0,60
cogact,cogact,stack,17,5,202706367,0,60,,0,60
cogact,cogact,stack,18,5,202706368,0,60,,0,60
cogact,cogact,stack,19,5,202706369,0,60,,0,60
cogact,cogact,stack,20,5,202706370,0,60,,0,60
cogact,cogact,stack,21,5,202706371,0,60,,0,60
cogact,cogact,stack,22,5,202706372,0,60,,0,60
cogact,cogact,stack,23,5,202706373,1,60,,0,60
cogact,cogact,stack,0,6,202706374,0,60,,0,60
cogact,cogact,stack,1,6,202706375,0,60,,0,60
cogact,cogact,stack,2,6,202706376,0,60,,0,60
cogact,cogact,stack,3,6,202706377,0,60,,0,60
cogact,cogact,stack,4,6,202706378,0,60,,0,60
cogact,cogact,stack,5,6,202706379,0,60,,0,60
cogact,cogact,stack,6,6,202706380,0,60,,0,60
cogact,cogact,stack,7,6,202706381,1,60,,0,60
cogact,cogact,stack,8,6,202706382,0,60,,0,60
cogact,cogact,stack,9,6,202706383,1,60,,0,60
cogact,cogact,stack,10,6,202706384,1,60,,0,60
cogact,cogact,stack,11,6,202706385,0,60,,0,60
cogact,cogact,stack,12,6,202706386,0,60,,0,60
cogact,cogact,stack,13,6,202706387,0,60,,0,60
cogact,cogact,stack,14,6,202706388,0,60,,0,60
cogact,cogact,stack,15,6,202706389,0,60,,0,60
cogact,cogact,stack,16,6,202706390,0,60,,0,60
cogact,cogact,stack,17,6,202706391,0,60,,0,60
cogact,cogact,stack,18,6,202706392,0,60,,0,60
cogact,cogact,stack,19,6,202706393,0,60,,0,60
cogact,cogact,stack,20,6,202706394,0,60,,0,60
cogact,cogact,stack,21,6,202706395,0,60,,0,60
cogact,cogact,stack,22,6,202706396,0,60,,0,60
cogact,cogact,stack,23,6,202706397,0,60,,0,60
cogact,cogact,stack,0,7,202706398,0,60,,0,60
cogact,cogact,stack,1,7,202706399,0,60,,0,60
cogact,cogact,stack,2,7,202706400,0,60,,0,60
cogact,cogact,stack,3,7,202706401,0,60,,0,60
cogact,cogact,stack,4,7,202706402,0,60,,0,60
cogact,cogact,stack,5,7,202706403,0,60,,0,60
cogact,cogact,stack,6,7,202706404,0,60,,0,60
cogact,cogact,stack,7,7,202706405,1,60,,0,60
cogact,cogact,stack,8,7,202706406,0,60,,0,60
cogact,cogact,stack,9,7,202706407,1,60,,0,60
cogact,cogact,stack,10,7,202706408,1,60,,0,60
cogact,cogact,stack,11,7,202706409,0,60,,0,60
cogact,cogact,stack,12,7,202706410,0,60,,0,60
cogact,cogact,stack,13,7,202706411,0,60,,0,60
cogact,cogact,stack,14,7,202706412,0,60,,0,60
cogact,cogact,stack,15,7,202706413,1,60,,0,60
cogact,cogact,stack,16,7,202706414,0,60,,0,60
cogact,cogact,stack,17,7,202706415,0,60,,0,60
cogact,cogact,stack,18,7,202706416,0,60,,0,60
cogact,cogact,stack,19,7,202706417,0,60,,0,60
cogact,cogact,stack,20,7,202706418,0,60,,0,60
cogact,cogact,stack,21,7,202706419,0,60,,0,60
cogact,cogact,stack,22,7,202706420,0,60,,0,60
cogact,cogact,stack,23,7,202706421,0,60,,0,60
cogact,cogact,stack,0,8,202706422,0,60,,0,60
cogact,cogact,stack,1,8,202706423,0,60,,0,60
cogact,cogact,stack,2,8,202706424,0,60,,0,60
cogact,cogact,stack,3,8,202706425,0,60,,0,60
cogact,cogact,stack,4,8,202706426,0,60,,0,60
cogact,cogact,stack,5,8,202706427,0,60,,0,60
cogact,cogact,stack,6,8,202706428,0,60,,0,60
cogact,cogact,stack,7,8,202706429,0,60,,0,60
cogact,cogact,stack,8,8,202706430,0,60,,0,60
cogact,cogact,stack,9,8,202706431,1,60,,0,60
cogact,cogact,stack,10,8,202706432,1,60,,0,60
cogact,cogact,stack,11,8,202706433,0,60,,0,60
cogact,cogact,stack,12,8,202706434,0,60,,0,60
cogact,cogact,stack,13,8,202706435,0,60,,0,60
cogact,cogact,stack,14,8,202706436,0,60,,0,60
cogact,cogact,stack,15,8,202706437,0,60,,0,60
cogact,cogact,stack,16,8,202706438,0,60,,0,60
cogact,cogact,stack,17,8,202706439,0,60,,0,60
cogact,cogact,stack,18,8,202706440,0,60,,0,60
cogact,cogact,stack,19,8,202706441,0,60,,0,60
cogact,cogact,stack,20,8,202706442,0,60,,0,60
cogact,cogact,stack,21,8,202706443,0,60,,0,60
cogact,cogact,stack,22,8,202706444,0,60,,0,60
cogact,cogact,stack,23,8,202706445,1,60,,0,60
cogact,cogact,stack,0,9,202706446,0,60,,0,60
cogact,cogact,stack,1,9,202706447,0,60,,0,60
cogact,cogact,stack,2,9,202706448,0,60,,0,60
cogact,cogact,stack,3,9,202706449,0,60,,0,60
cogact,cogact,stack,4,9,202706450,0,60,,0,60
cogact,cogact,stack,5,9,202706451,0,60,,0,60
cogact,cogact,stack,6,9,202706452,0,60,,0,60
cogact,cogact,stack,7,9,202706453,1,60,,0,60
cogact,cogact,stack,8,9,202706454,0,60,,0,60
cogact,cogact,stack,9,9,202706455,1,60,,0,60
cogact,cogact,stack,10,9,202706456,1,60,,0,60
cogact,cogact,stack,11,9,202706457,0,60,,0,60
cogact,cogact,stack,12,9,202706458,0,60,,0,60
cogact,cogact,stack,13,9,202706459,0,60,,0,60
cogact,cogact,stack,14,9,202706460,0,60,,0,60
cogact,cogact,stack,15,9,202706461,1,60,,0,60
cogact,cogact,stack,16,9,202706462,1,60,,0,60
cogact,cogact,stack,17,9,202706463,0,60,,0,60
cogact,cogact,stack,18,9,202706464,0,60,,0,60
cogact,cogact,stack,19,9,202706465,0,60,,0,60
cogact,cogact,stack,20,9,202706466,0,60,,0,60
cogact,cogact,stack,21,9,202706467,0,60,,0,60
cogact,cogact,stack,22,9,202706468,0,60,,0,60
cogact,cogact,stack,23,9,202706469,1,60,,0,60
cogact,cogact,stack,0,10,202706470,0,60,,0,60
cogact,cogact,stack,1,10,202706471,0,60,,0,60
cogact,cogact,stack,2,10,202706472,1,60,,0,60
cogact,cogact,stack,3,10,202706473,0,60,,0,60
cogact,cogact,stack,4,10,202706474,1,60,,0,60
cogact,cogact,stack,5,10,202706475,0,60,,0,60
cogact,cogact,stack,6,10,202706476,0,60,,0,60
cogact,cogact,stack,7,10,202706477,1,60,,0,60
cogact,cogact,stack,8,10,202706478,0,60,,0,60
cogact,cogact,stack,9,10,202706479,0,60,,0,60
cogact,cogact,stack,10,10,202706480,1,60,,0,60
cogact,cogact,stack,11,10,202706481,0,60,,0,60
cogact,cogact,stack,12,10,202706482,0,60,,0,60
cogact,cogact,stack,13,10,202706483,0,60,,0,60
cogact,cogact,stack,14,10,202706484,0,60,,0,60
cogact,cogact,stack,15,10,202706485,1,60,,0,60
cogact,cogact,stack,16,10,202706486,0,60,,0,60
cogact,cogact,stack,17,10,202706487,0,60,,0,60
cogact,cogact,stack,18,10,202706488,0,60,,0,60
cogact,cogact,stack,19,10,202706489,0,60,,0,60
cogact,cogact,stack,20,10,202706490,0,60,,0,60
cogact,cogact,stack,21,10,202706491,0,60,,0,60
cogact,cogact,stack,22,10,202706492,0,60,,0,60
cogact,cogact,stack,23,10,202706493,1,60,,0,60
cogact,cogact,stack,0,11,202706494,0,60,,0,60
cogact,cogact,stack,1,11,202706495,0,60,,0,60
cogact,cogact,stack,2,11,202706496,0,60,,0,60
cogact,cogact,stack,3,11,202706497,0,60,,0,60
cogact,cogact,stack,4,11,202706498,1,60,,0,60
cogact,cogact,stack,5,11,202706499,0,60,,0,60
cogact,cogact,stack,6,11,202706500,0,60,,0,60
cogact,cogact,stack,7,11,202706501,1,60,,0,60
cogact,cogact,stack,8,11,202706502,0,60,,0,60
cogact,cogact,stack,9,11,202706503,1,60,,0,60
cogact,cogact,stack,10,11,202706504,1,60,,0,60
cogact,cogact,stack,11,11,202706505,0,60,,0,60
cogact,cogact,stack,12,11,202706506,0,60,,0,60
cogact,cogact,stack,13,11,202706507,0,60,,0,60
cogact,cogact,stack,14,11,202706508,0,60,,0,60
cogact,cogact,stack,15,11,202706509,0,60,,0,60
cogact,cogact,stack,16,11,202706510,1,60,,0,60
cogact,cogact,stack,17,11,202706511,0,60,,0,60
cogact,cogact,stack,18,11,202706512,0,60,,0,60
cogact,cogact,stack,19,11,202706513,0,60,,0,60
cogact,cogact,stack,20,11,202706514,0,60,,0,60
cogact,cogact,stack,21,11,202706515,1,60,,0,60
cogact,cogact,stack,22,11,202706516,0,60,,0,60
cogact,cogact,stack,23,11,202706517,1,60,,0,60
cogact,cogact,carrot,0,0,202707230,0,60,,0,60
cogact,cogact,carrot,1,0,202707231,0,60,,0,60
cogact,cogact,carrot,2,0,202707232,1,60,,0,60
cogact,cogact,carrot,3,0,202707233,0,60,,0,60
cogact,cogact,carrot,4,0,202707234,0,60,,0,60
cogact,cogact,carrot,5,0,202707235,0,60,,0,60
cogact,cogact,carrot,6,0,202707236,0,60,,0,60
cogact,cogact,carrot,7,0,202707237,0,60,,0,60
cogact,cogact,carrot,8,0,202707238,0,60,,0,60
cogact,cogact,carrot,9,0,202707239,0,60,,0,60
cogact,cogact,carrot,10,0,202707240,0,60,,0,60
cogact,cogact,carrot,11,0,202707241,0,60,,0,60
cogact,cogact,carrot,12,0,202707242,1,60,,0,60
cogact,cogact,carrot,13,0,202707243,1,60,,0,60
cogact,cogact,carrot,14,0,202707244,1,60,,0,60
cogact,cogact,carrot,15,0,202707245,0,60,,0,60
cogact,cogact,carrot,16,0,202707246,1,60,,0,60
cogact,cogact,carrot,17,0,202707247,1,60,,0,60
cogact,cogact,carrot,18,0,202707248,1,60,,0,60
cogact,cogact,carrot,19,0,202707249,0,60,,0,60
cogact,cogact,carrot,20,0,202707250,1,60,,0,60
cogact,cogact,carrot,21,0,202707251,0,60,,0,60
cogact,cogact,carrot,22,0,202707252,1,60,,0,60
cogact,cogact,carrot,23,0,202707253,1,60,,0,60
cogact,cogact,carrot,0,1,202707254,0,60,,0,60
cogact,cogact,carrot,1,1,202707255,0,60,,0,60
cogact,cogact,carrot,2,1,202707256,0,60,,0,60
cogact,cogact,carrot,3,1,202707257,1,60,,0,60
cogact,cogact,carrot,4,1,202707258,0,60,,0,60
cogact,cogact,carrot,5,1,202707259,0,60,,0,60
cogact,cogact,carrot,6,1,202707260,1,60,,0,60
cogact,cogact,carrot,7,1,202707261,0,60,,0,60
cogact,cogact,carrot,8,1,202707262,0,60,,0,60
cogact,cogact,carrot,9,1,202707263,1,60,,0,60
cogact,cogact,carrot,10,1,202707264,0,60,,0,60
cogact,cogact,carrot,11,1,202707265,0,60,,0,60
cogact,cogact,carrot,12,1,202707266,1,60,,0,60
cogact,cogact,carrot,13,1,202707267,1,60,,0,60
cogact,cogact,carrot,14,1,202707268,1,60,,0,60
cogact,cogact,carrot,15,1,202707269,1,60,,0,60
cogact,cogact,carrot,16,1,202707270,1,60,,0,60
cogact,cogact,carrot,17,1,202707271,1,60,,0,60
cogact,cogact,carrot,18,1,202707272,0,60,,0,60
cogact,cogact,carrot,19,1,202707273,0,60,,0,60
cogact,cogact,carrot,20,1,202707274,1,60,,0,60
cogact,cogact,carrot,21,1,202707275,0,60,,0,60
cogact,cogact,carrot,22,1,202707276,1,60,,0,60
cogact,cogact,carrot,23,1,202707277,1,60,,0,60
cogact,cogact,carrot,0,2,202707278,0,60,,0,60
cogact,cogact,carrot,1,2,202707279,0,60,,0,60
cogact,cogact,carrot,2,2,202707280,0,60,,0,60
cogact,cogact,carrot,3,2,202707281,0,60,,0,60
cogact,cogact,carrot,4,2,202707282,0,60,,0,60
cogact,cogact,carrot,5,2,202707283,0,60,,0,60
cogact,cogact,carrot,6,2,202707284,0,60,,0,60
cogact,cogact,carrot,7,2,202707285,0,60,,0,60
cogact,cogact,carrot,8,2,202707286,0,60,,0,60
cogact,cogact,carrot,9,2,202707287,0,60,,0,60
cogact,cogact,carrot,10,2,202707288,1,60,,0,60
cogact,cogact,carrot,11,2,202707289,0,60,,0,60
cogact,cogact,carrot,12,2,202707290,1,60,,0,60
cogact,cogact,carrot,13,2,202707291,1,60,,0,60
cogact,cogact,carrot,14,2,202707292,0,60,,0,60
cogact,cogact,carrot,15,2,202707293,1,60,,0,60
cogact,cogact,carrot,16,2,202707294,1,60,,0,60
cogact,cogact,carrot,17,2,202707295,1,60,,0,60
cogact,cogact,carrot,18,2,202707296,0,60,,0,60
cogact,cogact,carrot,19,2,202707297,0,60,,0,60
cogact,cogact,carrot,20,2,202707298,1,60,,0,60
cogact,cogact,carrot,21,2,202707299,0,60,,0,60
cogact,cogact,carrot,22,2,202707300,1,60,,0,60
cogact,cogact,carrot,23,2,202707301,1,60,,0,60
cogact,cogact,carrot,0,3,202707302,0,60,,0,60
cogact,cogact,carrot,1,3,202707303,0,60,,0,60
cogact,cogact,carrot,2,3,202707304,1,60,,0,60
cogact,cogact,carrot,3,3,202707305,0,60,,0,60
cogact,cogact,carrot,4,3,202707306,0,60,,0,60
cogact,cogact,carrot,5,3,202707307,0,60,,0,60
cogact,cogact,carrot,6,3,202707308,1,60,,0,60
cogact,cogact,carrot,7,3,202707309,0,60,,0,60
cogact,cogact,carrot,8,3,202707310,1,60,,0,60
cogact,cogact,carrot,9,3,202707311,0,60,,0,60
cogact,cogact,carrot,10,3,202707312,0,60,,0,60
cogact,cogact,carrot,11,3,202707313,0,60,,0,60
cogact,cogact,carrot,12,3,202707314,1,60,,0,60
cogact,cogact,carrot,13,3,202707315,1,60,,0,60
cogact,cogact,carrot,14,3,202707316,1,60,,0,60
cogact,cogact,carrot,15,3,202707317,1,60,,0,60
cogact,cogact,carrot,16,3,202707318,1,60,,0,60
cogact,cogact,carrot,17,3,202707319,0,60,,0,60
cogact,cogact,carrot,18,3,202707320,0,60,,0,60
cogact,cogact,carrot,19,3,202707321,1,60,,0,60
cogact,cogact,carrot,20,3,202707322,1,60,,0,60
cogact,cogact,carrot,21,3,202707323,0,60,,0,60
cogact,cogact,carrot,22,3,202707324,1,60,,0,60
cogact,cogact,carrot,23,3,202707325,1,60,,0,60
cogact,cogact,carrot,0,4,202707326,0,60,,0,60
cogact,cogact,carrot,1,4,202707327,0,60,,0,60
cogact,cogact,carrot,2,4,202707328,1,60,,0,60
cogact,cogact,carrot,3,4,202707329,0,60,,0,60
cogact,cogact,carrot,4,4,202707330,0,60,,0,60
cogact,cogact,carrot,5,4,202707331,0,60,,0,60
cogact,cogact,carrot,6,4,202707332,0,60,,0,60
cogact,cogact,carrot,7,4,202707333,1,60,,0,60
cogact,cogact,carrot,8,4,202707334,1,60,,0,60
cogact,cogact,carrot,9,4,202707335,0,60,,0,60
cogact,cogact,carrot,10,4,202707336,1,60,,0,60
cogact,cogact,carrot,11,4,202707337,0,60,,0,60
cogact,cogact,carrot,12,4,202707338,1,60,,0,60
cogact,cogact,carrot,13,4,202707339,1,60,,0,60
cogact,cogact,carrot,14,4,202707340,1,60,,0,60
cogact,cogact,carrot,15,4,202707341,1,60,,0,60
cogact,cogact,carrot,16,4,202707342,1,60,,0,60
cogact,cogact,carrot,17,4,202707343,0,60,,0,60
cogact,cogact,carrot,18,4,202707344,1,60,,0,60
cogact,cogact,carrot,19,4,202707345,0,60,,0,60
cogact,cogact,carrot,20,4,202707346,1,60,,0,60
cogact,cogact,carrot,21,4,202707347,1,60,,0,60
cogact,cogact,carrot,22,4,202707348,1,60,,0,60
cogact,cogact,carrot,23,4,202707349,1,60,,0,60
cogact,cogact,carrot,0,5,202707350,1,60,,0,60
cogact,cogact,carrot,1,5,202707351,0,60,,0,60
cogact,cogact,carrot,2,5,202707352,0,60,,0,60
cogact,cogact,carrot,3,5,202707353,0,60,,0,60
cogact,cogact,carrot,4,5,202707354,0,60,,0,60
cogact,cogact,carrot,5,5,202707355,0,60,,0,60
cogact,cogact,carrot,6,5,202707356,0,60,,0,60
cogact,cogact,carrot,7,5,202707357,0,60,,0,60
cogact,cogact,carrot,8,5,202707358,0,60,,0,60
cogact,cogact,carrot,9,5,202707359,0,60,,0,60
cogact,cogact,carrot,10,5,202707360,0,60,,0,60
cogact,cogact,carrot,11,5,202707361,0,60,,0,60
cogact,cogact,carrot,12,5,202707362,1,60,,0,60
cogact,cogact,carrot,13,5,202707363,0,60,,0,60
cogact,cogact,carrot,14,5,202707364,1,60,,0,60
cogact,cogact,carrot,15,5,202707365,1,60,,0,60
cogact,cogact,carrot,16,5,202707366,1,60,,0,60
cogact,cogact,carrot,17,5,202707367,0,60,,0,60
cogact,cogact,carrot,18,5,202707368,0,60,,0,60
cogact,cogact,carrot,19,5,202707369,1,60,,0,60
cogact,cogact,carrot,20,5,202707370,1,60,,0,60
cogact,cogact,carrot,21,5,202707371,0,60,,0,60
cogact,cogact,carrot,22,5,202707372,0,60,,0,60
cogact,cogact,carrot,23,5,202707373,1,60,,0,60
cogact,cogact,carrot,0,6,202707374,1,60,,0,60
cogact,cogact,carrot,1,6,202707375,0,60,,0,60
cogact,cogact,carrot,2,6,202707376,0,60,,0,60
cogact,cogact,carrot,3,6,202707377,0,60,,0,60
cogact,cogact,carrot,4,6,202707378,0,60,,0,60
cogact,cogact,carrot,5,6,202707379,0,60,,0,60
cogact,cogact,carrot,6,6,202707380,0,60,,0,60
cogact,cogact,carrot,7,6,202707381,0,60,,0,60
cogact,cogact,carrot,8,6,202707382,0,60,,0,60
cogact,cogact,carrot,9,6,202707383,0,60,,0,60
cogact,cogact,carrot,10,6,202707384,1,60,,0,60
cogact,cogact,carrot,11,6,202707385,0,60,,0,60
cogact,cogact,carrot,12,6,202707386,1,60,,0,60
cogact,cogact,carrot,13,6,202707387,0,60,,0,60
cogact,cogact,carrot,14,6,202707388,1,60,,0,60
cogact,cogact,carrot,15,6,202707389,0,60,,0,60
cogact,cogact,carrot,16,6,202707390,1,60,,0,60
cogact,cogact,carrot,17,6,202707391,1,60,,0,60
cogact,cogact,carrot,18,6,202707392,0,60,,0,60
cogact,cogact,carrot,19,6,202707393,0,60,,0,60
cogact,cogact,carrot,20,6,202707394,1,60,,0,60
cogact,cogact,carrot,21,6,202707395,0,60,,0,60
cogact,cogact,carrot,22,6,202707396,1,60,,0,60
cogact,cogact,carrot,23,6,202707397,1,60,,0,60
cogact,cogact,carrot,0,7,202707398,0,60,,0,60
cogact,cogact,carrot,1,7,202707399,0,60,,0,60
cogact,cogact,carrot,2,7,202707400,0,60,,0,60
cogact,cogact,carrot,3,7,202707401,0,60,,0,60
cogact,cogact,carrot,4,7,202707402,0,60,,0,60
cogact,cogact,carrot,5,7,202707403,0,60,,0,60
cogact,cogact,carrot,6,7,202707404,1,60,,0,60
cogact,cogact,carrot,7,7,202707405,0,60,,0,60
cogact,cogact,carrot,8,7,202707406,0,60,,0,60
cogact,cogact,carrot,9,7,202707407,0,60,,0,60
cogact,cogact,carrot,10,7,202707408,1,60,,0,60
cogact,cogact,carrot,11,7,202707409,0,60,,0,60
cogact,cogact,carrot,12,7,202707410,1,60,,0,60
cogact,cogact,carrot,13,7,202707411,1,60,,0,60
cogact,cogact,carrot,14,7,202707412,1,60,,0,60
cogact,cogact,carrot,15,7,202707413,0,60,,0,60
cogact,cogact,carrot,16,7,202707414,1,60,,0,60
cogact,cogact,carrot,17,7,202707415,0,60,,0,60
cogact,cogact,carrot,18,7,202707416,0,60,,0,60
cogact,cogact,carrot,19,7,202707417,0,60,,0,60
cogact,cogact,carrot,20,7,202707418,1,60,,0,60
cogact,cogact,carrot,21,7,202707419,0,60,,0,60
cogact,cogact,carrot,22,7,202707420,0,60,,0,60
cogact,cogact,carrot,23,7,202707421,0,60,,0,60
cogact,cogact,carrot,0,8,202707422,1,60,,0,60
cogact,cogact,carrot,1,8,202707423,0,60,,0,60
cogact,cogact,carrot,2,8,202707424,0,60,,0,60
cogact,cogact,carrot,3,8,202707425,0,60,,0,60
cogact,cogact,carrot,4,8,202707426,0,60,,0,60
cogact,cogact,carrot,5,8,202707427,0,60,,0,60
cogact,cogact,carrot,6,8,202707428,0,60,,0,60
cogact,cogact,carrot,7,8,202707429,0,60,,0,60
cogact,cogact,carrot,8,8,202707430,1,60,,0,60
cogact,cogact,carrot,9,8,202707431,0,60,,0,60
cogact,cogact,carrot,10,8,202707432,1,60,,0,60
cogact,cogact,carrot,11,8,202707433,0,60,,0,60
cogact,cogact,carrot,12,8,202707434,1,60,,0,60
cogact,cogact,carrot,13,8,202707435,0,60,,0,60
cogact,cogact,carrot,14,8,202707436,1,60,,0,60
cogact,cogact,carrot,15,8,202707437,1,60,,0,60
cogact,cogact,carrot,16,8,202707438,1,60,,0,60
cogact,cogact,carrot,17,8,202707439,0,60,,0,60
cogact,cogact,carrot,18,8,202707440,0,60,,0,60
cogact,cogact,carrot,19,8,202707441,0,60,,0,60
cogact,cogact,carrot,20,8,202707442,1,60,,0,60
cogact,cogact,carrot,21,8,202707443,0,60,,0,60
cogact,cogact,carrot,22,8,202707444,1,60,,0,60
cogact,cogact,carrot,23,8,202707445,1,60,,0,60
cogact,cogact,carrot,0,9,202707446,0,60,,0,60
cogact,cogact,carrot,1,9,202707447,0,60,,0,60
cogact,cogact,carrot,2,9,202707448,0,60,,0,60
cogact,cogact,carrot,3,9,202707449,0,60,,0,60
cogact,cogact,carrot,4,9,202707450,0,60,,0,60
cogact,cogact,carrot,5,9,202707451,0,60,,0,60
cogact,cogact,carrot,6,9,202707452,1,60,,0,60
cogact,cogact,carrot,7,9,202707453,0,60,,0,60
cogact,cogact,carrot,8,9,202707454,1,60,,0,60
cogact,cogact,carrot,9,9,202707455,0,60,,0,60
cogact,cogact,carrot,10,9,202707456,0,60,,0,60
cogact,cogact,carrot,11,9,202707457,0,60,,0,60
cogact,cogact,carrot,12,9,202707458,1,60,,0,60
cogact,cogact,carrot,13,9,202707459,0,60,,0,60
cogact,cogact,carrot,14,9,202707460,1,60,,0,60
cogact,cogact,carrot,15,9,202707461,1,60,,0,60
cogact,cogact,carrot,16,9,202707462,1,60,,0,60
cogact,cogact,carrot,17,9,202707463,0,60,,0,60
cogact,cogact,carrot,18,9,202707464,0,60,,0,60
cogact,cogact,carrot,19,9,202707465,1,60,,0,60
cogact,cogact,carrot,20,9,202707466,1,60,,0,60
cogact,cogact,carrot,21,9,202707467,0,60,,0,60
cogact,cogact,carrot,22,9,202707468,1,60,,0,60
cogact,cogact,carrot,23,9,202707469,0,60,,0,60
cogact,cogact,carrot,0,10,202707470,0,60,,0,60
cogact,cogact,carrot,1,10,202707471,0,60,,0,60
cogact,cogact,carrot,2,10,202707472,0,60,,0,60
cogact,cogact,carrot,3,10,202707473,0,60,,0,60
cogact,cogact,carrot,4,10,202707474,0,60,,0,60
cogact,cogact,carrot,5,10,202707475,0,60,,0,60
cogact,cogact,carrot,6,10,202707476,0,60,,0,60
cogact,cogact,carrot,7,10,202707477,0,60,,0,60
cogact,cogact,carrot,8,10,202707478,1,60,,0,60
cogact,cogact,carrot,9,10,202707479,0,60,,0,60
cogact,cogact,carrot,10,10,202707480,0,60,,0,60
cogact,cogact,carrot,11,10,202707481,0,60,,0,60
cogact,cogact,carrot,12,10,202707482,1,60,,0,60
cogact,cogact,carrot,13,10,202707483,1,60,,0,60
cogact,cogact,carrot,14,10,202707484,1,60,,0,60
cogact,cogact,carrot,15,10,202707485,1,60,,0,60
cogact,cogact,carrot,16,10,202707486,1,60,,0,60
cogact,cogact,carrot,17,10,202707487,0,60,,0,60
cogact,cogact,carrot,18,10,202707488,0,60,,0,60
cogact,cogact,carrot,19,10,202707489,1,60,,0,60
cogact,cogact,carrot,20,10,202707490,1,60,,0,60
cogact,cogact,carrot,21,10,202707491,0,60,,0,60
cogact,cogact,carrot,22,10,202707492,1,60,,0,60
cogact,cogact,carrot,23,10,202707493,1,60,,0,60
cogact,cogact,carrot,0,11,202707494,0,60,,0,60
cogact,cogact,carrot,1,11,202707495,0,60,,0,60
cogact,cogact,carrot,2,11,202707496,0,60,,0,60
cogact,cogact,carrot,3,11,202707497,0,60,,0,60
cogact,cogact,carrot,4,11,202707498,0,60,,0,60
cogact,cogact,carrot,5,11,202707499,0,60,,0,60
cogact,cogact,carrot,6,11,202707500,1,60,,0,60
cogact,cogact,carrot,7,11,202707501,1,60,,0,60
cogact,cogact,carrot,8,11,202707502,0,60,,0,60
cogact,cogact,carrot,9,11,202707503,0,60,,0,60
cogact,cogact,carrot,10,11,202707504,0,60,,0,60
cogact,cogact,carrot,11,11,202707505,0,60,,0,60
cogact,cogact,carrot,12,11,202707506,1,60,,0,60
cogact,cogact,carrot,13,11,202707507,1,60,,0,60
cogact,cogact,carrot,14,11,202707508,1,60,,0,60
cogact,cogact,carrot,15,11,202707509,1,60,,0,60
cogact,cogact,carrot,16,11,202707510,1,60,,0,60
cogact,cogact,carrot,17,11,202707511,1,60,,0,60
cogact,cogact,carrot,18,11,202707512,0,60,,0,60
cogact,cogact,carrot,19,11,202707513,0,60,,0,60
cogact,cogact,carrot,20,11,202707514,1,60,,0,60
cogact,cogact,carrot,21,11,202707515,1,60,,0,60
cogact,cogact,carrot,22,11,202707516,1,60,,0,60
cogact,cogact,carrot,23,11,202707517,1,60,,0,60
cogact,cogact,spoon,0,0,202708230,0,60,,0,60
cogact,cogact,spoon,1,0,202708231,0,60,,0,60
cogact,cogact,spoon,2,0,202708232,0,60,,0,60
cogact,cogact,spoon,3,0,202708233,0,60,,0,60
cogact,cogact,spoon,4,0,202708234,1,60,,0,60
cogact,cogact,spoon,5,0,202708235,0,60,,0,60
cogact,cogact,spoon,6,0,202708236,0,60,,0,60
cogact,cogact,spoon,7,0,202708237,0,60,,0,60
cogact,cogact,spoon,8,0,202708238,1,60,,0,60
cogact,cogact,spoon,9,0,202708239,0,60,,0,60
cogact,cogact,spoon,10,0,202708240,1,60,,0,60
cogact,cogact,spoon,11,0,202708241,0,60,,0,60
cogact,cogact,spoon,12,0,202708242,1,60,,0,60
cogact,cogact,spoon,13,0,202708243,1,60,,0,60
cogact,cogact,spoon,14,0,202708244,1,60,,0,60
cogact,cogact,spoon,15,0,202708245,1,60,,0,60
cogact,cogact,spoon,16,0,202708246,1,60,,0,60
cogact,cogact,spoon,17,0,202708247,1,60,,0,60
cogact,cogact,spoon,18,0,202708248,1,60,,0,60
cogact,cogact,spoon,19,0,202708249,1,60,,0,60
cogact,cogact,spoon,20,0,202708250,0,60,,0,60
cogact,cogact,spoon,21,0,202708251,1,60,,0,60
cogact,cogact,spoon,22,0,202708252,1,60,,0,60
cogact,cogact,spoon,23,0,202708253,1,60,,0,60
cogact,cogact,spoon,0,1,202708254,1,60,,0,60
cogact,cogact,spoon,1,1,202708255,0,60,,0,60
cogact,cogact,spoon,2,1,202708256,1,60,,0,60
cogact,cogact,spoon,3,1,202708257,0,60,,0,60
cogact,cogact,spoon,4,1,202708258,1,60,,0,60
cogact,cogact,spoon,5,1,202708259,0,60,,0,60
cogact,cogact,spoon,6,1,202708260,1,60,,0,60
cogact,cogact,spoon,7,1,202708261,1,60,,0,60
cogact,cogact,spoon,8,1,202708262,1,60,,0,60
cogact,cogact,spoon,9,1,202708263,0,60,,0,60
cogact,cogact,spoon,10,1,202708264,1,60,,0,60
cogact,cogact,spoon,11,1,202708265,1,60,,0,60
cogact,cogact,spoon,12,1,202708266,1,60,,0,60
cogact,cogact,spoon,13,1,202708267,1,60,,0,60
cogact,cogact,spoon,14,1,202708268,1,60,,0,60
cogact,cogact,spoon,15,1,202708269,1,60,,0,60
cogact,cogact,spoon,16,1,202708270,1,60,,0,60
cogact,cogact,spoon,17,1,202708271,1,60,,0,60
cogact,cogact,spoon,18,1,202708272,0,60,,0,60
cogact,cogact,spoon,19,1,202708273,1,60,,0,60
cogact,cogact,spoon,20,1,202708274,1,60,,0,60
cogact,cogact,spoon,21,1,202708275,1,60,,0,60
cogact,cogact,spoon,22,1,202708276,1,60,,0,60
cogact,cogact,spoon,23,1,202708277,1,60,,0,60
cogact,cogact,spoon,0,2,202708278,0,60,,0,60
cogact,cogact,spoon,1,2,202708279,0,60,,0,60
cogact,cogact,spoon,2,2,202708280,1,60,,0,60
cogact,cogact,spoon,3,2,202708281,1,60,,0,60
cogact,cogact,spoon,4,2,202708282,1,60,,0,60
cogact,cogact,spoon,5,2,202708283,0,60,,0,60
cogact,cogact,spoon,6,2,202708284,1,60,,0,60
cogact,cogact,spoon,7,2,202708285,1,60,,0,60
cogact,cogact,spoon,8,2,202708286,1,60,,0,60
cogact,cogact,spoon,9,2,202708287,0,60,,0,60
cogact,cogact,spoon,10,2,202708288,1,60,,0,60
cogact,cogact,spoon,11,2,202708289,1,60,,0,60
cogact,cogact,spoon,12,2,202708290,0,60,,0,60
cogact,cogact,spoon,13,2,202708291,1,60,,0,60
cogact,cogact,spoon,14,2,202708292,1,60,,0,60
cogact,cogact,spoon,15,2,202708293,1,60,,0,60
cogact,cogact,spoon,16,2,202708294,0,60,,0,60
cogact,cogact,spoon,17,2,202708295,1,60,,0,60
cogact,cogact,spoon,18,2,202708296,1,60,,0,60
cogact,cogact,spoon,19,2,202708297,1,60,,0,60
cogact,cogact,spoon,20,2,202708298,0,60,,0,60
cogact,cogact,spoon,21,2,202708299,1,60,,0,60
cogact,cogact,spoon,22,2,202708300,1,60,,0,60
cogact,cogact,spoon,23,2,202708301,1,60,,0,60
cogact,cogact,spoon,0,3,202708302,0,60,,0,60
cogact,cogact,spoon,1,3,202708303,0,60,,0,60
cogact,cogact,spoon,2,3,202708304,1,60,,0,60
cogact,cogact,spoon,3,3,202708305,1,60,,0,60
cogact,cogact,spoon,4,3,202708306,0,60,,0,60
cogact,cogact,spoon,5,3,202708307,0,60,,0,60
cogact,cogact,spoon,6,3,202708308,1,60,,0,60
cogact,cogact,spoon,7,3,202708309,1,60,,0,60
cogact,cogact,spoon,8,3,202708310,1,60,,0,60
cogact,cogact,spoon,9,3,202708311,0,60,,0,60
cogact,cogact,spoon,10,3,202708312,1,60,,0,60
cogact,cogact,spoon,11,3,202708313,0,60,,0,60
cogact,cogact,spoon,12,3,202708314,1,60,,0,60
cogact,cogact,spoon,13,3,202708315,1,60,,0,60
cogact,cogact,spoon,14,3,202708316,1,60,,0,60
cogact,cogact,spoon,15,3,202708317,0,60,,0,60
cogact,cogact,spoon,16,3,202708318,1,60,,0,60
cogact,cogact,spoon,17,3,202708319,1,60,,0,60
cogact,cogact,spoon,18,3,202708320,0,60,,0,60
cogact,cogact,spoon,19,3,202708321,1,60,,0,60
cogact,cogact,spoon,20,3,202708322,0,60,,0,60
cogact,cogact,spoon,21,3,202708323,1,60,,0,60
cogact,cogact,spoon,22,3,202708324,1,60,,0,60
cogact,cogact,spoon,23,3,202708325,1,60,,0,60
cogact,cogact,spoon,0,4,202708326,0,60,,0,60
cogact,cogact,spoon,1,4,202708327,0,60,,0,60
cogact,cogact,spoon,2,4,202708328,0,60,,0,60
cogact,cogact,spoon,3,4,202708329,0,60,,0,60
cogact,cogact,spoon,4,4,202708330,1,60,,0,60
cogact,cogact,spoon,5,4,202708331,0,60,,0,60
cogact,cogact,spoon,6,4,202708332,1,60,,0,60
cogact,cogact,spoon,7,4,202708333,1,60,,0,60
cogact,cogact,spoon,8,4,202708334,1,60,,0,60
cogact,cogact,spoon,9,4,202708335,0,60,,0,60
cogact,cogact,spoon,10,4,202708336,1,60,,0,60
cogact,cogact,spoon,11,4,202708337,0,60,,0,60
cogact,cogact,spoon,12,4,202708338,1,60,,0,60
cogact,cogact,spoon,13,4,202708339,1,60,,0,60
cogact,cogact,spoon,14,4,202708340,1,60,,0,60
cogact,cogact,spoon,15,4,202708341,1,60,,0,60
cogact,cogact,spoon,16,4,202708342,1,60,,0,60
cogact,cogact,spoon,17,4,202708343,1,60,,0,60
cogact,cogact,spoon,18,4,202708344,1,60,,0,60
cogact,cogact,spoon,19,4,202708345,1,60,,0,60
cogact,cogact,spoon,20,4,202708346,0,60,,0,60
cogact,cogact,spoon,21,4,202708347,1,60,,0,60
cogact,cogact,spoon,22,4,202708348,1,60,,0,60
cogact,cogact,spoon,23,4,202708349,1,60,,0,60
cogact,cogact,spoon,0,5,202708350,0,60,,0,60
cogact,cogact,spoon,1,5,202708351,0,60,,0,60
cogact,cogact,spoon,2,5,202708352,0,60,,0,60
cogact,cogact,spoon,3,5,202708353,1,60,,0,60
cogact,cogact,spoon,4,5,202708354,0,60,,0,60
cogact,cogact,spoon,5,5,202708355,0,60,,0,60
cogact,cogact,spoon,6,5,202708356,1,60,,0,60
cogact,cogact,spoon,7,5,202708357,1,60,,0,60
cogact,cogact,spoon,8,5,202708358,1,60,,0,60
cogact,cogact,spoon,9,5,202708359,0,60,,0,60
cogact,cogact,spoon,10,5,202708360,1,60,,0,60
cogact,cogact,spoon,11,5,202708361,1,60,,0,60
cogact,cogact,spoon,12,5,202708362,1,60,,0,60
cogact,cogact,spoon,13,5,202708363,1,60,,0,60
cogact,cogact,spoon,14,5,202708364,1,60,,0,60
cogact,cogact,spoon,15,5,202708365,1,60,,0,60
cogact,cogact,spoon,16,5,202708366,1,60,,0,60
cogact,cogact,spoon,17,5,202708367,1,60,,0,60
cogact,cogact,spoon,18,5,202708368,1,60,,0,60
cogact,cogact,spoon,19,5,202708369,1,60,,0,60
cogact,cogact,spoon,20,5,202708370,1,60,,0,60
cogact,cogact,spoon,21,5,202708371,0,60,,0,60
cogact,cogact,spoon,22,5,202708372,1,60,,0,60
cogact,cogact,spoon,23,5,202708373,1,60,,0,60
cogact,cogact,spoon,0,6,202708374,0,60,,0,60
cogact,cogact,spoon,1,6,202708375,0,60,,0,60
cogact,cogact,spoon,2,6,202708376,1,60,,0,60
cogact,cogact,spoon,3,6,202708377,0,60,,0,60
cogact,cogact,spoon,4,6,202708378,1,60,,0,60
cogact,cogact,spoon,5,6,202708379,0,60,,0,60
cogact,cogact,spoon,6,6,202708380,1,60,,0,60
cogact,cogact,spoon,7,6,202708381,0,60,,0,60
cogact,cogact,spoon,8,6,202708382,1,60,,0,60
cogact,cogact,spoon,9,6,202708383,0,60,,0,60
cogact,cogact,spoon,10,6,202708384,1,60,,0,60
cogact,cogact,spoon,11,6,202708385,0,60,,0,60
cogact,cogact,spoon,12,6,202708386,0,60,,0,60
cogact,cogact,spoon,13,6,202708387,1,60,,0,60
cogact,cogact,spoon,14,6,202708388,1,60,,0,60
cogact,cogact,spoon,15,6,202708389,1,60,,0,60
cogact,cogact,spoon,16,6,202708390,1,60,,0,60
cogact,cogact,spoon,17,6,202708391,1,60,,0,60
cogact,cogact,spoon,18,6,202708392,0,60,,0,60
cogact,cogact,spoon,19,6,202708393,1,60,,0,60
cogact,cogact,spoon,20,6,202708394,1,60,,0,60
cogact,cogact,spoon,21,6,202708395,1,60,,0,60
cogact,cogact,spoon,22,6,202708396,1,60,,0,60
cogact,cogact,spoon,23,6,202708397,1,60,,0,60
cogact,cogact,spoon,0,7,202708398,0,60,,0,60
cogact,cogact,spoon,1,7,202708399,0,60,,0,60
cogact,cogact,spoon,2,7,202708400,0,60,,0,60
cogact,cogact,spoon,3,7,202708401,0,60,,0,60
cogact,cogact,spoon,4,7,202708402,0,60,,0,60
cogact,cogact,spoon,5,7,202708403,0,60,,0,60
cogact,cogact,spoon,6,7,202708404,1,60,,0,60
cogact,cogact,spoon,7,7,202708405,0,60,,0,60
cogact,cogact,spoon,8,7,202708406,1,60,,0,60
cogact,cogact,spoon,9,7,202708407,0,60,,0,60
cogact,cogact,spoon,10,7,202708408,1,60,,0,60
cogact,cogact,spoon,11,7,202708409,0,60,,0,60
cogact,cogact,spoon,12,7,202708410,0,60,,0,60
cogact,cogact,spoon,13,7,202708411,1,60,,0,60
cogact,cogact,spoon,14,7,202708412,1,60,,0,60
cogact,cogact,spoon,15,7,202708413,1,60,,0,60
cogact,cogact,spoon,16,7,202708414,1,60,,0,60
cogact,cogact,spoon,17,7,202708415,1,60,,0,60
cogact,cogact,spoon,18,7,202708416,1,60,,0,60
cogact,cogact,spoon,19,7,202708417,0,60,,0,60
cogact,cogact,spoon,20,7,202708418,1,60,,0,60
cogact,cogact,spoon,21,7,202708419,1,60,,0,60
cogact,cogact,spoon,22,7,202708420,1,60,,0,60
cogact,cogact,spoon,23,7,202708421,1,60,,0,60
cogact,cogact,spoon,0,8,202708422,0,60,,0,60
cogact,cogact,spoon,1,8,202708423,0,60,,0,60
cogact,cogact,spoon,2,8,202708424,1,60,,0,60
cogact,cogact,spoon,3,8,202708425,0,60,,0,60
cogact,cogact,spoon,4,8,202708426,1,60,,0,60
cogact,cogact,spoon,5,8,202708427,0,60,,0,60
cogact,cogact,spoon,6,8,202708428,1,60,,0,60
cogact,cogact,spoon,7,8,202708429,1,60,,0,60
cogact,cogact,spoon,8,8,202708430,1,60,,0,60
cogact,cogact,spoon,9,8,202708431,0,60,,0,60
cogact,cogact,spoon,10,8,202708432,1,60,,0,60
cogact,cogact,spoon,11,8,202708433,0,60,,0,60
cogact,cogact,spoon,12,8,202708434,1,60,,0,60
cogact,cogact,spoon,13,8,202708435,1,60,,0,60
cogact,cogact,spoon,14,8,202708436,1,60,,0,60
cogact,cogact,spoon,15,8,202708437,1,60,,0,60
cogact,cogact,spoon,16,8,202708438,1,60,,0,60
cogact,cogact,spoon,17,8,202708439,1,60,,0,60
cogact,cogact,spoon,18,8,202708440,1,60,,0,60
cogact,cogact,spoon,19,8,202708441,1,60,,0,60
cogact,cogact,spoon,20,8,202708442,1,60,,0,60
cogact,cogact,spoon,21,8,202708443,1,60,,0,60
cogact,cogact,spoon,22,8,202708444,1,60,,0,60
cogact,cogact,spoon,23,8,202708445,1,60,,0,60
cogact,cogact,spoon,0,9,202708446,0,60,,0,60
cogact,cogact,spoon,1,9,202708447,0,60,,0,60
cogact,cogact,spoon,2,9,202708448,1,60,,0,60
cogact,cogact,spoon,3,9,202708449,0,60,,0,60
cogact,cogact,spoon,4,9,202708450,1,60,,0,60
cogact,cogact,spoon,5,9,202708451,0,60,,0,60
cogact,cogact,spoon,6,9,202708452,1,60,,0,60
cogact,cogact,spoon,7,9,202708453,0,60,,0,60
cogact,cogact,spoon,8,9,202708454,1,60,,0,60
cogact,cogact,spoon,9,9,202708455,0,60,,0,60
cogact,cogact,spoon,10,9,202708456,1,60,,0,60
cogact,cogact,spoon,11,9,202708457,1,60,,0,60
cogact,cogact,spoon,12,9,202708458,1,60,,0,60
cogact,cogact,spoon,13,9,202708459,1,60,,0,60
cogact,cogact,spoon,14,9,202708460,1,60,,0,60
cogact,cogact,spoon,15,9,202708461,1,60,,0,60
cogact,cogact,spoon,16,9,202708462,1,60,,0,60
cogact,cogact,spoon,17,9,202708463,1,60,,0,60
cogact,cogact,spoon,18,9,202708464,1,60,,0,60
cogact,cogact,spoon,19,9,202708465,1,60,,0,60
cogact,cogact,spoon,20,9,202708466,1,60,,0,60
cogact,cogact,spoon,21,9,202708467,1,60,,0,60
cogact,cogact,spoon,22,9,202708468,1,60,,0,60
cogact,cogact,spoon,23,9,202708469,1,60,,0,60
cogact,cogact,spoon,0,10,202708470,0,60,,0,60
cogact,cogact,spoon,1,10,202708471,0,60,,0,60
cogact,cogact,spoon,2,10,202708472,0,60,,0,60
cogact,cogact,spoon,3,10,202708473,0,60,,0,60
cogact,cogact,spoon,4,10,202708474,1,60,,0,60
cogact,cogact,spoon,5,10,202708475,0,60,,0,60
cogact,cogact,spoon,6,10,202708476,1,60,,0,60
cogact,cogact,spoon,7,10,202708477,1,60,,0,60
cogact,cogact,spoon,8,10,202708478,1,60,,0,60
cogact,cogact,spoon,9,10,202708479,0,60,,0,60
cogact,cogact,spoon,10,10,202708480,1,60,,0,60
cogact,cogact,spoon,11,10,202708481,0,60,,0,60
cogact,cogact,spoon,12,10,202708482,1,60,,0,60
cogact,cogact,spoon,13,10,202708483,1,60,,0,60
cogact,cogact,spoon,14,10,202708484,1,60,,0,60
cogact,cogact,spoon,15,10,202708485,1,60,,0,60
cogact,cogact,spoon,16,10,202708486,1,60,,0,60
cogact,cogact,spoon,17,10,202708487,1,60,,0,60
cogact,cogact,spoon,18,10,202708488,1,60,,0,60
cogact,cogact,spoon,19,10,202708489,1,60,,0,60
cogact,cogact,spoon,20,10,202708490,1,60,,0,60
cogact,cogact,spoon,21,10,202708491,1,60,,0,60
cogact,cogact,spoon,22,10,202708492,1,60,,0,60
cogact,cogact,spoon,23,10,202708493,1,60,,0,60
cogact,cogact,spoon,0,11,202708494,0,60,,0,60
cogact,cogact,spoon,1,11,202708495,0,60,,0,60
cogact,cogact,spoon,2,11,202708496,0,60,,0,60
cogact,cogact,spoon,3,11,202708497,0,60,,0,60
cogact,cogact,spoon,4,11,202708498,1,60,,0,60
cogact,cogact,spoon,5,11,202708499,0,60,,0,60
cogact,cogact,spoon,6,11,202708500,1,60,,0,60
cogact,cogact,spoon,7,11,202708501,1,60,,0,60
cogact,cogact,spoon,8,11,202708502,1,60,,0,60
cogact,cogact,spoon,9,11,202708503,0,60,,0,60
cogact,cogact,spoon,10,11,202708504,1,60,,0,60
cogact,cogact,spoon,11,11,202708505,0,60,,0,60
cogact,cogact,spoon,12,11,202708506,1,60,,0,60
cogact,cogact,spoon,13,11,202708507,1,60,,0,60
cogact,cogact,spoon,14,11,202708508,1,60,,0,60
cogact,cogact,spoon,15,11,202708509,1,60,,0,60
cogact,cogact,spoon,16,11,202708510,1,60,,0,60
cogact,cogact,spoon,17,11,202708511,1,60,,0,60
cogact,cogact,spoon,18,11,202708512,0,60,,0,60
cogact,cogact,spoon,19,11,202708513,1,60,,0,60
cogact,cogact,spoon,20,11,202708514,0,60,,0,60
cogact,cogact,spoon,21,11,202708515,1,60,,0,60
cogact,cogact,spoon,22,11,202708516,1,60,,0,60
cogact,cogact,spoon,23,11,202708517,1,60,,0,60
cogact,cogact,eggplant,0,0,202709230,0,120,,0,120
cogact,cogact,eggplant,1,0,202709231,1,120,,0,120
cogact,cogact,eggplant,2,0,202709232,1,120,,0,120
cogact,cogact,eggplant,3,0,202709233,1,120,,0,120
cogact,cogact,eggplant,4,0,202709234,1,120,,0,120
cogact,cogact,eggplant,5,0,202709235,0,120,,0,120
cogact,cogact,eggplant,6,0,202709236,0,120,,0,120
cogact,cogact,eggplant,7,0,202709237,1,120,,0,120
cogact,cogact,eggplant,8,0,202709238,0,120,,0,120
cogact,cogact,eggplant,9,0,202709239,1,120,,0,120
cogact,cogact,eggplant,10,0,202709240,1,120,,0,120
cogact,cogact,eggplant,11,0,202709241,0,120,,0,120
cogact,cogact,eggplant,12,0,202709242,1,120,,0,120
cogact,cogact,eggplant,13,0,202709243,1,120,,0,120
cogact,cogact,eggplant,14,0,202709244,0,120,,0,120
cogact,cogact,eggplant,15,0,202709245,1,120,,0,120
cogact,cogact,eggplant,16,0,202709246,1,120,,0,120
cogact,cogact,eggplant,17,0,202709247,1,120,,0,120
cogact,cogact,eggplant,18,0,202709248,1,120,,0,120
cogact,cogact,eggplant,19,0,202709249,1,120,,0,120
cogact,cogact,eggplant,20,0,202709250,1,120,,0,120
cogact,cogact,eggplant,21,0,202709251,1,120,,0,120
cogact,cogact,eggplant,22,0,202709252,1,120,,0,120
cogact,cogact,eggplant,23,0,202709253,0,120,,0,120
cogact,cogact,eggplant,0,1,202709254,1,120,,0,120
cogact,cogact,eggplant,1,1,202709255,1,120,,0,120
cogact,cogact,eggplant,2,1,202709256,1,120,,0,120
cogact,cogact,eggplant,3,1,202709257,1,120,,0,120
cogact,cogact,eggplant,4,1,202709258,1,120,,0,120
cogact,cogact,eggplant,5,1,202709259,0,120,,0,120
cogact,cogact,eggplant,6,1,202709260,1,120,,0,120
cogact,cogact,eggplant,7,1,202709261,1,120,,0,120
cogact,cogact,eggplant,8,1,202709262,0,120,,0,120
cogact,cogact,eggplant,9,1,202709263,1,120,,0,120
cogact,cogact,eggplant,10,1,202709264,1,120,,0,120
cogact,cogact,eggplant,11,1,202709265,0,120,,0,120
cogact,cogact,eggplant,12,1,202709266,0,120,,0,120
cogact,cogact,eggplant,13,1,202709267,1,120,,0,120
cogact,cogact,eggplant,14,1,202709268,0,120,,0,120
cogact,cogact,eggplant,15,1,202709269,0,120,,0,120
cogact,cogact,eggplant,16,1,202709270,1,120,,0,120
cogact,cogact,eggplant,17,1,202709271,0,120,,0,120
cogact,cogact,eggplant,18,1,202709272,1,120,,0,120
cogact,cogact,eggplant,19,1,202709273,1,120,,0,120
cogact,cogact,eggplant,20,1,202709274,0,120,,0,120
cogact,cogact,eggplant,21,1,202709275,1,120,,0,120
cogact,cogact,eggplant,22,1,202709276,1,120,,0,120
cogact,cogact,eggplant,23,1,202709277,1,120,,0,120
cogact,cogact,eggplant,0,2,202709278,0,120,,0,120
cogact,cogact,eggplant,1,2,202709279,1,120,,0,120
cogact,cogact,eggplant,2,2,202709280,1,120,,0,120
cogact,cogact,eggplant,3,2,202709281,1,120,,0,120
cogact,cogact,eggplant,4,2,202709282,0,120,,0,120
cogact,cogact,eggplant,5,2,202709283,0,120,,0,120
cogact,cogact,eggplant,6,2,202709284,0,120,,0,120
cogact,cogact,eggplant,7,2,202709285,1,120,,0,120
cogact,cogact,eggplant,8,2,202709286,1,120,,0,120
cogact,cogact,eggplant,9,2,202709287,1,120,,0,120
cogact,cogact,eggplant,10,2,202709288,1,120,,0,120
cogact,cogact,eggplant,11,2,202709289,1,120,,0,120
cogact,cogact,eggplant,12,2,202709290,0,120,,0,120
cogact,cogact,eggplant,13,2,202709291,1,120,,0,120
cogact,cogact,eggplant,14,2,202709292,0,120,,0,120
cogact,cogact,eggplant,15,2,202709293,0,120,,0,120
cogact,cogact,eggplant,16,2,202709294,1,120,,0,120
cogact,cogact,eggplant,17,2,202709295,1,120,,0,120
cogact,cogact,eggplant,18,2,202709296,1,120,,0,120
cogact,cogact,eggplant,19,2,202709297,1,120,,0,120
cogact,cogact,eggplant,20,2,202709298,1,120,,0,120
cogact,cogact,eggplant,21,2,202709299,1,120,,0,120
cogact,cogact,eggplant,22,2,202709300,1,120,,0,120
cogact,cogact,eggplant,23,2,202709301,1,120,,0,120
cogact,cogact,eggplant,0,3,202709302,0,120,,0,120
cogact,cogact,eggplant,1,3,202709303,1,120,,0,120
cogact,cogact,eggplant,2,3,202709304,1,120,,0,120
cogact,cogact,eggplant,3,3,202709305,1,120,,0,120
cogact,cogact,eggplant,4,3,202709306,0,120,,0,120
cogact,cogact,eggplant,5,3,202709307,0,120,,0,120
cogact,cogact,eggplant,6,3,202709308,0,120,,0,120
cogact,cogact,eggplant,7,3,202709309,1,120,,0,120
cogact,cogact,eggplant,8,3,202709310,0,120,,0,120
cogact,cogact,eggplant,9,3,202709311,1,120,,0,120
cogact,cogact,eggplant,10,3,202709312,1,120,,0,120
cogact,cogact,eggplant,11,3,202709313,0,120,,0,120
cogact,cogact,eggplant,12,3,202709314,0,120,,0,120
cogact,cogact,eggplant,13,3,202709315,1,120,,0,120
cogact,cogact,eggplant,14,3,202709316,0,120,,0,120
cogact,cogact,eggplant,15,3,202709317,1,120,,0,120
cogact,cogact,eggplant,16,3,202709318,1,120,,0,120
cogact,cogact,eggplant,17,3,202709319,0,120,,0,120
cogact,cogact,eggplant,18,3,202709320,0,120,,0,120
cogact,cogact,eggplant,19,3,202709321,1,120,,0,120
cogact,cogact,eggplant,20,3,202709322,1,120,,0,120
cogact,cogact,eggplant,21,3,202709323,1,120,,0,120
cogact,cogact,eggplant,22,3,202709324,1,120,,0,120
cogact,cogact,eggplant,23,3,202709325,0,120,,0,120
cogact,cogact,eggplant,0,4,202709326,0,120,,0,120
cogact,cogact,eggplant,1,4,202709327,1,120,,0,120
cogact,cogact,eggplant,2,4,202709328,1,120,,0,120
cogact,cogact,eggplant,3,4,202709329,1,120,,0,120
cogact,cogact,eggplant,4,4,202709330,0,120,,0,120
cogact,cogact,eggplant,5,4,202709331,0,120,,0,120
cogact,cogact,eggplant,6,4,202709332,1,120,,0,120
cogact,cogact,eggplant,7,4,202709333,1,120,,0,120
cogact,cogact,eggplant,8,4,202709334,0,120,,0,120
cogact,cogact,eggplant,9,4,202709335,1,120,,0,120
cogact,cogact,eggplant,10,4,202709336,1,120,,0,120
cogact,cogact,eggplant,11,4,202709337,0,120,,0,120
cogact,cogact,eggplant,12,4,202709338,1,120,,0,120
cogact,cogact,eggplant,13,4,202709339,1,120,,0,120
cogact,cogact,eggplant,14,4,202709340,0,120,,0,120
cogact,cogact,eggplant,15,4,202709341,0,120,,0,120
cogact,cogact,eggplant,16,4,202709342,1,120,,0,120
cogact,cogact,eggplant,17,4,202709343,1,120,,0,120
cogact,cogact,eggplant,18,4,202709344,1,120,,0,120
cogact,cogact,eggplant,19,4,202709345,1,120,,0,120
cogact,cogact,eggplant,20,4,202709346,0,120,,0,120
cogact,cogact,eggplant,21,4,202709347,1,120,,0,120
cogact,cogact,eggplant,22,4,202709348,1,120,,0,120
cogact,cogact,eggplant,23,4,202709349,1,120,,0,120
cogact,cogact,eggplant,0,5,202709350,0,120,,0,120
cogact,cogact,eggplant,1,5,202709351,1,120,,0,120
cogact,cogact,eggplant,2,5,202709352,1,120,,0,120
cogact,cogact,eggplant,3,5,202709353,1,120,,0,120
cogact,cogact,eggplant,4,5,202709354,0,120,,0,120
cogact,cogact,eggplant,5,5,202709355,0,120,,0,120
cogact,cogact,eggplant,6,5,202709356,1,120,,0,120
cogact,cogact,eggplant,7,5,202709357,1,120,,0,120
cogact,cogact,eggplant,8,5,202709358,0,120,,0,120
cogact,cogact,eggplant,9,5,202709359,1,120,,0,120
cogact,cogact,eggplant,10,5,202709360,1,120,,0,120
cogact,cogact,eggplant,11,5,202709361,0,120,,0,120
cogact,cogact,eggplant,12,5,202709362,0,120,,0,120
cogact,cogact,eggplant,13,5,202709363,0,120,,0,120
cogact,cogact,eggplant,14,5,202709364,0,120,,0,120
cogact,cogact,eggplant,15,5,202709365,0,120,,0,120
cogact,cogact,eggplant,16,5,202709366,1,120,,0,120
cogact,cogact,eggplant,17,5,202709367,0,120,,0,120
cogact,cogact,eggplant,18,5,202709368,1,120,,0,120
cogact,cogact,eggplant,19,5,202709369,1,120,,0,120
cogact,cogact,eggplant,20,5,202709370,1,120,,0,120
cogact,cogact,eggplant,21,5,202709371,1,120,,0,120
cogact,cogact,eggplant,22,5,202709372,1,120,,0,120
cogact,cogact,eggplant,23,5,202709373,1,120,,0,120
cogact,cogact,eggplant,0,6,202709374,1,120,,0,120
cogact,cogact,eggplant,1,6,202709375,1,120,,0,120
cogact,cogact,eggplant,2,6,202709376,1,120,,0,120
cogact,cogact,eggplant,3,6,202709377,1,120,,0,120
cogact,cogact,eggplant,4,6,202709378,0,120,,0,120
cogact,cogact,eggplant,5,6,202709379,0,120,,0,120
cogact,cogact,eggplant,6,6,202709380,1,120,,0,120
cogact,cogact,eggplant,7,6,202709381,0,120,,0,120
cogact,cogact,eggplant,8,6,202709382,0,120,,0,120
cogact,cogact,eggplant,9,6,202709383,1,120,,0,120
cogact,cogact,eggplant,10,6,202709384,1,120,,0,120
cogact,cogact,eggplant,11,6,202709385,0,120,,0,120
cogact,cogact,eggplant,12,6,202709386,1,120,,0,120
cogact,cogact,eggplant,13,6,202709387,1,120,,0,120
cogact,cogact,eggplant,14,6,202709388,0,120,,0,120
cogact,cogact,eggplant,15,6,202709389,1,120,,0,120
cogact,cogact,eggplant,16,6,202709390,1,120,,0,120
cogact,cogact,eggplant,17,6,202709391,0,120,,0,120
cogact,cogact,eggplant,18,6,202709392,1,120,,0,120
cogact,cogact,eggplant,19,6,202709393,1,120,,0,120
cogact,cogact,eggplant,20,6,202709394,0,120,,0,120
cogact,cogact,eggplant,21,6,202709395,1,120,,0,120
cogact,cogact,eggplant,22,6,202709396,1,120,,0,120
cogact,cogact,eggplant,23,6,202709397,0,120,,0,120
cogact,cogact,eggplant,0,7,202709398,0,120,,0,120
cogact,cogact,eggplant,1,7,202709399,1,120,,0,120
cogact,cogact,eggplant,2,7,202709400,1,120,,0,120
cogact,cogact,eggplant,3,7,202709401,1,120,,0,120
cogact,cogact,eggplant,4,7,202709402,1,120,,0,120
cogact,cogact,eggplant,5,7,202709403,0,120,,0,120
cogact,cogact,eggplant,6,7,202709404,1,120,,0,120
cogact,cogact,eggplant,7,7,202709405,1,120,,0,120
cogact,cogact,eggplant,8,7,202709406,0,120,,0,120
cogact,cogact,eggplant,9,7,202709407,0,120,,0,120
cogact,cogact,eggplant,10,7,202709408,1,120,,0,120
cogact,cogact,eggplant,11,7,202709409,0,120,,0,120
cogact,cogact,eggplant,12,7,202709410,1,120,,0,120
cogact,cogact,eggplant,13,7,202709411,1,120,,0,120
cogact,cogact,eggplant,14,7,202709412,0,120,,0,120
cogact,cogact,eggplant,15,7,202709413,1,120,,0,120
cogact,cogact,eggplant,16,7,202709414,1,120,,0,120
cogact,cogact,eggplant,17,7,202709415,0,120,,0,120
cogact,cogact,eggplant,18,7,202709416,1,120,,0,120
cogact,cogact,eggplant,19,7,202709417,1,120,,0,120
cogact,cogact,eggplant,20,7,202709418,0,120,,0,120
cogact,cogact,eggplant,21,7,202709419,1,120,,0,120
cogact,cogact,eggplant,22,7,202709420,1,120,,0,120
cogact,cogact,eggplant,23,7,202709421,1,120,,0,120
cogact,cogact,eggplant,0,8,202709422,0,120,,0,120
cogact,cogact,eggplant,1,8,202709423,0,120,,0,120
cogact,cogact,eggplant,2,8,202709424,1,120,,0,120
cogact,cogact,eggplant,3,8,202709425,1,120,,0,120
cogact,cogact,eggplant,4,8,202709426,1,120,,0,120
cogact,cogact,eggplant,5,8,202709427,1,120,,0,120
cogact,cogact,eggplant,6,8,202709428,1,120,,0,120
cogact,cogact,eggplant,7,8,202709429,1,120,,0,120
cogact,cogact,eggplant,8,8,202709430,0,120,,0,120
cogact,cogact,eggplant,9,8,202709431,1,120,,0,120
cogact,cogact,eggplant,10,8,202709432,1,120,,0,120
cogact,cogact,eggplant,11,8,202709433,1,120,,0,120
cogact,cogact,eggplant,12,8,202709434,0,120,,0,120
cogact,cogact,eggplant,13,8,202709435,1,120,,0,120
cogact,cogact,eggplant,14,8,202709436,0,120,,0,120
cogact,cogact,eggplant,15,8,202709437,0,120,,0,120
cogact,cogact,eggplant,16,8,202709438,1,120,,0,120
cogact,cogact,eggplant,17,8,202709439,1,120,,0,120
cogact,cogact,eggplant,18,8,202709440,1,120,,0,120
cogact,cogact,eggplant,19,8,202709441,1,120,,0,120
cogact,cogact,eggplant,20,8,202709442,0,120,,0,120
cogact,cogact,eggplant,21,8,202709443,1,120,,0,120
cogact,cogact,eggplant,22,8,202709444,1,120,,0,120
cogact,cogact,eggplant,23,8,202709445,0,120,,0,120
cogact,cogact,eggplant,0,9,202709446,1,120,,0,120
cogact,cogact,eggplant,1,9,202709447,1,120,,0,120
cogact,cogact,eggplant,2,9,202709448,1,120,,0,120
cogact,cogact,eggplant,3,9,202709449,1,120,,0,120
cogact,cogact,eggplant,4,9,202709450,0,120,,0,120
cogact,cogact,eggplant,5,9,202709451,0,120,,0,120
cogact,cogact,eggplant,6,9,202709452,0,120,,0,120
cogact,cogact,eggplant,7,9,202709453,1,120,,0,120
cogact,cogact,eggplant,8,9,202709454,0,120,,0,120
cogact,cogact,eggplant,9,9,202709455,1,120,,0,120
cogact,cogact,eggplant,10,9,202709456,1,120,,0,120
cogact,cogact,eggplant,11,9,202709457,1,120,,0,120
cogact,cogact,eggplant,12,9,202709458,0,120,,0,120
cogact,cogact,eggplant,13,9,202709459,1,120,,0,120
cogact,cogact,eggplant,14,9,202709460,0,120,,0,120
cogact,cogact,eggplant,15,9,202709461,0,120,,0,120
cogact,cogact,eggplant,16,9,202709462,1,120,,0,120
cogact,cogact,eggplant,17,9,202709463,0,120,,0,120
cogact,cogact,eggplant,18,9,202709464,0,120,,0,120
cogact,cogact,eggplant,19,9,202709465,1,120,,0,120
cogact,cogact,eggplant,20,9,202709466,1,120,,0,120
cogact,cogact,eggplant,21,9,202709467,1,120,,0,120
cogact,cogact,eggplant,22,9,202709468,1,120,,0,120
cogact,cogact,eggplant,23,9,202709469,0,120,,0,120
cogact,cogact,eggplant,0,10,202709470,0,120,,0,120
cogact,cogact,eggplant,1,10,202709471,1,120,,0,120
cogact,cogact,eggplant,2,10,202709472,1,120,,0,120
cogact,cogact,eggplant,3,10,202709473,1,120,,0,120
cogact,cogact,eggplant,4,10,202709474,0,120,,0,120
cogact,cogact,eggplant,5,10,202709475,0,120,,0,120
cogact,cogact,eggplant,6,10,202709476,1,120,,0,120
cogact,cogact,eggplant,7,10,202709477,1,120,,0,120
cogact,cogact,eggplant,8,10,202709478,0,120,,0,120
cogact,cogact,eggplant,9,10,202709479,1,120,,0,120
cogact,cogact,eggplant,10,10,202709480,1,120,,0,120
cogact,cogact,eggplant,11,10,202709481,0,120,,0,120
cogact,cogact,eggplant,12,10,202709482,1,120,,0,120
cogact,cogact,eggplant,13,10,202709483,1,120,,0,120
cogact,cogact,eggplant,14,10,202709484,0,120,,0,120
cogact,cogact,eggplant,15,10,202709485,0,120,,0,120
cogact,cogact,eggplant,16,10,202709486,1,120,,0,120
cogact,cogact,eggplant,17,10,202709487,0,120,,0,120
cogact,cogact,eggplant,18,10,202709488,1,120,,0,120
cogact,cogact,eggplant,19,10,202709489,1,120,,0,120
cogact,cogact,eggplant,20,10,202709490,0,120,,0,120
cogact,cogact,eggplant,21,10,202709491,1,120,,0,120
cogact,cogact,eggplant,22,10,202709492,1,120,,0,120
cogact,cogact,eggplant,23,10,202709493,1,120,,0,120
cogact,cogact,eggplant,0,11,202709494,0,120,,0,120
cogact,cogact,eggplant,1,11,202709495,1,120,,0,120
cogact,cogact,eggplant,2,11,202709496,1,120,,0,120
cogact,cogact,eggplant,3,11,202709497,1,120,,0,120
cogact,cogact,eggplant,4,11,202709498,0,120,,0,120
cogact,cogact,eggplant,5,11,202709499,0,120,,0,120
cogact,cogact,eggplant,6,11,202709500,1,120,,0,120
cogact,cogact,eggplant,7,11,202709501,1,120,,0,120
cogact,cogact,eggplant,8,11,202709502,0,120,,0,120
cogact,cogact,eggplant,9,11,202709503,1,120,,0,120
cogact,cogact,eggplant,10,11,202709504,1,120,,0,120
cogact,cogact,eggplant,11,11,202709505,1,120,,0,120
cogact,cogact,eggplant,12,11,202709506,1,120,,0,120
cogact,cogact,eggplant,13,11,202709507,1,120,,0,120
cogact,cogact,eggplant,14,11,202709508,0,120,,0,120
cogact,cogact,eggplant,15,11,202709509,0,120,,0,120
cogact,cogact,eggplant,16,11,202709510,1,120,,0,120
cogact,cogact,eggplant,17,11,202709511,0,120,,0,120
cogact,cogact,eggplant,18,11,202709512,1,120,,0,120
cogact,cogact,eggplant,19,11,202709513,1,120,,0,120
cogact,cogact,eggplant,20,11,202709514,1,120,,0,120
cogact,cogact,eggplant,21,11,202709515,1,120,,0,120
cogact,cogact,eggplant,22,11,202709516,1,120,,0,120
cogact,cogact,eggplant,23,11,202709517,0,120,,0,120
spatialvla,spatialvla,stack,0,0,202806230,0,60,,0,60
spatialvla,spatialvla,stack,1,0,202806231,0,60,,0,60
spatialvla,spatialvla,stack,2,0,202806232,0,60,,0,60
spatialvla,spatialvla,stack,3,0,202806233,0,60,,0,60
spatialvla,spatialvla,stack,4,0,202806234,0,60,,0,60
spatialvla,spatialvla,stack,5,0,202806235,0,60,,0,60
spatialvla,spatialvla,stack,6,0,202806236,0,60,,0,60
spatialvla,spatialvla,stack,7,0,202806237,1,60,,0,60
spatialvla,spatialvla,stack,8,0,202806238,1,60,,0,60
spatialvla,spatialvla,stack,9,0,202806239,1,60,,0,60
spatialvla,spatialvla,stack,10,0,202806240,0,60,,0,60
spatialvla,spatialvla,stack,11,0,202806241,0,60,,0,60
spatialvla,spatialvla,stack,12,0,202806242,0,60,,0,60
spatialvla,spatialvla,stack,13,0,202806243,0,60,,0,60
spatialvla,spatialvla,stack,14,0,202806244,0,60,,0,60
spatialvla,spatialvla,stack,15,0,202806245,0,60,,0,60
spatialvla,spatialvla,stack,16,0,202806246,0,60,,0,60
spatialvla,spatialvla,stack,17,0,202806247,0,60,,0,60
spatialvla,spatialvla,stack,18,0,202806248,0,60,,0,60
spatialvla,spatialvla,stack,19,0,202806249,0,60,,0,60
spatialvla,spatialvla,stack,20,0,202806250,0,60,,0,60
spatialvla,spatialvla,stack,21,0,202806251,0,60,,0,60
spatialvla,spatialvla,stack,22,0,202806252,0,60,,0,60
spatialvla,spatialvla,stack,23,0,202806253,0,60,,0,60
spatialvla,spatialvla,stack,0,1,202806254,0,60,,0,60
spatialvla,spatialvla,stack,1,1,202806255,0,60,,0,60
spatialvla,spatialvla,stack,2,1,202806256,0,60,,0,60
spatialvla,spatialvla,stack,3,1,202806257,0,60,,0,60
spatialvla,spatialvla,stack,4,1,202806258,0,60,,0,60
spatialvla,spatialvla,stack,5,1,202806259,0,60,,0,60
spatialvla,spatialvla,stack,6,1,202806260,0,60,,0,60
spatialvla,spatialvla,stack,7,1,202806261,1,60,,0,60
spatialvla,spatialvla,stack,8,1,202806262,1,60,,0,60
spatialvla,spatialvla,stack,9,1,202806263,1,60,,0,60
spatialvla,spatialvla,stack,10,1,202806264,0,60,,0,60
spatialvla,spatialvla,stack,11,1,202806265,0,60,,0,60
spatialvla,spatialvla,stack,12,1,202806266,0,60,,0,60
spatialvla,spatialvla,stack,13,1,202806267,0,60,,0,60
spatialvla,spatialvla,stack,14,1,202806268,0,60,,0,60
spatialvla,spatialvla,stack,15,1,202806269,0,60,,0,60
spatialvla,spatialvla,stack,16,1,202806270,0,60,,0,60
spatialvla,spatialvla,stack,17,1,202806271,0,60,,0,60
spatialvla,spatialvla,stack,18,1,202806272,0,60,,0,60
spatialvla,spatialvla,stack,19,1,202806273,0,60,,0,60
spatialvla,spatialvla,stack,20,1,202806274,0,60,,0,60
spatialvla,spatialvla,stack,21,1,202806275,0,60,,0,60
spatialvla,spatialvla,stack,22,1,202806276,0,60,,0,60
spatialvla,spatialvla,stack,23,1,202806277,0,60,,0,60
spatialvla,spatialvla,stack,0,2,202806278,0,60,,0,60
spatialvla,spatialvla,stack,1,2,202806279,0,60,,0,60
spatialvla,spatialvla,stack,2,2,202806280,0,60,,0,60
spatialvla,spatialvla,stack,3,2,202806281,0,60,,0,60
spatialvla,spatialvla,stack,4,2,202806282,0,60,,0,60
spatialvla,spatialvla,stack,5,2,202806283,0,60,,0,60
spatialvla,spatialvla,stack,6,2,202806284,0,60,,0,60
spatialvla,spatialvla,stack,7,2,202806285,1,60,,0,60
spatialvla,spatialvla,stack,8,2,202806286,1,60,,0,60
spatialvla,spatialvla,stack,9,2,202806287,1,60,,0,60
spatialvla,spatialvla,stack,10,2,202806288,0,60,,0,60
spatialvla,spatialvla,stack,11,2,202806289,0,60,,0,60
spatialvla,spatialvla,stack,12,2,202806290,0,60,,0,60
spatialvla,spatialvla,stack,13,2,202806291,0,60,,0,60
spatialvla,spatialvla,stack,14,2,202806292,0,60,,0,60
spatialvla,spatialvla,stack,15,2,202806293,0,60,,0,60
spatialvla,spatialvla,stack,16,2,202806294,0,60,,0,60
spatialvla,spatialvla,stack,17,2,202806295,0,60,,0,60
spatialvla,spatialvla,stack,18,2,202806296,0,60,,0,60
spatialvla,spatialvla,stack,19,2,202806297,0,60,,0,60
spatialvla,spatialvla,stack,20,2,202806298,0,60,,0,60
spatialvla,spatialvla,stack,21,2,202806299,0,60,,0,60
spatialvla,spatialvla,stack,22,2,202806300,0,60,,0,60
spatialvla,spatialvla,stack,23,2,202806301,0,60,,0,60
spatialvla,spatialvla,stack,0,3,202806302,0,60,,0,60
spatialvla,spatialvla,stack,1,3,202806303,0,60,,0,60
spatialvla,spatialvla,stack,2,3,202806304,0,60,,0,60
spatialvla,spatialvla,stack,3,3,202806305,0,60,,0,60
spatialvla,spatialvla,stack,4,3,202806306,0,60,,0,60
spatialvla,spatialvla,stack,5,3,202806307,0,60,,0,60
spatialvla,spatialvla,stack,6,3,202806308,0,60,,0,60
spatialvla,spatialvla,stack,7,3,202806309,1,60,,0,60
spatialvla,spatialvla,stack,8,3,202806310,1,60,,0,60
spatialvla,spatialvla,stack,9,3,202806311,1,60,,0,60
spatialvla,spatialvla,stack,10,3,202806312,0,60,,0,60
spatialvla,spatialvla,stack,11,3,202806313,0,60,,0,60
spatialvla,spatialvla,stack,12,3,202806314,0,60,,0,60
spatialvla,spatialvla,stack,13,3,202806315,0,60,,0,60
spatialvla,spatialvla,stack,14,3,202806316,0,60,,0,60
spatialvla,spatialvla,stack,15,3,202806317,0,60,,0,60
spatialvla,spatialvla,stack,16,3,202806318,0,60,,0,60
spatialvla,spatialvla,stack,17,3,202806319,0,60,,0,60
spatialvla,spatialvla,stack,18,3,202806320,0,60,,0,60
spatialvla,spatialvla,stack,19,3,202806321,0,60,,0,60
spatialvla,spatialvla,stack,20,3,202806322,0,60,,0,60
spatialvla,spatialvla,stack,21,3,202806323,0,60,,0,60
spatialvla,spatialvla,stack,22,3,202806324,0,60,,0,60
spatialvla,spatialvla,stack,23,3,202806325,0,60,,0,60
spatialvla,spatialvla,stack,0,4,202806326,0,60,,0,60
spatialvla,spatialvla,stack,1,4,202806327,0,60,,0,60
spatialvla,spatialvla,stack,2,4,202806328,0,60,,0,60
spatialvla,spatialvla,stack,3,4,202806329,0,60,,0,60
spatialvla,spatialvla,stack,4,4,202806330,0,60,,0,60
spatialvla,spatialvla,stack,5,4,202806331,0,60,,0,60
spatialvla,spatialvla,stack,6,4,202806332,0,60,,0,60
spatialvla,spatialvla,stack,7,4,202806333,1,60,,0,60
spatialvla,spatialvla,stack,8,4,202806334,1,60,,0,60
spatialvla,spatialvla,stack,9,4,202806335,1,60,,0,60
spatialvla,spatialvla,stack,10,4,202806336,0,60,,0,60
spatialvla,spatialvla,stack,11,4,202806337,0,60,,0,60
spatialvla,spatialvla,stack,12,4,202806338,0,60,,0,60
spatialvla,spatialvla,stack,13,4,202806339,0,60,,0,60
spatialvla,spatialvla,stack,14,4,202806340,0,60,,0,60
spatialvla,spatialvla,stack,15,4,202806341,0,60,,0,60
spatialvla,spatialvla,stack,16,4,202806342,0,60,,0,60
spatialvla,spatialvla,stack,17,4,202806343,0,60,,0,60
spatialvla,spatialvla,stack,18,4,202806344,0,60,,0,60
spatialvla,spatialvla,stack,19,4,202806345,0,60,,0,60
spatialvla,spatialvla,stack,20,4,202806346,0,60,,0,60
spatialvla,spatialvla,stack,21,4,202806347,0,60,,0,60
spatialvla,spatialvla,stack,22,4,202806348,0,60,,0,60
spatialvla,spatialvla,stack,23,4,202806349,0,60,,0,60
spatialvla,spatialvla,stack,0,5,202806350,0,60,,0,60
spatialvla,spatialvla,stack,1,5,202806351,0,60,,0,60
spatialvla,spatialvla,stack,2,5,202806352,0,60,,0,60
spatialvla,spatialvla,stack,3,5,202806353,0,60,,0,60
spatialvla,spatialvla,stack,4,5,202806354,0,60,,0,60
spatialvla,spatialvla,stack,5,5,202806355,0,60,,0,60
spatialvla,spatialvla,stack,6,5,202806356,0,60,,0,60
spatialvla,spatialvla,stack,7,5,202806357,1,60,,0,60
spatialvla,spatialvla,stack,8,5,202806358,1,60,,0,60
spatialvla,spatialvla,stack,9,5,202806359,1,60,,0,60
spatialvla,spatialvla,stack,10,5,202806360,0,60,,0,60
spatialvla,spatialvla,stack,11,5,202806361,0,60,,0,60
spatialvla,spatialvla,stack,12,5,202806362,0,60,,0,60
spatialvla,spatialvla,stack,13,5,202806363,0,60,,0,60
spatialvla,spatialvla,stack,14,5,202806364,0,60,,0,60
spatialvla,spatialvla,stack,15,5,202806365,0,60,,0,60
spatialvla,spatialvla,stack,16,5,202806366,0,60,,0,60
spatialvla,spatialvla,stack,17,5,202806367,0,60,,0,60
spatialvla,spatialvla,stack,18,5,202806368,0,60,,0,60
spatialvla,spatialvla,stack,19,5,202806369,0,60,,0,60
spatialvla,spatialvla,stack,20,5,202806370,0,60,,0,60
spatialvla,spatialvla,stack,21,5,202806371,0,60,,0,60
spatialvla,spatialvla,stack,22,5,202806372,0,60,,0,60
spatialvla,spatialvla,stack,23,5,202806373,0,60,,0,60
spatialvla,spatialvla,stack,0,6,202806374,0,60,,0,60
spatialvla,spatialvla,stack,1,6,202806375,0,60,,0,60
spatialvla,spatialvla,stack,2,6,202806376,0,60,,0,60
spatialvla,spatialvla,stack,3,6,202806377,0,60,,0,60
spatialvla,spatialvla,stack,4,6,202806378,0,60,,0,60
spatialvla,spatialvla,stack,5,6,202806379,0,60,,0,60
spatialvla,spatialvla,stack,6,6,202806380,0,60,,0,60
spatialvla,spatialvla,stack,7,6,202806381,1,60,,0,60
spatialvla,spatialvla,stack,8,6,202806382,1,60,,0,60
spatialvla,spatialvla,stack,9,6,202806383,1,60,,0,60
spatialvla,spatialvla,stack,10,6,202806384,0,60,,0,60
spatialvla,spatialvla,stack,11,6,202806385,0,60,,0,60
spatialvla,spatialvla,stack,12,6,202806386,0,60,,0,60
spatialvla,spatialvla,stack,13,6,202806387,0,60,,0,60
spatialvla,spatialvla,stack,14,6,202806388,0,60,,0,60
spatialvla,spatialvla,stack,15,6,202806389,0,60,,0,60
spatialvla,spatialvla,stack,16,6,202806390,0,60,,0,60
spatialvla,spatialvla,stack,17,6,202806391,0,60,,0,60
spatialvla,spatialvla,stack,18,6,202806392,0,60,,0,60
spatialvla,spatialvla,stack,19,6,202806393,0,60,,0,60
spatialvla,spatialvla,stack,20,6,202806394,0,60,,0,60
spatialvla,spatialvla,stack,21,6,202806395,0,60,,0,60
spatialvla,spatialvla,stack,22,6,202806396,0,60,,0,60
spatialvla,spatialvla,stack,23,6,202806397,0,60,,0,60
spatialvla,spatialvla,stack,0,7,202806398,0,60,,0,60
spatialvla,spatialvla,stack,1,7,202806399,0,60,,0,60
spatialvla,spatialvla,stack,2,7,202806400,0,60,,0,60
spatialvla,spatialvla,stack,3,7,202806401,0,60,,0,60
spatialvla,spatialvla,stack,4,7,202806402,0,60,,0,60
spatialvla,spatialvla,stack,5,7,202806403,0,60,,0,60
spatialvla,spatialvla,stack,6,7,202806404,0,60,,0,60
spatialvla,spatialvla,stack,7,7,202806405,1,60,,0,60
spatialvla,spatialvla,stack,8,7,202806406,1,60,,0,60
spatialvla,spatialvla,stack,9,7,202806407,1,60,,0,60
spatialvla,spatialvla,stack,10,7,202806408,0,60,,0,60
spatialvla,spatialvla,stack,11,7,202806409,0,60,,0,60
spatialvla,spatialvla,stack,12,7,202806410,0,60,,0,60
spatialvla,spatialvla,stack,13,7,202806411,0,60,,0,60
spatialvla,spatialvla,stack,14,7,202806412,0,60,,0,60
spatialvla,spatialvla,stack,15,7,202806413,0,60,,0,60
spatialvla,spatialvla,stack,16,7,202806414,0,60,,0,60
spatialvla,spatialvla,stack,17,7,202806415,0,60,,0,60
spatialvla,spatialvla,stack,18,7,202806416,0,60,,0,60
spatialvla,spatialvla,stack,19,7,202806417,0,60,,0,60
spatialvla,spatialvla,stack,20,7,202806418,0,60,,0,60
spatialvla,spatialvla,stack,21,7,202806419,0,60,,0,60
spatialvla,spatialvla,stack,22,7,202806420,0,60,,0,60
spatialvla,spatialvla,stack,23,7,202806421,0,60,,0,60
spatialvla,spatialvla,stack,0,8,202806422,0,60,,0,60
spatialvla,spatialvla,stack,1,8,202806423,0,60,,0,60
spatialvla,spatialvla,stack,2,8,202806424,0,60,,0,60
spatialvla,spatialvla,stack,3,8,202806425,0,60,,0,60
spatialvla,spatialvla,stack,4,8,202806426,0,60,,0,60
spatialvla,spatialvla,stack,5,8,202806427,0,60,,0,60
spatialvla,spatialvla,stack,6,8,202806428,0,60,,0,60
spatialvla,spatialvla,stack,7,8,202806429,1,60,,0,60
spatialvla,spatialvla,stack,8,8,202806430,1,60,,0,60
spatialvla,spatialvla,stack,9,8,202806431,1,60,,0,60
spatialvla,spatialvla,stack,10,8,202806432,0,60,,0,60
spatialvla,spatialvla,stack,11,8,202806433,0,60,,0,60
spatialvla,spatialvla,stack,12,8,202806434,0,60,,0,60
spatialvla,spatialvla,stack,13,8,202806435,0,60,,0,60
spatialvla,spatialvla,stack,14,8,202806436,0,60,,0,60
spatialvla,spatialvla,stack,15,8,202806437,0,60,,0,60
spatialvla,spatialvla,stack,16,8,202806438,0,60,,0,60
spatialvla,spatialvla,stack,17,8,202806439,0,60,,0,60
spatialvla,spatialvla,stack,18,8,202806440,0,60,,0,60
spatialvla,spatialvla,stack,19,8,202806441,0,60,,0,60
spatialvla,spatialvla,stack,20,8,202806442,0,60,,0,60
spatialvla,spatialvla,stack,21,8,202806443,0,60,,0,60
spatialvla,spatialvla,stack,22,8,202806444,0,60,,0,60
spatialvla,spatialvla,stack,23,8,202806445,0,60,,0,60
spatialvla,spatialvla,stack,0,9,202806446,0,60,,0,60
spatialvla,spatialvla,stack,1,9,202806447,0,60,,0,60
spatialvla,spatialvla,stack,2,9,202806448,0,60,,0,60
spatialvla,spatialvla,stack,3,9,202806449,0,60,,0,60
spatialvla,spatialvla,stack,4,9,202806450,0,60,,0,60
spatialvla,spatialvla,stack,5,9,202806451,0,60,,0,60
spatialvla,spatialvla,stack,6,9,202806452,0,60,,0,60
spatialvla,spatialvla,stack,7,9,202806453,1,60,,0,60
spatialvla,spatialvla,stack,8,9,202806454,1,60,,0,60
spatialvla,spatialvla,stack,9,9,202806455,1,60,,0,60
spatialvla,spatialvla,stack,10,9,202806456,0,60,,0,60
spatialvla,spatialvla,stack,11,9,202806457,0,60,,0,60
spatialvla,spatialvla,stack,12,9,202806458,0,60,,0,60
spatialvla,spatialvla,stack,13,9,202806459,0,60,,0,60
spatialvla,spatialvla,stack,14,9,202806460,0,60,,0,60
spatialvla,spatialvla,stack,15,9,202806461,0,60,,0,60
spatialvla,spatialvla,stack,16,9,202806462,0,60,,0,60
spatialvla,spatialvla,stack,17,9,202806463,0,60,,0,60
spatialvla,spatialvla,stack,18,9,202806464,0,60,,0,60
spatialvla,spatialvla,stack,19,9,202806465,0,60,,0,60
spatialvla,spatialvla,stack,20,9,202806466,0,60,,0,60
spatialvla,spatialvla,stack,21,9,202806467,0,60,,0,60
spatialvla,spatialvla,stack,22,9,202806468,0,60,,0,60
spatialvla,spatialvla,stack,23,9,202806469,0,60,,0,60
spatialvla,spatialvla,stack,0,10,202806470,0,60,,0,60
spatialvla,spatialvla,stack,1,10,202806471,0,60,,0,60
spatialvla,spatialvla,stack,2,10,202806472,0,60,,0,60
spatialvla,spatialvla,stack,3,10,202806473,0,60,,0,60
spatialvla,spatialvla,stack,4,10,202806474,0,60,,0,60
spatialvla,spatialvla,stack,5,10,202806475,0,60,,0,60
spatialvla,spatialvla,stack,6,10,202806476,0,60,,0,60
spatialvla,spatialvla,stack,7,10,202806477,1,60,,0,60
spatialvla,spatialvla,stack,8,10,202806478,1,60,,0,60
spatialvla,spatialvla,stack,9,10,202806479,1,60,,0,60
spatialvla,spatialvla,stack,10,10,202806480,0,60,,0,60
spatialvla,spatialvla,stack,11,10,202806481,0,60,,0,60
spatialvla,spatialvla,stack,12,10,202806482,0,60,,0,60
spatialvla,spatialvla,stack,13,10,202806483,0,60,,0,60
spatialvla,spatialvla,stack,14,10,202806484,0,60,,0,60
spatialvla,spatialvla,stack,15,10,202806485,0,60,,0,60
spatialvla,spatialvla,stack,16,10,202806486,0,60,,0,60
spatialvla,spatialvla,stack,17,10,202806487,0,60,,0,60
spatialvla,spatialvla,stack,18,10,202806488,0,60,,0,60
spatialvla,spatialvla,stack,19,10,202806489,0,60,,0,60
spatialvla,spatialvla,stack,20,10,202806490,0,60,,0,60
spatialvla,spatialvla,stack,21,10,202806491,0,60,,0,60
spatialvla,spatialvla,stack,22,10,202806492,0,60,,0,60
spatialvla,spatialvla,stack,23,10,202806493,0,60,,0,60
spatialvla,spatialvla,stack,0,11,202806494,0,60,,0,60
spatialvla,spatialvla,stack,1,11,202806495,0,60,,0,60
spatialvla,spatialvla,stack,2,11,202806496,0,60,,0,60
spatialvla,spatialvla,stack,3,11,202806497,0,60,,0,60
spatialvla,spatialvla,stack,4,11,202806498,0,60,,0,60
spatialvla,spatialvla,stack,5,11,202806499,0,60,,0,60
spatialvla,spatialvla,stack,6,11,202806500,0,60,,0,60
spatialvla,spatialvla,stack,7,11,202806501,1,60,,0,60
spatialvla,spatialvla,stack,8,11,202806502,1,60,,0,60
spatialvla,spatialvla,stack,9,11,202806503,1,60,,0,60
spatialvla,spatialvla,stack,10,11,202806504,0,60,,0,60
spatialvla,spatialvla,stack,11,11,202806505,0,60,,0,60
spatialvla,spatialvla,stack,12,11,202806506,0,60,,0,60
spatialvla,spatialvla,stack,13,11,202806507,0,60,,0,60
spatialvla,spatialvla,stack,14,11,202806508,0,60,,0,60
spatialvla,spatialvla,stack,15,11,202806509,0,60,,0,60
spatialvla,spatialvla,stack,16,11,202806510,0,60,,0,60
spatialvla,spatialvla,stack,17,11,202806511,0,60,,0,60
spatialvla,spatialvla,stack,18,11,202806512,0,60,,0,60
spatialvla,spatialvla,stack,19,11,202806513,0,60,,0,60
spatialvla,spatialvla,stack,20,11,202806514,0,60,,0,60
spatialvla,spatialvla,stack,21,11,202806515,0,60,,0,60
spatialvla,spatialvla,stack,22,11,202806516,0,60,,0,60
spatialvla,spatialvla,stack,23,11,202806517,0,60,,0,60
spatialvla,spatialvla,carrot,0,0,202807230,1,60,,0,60
spatialvla,spatialvla,carrot,1,0,202807231,0,60,,0,60
spatialvla,spatialvla,carrot,2,0,202807232,0,60,,0,60
spatialvla,spatialvla,carrot,3,0,202807233,0,60,,0,60
spatialvla,spatialvla,carrot,4,0,202807234,1,60,,0,60
spatialvla,spatialvla,carrot,5,0,202807235,0,60,,0,60
spatialvla,spatialvla,carrot,6,0,202807236,0,60,,0,60
spatialvla,spatialvla,carrot,7,0,202807237,0,60,,0,60
spatialvla,spatialvla,carrot,8,0,202807238,0,60,,0,60
spatialvla,spatialvla,carrot,9,0,202807239,0,60,,0,60
spatialvla,spatialvla,carrot,10,0,202807240,0,60,,0,60
spatialvla,spatialvla,carrot,11,0,202807241,0,60,,0,60
spatialvla,spatialvla,carrot,12,0,202807242,1,60,,0,60
spatialvla,spatialvla,carrot,13,0,202807243,0,60,,0,60
spatialvla,spatialvla,carrot,14,0,202807244,1,60,,0,60
spatialvla,spatialvla,carrot,15,0,202807245,0,60,,0,60
spatialvla,spatialvla,carrot,16,0,202807246,1,60,,0,60
spatialvla,spatialvla,carrot,17,0,202807247,0,60,,0,60
spatialvla,spatialvla,carrot,18,0,202807248,0,60,,0,60
spatialvla,spatialvla,carrot,19,0,202807249,0,60,,0,60
spatialvla,spatialvla,carrot,20,0,202807250,0,60,,0,60
spatialvla,spatialvla,carrot,21,0,202807251,0,60,,0,60
spatialvla,spatialvla,carrot,22,0,202807252,0,60,,0,60
spatialvla,spatialvla,carrot,23,0,202807253,0,60,,0,60
spatialvla,spatialvla,carrot,0,1,202807254,1,60,,0,60
spatialvla,spatialvla,carrot,1,1,202807255,0,60,,0,60
spatialvla,spatialvla,carrot,2,1,202807256,0,60,,0,60
spatialvla,spatialvla,carrot,3,1,202807257,0,60,,0,60
spatialvla,spatialvla,carrot,4,1,202807258,1,60,,0,60
spatialvla,spatialvla,carrot,5,1,202807259,0,60,,0,60
spatialvla,spatialvla,carrot,6,1,202807260,0,60,,0,60
spatialvla,spatialvla,carrot,7,1,202807261,0,60,,0,60
spatialvla,spatialvla,carrot,8,1,202807262,0,60,,0,60
spatialvla,spatialvla,carrot,9,1,202807263,0,60,,0,60
spatialvla,spatialvla,carrot,10,1,202807264,0,60,,0,60
spatialvla,spatialvla,carrot,11,1,202807265,0,60,,0,60
spatialvla,spatialvla,carrot,12,1,202807266,1,60,,0,60
spatialvla,spatialvla,carrot,13,1,202807267,0,60,,0,60
spatialvla,spatialvla,carrot,14,1,202807268,1,60,,0,60
spatialvla,spatialvla,carrot,15,1,202807269,0,60,,0,60
spatialvla,spatialvla,carrot,16,1,202807270,1,60,,0,60
spatialvla,spatialvla,carrot,17,1,202807271,0,60,,0,60
spatialvla,spatialvla,carrot,18,1,202807272,0,60,,0,60
spatialvla,spatialvla,carrot,19,1,202807273,0,60,,0,60
spatialvla,spatialvla,carrot,20,1,202807274,0,60,,0,60
spatialvla,spatialvla,carrot,21,1,202807275,0,60,,0,60
spatialvla,spatialvla,carrot,22,1,202807276,0,60,,0,60
spatialvla,spatialvla,carrot,23,1,202807277,0,60,,0,60
spatialvla,spatialvla,carrot,0,2,202807278,1,60,,0,60
spatialvla,spatialvla,carrot,1,2,202807279,0,60,,0,60
spatialvla,spatialvla,carrot,2,2,202807280,0,60,,0,60
spatialvla,spatialvla,carrot,3,2,202807281,0,60,,0,60
spatialvla,spatialvla,carrot,4,2,202807282,1,60,,0,60
spatialvla,spatialvla,carrot,5,2,202807283,0,60,,0,60
spatialvla,spatialvla,carrot,6,2,202807284,0,60,,0,60
spatialvla,spatialvla,carrot,7,2,202807285,0,60,,0,60
spatialvla,spatialvla,carrot,8,2,202807286,0,60,,0,60
spatialvla,spatialvla,carrot,9,2,202807287,0,60,,0,60
spatialvla,spatialvla,carrot,10,2,202807288,0,60,,0,60
spatialvla,spatialvla,carrot,11,2,202807289,0,60,,0,60
spatialvla,spatialvla,carrot,12,2,202807290,1,60,,0,60
spatialvla,spatialvla,carrot,13,2,202807291,0,60,,0,60
spatialvla,spatialvla,carrot,14,2,202807292,1,60,,0,60
spatialvla,spatialvla,carrot,15,2,202807293,0,60,,0,60
spatialvla,spatialvla,carrot,16,2,202807294,1,60,,0,60
spatialvla,spatialvla,carrot,17,2,202807295,0,60,,0,60
spatialvla,spatialvla,carrot,18,2,202807296,0,60,,0,60
spatialvla,spatialvla,carrot,19,2,202807297,0,60,,0,60
spatialvla,spatialvla,carrot,20,2,202807298,0,60,,0,60
spatialvla,spatialvla,carrot,21,2,202807299,0,60,,0,60
spatialvla,spatialvla,carrot,22,2,202807300,0,60,,0,60
spatialvla,spatialvla,carrot,23,2,202807301,0,60,,0,60
spatialvla,spatialvla,carrot,0,3,202807302,1,60,,0,60
spatialvla,spatialvla,carrot,1,3,202807303,0,60,,0,60
spatialvla,spatialvla,carrot,2,3,202807304,0,60,,0,60
spatialvla,spatialvla,carrot,3,3,202807305,0,60,,0,60
spatialvla,spatialvla,carrot,4,3,202807306,1,60,,0,60
spatialvla,spatialvla,carrot,5,3,202807307,0,60,,0,60
spatialvla,spatialvla,carrot,6,3,202807308,0,60,,0,60
spatialvla,spatialvla,carrot,7,3,202807309,0,60,,0,60
spatialvla,spatialvla,carrot,8,3,202807310,0,60,,0,60
spatialvla,spatialvla,carrot,9,3,202807311,0,60,,0,60
spatialvla,spatialvla,carrot,10,3,202807312,0,60,,0,60
spatialvla,spatialvla,carrot,11,3,202807313,0,60,,0,60
spatialvla,spatialvla,carrot,12,3,202807314,1,60,,0,60
spatialvla,spatialvla,carrot,13,3,202807315,0,60,,0,60
spatialvla,spatialvla,carrot,14,3,202807316,1,60,,0,60
spatialvla,spatialvla,carrot,15,3,202807317,0,60,,0,60
spatialvla,spatialvla,carrot,16,3,202807318,1,60,,0,60
spatialvla,spatialvla,carrot,17,3,202807319,0,60,,0,60
spatialvla,spatialvla,carrot,18,3,202807320,0,60,,0,60
spatialvla,spatialvla,carrot,19,3,202807321,0,60,,0,60
spatialvla,spatialvla,carrot,20,3,202807322,0,60,,0,60
spatialvla,spatialvla,carrot,21,3,202807323,0,60,,0,60
spatialvla,spatialvla,carrot,22,3,202807324,0,60,,0,60
spatialvla,spatialvla,carrot,23,3,202807325,0,60,,0,60
spatialvla,spatialvla,carrot,0,4,202807326,1,60,,0,60
spatialvla,spatialvla,carrot,1,4,202807327,0,60,,0,60
spatialvla,spatialvla,carrot,2,4,202807328,0,60,,0,60
spatialvla,spatialvla,carrot,3,4,202807329,0,60,,0,60
spatialvla,spatialvla,carrot,4,4,202807330,1,60,,0,60
spatialvla,spatialvla,carrot,5,4,202807331,0,60,,0,60
spatialvla,spatialvla,carrot,6,4,202807332,0,60,,0,60
spatialvla,spatialvla,carrot,7,4,202807333,0,60,,0,60
spatialvla,spatialvla,carrot,8,4,202807334,0,60,,0,60
spatialvla,spatialvla,carrot,9,4,202807335,0,60,,0,60
spatialvla,spatialvla,carrot,10,4,202807336,0,60,,0,60
spatialvla,spatialvla,carrot,11,4,202807337,0,60,,0,60
spatialvla,spatialvla,carrot,12,4,202807338,1,60,,0,60
spatialvla,spatialvla,carrot,13,4,202807339,0,60,,0,60
spatialvla,spatialvla,carrot,14,4,202807340,1,60,,0,60
spatialvla,spatialvla,carrot,15,4,202807341,0,60,,0,60
spatialvla,spatialvla,carrot,16,4,202807342,1,60,,0,60
spatialvla,spatialvla,carrot,17,4,202807343,0,60,,0,60
spatialvla,spatialvla,carrot,18,4,202807344,0,60,,0,60
spatialvla,spatialvla,carrot,19,4,202807345,0,60,,0,60
spatialvla,spatialvla,carrot,20,4,202807346,0,60,,0,60
spatialvla,spatialvla,carrot,21,4,202807347,0,60,,0,60
spatialvla,spatialvla,carrot,22,4,202807348,0,60,,0,60
spatialvla,spatialvla,carrot,23,4,202807349,0,60,,0,60
spatialvla,spatialvla,carrot,0,5,202807350,1,60,,0,60
spatialvla,spatialvla,carrot,1,5,202807351,0,60,,0,60
spatialvla,spatialvla,carrot,2,5,202807352,0,60,,0,60
spatialvla,spatialvla,carrot,3,5,202807353,0,60,,0,60
spatialvla,spatialvla,carrot,4,5,202807354,1,60,,0,60
spatialvla,spatialvla,carrot,5,5,202807355,0,60,,0,60
spatialvla,spatialvla,carrot,6,5,202807356,0,60,,0,60
spatialvla,spatialvla,carrot,7,5,202807357,0,60,,0,60
spatialvla,spatialvla,carrot,8,5,202807358,0,60,,0,60
spatialvla,spatialvla,carrot,9,5,202807359,0,60,,0,60
spatialvla,spatialvla,carrot,10,5,202807360,0,60,,0,60
spatialvla,spatialvla,carrot,11,5,202807361,0,60,,0,60
spatialvla,spatialvla,carrot,12,5,202807362,1,60,,0,60
spatialvla,spatialvla,carrot,13,5,202807363,0,60,,0,60
spatialvla,spatialvla,carrot,14,5,202807364,1,60,,0,60
spatialvla,spatialvla,carrot,15,5,202807365,0,60,,0,60
spatialvla,spatialvla,carrot,16,5,202807366,1,60,,0,60
spatialvla,spatialvla,carrot,17,5,202807367,0,60,,0,60
spatialvla,spatialvla,carrot,18,5,202807368,0,60,,0,60
spatialvla,spatialvla,carrot,19,5,202807369,0,60,,0,60
spatialvla,spatialvla,carrot,20,5,202807370,0,60,,0,60
spatialvla,spatialvla,carrot,21,5,202807371,0,60,,0,60
spatialvla,spatialvla,carrot,22,5,202807372,0,60,,0,60
spatialvla,spatialvla,carrot,23,5,202807373,0,60,,0,60
spatialvla,spatialvla,carrot,0,6,202807374,1,60,,0,60
spatialvla,spatialvla,carrot,1,6,202807375,0,60,,0,60
spatialvla,spatialvla,carrot,2,6,202807376,0,60,,0,60
spatialvla,spatialvla,carrot,3,6,202807377,0,60,,0,60
spatialvla,spatialvla,carrot,4,6,202807378,1,60,,0,60
spatialvla,spatialvla,carrot,5,6,202807379,0,60,,0,60
spatialvla,spatialvla,carrot,6,6,202807380,0,60,,0,60
spatialvla,spatialvla,carrot,7,6,202807381,0,60,,0,60
spatialvla,spatialvla,carrot,8,6,202807382,0,60,,0,60
spatialvla,spatialvla,carrot,9,6,202807383,0,60,,0,60
spatialvla,spatialvla,carrot,10,6,202807384,0,60,,0,60
spatialvla,spatialvla,carrot,11,6,202807385,0,60,,0,60
spatialvla,spatialvla,carrot,12,6,202807386,1,60,,0,60
spatialvla,spatialvla,carrot,13,6,202807387,0,60,,0,60
spatialvla,spatialvla,carrot,14,6,202807388,1,60,,0,60
spatialvla,spatialvla,carrot,15,6,202807389,0,60,,0,60
spatialvla,spatialvla,carrot,16,6,202807390,1,60,,0,60
spatialvla,spatialvla,carrot,17,6,202807391,0,60,,0,60
spatialvla,spatialvla,carrot,18,6,202807392,0,60,,0,60
spatialvla,spatialvla,carrot,19,6,202807393,0,60,,0,60
spatialvla,spatialvla,carrot,20,6,202807394,0,60,,0,60
spatialvla,spatialvla,carrot,21,6,202807395,0,60,,0,60
spatialvla,spatialvla,carrot,22,6,202807396,0,60,,0,60
spatialvla,spatialvla,carrot,23,6,202807397,0,60,,0,60
spatialvla,spatialvla,carrot,0,7,202807398,1,60,,0,60
spatialvla,spatialvla,carrot,1,7,202807399,0,60,,0,60
spatialvla,spatialvla,carrot,2,7,202807400,0,60,,0,60
spatialvla,spatialvla,carrot,3,7,202807401,0,60,,0,60
spatialvla,spatialvla,carrot,4,7,202807402,1,60,,0,60
spatialvla,spatialvla,carrot,5,7,202807403,0,60,,0,60
spatialvla,spatialvla,carrot,6,7,202807404,0,60,,0,60
spatialvla,spatialvla,carrot,7,7,202807405,0,60,,0,60
spatialvla,spatialvla,carrot,8,7,202807406,0,60,,0,60
spatialvla,spatialvla,carrot,9,7,202807407,0,60,,0,60
spatialvla,spatialvla,carrot,10,7,202807408,0,60,,0,60
spatialvla,spatialvla,carrot,11,7,202807409,0,60,,0,60
spatialvla,spatialvla,carrot,12,7,202807410,1,60,,0,60
spatialvla,spatialvla,carrot,13,7,202807411,0,60,,0,60
spatialvla,spatialvla,carrot,14,7,202807412,1,60,,0,60
spatialvla,spatialvla,carrot,15,7,202807413,0,60,,0,60
spatialvla,spatialvla,carrot,16,7,202807414,1,60,,0,60
spatialvla,spatialvla,carrot,17,7,202807415,0,60,,0,60
spatialvla,spatialvla,carrot,18,7,202807416,0,60,,0,60
spatialvla,spatialvla,carrot,19,7,202807417,0,60,,0,60
spatialvla,spatialvla,carrot,20,7,202807418,0,60,,0,60
spatialvla,spatialvla,carrot,21,7,202807419,0,60,,0,60
spatialvla,spatialvla,carrot,22,7,202807420,0,60,,0,60
spatialvla,spatialvla,carrot,23,7,202807421,0,60,,0,60
spatialvla,spatialvla,carrot,0,8,202807422,1,60,,0,60
spatialvla,spatialvla,carrot,1,8,202807423,0,60,,0,60
spatialvla,spatialvla,carrot,2,8,202807424,0,60,,0,60
spatialvla,spatialvla,carrot,3,8,202807425,0,60,,0,60
spatialvla,spatialvla,carrot,4,8,202807426,1,60,,0,60
spatialvla,spatialvla,carrot,5,8,202807427,0,60,,0,60
spatialvla,spatialvla,carrot,6,8,202807428,0,60,,0,60
spatialvla,spatialvla,carrot,7,8,202807429,0,60,,0,60
spatialvla,spatialvla,carrot,8,8,202807430,0,60,,0,60
spatialvla,spatialvla,carrot,9,8,202807431,0,60,,0,60
spatialvla,spatialvla,carrot,10,8,202807432,0,60,,0,60
spatialvla,spatialvla,carrot,11,8,202807433,0,60,,0,60
spatialvla,spatialvla,carrot,12,8,202807434,1,60,,0,60
spatialvla,spatialvla,carrot,13,8,202807435,0,60,,0,60
spatialvla,spatialvla,carrot,14,8,202807436,1,60,,0,60
spatialvla,spatialvla,carrot,15,8,202807437,0,60,,0,60
spatialvla,spatialvla,carrot,16,8,202807438,1,60,,0,60
spatialvla,spatialvla,carrot,17,8,202807439,0,60,,0,60
spatialvla,spatialvla,carrot,18,8,202807440,0,60,,0,60
spatialvla,spatialvla,carrot,19,8,202807441,0,60,,0,60
spatialvla,spatialvla,carrot,20,8,202807442,0,60,,0,60
spatialvla,spatialvla,carrot,21,8,202807443,0,60,,0,60
spatialvla,spatialvla,carrot,22,8,202807444,0,60,,0,60
spatialvla,spatialvla,carrot,23,8,202807445,0,60,,0,60
spatialvla,spatialvla,carrot,0,9,202807446,1,60,,0,60
spatialvla,spatialvla,carrot,1,9,202807447,0,60,,0,60
spatialvla,spatialvla,carrot,2,9,202807448,0,60,,0,60
spatialvla,spatialvla,carrot,3,9,202807449,0,60,,0,60
spatialvla,spatialvla,carrot,4,9,202807450,1,60,,0,60
spatialvla,spatialvla,carrot,5,9,202807451,0,60,,0,60
spatialvla,spatialvla,carrot,6,9,202807452,0,60,,0,60
spatialvla,spatialvla,carrot,7,9,202807453,0,60,,0,60
spatialvla,spatialvla,carrot,8,9,202807454,0,60,,0,60
spatialvla,spatialvla,carrot,9,9,202807455,0,60,,0,60
spatialvla,spatialvla,carrot,10,9,202807456,0,60,,0,60
spatialvla,spatialvla,carrot,11,9,202807457,0,60,,0,60
spatialvla,spatialvla,carrot,12,9,202807458,1,60,,0,60
spatialvla,spatialvla,carrot,13,9,202807459,0,60,,0,60
spatialvla,spatialvla,carrot,14,9,202807460,1,60,,0,60
spatialvla,spatialvla,carrot,15,9,202807461,0,60,,0,60
spatialvla,spatialvla,carrot,16,9,202807462,1,60,,0,60
spatialvla,spatialvla,carrot,17,9,202807463,0,60,,0,60
spatialvla,spatialvla,carrot,18,9,202807464,0,60,,0,60
spatialvla,spatialvla,carrot,19,9,202807465,0,60,,0,60
spatialvla,spatialvla,carrot,20,9,202807466,0,60,,0,60
spatialvla,spatialvla,carrot,21,9,202807467,0,60,,0,60
spatialvla,spatialvla,carrot,22,9,202807468,0,60,,0,60
spatialvla,spatialvla,carrot,23,9,202807469,0,60,,0,60
spatialvla,spatialvla,carrot,0,10,202807470,1,60,,0,60
spatialvla,spatialvla,carrot,1,10,202807471,0,60,,0,60
spatialvla,spatialvla,carrot,2,10,202807472,0,60,,0,60
spatialvla,spatialvla,carrot,3,10,202807473,0,60,,0,60
spatialvla,spatialvla,carrot,4,10,202807474,1,60,,0,60
spatialvla,spatialvla,carrot,5,10,202807475,0,60,,0,60
spatialvla,spatialvla,carrot,6,10,202807476,0,60,,0,60
spatialvla,spatialvla,carrot,7,10,202807477,0,60,,0,60
spatialvla,spatialvla,carrot,8,10,202807478,0,60,,0,60
spatialvla,spatialvla,carrot,9,10,202807479,0,60,,0,60
spatialvla,spatialvla,carrot,10,10,202807480,0,60,,0,60
spatialvla,spatialvla,carrot,11,10,202807481,0,60,,0,60
spatialvla,spatialvla,carrot,12,10,202807482,1,60,,0,60
spatialvla,spatialvla,carrot,13,10,202807483,0,60,,0,60
spatialvla,spatialvla,carrot,14,10,202807484,1,60,,0,60
spatialvla,spatialvla,carrot,15,10,202807485,0,60,,0,60
spatialvla,spatialvla,carrot,16,10,202807486,1,60,,0,60
spatialvla,spatialvla,carrot,17,10,202807487,0,60,,0,60
spatialvla,spatialvla,carrot,18,10,202807488,0,60,,0,60
spatialvla,spatialvla,carrot,19,10,202807489,0,60,,0,60
spatialvla,spatialvla,carrot,20,10,202807490,0,60,,0,60
spatialvla,spatialvla,carrot,21,10,202807491,0,60,,0,60
spatialvla,spatialvla,carrot,22,10,202807492,0,60,,0,60
spatialvla,spatialvla,carrot,23,10,202807493,0,60,,0,60
spatialvla,spatialvla,carrot,0,11,202807494,1,60,,0,60
spatialvla,spatialvla,carrot,1,11,202807495,0,60,,0,60
spatialvla,spatialvla,carrot,2,11,202807496,0,60,,0,60
spatialvla,spatialvla,carrot,3,11,202807497,0,60,,0,60
spatialvla,spatialvla,carrot,4,11,202807498,1,60,,0,60
spatialvla,spatialvla,carrot,5,11,202807499,0,60,,0,60
spatialvla,spatialvla,carrot,6,11,202807500,0,60,,0,60
spatialvla,spatialvla,carrot,7,11,202807501,0,60,,0,60
spatialvla,spatialvla,carrot,8,11,202807502,0,60,,0,60
spatialvla,spatialvla,carrot,9,11,202807503,0,60,,0,60
spatialvla,spatialvla,carrot,10,11,202807504,0,60,,0,60
spatialvla,spatialvla,carrot,11,11,202807505,0,60,,0,60
spatialvla,spatialvla,carrot,12,11,202807506,1,60,,0,60
spatialvla,spatialvla,carrot,13,11,202807507,0,60,,0,60
spatialvla,spatialvla,carrot,14,11,202807508,1,60,,0,60
spatialvla,spatialvla,carrot,15,11,202807509,0,60,,0,60
spatialvla,spatialvla,carrot,16,11,202807510,1,60,,0,60
spatialvla,spatialvla,carrot,17,11,202807511,0,60,,0,60
spatialvla,spatialvla,carrot,18,11,202807512,0,60,,0,60
spatialvla,spatialvla,carrot,19,11,202807513,0,60,,0,60
spatialvla,spatialvla,carrot,20,11,202807514,0,60,,0,60
spatialvla,spatialvla,carrot,21,11,202807515,0,60,,0,60
spatialvla,spatialvla,carrot,22,11,202807516,0,60,,0,60
spatialvla,spatialvla,carrot,23,11,202807517,0,60,,0,60
spatialvla,spatialvla,spoon,0,0,202808230,1,60,,0,60
spatialvla,spatialvla,spoon,1,0,202808231,0,60,,0,60
spatialvla,spatialvla,spoon,2,0,202808232,0,60,,0,60
spatialvla,spatialvla,spoon,3,0,202808233,0,60,,0,60
spatialvla,spatialvla,spoon,4,0,202808234,0,60,,0,60
spatialvla,spatialvla,spoon,5,0,202808235,0,60,,0,60
spatialvla,spatialvla,spoon,6,0,202808236,0,60,,0,60
spatialvla,spatialvla,spoon,7,0,202808237,0,60,,0,60
spatialvla,spatialvla,spoon,8,0,202808238,0,60,,0,60
spatialvla,spatialvla,spoon,9,0,202808239,0,60,,0,60
spatialvla,spatialvla,spoon,10,0,202808240,1,60,,0,60
spatialvla,spatialvla,spoon,11,0,202808241,0,60,,0,60
spatialvla,spatialvla,spoon,12,0,202808242,0,60,,0,60
spatialvla,spatialvla,spoon,13,0,202808243,0,60,,0,60
spatialvla,spatialvla,spoon,14,0,202808244,0,60,,0,60
spatialvla,spatialvla,spoon,15,0,202808245,1,60,,0,60
spatialvla,spatialvla,spoon,16,0,202808246,0,60,,0,60
spatialvla,spatialvla,spoon,17,0,202808247,0,60,,0,60
spatialvla,spatialvla,spoon,18,0,202808248,0,60,,0,60
spatialvla,spatialvla,spoon,19,0,202808249,0,60,,0,60
spatialvla,spatialvla,spoon,20,0,202808250,0,60,,0,60
spatialvla,spatialvla,spoon,21,0,202808251,0,60,,0,60
spatialvla,spatialvla,spoon,22,0,202808252,1,60,,0,60
spatialvla,spatialvla,spoon,23,0,202808253,0,60,,0,60
spatialvla,spatialvla,spoon,0,1,202808254,1,60,,0,60
spatialvla,spatialvla,spoon,1,1,202808255,0,60,,0,60
spatialvla,spatialvla,spoon,2,1,202808256,0,60,,0,60
spatialvla,spatialvla,spoon,3,1,202808257,0,60,,0,60
spatialvla,spatialvla,spoon,4,1,202808258,0,60,,0,60
spatialvla,spatialvla,spoon,5,1,202808259,0,60,,0,60
spatialvla,spatialvla,spoon,6,1,202808260,0,60,,0,60
spatialvla,spatialvla,spoon,7,1,202808261,0,60,,0,60
spatialvla,spatialvla,spoon,8,1,202808262,0,60,,0,60
spatialvla,spatialvla,spoon,9,1,202808263,0,60,,0,60
spatialvla,spatialvla,spoon,10,1,202808264,1,60,,0,60
spatialvla,spatialvla,spoon,11,1,202808265,0,60,,0,60
spatialvla,spatialvla,spoon,12,1,202808266,0,60,,0,60
spatialvla,spatialvla,spoon,13,1,202808267,0,60,,0,60
spatialvla,spatialvla,spoon,14,1,202808268,0,60,,0,60
spatialvla,spatialvla,spoon,15,1,202808269,1,60,,0,60
spatialvla,spatialvla,spoon,16,1,202808270,0,60,,0,60
spatialvla,spatialvla,spoon,17,1,202808271,0,60,,0,60
spatialvla,spatialvla,spoon,18,1,202808272,0,60,,0,60
spatialvla,spatialvla,spoon,19,1,202808273,0,60,,0,60
spatialvla,spatialvla,spoon,20,1,202808274,0,60,,0,60
spatialvla,spatialvla,spoon,21,1,202808275,0,60,,0,60
spatialvla,spatialvla,spoon,22,1,202808276,1,60,,0,60
spatialvla,spatialvla,spoon,23,1,202808277,0,60,,0,60
spatialvla,spatialvla,spoon,0,2,202808278,1,60,,0,60
spatialvla,spatialvla,spoon,1,2,202808279,0,60,,0,60
spatialvla,spatialvla,spoon,2,2,202808280,0,60,,0,60
spatialvla,spatialvla,spoon,3,2,202808281,0,60,,0,60
spatialvla,spatialvla,spoon,4,2,202808282,0,60,,0,60
spatialvla,spatialvla,spoon,5,2,202808283,0,60,,0,60
spatialvla,spatialvla,spoon,6,2,202808284,0,60,,0,60
spatialvla,spatialvla,spoon,7,2,202808285,0,60,,0,60
spatialvla,spatialvla,spoon,8,2,202808286,0,60,,0,60
spatialvla,spatialvla,spoon,9,2,202808287,0,60,,0,60
spatialvla,spatialvla,spoon,10,2,202808288,1,60,,0,60
spatialvla,spatialvla,spoon,11,2,202808289,0,60,,0,60
spatialvla,spatialvla,spoon,12,2,202808290,0,60,,0,60
spatialvla,spatialvla,spoon,13,2,202808291,0,60,,0,60
spatialvla,spatialvla,spoon,14,2,202808292,0,60,,0,60
spatialvla,spatialvla,spoon,15,2,202808293,1,60,,0,60
spatialvla,spatialvla,spoon,16,2,202808294,0,60,,0,60
spatialvla,spatialvla,spoon,17,2,202808295,0,60,,0,60
spatialvla,spatialvla,spoon,18,2,202808296,0,60,,0,60
spatialvla,spatialvla,spoon,19,2,202808297,0,60,,0,60
spatialvla,spatialvla,spoon,20,2,202808298,0,60,,0,60
spatialvla,spatialvla,spoon,21,2,202808299,0,60,,0,60
spatialvla,spatialvla,spoon,22,2,202808300,1,60,,0,60
spatialvla,spatialvla,spoon,23,2,202808301,0,60,,0,60
spatialvla,spatialvla,spoon,0,3,202808302,1,60,,0,60
spatialvla,spatialvla,spoon,1,3,202808303,0,60,,0,60
spatialvla,spatialvla,spoon,2,3,202808304,0,60,,0,60
spatialvla,spatialvla,spoon,3,3,202808305,0,60,,0,60
spatialvla,spatialvla,spoon,4,3,202808306,0,60,,0,60
spatialvla,spatialvla,spoon,5,3,202808307,0,60,,0,60
spatialvla,spatialvla,spoon,6,3,202808308,0,60,,0,60
spatialvla,spatialvla,spoon,7,3,202808309,0,60,,0,60
spatialvla,spatialvla,spoon,8,3,202808310,0,60,,0,60
spatialvla,spatialvla,spoon,9,3,202808311,0,60,,0,60
spatialvla,spatialvla,spoon,10,3,202808312,1,60,,0,60
spatialvla,spatialvla,spoon,11,3,202808313,0,60,,0,60
spatialvla,spatialvla,spoon,12,3,202808314,0,60,,0,60
spatialvla,spatialvla,spoon,13,3,202808315,0,60,,0,60
spatialvla,spatialvla,spoon,14,3,202808316,0,60,,0,60
spatialvla,spatialvla,spoon,15,3,202808317,1,60,,0,60
spatialvla,spatialvla,spoon,16,3,202808318,0,60,,0,60
spatialvla,spatialvla,spoon,17,3,202808319,0,60,,0,60
spatialvla,spatialvla,spoon,18,3,202808320,0,60,,0,60
spatialvla,spatialvla,spoon,19,3,202808321,0,60,,0,60
spatialvla,spatialvla,spoon,20,3,202808322,0,60,,0,60
spatialvla,spatialvla,spoon,21,3,202808323,0,60,,0,60
spatialvla,spatialvla,spoon,22,3,202808324,1,60,,0,60
spatialvla,spatialvla,spoon,23,3,202808325,0,60,,0,60
spatialvla,spatialvla,spoon,0,4,202808326,1,60,,0,60
spatialvla,spatialvla,spoon,1,4,202808327,0,60,,0,60
spatialvla,spatialvla,spoon,2,4,202808328,0,60,,0,60
spatialvla,spatialvla,spoon,3,4,202808329,0,60,,0,60
spatialvla,spatialvla,spoon,4,4,202808330,0,60,,0,60
spatialvla,spatialvla,spoon,5,4,202808331,0,60,,0,60
spatialvla,spatialvla,spoon,6,4,202808332,0,60,,0,60
spatialvla,spatialvla,spoon,7,4,202808333,0,60,,0,60
spatialvla,spatialvla,spoon,8,4,202808334,0,60,,0,60
spatialvla,spatialvla,spoon,9,4,202808335,0,60,,0,60
spatialvla,spatialvla,spoon,10,4,202808336,1,60,,0,60
spatialvla,spatialvla,spoon,11,4,202808337,0,60,,0,60
spatialvla,spatialvla,spoon,12,4,202808338,0,60,,0,60
spatialvla,spatialvla,spoon,13,4,202808339,0,60,,0,60
spatialvla,spatialvla,spoon,14,4,202808340,0,60,,0,60
spatialvla,spatialvla,spoon,15,4,202808341,1,60,,0,60
spatialvla,spatialvla,spoon,16,4,202808342,0,60,,0,60
spatialvla,spatialvla,spoon,17,4,202808343,0,60,,0,60
spatialvla,spatialvla,spoon,18,4,202808344,0,60,,0,60
spatialvla,spatialvla,spoon,19,4,202808345,0,60,,0,60
spatialvla,spatialvla,spoon,20,4,202808346,0,60,,0,60
spatialvla,spatialvla,spoon,21,4,202808347,0,60,,0,60
spatialvla,spatialvla,spoon,22,4,202808348,1,60,,0,60
spatialvla,spatialvla,spoon,23,4,202808349,0,60,,0,60
spatialvla,spatialvla,spoon,0,5,202808350,1,60,,0,60
spatialvla,spatialvla,spoon,1,5,202808351,0,60,,0,60
spatialvla,spatialvla,spoon,2,5,202808352,0,60,,0,60
spatialvla,spatialvla,spoon,3,5,202808353,0,60,,0,60
spatialvla,spatialvla,spoon,4,5,202808354,0,60,,0,60
spatialvla,spatialvla,spoon,5,5,202808355,0,60,,0,60
spatialvla,spatialvla,spoon,6,5,202808356,0,60,,0,60
spatialvla,spatialvla,spoon,7,5,202808357,0,60,,0,60
spatialvla,spatialvla,spoon,8,5,202808358,0,60,,0,60
spatialvla,spatialvla,spoon,9,5,202808359,0,60,,0,60
spatialvla,spatialvla,spoon,10,5,202808360,1,60,,0,60
spatialvla,spatialvla,spoon,11,5,202808361,0,60,,0,60
spatialvla,spatialvla,spoon,12,5,202808362,0,60,,0,60
spatialvla,spatialvla,spoon,13,5,202808363,0,60,,0,60
spatialvla,spatialvla,spoon,14,5,202808364,0,60,,0,60
spatialvla,spatialvla,spoon,15,5,202808365,1,60,,0,60
spatialvla,spatialvla,spoon,16,5,202808366,0,60,,0,60
spatialvla,spatialvla,spoon,17,5,202808367,0,60,,0,60
spatialvla,spatialvla,spoon,18,5,202808368,0,60,,0,60
spatialvla,spatialvla,spoon,19,5,202808369,0,60,,0,60
spatialvla,spatialvla,spoon,20,5,202808370,0,60,,0,60
spatialvla,spatialvla,spoon,21,5,202808371,0,60,,0,60
spatialvla,spatialvla,spoon,22,5,202808372,1,60,,0,60
spatialvla,spatialvla,spoon,23,5,202808373,0,60,,0,60
spatialvla,spatialvla,spoon,0,6,202808374,1,60,,0,60
spatialvla,spatialvla,spoon,1,6,202808375,0,60,,0,60
spatialvla,spatialvla,spoon,2,6,202808376,0,60,,0,60
spatialvla,spatialvla,spoon,3,6,202808377,0,60,,0,60
spatialvla,spatialvla,spoon,4,6,202808378,0,60,,0,60
spatialvla,spatialvla,spoon,5,6,202808379,0,60,,0,60
spatialvla,spatialvla,spoon,6,6,202808380,0,60,,0,60
spatialvla,spatialvla,spoon,7,6,202808381,0,60,,0,60
spatialvla,spatialvla,spoon,8,6,202808382,0,60,,0,60
spatialvla,spatialvla,spoon,9,6,202808383,0,60,,0,60
spatialvla,spatialvla,spoon,10,6,202808384,1,60,,0,60
spatialvla,spatialvla,spoon,11,6,202808385,0,60,,0,60
spatialvla,spatialvla,spoon,12,6,202808386,0,60,,0,60
spatialvla,spatialvla,spoon,13,6,202808387,0,60,,0,60
spatialvla,spatialvla,spoon,14,6,202808388,0,60,,0,60
spatialvla,spatialvla,spoon,15,6,202808389,1,60,,0,60
spatialvla,spatialvla,spoon,16,6,202808390,0,60,,0,60
spatialvla,spatialvla,spoon,17,6,202808391,0,60,,0,60
spatialvla,spatialvla,spoon,18,6,202808392,0,60,,0,60
spatialvla,spatialvla,spoon,19,6,202808393,0,60,,0,60
spatialvla,spatialvla,spoon,20,6,202808394,0,60,,0,60
spatialvla,spatialvla,spoon,21,6,202808395,0,60,,0,60
spatialvla,spatialvla,spoon,22,6,202808396,1,60,,0,60
spatialvla,spatialvla,spoon,23,6,202808397,0,60,,0,60
spatialvla,spatialvla,spoon,0,7,202808398,1,60,,0,60
spatialvla,spatialvla,spoon,1,7,202808399,0,60,,0,60
spatialvla,spatialvla,spoon,2,7,202808400,0,60,,0,60
spatialvla,spatialvla,spoon,3,7,202808401,0,60,,0,60
spatialvla,spatialvla,spoon,4,7,202808402,0,60,,0,60
spatialvla,spatialvla,spoon,5,7,202808403,0,60,,0,60
spatialvla,spatialvla,spoon,6,7,202808404,0,60,,0,60
spatialvla,spatialvla,spoon,7,7,202808405,0,60,,0,60
spatialvla,spatialvla,spoon,8,7,202808406,0,60,,0,60
spatialvla,spatialvla,spoon,9,7,202808407,0,60,,0,60
spatialvla,spatialvla,spoon,10,7,202808408,1,60,,0,60
spatialvla,spatialvla,spoon,11,7,202808409,0,60,,0,60
spatialvla,spatialvla,spoon,12,7,202808410,0,60,,0,60
spatialvla,spatialvla,spoon,13,7,202808411,0,60,,0,60
spatialvla,spatialvla,spoon,14,7,202808412,0,60,,0,60
spatialvla,spatialvla,spoon,15,7,202808413,1,60,,0,60
spatialvla,spatialvla,spoon,16,7,202808414,0,60,,0,60
spatialvla,spatialvla,spoon,17,7,202808415,0,60,,0,60
spatialvla,spatialvla,spoon,18,7,202808416,0,60,,0,60
spatialvla,spatialvla,spoon,19,7,202808417,0,60,,0,60
spatialvla,spatialvla,spoon,20,7,202808418,0,60,,0,60
spatialvla,spatialvla,spoon,21,7,202808419,0,60,,0,60
spatialvla,spatialvla,spoon,22,7,202808420,1,60,,0,60
spatialvla,spatialvla,spoon,23,7,202808421,0,60,,0,60
spatialvla,spatialvla,spoon,0,8,202808422,1,60,,0,60
spatialvla,spatialvla,spoon,1,8,202808423,0,60,,0,60
spatialvla,spatialvla,spoon,2,8,202808424,0,60,,0,60
spatialvla,spatialvla,spoon,3,8,202808425,0,60,,0,60
spatialvla,spatialvla,spoon,4,8,202808426,0,60,,0,60
spatialvla,spatialvla,spoon,5,8,202808427,0,60,,0,60
spatialvla,spatialvla,spoon,6,8,202808428,0,60,,0,60
spatialvla,spatialvla,spoon,7,8,202808429,0,60,,0,60
spatialvla,spatialvla,spoon,8,8,202808430,0,60,,0,60
spatialvla,spatialvla,spoon,9,8,202808431,0,60,,0,60
spatialvla,spatialvla,spoon,10,8,202808432,1,60,,0,60
spatialvla,spatialvla,spoon,11,8,202808433,0,60,,0,60
spatialvla,spatialvla,spoon,12,8,202808434,0,60,,0,60
spatialvla,spatialvla,spoon,13,8,202808435,0,60,,0,60
spatialvla,spatialvla,spoon,14,8,202808436,0,60,,0,60
spatialvla,spatialvla,spoon,15,8,202808437,1,60,,0,60
spatialvla,spatialvla,spoon,16,8,202808438,0,60,,0,60
spatialvla,spatialvla,spoon,17,8,202808439,0,60,,0,60
spatialvla,spatialvla,spoon,18,8,202808440,0,60,,0,60
spatialvla,spatialvla,spoon,19,8,202808441,0,60,,0,60
spatialvla,spatialvla,spoon,20,8,202808442,0,60,,0,60
spatialvla,spatialvla,spoon,21,8,202808443,0,60,,0,60
spatialvla,spatialvla,spoon,22,8,202808444,1,60,,0,60
spatialvla,spatialvla,spoon,23,8,202808445,0,60,,0,60
spatialvla,spatialvla,spoon,0,9,202808446,1,60,,0,60
spatialvla,spatialvla,spoon,1,9,202808447,0,60,,0,60
spatialvla,spatialvla,spoon,2,9,202808448,0,60,,0,60
spatialvla,spatialvla,spoon,3,9,202808449,0,60,,0,60
spatialvla,spatialvla,spoon,4,9,202808450,0,60,,0,60
spatialvla,spatialvla,spoon,5,9,202808451,0,60,,0,60
spatialvla,spatialvla,spoon,6,9,202808452,0,60,,0,60
spatialvla,spatialvla,spoon,7,9,202808453,0,60,,0,60
spatialvla,spatialvla,spoon,8,9,202808454,0,60,,0,60
spatialvla,spatialvla,spoon,9,9,202808455,0,60,,0,60
spatialvla,spatialvla,spoon,10,9,202808456,1,60,,0,60
spatialvla,spatialvla,spoon,11,9,202808457,0,60,,0,60
spatialvla,spatialvla,spoon,12,9,202808458,0,60,,0,60
spatialvla,spatialvla,spoon,13,9,202808459,0,60,,0,60
spatialvla,spatialvla,spoon,14,9,202808460,0,60,,0,60
spatialvla,spatialvla,spoon,15,9,202808461,1,60,,0,60
spatialvla,spatialvla,spoon,16,9,202808462,0,60,,0,60
spatialvla,spatialvla,spoon,17,9,202808463,0,60,,0,60
spatialvla,spatialvla,spoon,18,9,202808464,0,60,,0,60
spatialvla,spatialvla,spoon,19,9,202808465,0,60,,0,60
spatialvla,spatialvla,spoon,20,9,202808466,0,60,,0,60
spatialvla,spatialvla,spoon,21,9,202808467,0,60,,0,60
spatialvla,spatialvla,spoon,22,9,202808468,1,60,,0,60
spatialvla,spatialvla,spoon,23,9,202808469,0,60,,0,60
spatialvla,spatialvla,spoon,0,10,202808470,1,60,,0,60
spatialvla,spatialvla,spoon,1,10,202808471,0,60,,0,60
spatialvla,spatialvla,spoon,2,10,202808472,0,60,,0,60
spatialvla,spatialvla,spoon,3,10,202808473,0,60,,0,60
spatialvla,spatialvla,spoon,4,10,202808474,0,60,,0,60
spatialvla,spatialvla,spoon,5,10,202808475,0,60,,0,60
spatialvla,spatialvla,spoon,6,10,202808476,0,60,,0,60
spatialvla,spatialvla,spoon,7,10,202808477,0,60,,0,60
spatialvla,spatialvla,spoon,8,10,202808478,0,60,,0,60
spatialvla,spatialvla,spoon,9,10,202808479,0,60,,0,60
spatialvla,spatialvla,spoon,10,10,202808480,1,60,,0,60
spatialvla,spatialvla,spoon,11,10,202808481,0,60,,0,60
spatialvla,spatialvla,spoon,12,10,202808482,0,60,,0,60
spatialvla,spatialvla,spoon,13,10,202808483,0,60,,0,60
spatialvla,spatialvla,spoon,14,10,202808484,0,60,,0,60
spatialvla,spatialvla,spoon,15,10,202808485,1,60,,0,60
spatialvla,spatialvla,spoon,16,10,202808486,0,60,,0,60
spatialvla,spatialvla,spoon,17,10,202808487,0,60,,0,60
spatialvla,spatialvla,spoon,18,10,202808488,0,60,,0,60
spatialvla,spatialvla,spoon,19,10,202808489,0,60,,0,60
spatialvla,spatialvla,spoon,20,10,202808490,0,60,,0,60
spatialvla,spatialvla,spoon,21,10,202808491,0,60,,0,60
spatialvla,spatialvla,spoon,22,10,202808492,1,60,,0,60
spatialvla,spatialvla,spoon,23,10,202808493,0,60,,0,60
spatialvla,spatialvla,spoon,0,11,202808494,1,60,,0,60
spatialvla,spatialvla,spoon,1,11,202808495,0,60,,0,60
spatialvla,spatialvla,spoon,2,11,202808496,0,60,,0,60
spatialvla,spatialvla,spoon,3,11,202808497,0,60,,0,60
spatialvla,spatialvla,spoon,4,11,202808498,0,60,,0,60
spatialvla,spatialvla,spoon,5,11,202808499,0,60,,0,60
spatialvla,spatialvla,spoon,6,11,202808500,0,60,,0,60
spatialvla,spatialvla,spoon,7,11,202808501,0,60,,0,60
spatialvla,spatialvla,spoon,8,11,202808502,0,60,,0,60
spatialvla,spatialvla,spoon,9,11,202808503,0,60,,0,60
spatialvla,spatialvla,spoon,10,11,202808504,1,60,,0,60
spatialvla,spatialvla,spoon,11,11,202808505,0,60,,0,60
spatialvla,spatialvla,spoon,12,11,202808506,0,60,,0,60
spatialvla,spatialvla,spoon,13,11,202808507,0,60,,0,60
spatialvla,spatialvla,spoon,14,11,202808508,0,60,,0,60
spatialvla,spatialvla,spoon,15,11,202808509,1,60,,0,60
spatialvla,spatialvla,spoon,16,11,202808510,0,60,,0,60
spatialvla,spatialvla,spoon,17,11,202808511,0,60,,0,60
spatialvla,spatialvla,spoon,18,11,202808512,0,60,,0,60
spatialvla,spatialvla,spoon,19,11,202808513,0,60,,0,60
spatialvla,spatialvla,spoon,20,11,202808514,0,60,,0,60
spatialvla,spatialvla,spoon,21,11,202808515,0,60,,0,60
spatialvla,spatialvla,spoon,22,11,202808516,1,60,,0,60
spatialvla,spatialvla,spoon,23,11,202808517,0,60,,0,60
spatialvla,spatialvla,eggplant,0,0,202809230,1,120,,0,120
spatialvla,spatialvla,eggplant,1,0,202809231,1,120,,0,120
spatialvla,spatialvla,eggplant,2,0,202809232,1,120,,0,120
spatialvla,spatialvla,eggplant,3,0,202809233,1,120,,0,120
spatialvla,spatialvla,eggplant,4,0,202809234,1,120,,0,120
spatialvla,spatialvla,eggplant,5,0,202809235,1,120,,0,120
spatialvla,spatialvla,eggplant,6,0,202809236,1,120,,0,120
spatialvla,spatialvla,eggplant,7,0,202809237,1,120,,0,120
spatialvla,spatialvla,eggplant,8,0,202809238,1,120,,0,120
spatialvla,spatialvla,eggplant,9,0,202809239,1,120,,0,120
spatialvla,spatialvla,eggplant,10,0,202809240,1,120,,0,120
spatialvla,spatialvla,eggplant,11,0,202809241,1,120,,0,120
spatialvla,spatialvla,eggplant,12,0,202809242,1,120,,0,120
spatialvla,spatialvla,eggplant,13,0,202809243,1,120,,0,120
spatialvla,spatialvla,eggplant,14,0,202809244,1,120,,0,120
spatialvla,spatialvla,eggplant,15,0,202809245,1,120,,0,120
spatialvla,spatialvla,eggplant,16,0,202809246,1,120,,0,120
spatialvla,spatialvla,eggplant,17,0,202809247,1,120,,0,120
spatialvla,spatialvla,eggplant,18,0,202809248,1,120,,0,120
spatialvla,spatialvla,eggplant,19,0,202809249,1,120,,0,120
spatialvla,spatialvla,eggplant,20,0,202809250,1,120,,0,120
spatialvla,spatialvla,eggplant,21,0,202809251,1,120,,0,120
spatialvla,spatialvla,eggplant,22,0,202809252,1,120,,0,120
spatialvla,spatialvla,eggplant,23,0,202809253,1,120,,0,120
spatialvla,spatialvla,eggplant,0,1,202809254,1,120,,0,120
spatialvla,spatialvla,eggplant,1,1,202809255,1,120,,0,120
spatialvla,spatialvla,eggplant,2,1,202809256,1,120,,0,120
spatialvla,spatialvla,eggplant,3,1,202809257,1,120,,0,120
spatialvla,spatialvla,eggplant,4,1,202809258,1,120,,0,120
spatialvla,spatialvla,eggplant,5,1,202809259,1,120,,0,120
spatialvla,spatialvla,eggplant,6,1,202809260,1,120,,0,120
spatialvla,spatialvla,eggplant,7,1,202809261,1,120,,0,120
spatialvla,spatialvla,eggplant,8,1,202809262,1,120,,0,120
spatialvla,spatialvla,eggplant,9,1,202809263,1,120,,0,120
spatialvla,spatialvla,eggplant,10,1,202809264,1,120,,0,120
spatialvla,spatialvla,eggplant,11,1,202809265,1,120,,0,120
spatialvla,spatialvla,eggplant,12,1,202809266,1,120,,0,120
spatialvla,spatialvla,eggplant,13,1,202809267,1,120,,0,120
spatialvla,spatialvla,eggplant,14,1,202809268,1,120,,0,120
spatialvla,spatialvla,eggplant,15,1,202809269,1,120,,0,120
spatialvla,spatialvla,eggplant,16,1,202809270,1,120,,0,120
spatialvla,spatialvla,eggplant,17,1,202809271,1,120,,0,120
spatialvla,spatialvla,eggplant,18,1,202809272,1,120,,0,120
spatialvla,spatialvla,eggplant,19,1,202809273,1,120,,0,120
spatialvla,spatialvla,eggplant,20,1,202809274,1,120,,0,120
spatialvla,spatialvla,eggplant,21,1,202809275,1,120,,0,120
spatialvla,spatialvla,eggplant,22,1,202809276,1,120,,0,120
spatialvla,spatialvla,eggplant,23,1,202809277,1,120,,0,120
spatialvla,spatialvla,eggplant,0,2,202809278,1,120,,0,120
spatialvla,spatialvla,eggplant,1,2,202809279,1,120,,0,120
spatialvla,spatialvla,eggplant,2,2,202809280,1,120,,0,120
spatialvla,spatialvla,eggplant,3,2,202809281,1,120,,0,120
spatialvla,spatialvla,eggplant,4,2,202809282,1,120,,0,120
spatialvla,spatialvla,eggplant,5,2,202809283,1,120,,0,120
spatialvla,spatialvla,eggplant,6,2,202809284,1,120,,0,120
spatialvla,spatialvla,eggplant,7,2,202809285,1,120,,0,120
spatialvla,spatialvla,eggplant,8,2,202809286,1,120,,0,120
spatialvla,spatialvla,eggplant,9,2,202809287,1,120,,0,120
spatialvla,spatialvla,eggplant,10,2,202809288,1,120,,0,120
spatialvla,spatialvla,eggplant,11,2,202809289,1,120,,0,120
spatialvla,spatialvla,eggplant,12,2,202809290,1,120,,0,120
spatialvla,spatialvla,eggplant,13,2,202809291,1,120,,0,120
spatialvla,spatialvla,eggplant,14,2,202809292,1,120,,0,120
spatialvla,spatialvla,eggplant,15,2,202809293,1,120,,0,120
spatialvla,spatialvla,eggplant,16,2,202809294,1,120,,0,120
spatialvla,spatialvla,eggplant,17,2,202809295,1,120,,0,120
spatialvla,spatialvla,eggplant,18,2,202809296,1,120,,0,120
spatialvla,spatialvla,eggplant,19,2,202809297,1,120,,0,120
spatialvla,spatialvla,eggplant,20,2,202809298,1,120,,0,120
spatialvla,spatialvla,eggplant,21,2,202809299,1,120,,0,120
spatialvla,spatialvla,eggplant,22,2,202809300,1,120,,0,120
spatialvla,spatialvla,eggplant,23,2,202809301,1,120,,0,120
spatialvla,spatialvla,eggplant,0,3,202809302,1,120,,0,120
spatialvla,spatialvla,eggplant,1,3,202809303,1,120,,0,120
spatialvla,spatialvla,eggplant,2,3,202809304,1,120,,0,120
spatialvla,spatialvla,eggplant,3,3,202809305,1,120,,0,120
spatialvla,spatialvla,eggplant,4,3,202809306,1,120,,0,120
spatialvla,spatialvla,eggplant,5,3,202809307,1,120,,0,120
spatialvla,spatialvla,eggplant,6,3,202809308,1,120,,0,120
spatialvla,spatialvla,eggplant,7,3,202809309,1,120,,0,120
spatialvla,spatialvla,eggplant,8,3,202809310,1,120,,0,120
spatialvla,spatialvla,eggplant,9,3,202809311,1,120,,0,120
spatialvla,spatialvla,eggplant,10,3,202809312,1,120,,0,120
spatialvla,spatialvla,eggplant,11,3,202809313,1,120,,0,120
spatialvla,spatialvla,eggplant,12,3,202809314,1,120,,0,120
spatialvla,spatialvla,eggplant,13,3,202809315,1,120,,0,120
spatialvla,spatialvla,eggplant,14,3,202809316,1,120,,0,120
spatialvla,spatialvla,eggplant,15,3,202809317,1,120,,0,120
spatialvla,spatialvla,eggplant,16,3,202809318,1,120,,0,120
spatialvla,spatialvla,eggplant,17,3,202809319,1,120,,0,120
spatialvla,spatialvla,eggplant,18,3,202809320,1,120,,0,120
spatialvla,spatialvla,eggplant,19,3,202809321,1,120,,0,120
spatialvla,spatialvla,eggplant,20,3,202809322,1,120,,0,120
spatialvla,spatialvla,eggplant,21,3,202809323,1,120,,0,120
spatialvla,spatialvla,eggplant,22,3,202809324,1,120,,0,120
spatialvla,spatialvla,eggplant,23,3,202809325,1,120,,0,120
spatialvla,spatialvla,eggplant,0,4,202809326,1,120,,0,120
spatialvla,spatialvla,eggplant,1,4,202809327,1,120,,0,120
spatialvla,spatialvla,eggplant,2,4,202809328,1,120,,0,120
spatialvla,spatialvla,eggplant,3,4,202809329,1,120,,0,120
spatialvla,spatialvla,eggplant,4,4,202809330,1,120,,0,120
spatialvla,spatialvla,eggplant,5,4,202809331,1,120,,0,120
spatialvla,spatialvla,eggplant,6,4,202809332,1,120,,0,120
spatialvla,spatialvla,eggplant,7,4,202809333,1,120,,0,120
spatialvla,spatialvla,eggplant,8,4,202809334,1,120,,0,120
spatialvla,spatialvla,eggplant,9,4,202809335,1,120,,0,120
spatialvla,spatialvla,eggplant,10,4,202809336,1,120,,0,120
spatialvla,spatialvla,eggplant,11,4,202809337,1,120,,0,120
spatialvla,spatialvla,eggplant,12,4,202809338,1,120,,0,120
spatialvla,spatialvla,eggplant,13,4,202809339,1,120,,0,120
spatialvla,spatialvla,eggplant,14,4,202809340,1,120,,0,120
spatialvla,spatialvla,eggplant,15,4,202809341,1,120,,0,120
spatialvla,spatialvla,eggplant,16,4,202809342,1,120,,0,120
spatialvla,spatialvla,eggplant,17,4,202809343,1,120,,0,120
spatialvla,spatialvla,eggplant,18,4,202809344,1,120,,0,120
spatialvla,spatialvla,eggplant,19,4,202809345,1,120,,0,120
spatialvla,spatialvla,eggplant,20,4,202809346,1,120,,0,120
spatialvla,spatialvla,eggplant,21,4,202809347,1,120,,0,120
spatialvla,spatialvla,eggplant,22,4,202809348,1,120,,0,120
spatialvla,spatialvla,eggplant,23,4,202809349,1,120,,0,120
spatialvla,spatialvla,eggplant,0,5,202809350,1,120,,0,120
spatialvla,spatialvla,eggplant,1,5,202809351,1,120,,0,120
spatialvla,spatialvla,eggplant,2,5,202809352,1,120,,0,120
spatialvla,spatialvla,eggplant,3,5,202809353,1,120,,0,120
spatialvla,spatialvla,eggplant,4,5,202809354,1,120,,0,120
spatialvla,spatialvla,eggplant,5,5,202809355,1,120,,0,120
spatialvla,spatialvla,eggplant,6,5,202809356,1,120,,0,120
spatialvla,spatialvla,eggplant,7,5,202809357,1,120,,0,120
spatialvla,spatialvla,eggplant,8,5,202809358,1,120,,0,120
spatialvla,spatialvla,eggplant,9,5,202809359,1,120,,0,120
spatialvla,spatialvla,eggplant,10,5,202809360,1,120,,0,120
spatialvla,spatialvla,eggplant,11,5,202809361,1,120,,0,120
spatialvla,spatialvla,eggplant,12,5,202809362,1,120,,0,120
spatialvla,spatialvla,eggplant,13,5,202809363,1,120,,0,120
spatialvla,spatialvla,eggplant,14,5,202809364,1,120,,0,120
spatialvla,spatialvla,eggplant,15,5,202809365,1,120,,0,120
spatialvla,spatialvla,eggplant,16,5,202809366,1,120,,0,120
spatialvla,spatialvla,eggplant,17,5,202809367,1,120,,0,120
spatialvla,spatialvla,eggplant,18,5,202809368,1,120,,0,120
spatialvla,spatialvla,eggplant,19,5,202809369,1,120,,0,120
spatialvla,spatialvla,eggplant,20,5,202809370,1,120,,0,120
spatialvla,spatialvla,eggplant,21,5,202809371,1,120,,0,120
spatialvla,spatialvla,eggplant,22,5,202809372,1,120,,0,120
spatialvla,spatialvla,eggplant,23,5,202809373,1,120,,0,120
spatialvla,spatialvla,eggplant,0,6,202809374,1,120,,0,120
spatialvla,spatialvla,eggplant,1,6,202809375,1,120,,0,120
spatialvla,spatialvla,eggplant,2,6,202809376,1,120,,0,120
spatialvla,spatialvla,eggplant,3,6,202809377,1,120,,0,120
spatialvla,spatialvla,eggplant,4,6,202809378,1,120,,0,120
spatialvla,spatialvla,eggplant,5,6,202809379,1,120,,0,120
spatialvla,spatialvla,eggplant,6,6,202809380,1,120,,0,120
spatialvla,spatialvla,eggplant,7,6,202809381,1,120,,0,120
spatialvla,spatialvla,eggplant,8,6,202809382,1,120,,0,120
spatialvla,spatialvla,eggplant,9,6,202809383,1,120,,0,120
spatialvla,spatialvla,eggplant,10,6,202809384,1,120,,0,120
spatialvla,spatialvla,eggplant,11,6,202809385,1,120,,0,120
spatialvla,spatialvla,eggplant,12,6,202809386,1,120,,0,120
spatialvla,spatialvla,eggplant,13,6,202809387,1,120,,0,120
spatialvla,spatialvla,eggplant,14,6,202809388,1,120,,0,120
spatialvla,spatialvla,eggplant,15,6,202809389,1,120,,0,120
spatialvla,spatialvla,eggplant,16,6,202809390,1,120,,0,120
spatialvla,spatialvla,eggplant,17,6,202809391,1,120,,0,120
spatialvla,spatialvla,eggplant,18,6,202809392,1,120,,0,120
spatialvla,spatialvla,eggplant,19,6,202809393,1,120,,0,120
spatialvla,spatialvla,eggplant,20,6,202809394,1,120,,0,120
spatialvla,spatialvla,eggplant,21,6,202809395,1,120,,0,120
spatialvla,spatialvla,eggplant,22,6,202809396,1,120,,0,120
spatialvla,spatialvla,eggplant,23,6,202809397,1,120,,0,120
spatialvla,spatialvla,eggplant,0,7,202809398,1,120,,0,120
spatialvla,spatialvla,eggplant,1,7,202809399,1,120,,0,120
spatialvla,spatialvla,eggplant,2,7,202809400,1,120,,0,120
spatialvla,spatialvla,eggplant,3,7,202809401,1,120,,0,120
spatialvla,spatialvla,eggplant,4,7,202809402,1,120,,0,120
spatialvla,spatialvla,eggplant,5,7,202809403,1,120,,0,120
spatialvla,spatialvla,eggplant,6,7,202809404,1,120,,0,120
spatialvla,spatialvla,eggplant,7,7,202809405,1,120,,0,120
spatialvla,spatialvla,eggplant,8,7,202809406,1,120,,0,120
spatialvla,spatialvla,eggplant,9,7,202809407,1,120,,0,120
spatialvla,spatialvla,eggplant,10,7,202809408,1,120,,0,120
spatialvla,spatialvla,eggplant,11,7,202809409,1,120,,0,120
spatialvla,spatialvla,eggplant,12,7,202809410,1,120,,0,120
spatialvla,spatialvla,eggplant,13,7,202809411,1,120,,0,120
spatialvla,spatialvla,eggplant,14,7,202809412,1,120,,0,120
spatialvla,spatialvla,eggplant,15,7,202809413,1,120,,0,120
spatialvla,spatialvla,eggplant,16,7,202809414,1,120,,0,120
spatialvla,spatialvla,eggplant,17,7,202809415,1,120,,0,120
spatialvla,spatialvla,eggplant,18,7,202809416,1,120,,0,120
spatialvla,spatialvla,eggplant,19,7,202809417,1,120,,0,120
spatialvla,spatialvla,eggplant,20,7,202809418,1,120,,0,120
spatialvla,spatialvla,eggplant,21,7,202809419,1,120,,0,120
spatialvla,spatialvla,eggplant,22,7,202809420,1,120,,0,120
spatialvla,spatialvla,eggplant,23,7,202809421,1,120,,0,120
spatialvla,spatialvla,eggplant,0,8,202809422,1,120,,0,120
spatialvla,spatialvla,eggplant,1,8,202809423,1,120,,0,120
spatialvla,spatialvla,eggplant,2,8,202809424,1,120,,0,120
spatialvla,spatialvla,eggplant,3,8,202809425,1,120,,0,120
spatialvla,spatialvla,eggplant,4,8,202809426,1,120,,0,120
spatialvla,spatialvla,eggplant,5,8,202809427,1,120,,0,120
spatialvla,spatialvla,eggplant,6,8,202809428,1,120,,0,120
spatialvla,spatialvla,eggplant,7,8,202809429,1,120,,0,120
spatialvla,spatialvla,eggplant,8,8,202809430,1,120,,0,120
spatialvla,spatialvla,eggplant,9,8,202809431,1,120,,0,120
spatialvla,spatialvla,eggplant,10,8,202809432,1,120,,0,120
spatialvla,spatialvla,eggplant,11,8,202809433,1,120,,0,120
spatialvla,spatialvla,eggplant,12,8,202809434,1,120,,0,120
spatialvla,spatialvla,eggplant,13,8,202809435,1,120,,0,120
spatialvla,spatialvla,eggplant,14,8,202809436,1,120,,0,120
spatialvla,spatialvla,eggplant,15,8,202809437,1,120,,0,120
spatialvla,spatialvla,eggplant,16,8,202809438,1,120,,0,120
spatialvla,spatialvla,eggplant,17,8,202809439,1,120,,0,120
spatialvla,spatialvla,eggplant,18,8,202809440,1,120,,0,120
spatialvla,spatialvla,eggplant,19,8,202809441,1,120,,0,120
spatialvla,spatialvla,eggplant,20,8,202809442,1,120,,0,120
spatialvla,spatialvla,eggplant,21,8,202809443,1,120,,0,120
spatialvla,spatialvla,eggplant,22,8,202809444,1,120,,0,120
spatialvla,spatialvla,eggplant,23,8,202809445,1,120,,0,120
spatialvla,spatialvla,eggplant,0,9,202809446,1,120,,0,120
spatialvla,spatialvla,eggplant,1,9,202809447,1,120,,0,120
spatialvla,spatialvla,eggplant,2,9,202809448,1,120,,0,120
spatialvla,spatialvla,eggplant,3,9,202809449,1,120,,0,120
spatialvla,spatialvla,eggplant,4,9,202809450,1,120,,0,120
spatialvla,spatialvla,eggplant,5,9,202809451,1,120,,0,120
spatialvla,spatialvla,eggplant,6,9,202809452,1,120,,0,120
spatialvla,spatialvla,eggplant,7,9,202809453,1,120,,0,120
spatialvla,spatialvla,eggplant,8,9,202809454,1,120,,0,120
spatialvla,spatialvla,eggplant,9,9,202809455,1,120,,0,120
spatialvla,spatialvla,eggplant,10,9,202809456,1,120,,0,120
spatialvla,spatialvla,eggplant,11,9,202809457,1,120,,0,120
spatialvla,spatialvla,eggplant,12,9,202809458,1,120,,0,120
spatialvla,spatialvla,eggplant,13,9,202809459,1,120,,0,120
spatialvla,spatialvla,eggplant,14,9,202809460,1,120,,0,120
spatialvla,spatialvla,eggplant,15,9,202809461,1,120,,0,120
spatialvla,spatialvla,eggplant,16,9,202809462,1,120,,0,120
spatialvla,spatialvla,eggplant,17,9,202809463,1,120,,0,120
spatialvla,spatialvla,eggplant,18,9,202809464,1,120,,0,120
spatialvla,spatialvla,eggplant,19,9,202809465,1,120,,0,120
spatialvla,spatialvla,eggplant,20,9,202809466,1,120,,0,120
spatialvla,spatialvla,eggplant,21,9,202809467,1,120,,0,120
spatialvla,spatialvla,eggplant,22,9,202809468,1,120,,0,120
spatialvla,spatialvla,eggplant,23,9,202809469,1,120,,0,120
spatialvla,spatialvla,eggplant,0,10,202809470,1,120,,0,120
spatialvla,spatialvla,eggplant,1,10,202809471,1,120,,0,120
spatialvla,spatialvla,eggplant,2,10,202809472,1,120,,0,120
spatialvla,spatialvla,eggplant,3,10,202809473,1,120,,0,120
spatialvla,spatialvla,eggplant,4,10,202809474,1,120,,0,120
spatialvla,spatialvla,eggplant,5,10,202809475,1,120,,0,120
spatialvla,spatialvla,eggplant,6,10,202809476,1,120,,0,120
spatialvla,spatialvla,eggplant,7,10,202809477,1,120,,0,120
spatialvla,spatialvla,eggplant,8,10,202809478,1,120,,0,120
spatialvla,spatialvla,eggplant,9,10,202809479,1,120,,0,120
spatialvla,spatialvla,eggplant,10,10,202809480,1,120,,0,120
spatialvla,spatialvla,eggplant,11,10,202809481,1,120,,0,120
spatialvla,spatialvla,eggplant,12,10,202809482,1,120,,0,120
spatialvla,spatialvla,eggplant,13,10,202809483,1,120,,0,120
spatialvla,spatialvla,eggplant,14,10,202809484,1,120,,0,120
spatialvla,spatialvla,eggplant,15,10,202809485,1,120,,0,120
spatialvla,spatialvla,eggplant,16,10,202809486,1,120,,0,120
spatialvla,spatialvla,eggplant,17,10,202809487,1,120,,0,120
spatialvla,spatialvla,eggplant,18,10,202809488,1,120,,0,120
spatialvla,spatialvla,eggplant,19,10,202809489,1,120,,0,120
spatialvla,spatialvla,eggplant,20,10,202809490,1,120,,0,120
spatialvla,spatialvla,eggplant,21,10,202809491,1,120,,0,120
spatialvla,spatialvla,eggplant,22,10,202809492,1,120,,0,120
spatialvla,spatialvla,eggplant,23,10,202809493,1,120,,0,120
spatialvla,spatialvla,eggplant,0,11,202809494,1,120,,0,120
spatialvla,spatialvla,eggplant,1,11,202809495,1,120,,0,120
spatialvla,spatialvla,eggplant,2,11,202809496,1,120,,0,120
spatialvla,spatialvla,eggplant,3,11,202809497,1,120,,0,120
spatialvla,spatialvla,eggplant,4,11,202809498,1,120,,0,120
spatialvla,spatialvla,eggplant,5,11,202809499,1,120,,0,120
spatialvla,spatialvla,eggplant,6,11,202809500,1,120,,0,120
spatialvla,spatialvla,eggplant,7,11,202809501,1,120,,0,120
spatialvla,spatialvla,eggplant,8,11,202809502,1,120,,0,120
spatialvla,spatialvla,eggplant,9,11,202809503,1,120,,0,120
spatialvla,spatialvla,eggplant,10,11,202809504,1,120,,0,120
spatialvla,spatialvla,eggplant,11,11,202809505,1,120,,0,120
spatialvla,spatialvla,eggplant,12,11,202809506,1,120,,0,120
spatialvla,spatialvla,eggplant,13,11,202809507,1,120,,0,120
spatialvla,spatialvla,eggplant,14,11,202809508,1,120,,0,120
spatialvla,spatialvla,eggplant,15,11,202809509,1,120,,0,120
spatialvla,spatialvla,eggplant,16,11,202809510,1,120,,0,120
spatialvla,spatialvla,eggplant,17,11,202809511,1,120,,0,120
spatialvla,spatialvla,eggplant,18,11,202809512,1,120,,0,120
spatialvla,spatialvla,eggplant,19,11,202809513,1,120,,0,120
spatialvla,spatialvla,eggplant,20,11,202809514,1,120,,0,120
spatialvla,spatialvla,eggplant,21,11,202809515,1,120,,0,120
spatialvla,spatialvla,eggplant,22,11,202809516,1,120,,0,120
spatialvla,spatialvla,eggplant,23,11,202809517,1,120,,0,120
InternVLA-M1,internvla_m1,stack,0,0,20260523,0,60,,0,60
InternVLA-M1,internvla_m1,stack,1,0,20260524,0,60,,0,60
InternVLA-M1,internvla_m1,stack,2,0,20260525,0,60,,0,60
InternVLA-M1,internvla_m1,stack,3,0,20260526,1,60,,0,60
InternVLA-M1,internvla_m1,stack,4,0,20260527,0,60,,0,60
InternVLA-M1,internvla_m1,stack,5,0,20260528,0,60,,0,60
InternVLA-M1,internvla_m1,stack,6,0,20260529,0,60,,0,60
InternVLA-M1,internvla_m1,stack,7,0,20260530,1,60,,0,60
InternVLA-M1,internvla_m1,stack,8,0,20260531,0,60,,0,60
InternVLA-M1,internvla_m1,stack,9,0,20260532,0,60,,0,60
InternVLA-M1,internvla_m1,stack,10,0,20260533,0,60,,0,60
InternVLA-M1,internvla_m1,stack,11,0,20260534,1,60,,0,60
InternVLA-M1,internvla_m1,stack,12,0,20260535,0,60,,0,60
InternVLA-M1,internvla_m1,stack,13,0,20260536,0,60,,0,60
InternVLA-M1,internvla_m1,stack,14,0,20260537,0,60,,0,60
InternVLA-M1,internvla_m1,stack,15,0,20260538,1,60,,0,60
InternVLA-M1,internvla_m1,stack,16,0,20260539,0,60,,0,60
InternVLA-M1,internvla_m1,stack,17,0,20260540,1,60,,0,60
InternVLA-M1,internvla_m1,stack,18,0,20260541,0,60,,0,60
InternVLA-M1,internvla_m1,stack,19,0,20260542,0,60,,0,60
InternVLA-M1,internvla_m1,stack,20,0,20260543,0,60,,0,60
InternVLA-M1,internvla_m1,stack,21,0,20260544,0,60,,0,60
InternVLA-M1,internvla_m1,stack,22,0,20260545,0,60,,0,60
InternVLA-M1,internvla_m1,stack,23,0,20260546,1,60,,0,60
InternVLA-M1,internvla_m1,stack,0,1,20260547,0,60,,0,60
InternVLA-M1,internvla_m1,stack,1,1,20260548,0,60,,0,60
InternVLA-M1,internvla_m1,stack,2,1,20260549,0,60,,0,60
InternVLA-M1,internvla_m1,stack,3,1,20260550,0,60,,0,60
InternVLA-M1,internvla_m1,stack,4,1,20260551,0,60,,0,60
InternVLA-M1,internvla_m1,stack,5,1,20260552,0,60,,0,60
InternVLA-M1,internvla_m1,stack,6,1,20260553,0,60,,0,60
InternVLA-M1,internvla_m1,stack,7,1,20260554,1,60,,0,60
InternVLA-M1,internvla_m1,stack,8,1,20260555,0,60,,0,60
InternVLA-M1,internvla_m1,stack,9,1,20260556,0,60,,0,60
InternVLA-M1,internvla_m1,stack,10,1,20260557,0,60,,0,60
InternVLA-M1,internvla_m1,stack,11,1,20260558,0,60,,0,60
InternVLA-M1,internvla_m1,stack,12,1,20260559,0,60,,0,60
InternVLA-M1,internvla_m1,stack,13,1,20260560,0,60,,0,60
InternVLA-M1,internvla_m1,stack,14,1,20260561,0,60,,0,60
InternVLA-M1,internvla_m1,stack,15,1,20260562,1,60,,0,60
InternVLA-M1,internvla_m1,stack,16,1,20260563,0,60,,0,60
InternVLA-M1,internvla_m1,stack,17,1,20260564,0,60,,0,60
InternVLA-M1,internvla_m1,stack,18,1,20260565,0,60,,0,60
InternVLA-M1,internvla_m1,stack,19,1,20260566,1,60,,0,60
InternVLA-M1,internvla_m1,stack,20,1,20260567,0,60,,0,60
InternVLA-M1,internvla_m1,stack,21,1,20260568,0,60,,0,60
InternVLA-M1,internvla_m1,stack,22,1,20260569,0,60,,0,60
InternVLA-M1,internvla_m1,stack,23,1,20260570,0,60,,0,60
InternVLA-M1,internvla_m1,stack,0,2,20260571,1,60,,0,60
InternVLA-M1,internvla_m1,stack,1,2,20260572,0,60,,0,60
InternVLA-M1,internvla_m1,stack,2,2,20260573,0,60,,0,60
InternVLA-M1,internvla_m1,stack,3,2,20260574,1,60,,0,60
InternVLA-M1,internvla_m1,stack,4,2,20260575,0,60,,0,60
InternVLA-M1,internvla_m1,stack,5,2,20260576,0,60,,0,60
InternVLA-M1,internvla_m1,stack,6,2,20260577,0,60,,0,60
InternVLA-M1,internvla_m1,stack,7,2,20260578,1,60,,0,60
InternVLA-M1,internvla_m1,stack,8,2,20260579,0,60,,0,60
InternVLA-M1,internvla_m1,stack,9,2,20260580,1,60,,0,60
InternVLA-M1,internvla_m1,stack,10,2,20260581,0,60,,0,60
InternVLA-M1,internvla_m1,stack,11,2,20260582,1,60,,0,60
InternVLA-M1,internvla_m1,stack,12,2,20260583,0,60,,0,60
InternVLA-M1,internvla_m1,stack,13,2,20260584,0,60,,0,60
InternVLA-M1,internvla_m1,stack,14,2,20260585,0,60,,0,60
InternVLA-M1,internvla_m1,stack,15,2,20260586,1,60,,0,60
InternVLA-M1,internvla_m1,stack,16,2,20260587,0,60,,0,60
InternVLA-M1,internvla_m1,stack,17,2,20260588,1,60,,0,60
InternVLA-M1,internvla_m1,stack,18,2,20260589,0,60,,0,60
InternVLA-M1,internvla_m1,stack,19,2,20260590,0,60,,0,60
InternVLA-M1,internvla_m1,stack,20,2,20260591,0,60,,0,60
InternVLA-M1,internvla_m1,stack,21,2,20260592,0,60,,0,60
InternVLA-M1,internvla_m1,stack,22,2,20260593,0,60,,0,60
InternVLA-M1,internvla_m1,stack,23,2,20260594,0,60,,0,60
InternVLA-M1,internvla_m1,stack,0,3,20260595,0,60,,0,60
InternVLA-M1,internvla_m1,stack,1,3,20260596,0,60,,0,60
InternVLA-M1,internvla_m1,stack,2,3,20260597,0,60,,0,60
InternVLA-M1,internvla_m1,stack,3,3,20260598,0,60,,0,60
InternVLA-M1,internvla_m1,stack,4,3,20260599,0,60,,0,60
InternVLA-M1,internvla_m1,stack,5,3,20260600,0,60,,0,60
InternVLA-M1,internvla_m1,stack,6,3,20260601,0,60,,0,60
InternVLA-M1,internvla_m1,stack,7,3,20260602,1,60,,0,60
InternVLA-M1,internvla_m1,stack,8,3,20260603,0,60,,0,60
InternVLA-M1,internvla_m1,stack,9,3,20260604,0,60,,0,60
InternVLA-M1,internvla_m1,stack,10,3,20260605,0,60,,0,60
InternVLA-M1,internvla_m1,stack,11,3,20260606,1,60,,0,60
InternVLA-M1,internvla_m1,stack,12,3,20260607,0,60,,0,60
InternVLA-M1,internvla_m1,stack,13,3,20260608,0,60,,0,60
InternVLA-M1,internvla_m1,stack,14,3,20260609,0,60,,0,60
InternVLA-M1,internvla_m1,stack,15,3,20260610,0,60,,0,60
InternVLA-M1,internvla_m1,stack,16,3,20260611,0,60,,0,60
InternVLA-M1,internvla_m1,stack,17,3,20260612,1,60,,0,60
InternVLA-M1,internvla_m1,stack,18,3,20260613,0,60,,0,60
InternVLA-M1,internvla_m1,stack,19,3,20260614,1,60,,0,60
InternVLA-M1,internvla_m1,stack,20,3,20260615,1,60,,0,60
InternVLA-M1,internvla_m1,stack,21,3,20260616,0,60,,0,60
InternVLA-M1,internvla_m1,stack,22,3,20260617,1,60,,0,60
InternVLA-M1,internvla_m1,stack,23,3,20260618,0,60,,0,60
InternVLA-M1,internvla_m1,stack,0,4,20260619,0,60,,0,60
InternVLA-M1,internvla_m1,stack,1,4,20260620,0,60,,0,60
InternVLA-M1,internvla_m1,stack,2,4,20260621,0,60,,0,60
InternVLA-M1,internvla_m1,stack,3,4,20260622,1,60,,0,60
InternVLA-M1,internvla_m1,stack,4,4,20260623,0,60,,0,60
InternVLA-M1,internvla_m1,stack,5,4,20260624,0,60,,0,60
InternVLA-M1,internvla_m1,stack,6,4,20260625,0,60,,0,60
InternVLA-M1,internvla_m1,stack,7,4,20260626,1,60,,0,60
InternVLA-M1,internvla_m1,stack,8,4,20260627,0,60,,0,60
InternVLA-M1,internvla_m1,stack,9,4,20260628,0,60,,0,60
InternVLA-M1,internvla_m1,stack,10,4,20260629,1,60,,0,60
InternVLA-M1,internvla_m1,stack,11,4,20260630,0,60,,0,60
InternVLA-M1,internvla_m1,stack,12,4,20260631,0,60,,0,60
InternVLA-M1,internvla_m1,stack,13,4,20260632,0,60,,0,60
InternVLA-M1,internvla_m1,stack,14,4,20260633,0,60,,0,60
InternVLA-M1,internvla_m1,stack,15,4,20260634,1,60,,0,60
InternVLA-M1,internvla_m1,stack,16,4,20260635,0,60,,0,60
InternVLA-M1,internvla_m1,stack,17,4,20260636,1,60,,0,60
InternVLA-M1,internvla_m1,stack,18,4,20260637,0,60,,0,60
InternVLA-M1,internvla_m1,stack,19,4,20260638,1,60,,0,60
InternVLA-M1,internvla_m1,stack,20,4,20260639,0,60,,0,60
InternVLA-M1,internvla_m1,stack,21,4,20260640,0,60,,0,60
InternVLA-M1,internvla_m1,stack,22,4,20260641,0,60,,0,60
InternVLA-M1,internvla_m1,stack,23,4,20260642,0,60,,0,60
InternVLA-M1,internvla_m1,stack,0,5,20260643,0,60,,0,60
InternVLA-M1,internvla_m1,stack,1,5,20260644,0,60,,0,60
InternVLA-M1,internvla_m1,stack,2,5,20260645,0,60,,0,60
InternVLA-M1,internvla_m1,stack,3,5,20260646,1,60,,0,60
InternVLA-M1,internvla_m1,stack,4,5,20260647,0,60,,0,60
InternVLA-M1,internvla_m1,stack,5,5,20260648,0,60,,0,60
InternVLA-M1,internvla_m1,stack,6,5,20260649,0,60,,0,60
InternVLA-M1,internvla_m1,stack,7,5,20260650,1,60,,0,60
InternVLA-M1,internvla_m1,stack,8,5,20260651,0,60,,0,60
InternVLA-M1,internvla_m1,stack,9,5,20260652,1,60,,0,60
InternVLA-M1,internvla_m1,stack,10,5,20260653,0,60,,0,60
InternVLA-M1,internvla_m1,stack,11,5,20260654,1,60,,0,60
InternVLA-M1,internvla_m1,stack,12,5,20260655,0,60,,0,60
InternVLA-M1,internvla_m1,stack,13,5,20260656,0,60,,0,60
InternVLA-M1,internvla_m1,stack,14,5,20260657,0,60,,0,60
InternVLA-M1,internvla_m1,stack,15,5,20260658,0,60,,0,60
InternVLA-M1,internvla_m1,stack,16,5,20260659,0,60,,0,60
InternVLA-M1,internvla_m1,stack,17,5,20260660,1,60,,0,60
InternVLA-M1,internvla_m1,stack,18,5,20260661,0,60,,0,60
InternVLA-M1,internvla_m1,stack,19,5,20260662,1,60,,0,60
InternVLA-M1,internvla_m1,stack,20,5,20260663,0,60,,0,60
InternVLA-M1,internvla_m1,stack,21,5,20260664,0,60,,0,60
InternVLA-M1,internvla_m1,stack,22,5,20260665,0,60,,0,60
InternVLA-M1,internvla_m1,stack,23,5,20260666,0,60,,0,60
InternVLA-M1,internvla_m1,stack,0,6,20260667,0,60,,0,60
InternVLA-M1,internvla_m1,stack,1,6,20260668,0,60,,0,60
InternVLA-M1,internvla_m1,stack,2,6,20260669,0,60,,0,60
InternVLA-M1,internvla_m1,stack,3,6,20260670,1,60,,0,60
InternVLA-M1,internvla_m1,stack,4,6,20260671,0,60,,0,60
InternVLA-M1,internvla_m1,stack,5,6,20260672,0,60,,0,60
InternVLA-M1,internvla_m1,stack,6,6,20260673,0,60,,0,60
InternVLA-M1,internvla_m1,stack,7,6,20260674,1,60,,0,60
InternVLA-M1,internvla_m1,stack,8,6,20260675,0,60,,0,60
InternVLA-M1,internvla_m1,stack,9,6,20260676,0,60,,0,60
InternVLA-M1,internvla_m1,stack,10,6,20260677,0,60,,0,60
InternVLA-M1,internvla_m1,stack,11,6,20260678,1,60,,0,60
InternVLA-M1,internvla_m1,stack,12,6,20260679,0,60,,0,60
InternVLA-M1,internvla_m1,stack,13,6,20260680,0,60,,0,60
InternVLA-M1,internvla_m1,stack,14,6,20260681,0,60,,0,60
InternVLA-M1,internvla_m1,stack,15,6,20260682,1,60,,0,60
InternVLA-M1,internvla_m1,stack,16,6,20260683,0,60,,0,60
InternVLA-M1,internvla_m1,stack,17,6,20260684,1,60,,0,60
InternVLA-M1,internvla_m1,stack,18,6,20260685,0,60,,0,60
InternVLA-M1,internvla_m1,stack,19,6,20260686,0,60,,0,60
InternVLA-M1,internvla_m1,stack,20,6,20260687,0,60,,0,60
InternVLA-M1,internvla_m1,stack,21,6,20260688,0,60,,0,60
InternVLA-M1,internvla_m1,stack,22,6,20260689,1,60,,0,60
InternVLA-M1,internvla_m1,stack,23,6,20260690,0,60,,0,60
InternVLA-M1,internvla_m1,stack,0,7,20260691,0,60,,0,60
InternVLA-M1,internvla_m1,stack,1,7,20260692,0,60,,0,60
InternVLA-M1,internvla_m1,stack,2,7,20260693,0,60,,0,60
InternVLA-M1,internvla_m1,stack,3,7,20260694,1,60,,0,60
InternVLA-M1,internvla_m1,stack,4,7,20260695,1,60,,0,60
InternVLA-M1,internvla_m1,stack,5,7,20260696,0,60,,0,60
InternVLA-M1,internvla_m1,stack,6,7,20260697,0,60,,0,60
InternVLA-M1,internvla_m1,stack,7,7,20260698,1,60,,0,60
InternVLA-M1,internvla_m1,stack,8,7,20260699,1,60,,0,60
InternVLA-M1,internvla_m1,stack,9,7,20260700,1,60,,0,60
InternVLA-M1,internvla_m1,stack,10,7,20260701,0,60,,0,60
InternVLA-M1,internvla_m1,stack,11,7,20260702,0,60,,0,60
InternVLA-M1,internvla_m1,stack,12,7,20260703,0,60,,0,60
InternVLA-M1,internvla_m1,stack,13,7,20260704,0,60,,0,60
InternVLA-M1,internvla_m1,stack,14,7,20260705,0,60,,0,60
InternVLA-M1,internvla_m1,stack,15,7,20260706,1,60,,0,60
InternVLA-M1,internvla_m1,stack,16,7,20260707,0,60,,0,60
InternVLA-M1,internvla_m1,stack,17,7,20260708,1,60,,0,60
InternVLA-M1,internvla_m1,stack,18,7,20260709,0,60,,0,60
InternVLA-M1,internvla_m1,stack,19,7,20260710,1,60,,0,60
InternVLA-M1,internvla_m1,stack,20,7,20260711,0,60,,0,60
InternVLA-M1,internvla_m1,stack,21,7,20260712,0,60,,0,60
InternVLA-M1,internvla_m1,stack,22,7,20260713,0,60,,0,60
InternVLA-M1,internvla_m1,stack,23,7,20260714,1,60,,0,60
InternVLA-M1,internvla_m1,stack,0,8,20260715,0,60,,0,60
InternVLA-M1,internvla_m1,stack,1,8,20260716,0,60,,0,60
InternVLA-M1,internvla_m1,stack,2,8,20260717,0,60,,0,60
InternVLA-M1,internvla_m1,stack,3,8,20260718,1,60,,0,60
InternVLA-M1,internvla_m1,stack,4,8,20260719,0,60,,0,60
InternVLA-M1,internvla_m1,stack,5,8,20260720,0,60,,0,60
InternVLA-M1,internvla_m1,stack,6,8,20260721,0,60,,0,60
InternVLA-M1,internvla_m1,stack,7,8,20260722,1,60,,0,60
InternVLA-M1,internvla_m1,stack,8,8,20260723,0,60,,0,60
InternVLA-M1,internvla_m1,stack,9,8,20260724,0,60,,0,60
InternVLA-M1,internvla_m1,stack,10,8,20260725,0,60,,0,60
InternVLA-M1,internvla_m1,stack,11,8,20260726,0,60,,0,60
InternVLA-M1,internvla_m1,stack,12,8,20260727,0,60,,0,60
InternVLA-M1,internvla_m1,stack,13,8,20260728,0,60,,0,60
InternVLA-M1,internvla_m1,stack,14,8,20260729,0,60,,0,60
InternVLA-M1,internvla_m1,stack,15,8,20260730,0,60,,0,60
InternVLA-M1,internvla_m1,stack,16,8,20260731,0,60,,0,60
InternVLA-M1,internvla_m1,stack,17,8,20260732,1,60,,0,60
InternVLA-M1,internvla_m1,stack,18,8,20260733,0,60,,0,60
InternVLA-M1,internvla_m1,stack,19,8,20260734,1,60,,0,60
InternVLA-M1,internvla_m1,stack,20,8,20260735,0,60,,0,60
InternVLA-M1,internvla_m1,stack,21,8,20260736,0,60,,0,60
InternVLA-M1,internvla_m1,stack,22,8,20260737,0,60,,0,60
InternVLA-M1,internvla_m1,stack,23,8,20260738,1,60,,0,60
InternVLA-M1,internvla_m1,stack,0,9,20260739,0,60,,0,60
InternVLA-M1,internvla_m1,stack,1,9,20260740,0,60,,0,60
InternVLA-M1,internvla_m1,stack,2,9,20260741,0,60,,0,60
InternVLA-M1,internvla_m1,stack,3,9,20260742,1,60,,0,60
InternVLA-M1,internvla_m1,stack,4,9,20260743,0,60,,0,60
InternVLA-M1,internvla_m1,stack,5,9,20260744,0,60,,0,60
InternVLA-M1,internvla_m1,stack,6,9,20260745,0,60,,0,60
InternVLA-M1,internvla_m1,stack,7,9,20260746,1,60,,0,60
InternVLA-M1,internvla_m1,stack,8,9,20260747,0,60,,0,60
InternVLA-M1,internvla_m1,stack,9,9,20260748,1,60,,0,60
InternVLA-M1,internvla_m1,stack,10,9,20260749,0,60,,0,60
InternVLA-M1,internvla_m1,stack,11,9,20260750,1,60,,0,60
InternVLA-M1,internvla_m1,stack,12,9,20260751,0,60,,0,60
InternVLA-M1,internvla_m1,stack,13,9,20260752,0,60,,0,60
InternVLA-M1,internvla_m1,stack,14,9,20260753,0,60,,0,60
InternVLA-M1,internvla_m1,stack,15,9,20260754,1,60,,0,60
InternVLA-M1,internvla_m1,stack,16,9,20260755,0,60,,0,60
InternVLA-M1,internvla_m1,stack,17,9,20260756,1,60,,0,60
InternVLA-M1,internvla_m1,stack,18,9,20260757,0,60,,0,60
InternVLA-M1,internvla_m1,stack,19,9,20260758,1,60,,0,60
InternVLA-M1,internvla_m1,stack,20,9,20260759,0,60,,0,60
InternVLA-M1,internvla_m1,stack,21,9,20260760,0,60,,0,60
InternVLA-M1,internvla_m1,stack,22,9,20260761,0,60,,0,60
InternVLA-M1,internvla_m1,stack,23,9,20260762,1,60,,0,60
InternVLA-M1,internvla_m1,stack,0,10,20260763,0,60,,0,60
InternVLA-M1,internvla_m1,stack,1,10,20260764,0,60,,0,60
InternVLA-M1,internvla_m1,stack,2,10,20260765,0,60,,0,60
InternVLA-M1,internvla_m1,stack,3,10,20260766,1,60,,0,60
InternVLA-M1,internvla_m1,stack,4,10,20260767,0,60,,0,60
InternVLA-M1,internvla_m1,stack,5,10,20260768,0,60,,0,60
InternVLA-M1,internvla_m1,stack,6,10,20260769,0,60,,0,60
InternVLA-M1,internvla_m1,stack,7,10,20260770,1,60,,0,60
InternVLA-M1,internvla_m1,stack,8,10,20260771,0,60,,0,60
InternVLA-M1,internvla_m1,stack,9,10,20260772,0,60,,0,60
InternVLA-M1,internvla_m1,stack,10,10,20260773,0,60,,0,60
InternVLA-M1,internvla_m1,stack,11,10,20260774,1,60,,0,60
InternVLA-M1,internvla_m1,stack,12,10,20260775,0,60,,0,60
InternVLA-M1,internvla_m1,stack,13,10,20260776,0,60,,0,60
InternVLA-M1,internvla_m1,stack,14,10,20260777,0,60,,0,60
InternVLA-M1,internvla_m1,stack,15,10,20260778,1,60,,0,60
InternVLA-M1,internvla_m1,stack,16,10,20260779,0,60,,0,60
InternVLA-M1,internvla_m1,stack,17,10,20260780,1,60,,0,60
InternVLA-M1,internvla_m1,stack,18,10,20260781,0,60,,0,60
InternVLA-M1,internvla_m1,stack,19,10,20260782,1,60,,0,60
InternVLA-M1,internvla_m1,stack,20,10,20260783,0,60,,0,60
InternVLA-M1,internvla_m1,stack,21,10,20260784,0,60,,0,60
InternVLA-M1,internvla_m1,stack,22,10,20260785,0,60,,0,60
InternVLA-M1,internvla_m1,stack,23,10,20260786,0,60,,0,60
InternVLA-M1,internvla_m1,stack,0,11,20260787,0,60,,0,60
InternVLA-M1,internvla_m1,stack,1,11,20260788,0,60,,0,60
InternVLA-M1,internvla_m1,stack,2,11,20260789,0,60,,0,60
InternVLA-M1,internvla_m1,stack,3,11,20260790,1,60,,0,60
InternVLA-M1,internvla_m1,stack,4,11,20260791,0,60,,0,60
InternVLA-M1,internvla_m1,stack,5,11,20260792,0,60,,0,60
InternVLA-M1,internvla_m1,stack,6,11,20260793,0,60,,0,60
InternVLA-M1,internvla_m1,stack,7,11,20260794,1,60,,0,60
InternVLA-M1,internvla_m1,stack,8,11,20260795,0,60,,0,60
InternVLA-M1,internvla_m1,stack,9,11,20260796,1,60,,0,60
InternVLA-M1,internvla_m1,stack,10,11,20260797,0,60,,0,60
InternVLA-M1,internvla_m1,stack,11,11,20260798,0,60,,0,60
InternVLA-M1,internvla_m1,stack,12,11,20260799,0,60,,0,60
InternVLA-M1,internvla_m1,stack,13,11,20260800,0,60,,0,60
InternVLA-M1,internvla_m1,stack,14,11,20260801,0,60,,0,60
InternVLA-M1,internvla_m1,stack,15,11,20260802,1,60,,0,60
InternVLA-M1,internvla_m1,stack,16,11,20260803,0,60,,0,60
InternVLA-M1,internvla_m1,stack,17,11,20260804,0,60,,0,60
InternVLA-M1,internvla_m1,stack,18,11,20260805,0,60,,0,60
InternVLA-M1,internvla_m1,stack,19,11,20260806,1,60,,0,60
InternVLA-M1,internvla_m1,stack,20,11,20260807,0,60,,0,60
InternVLA-M1,internvla_m1,stack,21,11,20260808,0,60,,0,60
InternVLA-M1,internvla_m1,stack,22,11,20260809,0,60,,0,60
InternVLA-M1,internvla_m1,stack,23,11,20260810,0,60,,0,60
InternVLA-M1,internvla_m1,carrot,0,0,20270523,0,60,,0,60
InternVLA-M1,internvla_m1,carrot,1,0,20270524,0,60,,0,60
InternVLA-M1,internvla_m1,carrot,2,0,20270525,1,60,,0,60
InternVLA-M1,internvla_m1,carrot,3,0,20270526,0,60,,0,60
InternVLA-M1,internvla_m1,carrot,4,0,20270527,1,60,,0,60
InternVLA-M1,internvla_m1,carrot,5,0,20270528,0,60,,0,60
InternVLA-M1,internvla_m1,carrot,6,0,20270529,0,60,,0,60
InternVLA-M1,internvla_m1,carrot,7,0,20270530,0,60,,0,60
InternVLA-M1,internvla_m1,carrot,8,0,20270531,1,60,,0,60
InternVLA-M1,internvla_m1,carrot,9,0,20270532,1,60,,0,60
InternVLA-M1,internvla_m1,carrot,10,0,20270533,1,60,,0,60
InternVLA-M1,internvla_m1,carrot,11,0,20270534,0,60,,0,60
InternVLA-M1,internvla_m1,carrot,12,0,20270535,1,60,,0,60
InternVLA-M1,internvla_m1,carrot,13,0,20270536,0,60,,0,60
InternVLA-M1,internvla_m1,carrot,14,0,20270537,1,60,,0,60
InternVLA-M1,internvla_m1,carrot,15,0,20270538,1,60,,0,60
InternVLA-M1,internvla_m1,carrot,16,0,20270539,1,60,,0,60
InternVLA-M1,internvla_m1,carrot,17,0,20270540,1,60,,0,60
InternVLA-M1,internvla_m1,carrot,18,0,20270541,1,60,,0,60
InternVLA-M1,internvla_m1,carrot,19,0,20270542,0,60,,0,60
InternVLA-M1,internvla_m1,carrot,20,0,20270543,1,60,,0,60
InternVLA-M1,internvla_m1,carrot,21,0,20270544,0,60,,0,60
InternVLA-M1,internvla_m1,carrot,22,0,20270545,1,60,,0,60
InternVLA-M1,internvla_m1,carrot,23,0,20270546,0,60,,0,60
InternVLA-M1,internvla_m1,carrot,0,1,20270547,1,60,,0,60
InternVLA-M1,internvla_m1,carrot,1,1,20270548,1,60,,0,60
InternVLA-M1,internvla_m1,carrot,2,1,20270549,1,60,,0,60
InternVLA-M1,internvla_m1,carrot,3,1,20270550,0,60,,0,60
InternVLA-M1,internvla_m1,carrot,4,1,20270551,1,60,,0,60
InternVLA-M1,internvla_m1,carrot,5,1,20270552,0,60,,0,60
InternVLA-M1,internvla_m1,carrot,6,1,20270553,1,60,,0,60
InternVLA-M1,internvla_m1,carrot,7,1,20270554,0,60,,0,60
InternVLA-M1,internvla_m1,carrot,8,1,20270555,1,60,,0,60
InternVLA-M1,internvla_m1,carrot,9,1,20270556,0,60,,0,60
InternVLA-M1,internvla_m1,carrot,10,1,20270557,1,60,,0,60
InternVLA-M1,internvla_m1,carrot,11,1,20270558,0,60,,0,60
InternVLA-M1,internvla_m1,carrot,12,1,20270559,0,60,,0,60
InternVLA-M1,internvla_m1,carrot,13,1,20270560,0,60,,0,60
InternVLA-M1,internvla_m1,carrot,14,1,20270561,1,60,,0,60
InternVLA-M1,internvla_m1,carrot,15,1,20270562,0,60,,0,60
InternVLA-M1,internvla_m1,carrot,16,1,20270563,1,60,,0,60
InternVLA-M1,internvla_m1,carrot,17,1,20270564,0,60,,0,60
InternVLA-M1,internvla_m1,carrot,18,1,20270565,1,60,,0,60
InternVLA-M1,internvla_m1,carrot,19,1,20270566,0,60,,0,60
InternVLA-M1,internvla_m1,carrot,20,1,20270567,1,60,,0,60
InternVLA-M1,internvla_m1,carrot,21,1,20270568,0,60,,0,60
InternVLA-M1,internvla_m1,carrot,22,1,20270569,1,60,,0,60
InternVLA-M1,internvla_m1,carrot,23,1,20270570,0,60,,0,60
InternVLA-M1,internvla_m1,carrot,0,2,20270571,1,60,,0,60
InternVLA-M1,internvla_m1,carrot,1,2,20270572,0,60,,0,60
InternVLA-M1,internvla_m1,carrot,2,2,20270573,1,60,,0,60
InternVLA-M1,internvla_m1,carrot,3,2,20270574,0,60,,0,60
InternVLA-M1,internvla_m1,carrot,4,2,20270575,1,60,,0,60
InternVLA-M1,internvla_m1,carrot,5,2,20270576,0,60,,0,60
InternVLA-M1,internvla_m1,carrot,6,2,20270577,1,60,,0,60
InternVLA-M1,internvla_m1,carrot,7,2,20270578,0,60,,0,60
InternVLA-M1,internvla_m1,carrot,8,2,20270579,0,60,,0,60
InternVLA-M1,internvla_m1,carrot,9,2,20270580,0,60,,0,60
InternVLA-M1,internvla_m1,carrot,10,2,20270581,1,60,,0,60
InternVLA-M1,internvla_m1,carrot,11,2,20270582,1,60,,0,60
InternVLA-M1,internvla_m1,carrot,12,2,20270583,1,60,,0,60
InternVLA-M1,internvla_m1,carrot,13,2,20270584,0,60,,0,60
InternVLA-M1,internvla_m1,carrot,14,2,20270585,1,60,,0,60
InternVLA-M1,internvla_m1,carrot,15,2,20270586,0,60,,0,60
InternVLA-M1,internvla_m1,carrot,16,2,20270587,1,60,,0,60
InternVLA-M1,internvla_m1,carrot,17,2,20270588,1,60,,0,60
InternVLA-M1,internvla_m1,carrot,18,2,20270589,1,60,,0,60
InternVLA-M1,internvla_m1,carrot,19,2,20270590,0,60,,0,60
InternVLA-M1,internvla_m1,carrot,20,2,20270591,1,60,,0,60
InternVLA-M1,internvla_m1,carrot,21,2,20270592,0,60,,0,60
InternVLA-M1,internvla_m1,carrot,22,2,20270593,1,60,,0,60
InternVLA-M1,internvla_m1,carrot,23,2,20270594,0,60,,0,60
InternVLA-M1,internvla_m1,carrot,0,3,20270595,1,60,,0,60
InternVLA-M1,internvla_m1,carrot,1,3,20270596,0,60,,0,60
InternVLA-M1,internvla_m1,carrot,2,3,20270597,1,60,,0,60
InternVLA-M1,internvla_m1,carrot,3,3,20270598,0,60,,0,60
InternVLA-M1,internvla_m1,carrot,4,3,20270599,1,60,,0,60
InternVLA-M1,internvla_m1,carrot,5,3,20270600,0,60,,0,60
InternVLA-M1,internvla_m1,carrot,6,3,20270601,0,60,,0,60
InternVLA-M1,internvla_m1,carrot,7,3,20270602,0,60,,0,60
InternVLA-M1,internvla_m1,carrot,8,3,20270603,1,60,,0,60
InternVLA-M1,internvla_m1,carrot,9,3,20270604,0,60,,0,60
InternVLA-M1,internvla_m1,carrot,10,3,20270605,1,60,,0,60
InternVLA-M1,internvla_m1,carrot,11,3,20270606,0,60,,0,60
InternVLA-M1,internvla_m1,carrot,12,3,20270607,1,60,,0,60
InternVLA-M1,internvla_m1,carrot,13,3,20270608,0,60,,0,60
InternVLA-M1,internvla_m1,carrot,14,3,20270609,1,60,,0,60
InternVLA-M1,internvla_m1,carrot,15,3,20270610,0,60,,0,60
InternVLA-M1,internvla_m1,carrot,16,3,20270611,1,60,,0,60
InternVLA-M1,internvla_m1,carrot,17,3,20270612,0,60,,0,60
InternVLA-M1,internvla_m1,carrot,18,3,20270613,1,60,,0,60
InternVLA-M1,internvla_m1,carrot,19,3,20270614,1,60,,0,60
InternVLA-M1,internvla_m1,carrot,20,3,20270615,1,60,,0,60
InternVLA-M1,internvla_m1,carrot,21,3,20270616,0,60,,0,60
InternVLA-M1,internvla_m1,carrot,22,3,20270617,1,60,,0,60
InternVLA-M1,internvla_m1,carrot,23,3,20270618,0,60,,0,60
InternVLA-M1,internvla_m1,carrot,0,4,20270619,1,60,,0,60
InternVLA-M1,internvla_m1,carrot,1,4,20270620,0,60,,0,60
InternVLA-M1,internvla_m1,carrot,2,4,20270621,1,60,,0,60
InternVLA-M1,internvla_m1,carrot,3,4,20270622,0,60,,0,60
InternVLA-M1,internvla_m1,carrot,4,4,20270623,1,60,,0,60
InternVLA-M1,internvla_m1,carrot,5,4,20270624,0,60,,0,60
InternVLA-M1,internvla_m1,carrot,6,4,20270625,1,60,,0,60
InternVLA-M1,internvla_m1,carrot,7,4,20270626,1,60,,0,60
InternVLA-M1,internvla_m1,carrot,8,4,20270627,0,60,,0,60
InternVLA-M1,internvla_m1,carrot,9,4,20270628,0,60,,0,60
InternVLA-M1,internvla_m1,carrot,10,4,20270629,1,60,,0,60
InternVLA-M1,internvla_m1,carrot,11,4,20270630,0,60,,0,60
InternVLA-M1,internvla_m1,carrot,12,4,20270631,1,60,,0,60
InternVLA-M1,internvla_m1,carrot,13,4,20270632,0,60,,0,60
InternVLA-M1,internvla_m1,carrot,14,4,20270633,1,60,,0,60
InternVLA-M1,internvla_m1,carrot,15,4,20270634,0,60,,0,60
InternVLA-M1,internvla_m1,carrot,16,4,20270635,1,60,,0,60
InternVLA-M1,internvla_m1,carrot,17,4,20270636,0,60,,0,60
InternVLA-M1,internvla_m1,carrot,18,4,20270637,1,60,,0,60
InternVLA-M1,internvla_m1,carrot,19,4,20270638,0,60,,0,60
InternVLA-M1,internvla_m1,carrot,20,4,20270639,1,60,,0,60
InternVLA-M1,internvla_m1,carrot,21,4,20270640,0,60,,0,60
InternVLA-M1,internvla_m1,carrot,22,4,20270641,1,60,,0,60
InternVLA-M1,internvla_m1,carrot,23,4,20270642,0,60,,0,60
InternVLA-M1,internvla_m1,carrot,0,5,20270643,0,60,,0,60
InternVLA-M1,internvla_m1,carrot,1,5,20270644,1,60,,0,60
InternVLA-M1,internvla_m1,carrot,2,5,20270645,1,60,,0,60
InternVLA-M1,internvla_m1,carrot,3,5,20270646,0,60,,0,60
InternVLA-M1,internvla_m1,carrot,4,5,20270647,1,60,,0,60
InternVLA-M1,internvla_m1,carrot,5,5,20270648,0,60,,0,60
InternVLA-M1,internvla_m1,carrot,6,5,20270649,0,60,,0,60
InternVLA-M1,internvla_m1,carrot,7,5,20270650,0,60,,0,60
InternVLA-M1,internvla_m1,carrot,8,5,20270651,0,60,,0,60
InternVLA-M1,internvla_m1,carrot,9,5,20270652,0,60,,0,60
InternVLA-M1,internvla_m1,carrot,10,5,20270653,1,60,,0,60
InternVLA-M1,internvla_m1,carrot,11,5,20270654,0,60,,0,60
InternVLA-M1,internvla_m1,carrot,12,5,20270655,1,60,,0,60
InternVLA-M1,internvla_m1,carrot,13,5,20270656,0,60,,0,60
InternVLA-M1,internvla_m1,carrot,14,5,20270657,1,60,,0,60
InternVLA-M1,internvla_m1,carrot,15,5,20270658,0,60,,0,60
InternVLA-M1,internvla_m1,carrot,16,5,20270659,1,60,,0,60
InternVLA-M1,internvla_m1,carrot,17,5,20270660,0,60,,0,60
InternVLA-M1,internvla_m1,carrot,18,5,20270661,1,60,,0,60
InternVLA-M1,internvla_m1,carrot,19,5,20270662,0,60,,0,60
InternVLA-M1,internvla_m1,carrot,20,5,20270663,1,60,,0,60
InternVLA-M1,internvla_m1,carrot,21,5,20270664,0,60,,0,60
InternVLA-M1,internvla_m1,carrot,22,5,20270665,1,60,,0,60
InternVLA-M1,internvla_m1,carrot,23,5,20270666,0,60,,0,60
InternVLA-M1,internvla_m1,carrot,0,6,20270667,0,60,,0,60
InternVLA-M1,internvla_m1,carrot,1,6,20270668,1,60,,0,60
InternVLA-M1,internvla_m1,carrot,2,6,20270669,0,60,,0,60
InternVLA-M1,internvla_m1,carrot,3,6,20270670,0,60,,0,60
InternVLA-M1,internvla_m1,carrot,4,6,20270671,1,60,,0,60
InternVLA-M1,internvla_m1,carrot,5,6,20270672,0,60,,0,60
InternVLA-M1,internvla_m1,carrot,6,6,20270673,0,60,,0,60
InternVLA-M1,internvla_m1,carrot,7,6,20270674,0,60,,0,60
InternVLA-M1,internvla_m1,carrot,8,6,20270675,1,60,,0,60
InternVLA-M1,internvla_m1,carrot,9,6,20270676,0,60,,0,60
InternVLA-M1,internvla_m1,carrot,10,6,20270677,1,60,,0,60
InternVLA-M1,internvla_m1,carrot,11,6,20270678,0,60,,0,60
InternVLA-M1,internvla_m1,carrot,12,6,20270679,0,60,,0,60
InternVLA-M1,internvla_m1,carrot,13,6,20270680,0,60,,0,60
InternVLA-M1,internvla_m1,carrot,14,6,20270681,1,60,,0,60
InternVLA-M1,internvla_m1,carrot,15,6,20270682,0,60,,0,60
InternVLA-M1,internvla_m1,carrot,16,6,20270683,1,60,,0,60
InternVLA-M1,internvla_m1,carrot,17,6,20270684,0,60,,0,60
InternVLA-M1,internvla_m1,carrot,18,6,20270685,1,60,,0,60
InternVLA-M1,internvla_m1,carrot,19,6,20270686,0,60,,0,60
InternVLA-M1,internvla_m1,carrot,20,6,20270687,1,60,,0,60
InternVLA-M1,internvla_m1,carrot,21,6,20270688,0,60,,0,60
InternVLA-M1,internvla_m1,carrot,22,6,20270689,1,60,,0,60
InternVLA-M1,internvla_m1,carrot,23,6,20270690,0,60,,0,60
InternVLA-M1,internvla_m1,carrot,0,7,20270691,1,60,,0,60
InternVLA-M1,internvla_m1,carrot,1,7,20270692,0,60,,0,60
InternVLA-M1,internvla_m1,carrot,2,7,20270693,0,60,,0,60
InternVLA-M1,internvla_m1,carrot,3,7,20270694,0,60,,0,60
InternVLA-M1,internvla_m1,carrot,4,7,20270695,1,60,,0,60
InternVLA-M1,internvla_m1,carrot,5,7,20270696,0,60,,0,60
InternVLA-M1,internvla_m1,carrot,6,7,20270697,1,60,,0,60
InternVLA-M1,internvla_m1,carrot,7,7,20270698,0,60,,0,60
InternVLA-M1,internvla_m1,carrot,8,7,20270699,0,60,,0,60
InternVLA-M1,internvla_m1,carrot,9,7,20270700,0,60,,0,60
InternVLA-M1,internvla_m1,carrot,10,7,20270701,1,60,,0,60
InternVLA-M1,internvla_m1,carrot,11,7,20270702,0,60,,0,60
InternVLA-M1,internvla_m1,carrot,12,7,20270703,1,60,,0,60
InternVLA-M1,internvla_m1,carrot,13,7,20270704,0,60,,0,60
InternVLA-M1,internvla_m1,carrot,14,7,20270705,1,60,,0,60
InternVLA-M1,internvla_m1,carrot,15,7,20270706,0,60,,0,60
InternVLA-M1,internvla_m1,carrot,16,7,20270707,1,60,,0,60
InternVLA-M1,internvla_m1,carrot,17,7,20270708,0,60,,0,60
InternVLA-M1,internvla_m1,carrot,18,7,20270709,1,60,,0,60
InternVLA-M1,internvla_m1,carrot,19,7,20270710,0,60,,0,60
InternVLA-M1,internvla_m1,carrot,20,7,20270711,1,60,,0,60
InternVLA-M1,internvla_m1,carrot,21,7,20270712,0,60,,0,60
InternVLA-M1,internvla_m1,carrot,22,7,20270713,1,60,,0,60
InternVLA-M1,internvla_m1,carrot,23,7,20270714,1,60,,0,60
InternVLA-M1,internvla_m1,carrot,0,8,20270715,0,60,,0,60
InternVLA-M1,internvla_m1,carrot,1,8,20270716,0,60,,0,60
InternVLA-M1,internvla_m1,carrot,2,8,20270717,0,60,,0,60
InternVLA-M1,internvla_m1,carrot,3,8,20270718,0,60,,0,60
InternVLA-M1,internvla_m1,carrot,4,8,20270719,1,60,,0,60
InternVLA-M1,internvla_m1,carrot,5,8,20270720,0,60,,0,60
InternVLA-M1,internvla_m1,carrot,6,8,20270721,1,60,,0,60
InternVLA-M1,internvla_m1,carrot,7,8,20270722,0,60,,0,60
InternVLA-M1,internvla_m1,carrot,8,8,20270723,1,60,,0,60
InternVLA-M1,internvla_m1,carrot,9,8,20270724,0,60,,0,60
InternVLA-M1,internvla_m1,carrot,10,8,20270725,1,60,,0,60
InternVLA-M1,internvla_m1,carrot,11,8,20270726,0,60,,0,60
InternVLA-M1,internvla_m1,carrot,12,8,20270727,1,60,,0,60
InternVLA-M1,internvla_m1,carrot,13,8,20270728,0,60,,0,60
InternVLA-M1,internvla_m1,carrot,14,8,20270729,1,60,,0,60
InternVLA-M1,internvla_m1,carrot,15,8,20270730,0,60,,0,60
InternVLA-M1,internvla_m1,carrot,16,8,20270731,1,60,,0,60
InternVLA-M1,internvla_m1,carrot,17,8,20270732,1,60,,0,60
InternVLA-M1,internvla_m1,carrot,18,8,20270733,1,60,,0,60
InternVLA-M1,internvla_m1,carrot,19,8,20270734,0,60,,0,60
InternVLA-M1,internvla_m1,carrot,20,8,20270735,1,60,,0,60
InternVLA-M1,internvla_m1,carrot,21,8,20270736,0,60,,0,60
InternVLA-M1,internvla_m1,carrot,22,8,20270737,1,60,,0,60
InternVLA-M1,internvla_m1,carrot,23,8,20270738,1,60,,0,60
InternVLA-M1,internvla_m1,carrot,0,9,20270739,1,60,,0,60
InternVLA-M1,internvla_m1,carrot,1,9,20270740,0,60,,0,60
InternVLA-M1,internvla_m1,carrot,2,9,20270741,1,60,,0,60
InternVLA-M1,internvla_m1,carrot,3,9,20270742,1,60,,0,60
InternVLA-M1,internvla_m1,carrot,4,9,20270743,1,60,,0,60
InternVLA-M1,internvla_m1,carrot,5,9,20270744,0,60,,0,60
InternVLA-M1,internvla_m1,carrot,6,9,20270745,0,60,,0,60
InternVLA-M1,internvla_m1,carrot,7,9,20270746,0,60,,0,60
InternVLA-M1,internvla_m1,carrot,8,9,20270747,1,60,,0,60
InternVLA-M1,internvla_m1,carrot,9,9,20270748,0,60,,0,60
InternVLA-M1,internvla_m1,carrot,10,9,20270749,1,60,,0,60
InternVLA-M1,internvla_m1,carrot,11,9,20270750,0,60,,0,60
InternVLA-M1,internvla_m1,carrot,12,9,20270751,0,60,,0,60
InternVLA-M1,internvla_m1,carrot,13,9,20270752,0,60,,0,60
InternVLA-M1,internvla_m1,carrot,14,9,20270753,1,60,,0,60
InternVLA-M1,internvla_m1,carrot,15,9,20270754,0,60,,0,60
InternVLA-M1,internvla_m1,carrot,16,9,20270755,1,60,,0,60
InternVLA-M1,internvla_m1,carrot,17,9,20270756,1,60,,0,60
InternVLA-M1,internvla_m1,carrot,18,9,20270757,1,60,,0,60
InternVLA-M1,internvla_m1,carrot,19,9,20270758,0,60,,0,60
InternVLA-M1,internvla_m1,carrot,20,9,20270759,1,60,,0,60
InternVLA-M1,internvla_m1,carrot,21,9,20270760,0,60,,0,60
InternVLA-M1,internvla_m1,carrot,22,9,20270761,1,60,,0,60
InternVLA-M1,internvla_m1,carrot,23,9,20270762,0,60,,0,60
InternVLA-M1,internvla_m1,carrot,0,10,20270763,1,60,,0,60
InternVLA-M1,internvla_m1,carrot,1,10,20270764,0,60,,0,60
InternVLA-M1,internvla_m1,carrot,2,10,20270765,1,60,,0,60
InternVLA-M1,internvla_m1,carrot,3,10,20270766,0,60,,0,60
InternVLA-M1,internvla_m1,carrot,4,10,20270767,1,60,,0,60
InternVLA-M1,internvla_m1,carrot,5,10,20270768,0,60,,0,60
InternVLA-M1,internvla_m1,carrot,6,10,20270769,1,60,,0,60
InternVLA-M1,internvla_m1,carrot,7,10,20270770,1,60,,0,60
InternVLA-M1,internvla_m1,carrot,8,10,20270771,0,60,,0,60
InternVLA-M1,internvla_m1,carrot,9,10,20270772,1,60,,0,60
InternVLA-M1,internvla_m1,carrot,10,10,20270773,1,60,,0,60
InternVLA-M1,internvla_m1,carrot,11,10,20270774,0,60,,0,60
InternVLA-M1,internvla_m1,carrot,12,10,20270775,1,60,,0,60
InternVLA-M1,internvla_m1,carrot,13,10,20270776,0,60,,0,60
InternVLA-M1,internvla_m1,carrot,14,10,20270777,1,60,,0,60
InternVLA-M1,internvla_m1,carrot,15,10,20270778,0,60,,0,60
InternVLA-M1,internvla_m1,carrot,16,10,20270779,1,60,,0,60
InternVLA-M1,internvla_m1,carrot,17,10,20270780,1,60,,0,60
InternVLA-M1,internvla_m1,carrot,18,10,20270781,1,60,,0,60
InternVLA-M1,internvla_m1,carrot,19,10,20270782,1,60,,0,60
InternVLA-M1,internvla_m1,carrot,20,10,20270783,1,60,,0,60
InternVLA-M1,internvla_m1,carrot,21,10,20270784,1,60,,0,60
InternVLA-M1,internvla_m1,carrot,22,10,20270785,1,60,,0,60
InternVLA-M1,internvla_m1,carrot,23,10,20270786,0,60,,0,60
InternVLA-M1,internvla_m1,carrot,0,11,20270787,0,60,,0,60
InternVLA-M1,internvla_m1,carrot,1,11,20270788,0,60,,0,60
InternVLA-M1,internvla_m1,carrot,2,11,20270789,1,60,,0,60
InternVLA-M1,internvla_m1,carrot,3,11,20270790,0,60,,0,60
InternVLA-M1,internvla_m1,carrot,4,11,20270791,1,60,,0,60
InternVLA-M1,internvla_m1,carrot,5,11,20270792,0,60,,0,60
InternVLA-M1,internvla_m1,carrot,6,11,20270793,0,60,,0,60
InternVLA-M1,internvla_m1,carrot,7,11,20270794,1,60,,0,60
InternVLA-M1,internvla_m1,carrot,8,11,20270795,0,60,,0,60
InternVLA-M1,internvla_m1,carrot,9,11,20270796,0,60,,0,60
InternVLA-M1,internvla_m1,carrot,10,11,20270797,1,60,,0,60
InternVLA-M1,internvla_m1,carrot,11,11,20270798,0,60,,0,60
InternVLA-M1,internvla_m1,carrot,12,11,20270799,1,60,,0,60
InternVLA-M1,internvla_m1,carrot,13,11,20270800,0,60,,0,60
InternVLA-M1,internvla_m1,carrot,14,11,20270801,1,60,,0,60
InternVLA-M1,internvla_m1,carrot,15,11,20270802,0,60,,0,60
InternVLA-M1,internvla_m1,carrot,16,11,20270803,1,60,,0,60
InternVLA-M1,internvla_m1,carrot,17,11,20270804,0,60,,0,60
InternVLA-M1,internvla_m1,carrot,18,11,20270805,1,60,,0,60
InternVLA-M1,internvla_m1,carrot,19,11,20270806,0,60,,0,60
InternVLA-M1,internvla_m1,carrot,20,11,20270807,1,60,,0,60
InternVLA-M1,internvla_m1,carrot,21,11,20270808,0,60,,0,60
InternVLA-M1,internvla_m1,carrot,22,11,20270809,1,60,,0,60
InternVLA-M1,internvla_m1,carrot,23,11,20270810,1,60,,0,60
InternVLA-M1,internvla_m1,spoon,0,0,20280523,1,60,,0,60
InternVLA-M1,internvla_m1,spoon,1,0,20280524,0,60,,0,60
InternVLA-M1,internvla_m1,spoon,2,0,20280525,1,60,,0,60
InternVLA-M1,internvla_m1,spoon,3,0,20280526,0,60,,0,60
InternVLA-M1,internvla_m1,spoon,4,0,20280527,1,60,,0,60
InternVLA-M1,internvla_m1,spoon,5,0,20280528,0,60,,0,60
InternVLA-M1,internvla_m1,spoon,6,0,20280529,1,60,,0,60
InternVLA-M1,internvla_m1,spoon,7,0,20280530,0,60,,0,60
InternVLA-M1,internvla_m1,spoon,8,0,20280531,1,60,,0,60
InternVLA-M1,internvla_m1,spoon,9,0,20280532,0,60,,0,60
InternVLA-M1,internvla_m1,spoon,10,0,20280533,1,60,,0,60
InternVLA-M1,internvla_m1,spoon,11,0,20280534,1,60,,0,60
InternVLA-M1,internvla_m1,spoon,12,0,20280535,1,60,,0,60
InternVLA-M1,internvla_m1,spoon,13,0,20280536,1,60,,0,60
InternVLA-M1,internvla_m1,spoon,14,0,20280537,1,60,,0,60
InternVLA-M1,internvla_m1,spoon,15,0,20280538,0,60,,0,60
InternVLA-M1,internvla_m1,spoon,16,0,20280539,1,60,,0,60
InternVLA-M1,internvla_m1,spoon,17,0,20280540,1,60,,0,60
InternVLA-M1,internvla_m1,spoon,18,0,20280541,1,60,,0,60
InternVLA-M1,internvla_m1,spoon,19,0,20280542,1,60,,0,60
InternVLA-M1,internvla_m1,spoon,20,0,20280543,1,60,,0,60
InternVLA-M1,internvla_m1,spoon,21,0,20280544,0,60,,0,60
InternVLA-M1,internvla_m1,spoon,22,0,20280545,1,60,,0,60
InternVLA-M1,internvla_m1,spoon,23,0,20280546,0,60,,0,60
InternVLA-M1,internvla_m1,spoon,0,1,20280547,1,60,,0,60
InternVLA-M1,internvla_m1,spoon,1,1,20280548,0,60,,0,60
InternVLA-M1,internvla_m1,spoon,2,1,20280549,1,60,,0,60
InternVLA-M1,internvla_m1,spoon,3,1,20280550,0,60,,0,60
InternVLA-M1,internvla_m1,spoon,4,1,20280551,1,60,,0,60
InternVLA-M1,internvla_m1,spoon,5,1,20280552,0,60,,0,60
InternVLA-M1,internvla_m1,spoon,6,1,20280553,1,60,,0,60
InternVLA-M1,internvla_m1,spoon,7,1,20280554,0,60,,0,60
InternVLA-M1,internvla_m1,spoon,8,1,20280555,1,60,,0,60
InternVLA-M1,internvla_m1,spoon,9,1,20280556,0,60,,0,60
InternVLA-M1,internvla_m1,spoon,10,1,20280557,1,60,,0,60
InternVLA-M1,internvla_m1,spoon,11,1,20280558,1,60,,0,60
InternVLA-M1,internvla_m1,spoon,12,1,20280559,1,60,,0,60
InternVLA-M1,internvla_m1,spoon,13,1,20280560,0,60,,0,60
InternVLA-M1,internvla_m1,spoon,14,1,20280561,1,60,,0,60
InternVLA-M1,internvla_m1,spoon,15,1,20280562,1,60,,0,60
InternVLA-M1,internvla_m1,spoon,16,1,20280563,1,60,,0,60
InternVLA-M1,internvla_m1,spoon,17,1,20280564,1,60,,0,60
InternVLA-M1,internvla_m1,spoon,18,1,20280565,1,60,,0,60
InternVLA-M1,internvla_m1,spoon,19,1,20280566,1,60,,0,60
InternVLA-M1,internvla_m1,spoon,20,1,20280567,1,60,,0,60
InternVLA-M1,internvla_m1,spoon,21,1,20280568,1,60,,0,60
InternVLA-M1,internvla_m1,spoon,22,1,20280569,1,60,,0,60
InternVLA-M1,internvla_m1,spoon,23,1,20280570,0,60,,0,60
InternVLA-M1,internvla_m1,spoon,0,2,20280571,1,60,,0,60
InternVLA-M1,internvla_m1,spoon,1,2,20280572,0,60,,0,60
InternVLA-M1,internvla_m1,spoon,2,2,20280573,1,60,,0,60
InternVLA-M1,internvla_m1,spoon,3,2,20280574,0,60,,0,60
InternVLA-M1,internvla_m1,spoon,4,2,20280575,1,60,,0,60
InternVLA-M1,internvla_m1,spoon,5,2,20280576,1,60,,0,60
InternVLA-M1,internvla_m1,spoon,6,2,20280577,1,60,,0,60
InternVLA-M1,internvla_m1,spoon,7,2,20280578,0,60,,0,60
InternVLA-M1,internvla_m1,spoon,8,2,20280579,1,60,,0,60
InternVLA-M1,internvla_m1,spoon,9,2,20280580,1,60,,0,60
InternVLA-M1,internvla_m1,spoon,10,2,20280581,1,60,,0,60
InternVLA-M1,internvla_m1,spoon,11,2,20280582,1,60,,0,60
InternVLA-M1,internvla_m1,spoon,12,2,20280583,1,60,,0,60
InternVLA-M1,internvla_m1,spoon,13,2,20280584,1,60,,0,60
InternVLA-M1,internvla_m1,spoon,14,2,20280585,1,60,,0,60
InternVLA-M1,internvla_m1,spoon,15,2,20280586,1,60,,0,60
InternVLA-M1,internvla_m1,spoon,16,2,20280587,1,60,,0,60
InternVLA-M1,internvla_m1,spoon,17,2,20280588,1,60,,0,60
InternVLA-M1,internvla_m1,spoon,18,2,20280589,1,60,,0,60
InternVLA-M1,internvla_m1,spoon,19,2,20280590,1,60,,0,60
InternVLA-M1,internvla_m1,spoon,20,2,20280591,0,60,,0,60
InternVLA-M1,internvla_m1,spoon,21,2,20280592,1,60,,0,60
InternVLA-M1,internvla_m1,spoon,22,2,20280593,1,60,,0,60
InternVLA-M1,internvla_m1,spoon,23,2,20280594,0,60,,0,60
InternVLA-M1,internvla_m1,spoon,0,3,20280595,1,60,,0,60
InternVLA-M1,internvla_m1,spoon,1,3,20280596,0,60,,0,60
InternVLA-M1,internvla_m1,spoon,2,3,20280597,1,60,,0,60
InternVLA-M1,internvla_m1,spoon,3,3,20280598,1,60,,0,60
InternVLA-M1,internvla_m1,spoon,4,3,20280599,1,60,,0,60
InternVLA-M1,internvla_m1,spoon,5,3,20280600,1,60,,0,60
InternVLA-M1,internvla_m1,spoon,6,3,20280601,1,60,,0,60
InternVLA-M1,internvla_m1,spoon,7,3,20280602,0,60,,0,60
InternVLA-M1,internvla_m1,spoon,8,3,20280603,1,60,,0,60
InternVLA-M1,internvla_m1,spoon,9,3,20280604,0,60,,0,60
InternVLA-M1,internvla_m1,spoon,10,3,20280605,1,60,,0,60
InternVLA-M1,internvla_m1,spoon,11,3,20280606,1,60,,0,60
InternVLA-M1,internvla_m1,spoon,12,3,20280607,1,60,,0,60
InternVLA-M1,internvla_m1,spoon,13,3,20280608,0,60,,0,60
InternVLA-M1,internvla_m1,spoon,14,3,20280609,1,60,,0,60
InternVLA-M1,internvla_m1,spoon,15,3,20280610,1,60,,0,60
InternVLA-M1,internvla_m1,spoon,16,3,20280611,1,60,,0,60
InternVLA-M1,internvla_m1,spoon,17,3,20280612,1,60,,0,60
InternVLA-M1,internvla_m1,spoon,18,3,20280613,1,60,,0,60
InternVLA-M1,internvla_m1,spoon,19,3,20280614,1,60,,0,60
InternVLA-M1,internvla_m1,spoon,20,3,20280615,1,60,,0,60
InternVLA-M1,internvla_m1,spoon,21,3,20280616,1,60,,0,60
InternVLA-M1,internvla_m1,spoon,22,3,20280617,1,60,,0,60
InternVLA-M1,internvla_m1,spoon,23,3,20280618,1,60,,0,60
InternVLA-M1,internvla_m1,spoon,0,4,20280619,1,60,,0,60
InternVLA-M1,internvla_m1,spoon,1,4,20280620,0,60,,0,60
InternVLA-M1,internvla_m1,spoon,2,4,20280621,1,60,,0,60
InternVLA-M1,internvla_m1,spoon,3,4,20280622,1,60,,0,60
InternVLA-M1,internvla_m1,spoon,4,4,20280623,1,60,,0,60
InternVLA-M1,internvla_m1,spoon,5,4,20280624,1,60,,0,60
InternVLA-M1,internvla_m1,spoon,6,4,20280625,1,60,,0,60
InternVLA-M1,internvla_m1,spoon,7,4,20280626,0,60,,0,60
InternVLA-M1,internvla_m1,spoon,8,4,20280627,1,60,,0,60
InternVLA-M1,internvla_m1,spoon,9,4,20280628,1,60,,0,60
InternVLA-M1,internvla_m1,spoon,10,4,20280629,1,60,,0,60
InternVLA-M1,internvla_m1,spoon,11,4,20280630,1,60,,0,60
InternVLA-M1,internvla_m1,spoon,12,4,20280631,1,60,,0,60
InternVLA-M1,internvla_m1,spoon,13,4,20280632,0,60,,0,60
InternVLA-M1,internvla_m1,spoon,14,4,20280633,1,60,,0,60
InternVLA-M1,internvla_m1,spoon,15,4,20280634,1,60,,0,60
InternVLA-M1,internvla_m1,spoon,16,4,20280635,1,60,,0,60
InternVLA-M1,internvla_m1,spoon,17,4,20280636,1,60,,0,60
InternVLA-M1,internvla_m1,spoon,18,4,20280637,1,60,,0,60
InternVLA-M1,internvla_m1,spoon,19,4,20280638,1,60,,0,60
InternVLA-M1,internvla_m1,spoon,20,4,20280639,1,60,,0,60
InternVLA-M1,internvla_m1,spoon,21,4,20280640,1,60,,0,60
InternVLA-M1,internvla_m1,spoon,22,4,20280641,1,60,,0,60
InternVLA-M1,internvla_m1,spoon,23,4,20280642,0,60,,0,60
InternVLA-M1,internvla_m1,spoon,0,5,20280643,1,60,,0,60
InternVLA-M1,internvla_m1,spoon,1,5,20280644,0,60,,0,60
InternVLA-M1,internvla_m1,spoon,2,5,20280645,1,60,,0,60
InternVLA-M1,internvla_m1,spoon,3,5,20280646,0,60,,0,60
InternVLA-M1,internvla_m1,spoon,4,5,20280647,1,60,,0,60
InternVLA-M1,internvla_m1,spoon,5,5,20280648,0,60,,0,60
InternVLA-M1,internvla_m1,spoon,6,5,20280649,1,60,,0,60
InternVLA-M1,internvla_m1,spoon,7,5,20280650,0,60,,0,60
InternVLA-M1,internvla_m1,spoon,8,5,20280651,1,60,,0,60
InternVLA-M1,internvla_m1,spoon,9,5,20280652,0,60,,0,60
InternVLA-M1,internvla_m1,spoon,10,5,20280653,1,60,,0,60
InternVLA-M1,internvla_m1,spoon,11,5,20280654,1,60,,0,60
InternVLA-M1,internvla_m1,spoon,12,5,20280655,1,60,,0,60
InternVLA-M1,internvla_m1,spoon,13,5,20280656,0,60,,0,60
InternVLA-M1,internvla_m1,spoon,14,5,20280657,1,60,,0,60
InternVLA-M1,internvla_m1,spoon,15,5,20280658,1,60,,0,60
InternVLA-M1,internvla_m1,spoon,16,5,20280659,1,60,,0,60
InternVLA-M1,internvla_m1,spoon,17,5,20280660,1,60,,0,60
InternVLA-M1,internvla_m1,spoon,18,5,20280661,1,60,,0,60
InternVLA-M1,internvla_m1,spoon,19,5,20280662,0,60,,0,60
InternVLA-M1,internvla_m1,spoon,20,5,20280663,1,60,,0,60
InternVLA-M1,internvla_m1,spoon,21,5,20280664,0,60,,0,60
InternVLA-M1,internvla_m1,spoon,22,5,20280665,0,60,,0,60
InternVLA-M1,internvla_m1,spoon,23,5,20280666,1,60,,0,60
InternVLA-M1,internvla_m1,spoon,0,6,20280667,0,60,,0,60
InternVLA-M1,internvla_m1,spoon,1,6,20280668,0,60,,0,60
InternVLA-M1,internvla_m1,spoon,2,6,20280669,1,60,,0,60
InternVLA-M1,internvla_m1,spoon,3,6,20280670,1,60,,0,60
InternVLA-M1,internvla_m1,spoon,4,6,20280671,1,60,,0,60
InternVLA-M1,internvla_m1,spoon,5,6,20280672,1,60,,0,60
InternVLA-M1,internvla_m1,spoon,6,6,20280673,1,60,,0,60
InternVLA-M1,internvla_m1,spoon,7,6,20280674,0,60,,0,60
InternVLA-M1,internvla_m1,spoon,8,6,20280675,0,60,,0,60
InternVLA-M1,internvla_m1,spoon,9,6,20280676,0,60,,0,60
InternVLA-M1,internvla_m1,spoon,10,6,20280677,1,60,,0,60
InternVLA-M1,internvla_m1,spoon,11,6,20280678,1,60,,0,60
InternVLA-M1,internvla_m1,spoon,12,6,20280679,1,60,,0,60
InternVLA-M1,internvla_m1,spoon,13,6,20280680,0,60,,0,60
InternVLA-M1,internvla_m1,spoon,14,6,20280681,1,60,,0,60
InternVLA-M1,internvla_m1,spoon,15,6,20280682,1,60,,0,60
InternVLA-M1,internvla_m1,spoon,16,6,20280683,1,60,,0,60
InternVLA-M1,internvla_m1,spoon,17,6,20280684,1,60,,0,60
InternVLA-M1,internvla_m1,spoon,18,6,20280685,1,60,,0,60
InternVLA-M1,internvla_m1,spoon,19,6,20280686,1,60,,0,60
InternVLA-M1,internvla_m1,spoon,20,6,20280687,1,60,,0,60
InternVLA-M1,internvla_m1,spoon,21,6,20280688,1,60,,0,60
InternVLA-M1,internvla_m1,spoon,22,6,20280689,1,60,,0,60
InternVLA-M1,internvla_m1,spoon,23,6,20280690,0,60,,0,60
InternVLA-M1,internvla_m1,spoon,0,7,20280691,1,60,,0,60
InternVLA-M1,internvla_m1,spoon,1,7,20280692,0,60,,0,60
InternVLA-M1,internvla_m1,spoon,2,7,20280693,1,60,,0,60
InternVLA-M1,internvla_m1,spoon,3,7,20280694,0,60,,0,60
InternVLA-M1,internvla_m1,spoon,4,7,20280695,1,60,,0,60
InternVLA-M1,internvla_m1,spoon,5,7,20280696,1,60,,0,60
InternVLA-M1,internvla_m1,spoon,6,7,20280697,1,60,,0,60
InternVLA-M1,internvla_m1,spoon,7,7,20280698,0,60,,0,60
InternVLA-M1,internvla_m1,spoon,8,7,20280699,1,60,,0,60
InternVLA-M1,internvla_m1,spoon,9,7,20280700,1,60,,0,60
InternVLA-M1,internvla_m1,spoon,10,7,20280701,1,60,,0,60
InternVLA-M1,internvla_m1,spoon,11,7,20280702,1,60,,0,60
InternVLA-M1,internvla_m1,spoon,12,7,20280703,1,60,,0,60
InternVLA-M1,internvla_m1,spoon,13,7,20280704,0,60,,0,60
InternVLA-M1,internvla_m1,spoon,14,7,20280705,1,60,,0,60
InternVLA-M1,internvla_m1,spoon,15,7,20280706,1,60,,0,60
InternVLA-M1,internvla_m1,spoon,16,7,20280707,1,60,,0,60
InternVLA-M1,internvla_m1,spoon,17,7,20280708,1,60,,0,60
InternVLA-M1,internvla_m1,spoon,18,7,20280709,1,60,,0,60
InternVLA-M1,internvla_m1,spoon,19,7,20280710,1,60,,0,60
InternVLA-M1,internvla_m1,spoon,20,7,20280711,1,60,,0,60
InternVLA-M1,internvla_m1,spoon,21,7,20280712,0,60,,0,60
InternVLA-M1,internvla_m1,spoon,22,7,20280713,1,60,,0,60
InternVLA-M1,internvla_m1,spoon,23,7,20280714,0,60,,0,60
InternVLA-M1,internvla_m1,spoon,0,8,20280715,1,60,,0,60
InternVLA-M1,internvla_m1,spoon,1,8,20280716,0,60,,0,60
InternVLA-M1,internvla_m1,spoon,2,8,20280717,1,60,,0,60
InternVLA-M1,internvla_m1,spoon,3,8,20280718,1,60,,0,60
InternVLA-M1,internvla_m1,spoon,4,8,20280719,1,60,,0,60
InternVLA-M1,internvla_m1,spoon,5,8,20280720,1,60,,0,60
InternVLA-M1,internvla_m1,spoon,6,8,20280721,1,60,,0,60
InternVLA-M1,internvla_m1,spoon,7,8,20280722,0,60,,0,60
InternVLA-M1,internvla_m1,spoon,8,8,20280723,1,60,,0,60
InternVLA-M1,internvla_m1,spoon,9,8,20280724,0,60,,0,60
InternVLA-M1,internvla_m1,spoon,10,8,20280725,1,60,,0,60
InternVLA-M1,internvla_m1,spoon,11,8,20280726,1,60,,0,60
InternVLA-M1,internvla_m1,spoon,12,8,20280727,1,60,,0,60
InternVLA-M1,internvla_m1,spoon,13,8,20280728,0,60,,0,60
InternVLA-M1,internvla_m1,spoon,14,8,20280729,1,60,,0,60
InternVLA-M1,internvla_m1,spoon,15,8,20280730,1,60,,0,60
InternVLA-M1,internvla_m1,spoon,16,8,20280731,1,60,,0,60
InternVLA-M1,internvla_m1,spoon,17,8,20280732,1,60,,0,60
InternVLA-M1,internvla_m1,spoon,18,8,20280733,1,60,,0,60
InternVLA-M1,internvla_m1,spoon,19,8,20280734,1,60,,0,60
InternVLA-M1,internvla_m1,spoon,20,8,20280735,1,60,,0,60
InternVLA-M1,internvla_m1,spoon,21,8,20280736,1,60,,0,60
InternVLA-M1,internvla_m1,spoon,22,8,20280737,1,60,,0,60
InternVLA-M1,internvla_m1,spoon,23,8,20280738,1,60,,0,60
InternVLA-M1,internvla_m1,spoon,0,9,20280739,1,60,,0,60
InternVLA-M1,internvla_m1,spoon,1,9,20280740,0,60,,0,60
InternVLA-M1,internvla_m1,spoon,2,9,20280741,1,60,,0,60
InternVLA-M1,internvla_m1,spoon,3,9,20280742,0,60,,0,60
InternVLA-M1,internvla_m1,spoon,4,9,20280743,1,60,,0,60
InternVLA-M1,internvla_m1,spoon,5,9,20280744,0,60,,0,60
InternVLA-M1,internvla_m1,spoon,6,9,20280745,1,60,,0,60
InternVLA-M1,internvla_m1,spoon,7,9,20280746,0,60,,0,60
InternVLA-M1,internvla_m1,spoon,8,9,20280747,1,60,,0,60
InternVLA-M1,internvla_m1,spoon,9,9,20280748,1,60,,0,60
InternVLA-M1,internvla_m1,spoon,10,9,20280749,1,60,,0,60
InternVLA-M1,internvla_m1,spoon,11,9,20280750,1,60,,0,60
InternVLA-M1,internvla_m1,spoon,12,9,20280751,1,60,,0,60
InternVLA-M1,internvla_m1,spoon,13,9,20280752,0,60,,0,60
InternVLA-M1,internvla_m1,spoon,14,9,20280753,1,60,,0,60
InternVLA-M1,internvla_m1,spoon,15,9,20280754,1,60,,0,60
InternVLA-M1,internvla_m1,spoon,16,9,20280755,1,60,,0,60
InternVLA-M1,internvla_m1,spoon,17,9,20280756,1,60,,0,60
InternVLA-M1,internvla_m1,spoon,18,9,20280757,1,60,,0,60
InternVLA-M1,internvla_m1,spoon,19,9,20280758,1,60,,0,60
InternVLA-M1,internvla_m1,spoon,20,9,20280759,1,60,,0,60
InternVLA-M1,internvla_m1,spoon,21,9,20280760,1,60,,0,60
InternVLA-M1,internvla_m1,spoon,22,9,20280761,1,60,,0,60
InternVLA-M1,internvla_m1,spoon,23,9,20280762,1,60,,0,60
InternVLA-M1,internvla_m1,spoon,0,10,20280763,1,60,,0,60
InternVLA-M1,internvla_m1,spoon,1,10,20280764,0,60,,0,60
InternVLA-M1,internvla_m1,spoon,2,10,20280765,1,60,,0,60
InternVLA-M1,internvla_m1,spoon,3,10,20280766,0,60,,0,60
InternVLA-M1,internvla_m1,spoon,4,10,20280767,1,60,,0,60
InternVLA-M1,internvla_m1,spoon,5,10,20280768,1,60,,0,60
InternVLA-M1,internvla_m1,spoon,6,10,20280769,1,60,,0,60
InternVLA-M1,internvla_m1,spoon,7,10,20280770,0,60,,0,60
InternVLA-M1,internvla_m1,spoon,8,10,20280771,1,60,,0,60
InternVLA-M1,internvla_m1,spoon,9,10,20280772,1,60,,0,60
InternVLA-M1,internvla_m1,spoon,10,10,20280773,1,60,,0,60
InternVLA-M1,internvla_m1,spoon,11,10,20280774,1,60,,0,60
InternVLA-M1,internvla_m1,spoon,12,10,20280775,1,60,,0,60
InternVLA-M1,internvla_m1,spoon,13,10,20280776,1,60,,0,60
InternVLA-M1,internvla_m1,spoon,14,10,20280777,1,60,,0,60
InternVLA-M1,internvla_m1,spoon,15,10,20280778,1,60,,0,60
InternVLA-M1,internvla_m1,spoon,16,10,20280779,1,60,,0,60
InternVLA-M1,internvla_m1,spoon,17,10,20280780,1,60,,0,60
InternVLA-M1,internvla_m1,spoon,18,10,20280781,1,60,,0,60
InternVLA-M1,internvla_m1,spoon,19,10,20280782,0,60,,0,60
InternVLA-M1,internvla_m1,spoon,20,10,20280783,1,60,,0,60
InternVLA-M1,internvla_m1,spoon,21,10,20280784,1,60,,0,60
InternVLA-M1,internvla_m1,spoon,22,10,20280785,1,60,,0,60
InternVLA-M1,internvla_m1,spoon,23,10,20280786,1,60,,0,60
InternVLA-M1,internvla_m1,spoon,0,11,20280787,1,60,,0,60
InternVLA-M1,internvla_m1,spoon,1,11,20280788,1,60,,0,60
InternVLA-M1,internvla_m1,spoon,2,11,20280789,1,60,,0,60
InternVLA-M1,internvla_m1,spoon,3,11,20280790,0,60,,0,60
InternVLA-M1,internvla_m1,spoon,4,11,20280791,1,60,,0,60
InternVLA-M1,internvla_m1,spoon,5,11,20280792,0,60,,0,60
InternVLA-M1,internvla_m1,spoon,6,11,20280793,1,60,,0,60
InternVLA-M1,internvla_m1,spoon,7,11,20280794,0,60,,0,60
InternVLA-M1,internvla_m1,spoon,8,11,20280795,1,60,,0,60
InternVLA-M1,internvla_m1,spoon,9,11,20280796,1,60,,0,60
InternVLA-M1,internvla_m1,spoon,10,11,20280797,1,60,,0,60
InternVLA-M1,internvla_m1,spoon,11,11,20280798,1,60,,0,60
InternVLA-M1,internvla_m1,spoon,12,11,20280799,1,60,,0,60
InternVLA-M1,internvla_m1,spoon,13,11,20280800,0,60,,0,60
InternVLA-M1,internvla_m1,spoon,14,11,20280801,1,60,,0,60
InternVLA-M1,internvla_m1,spoon,15,11,20280802,1,60,,0,60
InternVLA-M1,internvla_m1,spoon,16,11,20280803,1,60,,0,60
InternVLA-M1,internvla_m1,spoon,17,11,20280804,0,60,,0,60
InternVLA-M1,internvla_m1,spoon,18,11,20280805,1,60,,0,60
InternVLA-M1,internvla_m1,spoon,19,11,20280806,0,60,,0,60
InternVLA-M1,internvla_m1,spoon,20,11,20280807,1,60,,0,60
InternVLA-M1,internvla_m1,spoon,21,11,20280808,1,60,,0,60
InternVLA-M1,internvla_m1,spoon,22,11,20280809,1,60,,0,60
InternVLA-M1,internvla_m1,spoon,23,11,20280810,0,60,,0,60
InternVLA-M1,internvla_m1,eggplant,0,0,20290523,1,120,,0,120
InternVLA-M1,internvla_m1,eggplant,1,0,20290524,1,120,,0,120
InternVLA-M1,internvla_m1,eggplant,2,0,20290525,1,120,,0,120
InternVLA-M1,internvla_m1,eggplant,3,0,20290526,1,120,,0,120
InternVLA-M1,internvla_m1,eggplant,4,0,20290527,1,120,,0,120
InternVLA-M1,internvla_m1,eggplant,5,0,20290528,1,120,,0,120
InternVLA-M1,internvla_m1,eggplant,6,0,20290529,1,120,,0,120
InternVLA-M1,internvla_m1,eggplant,7,0,20290530,1,120,,0,120
InternVLA-M1,internvla_m1,eggplant,8,0,20290531,1,120,,0,120
InternVLA-M1,internvla_m1,eggplant,9,0,20290532,1,120,,0,120
InternVLA-M1,internvla_m1,eggplant,10,0,20290533,1,120,,0,120
InternVLA-M1,internvla_m1,eggplant,11,0,20290534,1,120,,0,120
InternVLA-M1,internvla_m1,eggplant,12,0,20290535,1,120,,0,120
InternVLA-M1,internvla_m1,eggplant,13,0,20290536,1,120,,0,120
InternVLA-M1,internvla_m1,eggplant,14,0,20290537,1,120,,0,120
InternVLA-M1,internvla_m1,eggplant,15,0,20290538,1,120,,0,120
InternVLA-M1,internvla_m1,eggplant,16,0,20290539,1,120,,0,120
InternVLA-M1,internvla_m1,eggplant,17,0,20290540,1,120,,0,120
InternVLA-M1,internvla_m1,eggplant,18,0,20290541,1,120,,0,120
InternVLA-M1,internvla_m1,eggplant,19,0,20290542,1,120,,0,120
InternVLA-M1,internvla_m1,eggplant,20,0,20290543,0,120,,0,120
InternVLA-M1,internvla_m1,eggplant,21,0,20290544,1,120,,0,120
InternVLA-M1,internvla_m1,eggplant,22,0,20290545,1,120,,0,120
InternVLA-M1,internvla_m1,eggplant,23,0,20290546,1,120,,0,120
InternVLA-M1,internvla_m1,eggplant,0,1,20290547,1,120,,0,120
InternVLA-M1,internvla_m1,eggplant,1,1,20290548,1,120,,0,120
InternVLA-M1,internvla_m1,eggplant,2,1,20290549,1,120,,0,120
InternVLA-M1,internvla_m1,eggplant,3,1,20290550,1,120,,0,120
InternVLA-M1,internvla_m1,eggplant,4,1,20290551,1,120,,0,120
InternVLA-M1,internvla_m1,eggplant,5,1,20290552,1,120,,0,120
InternVLA-M1,internvla_m1,eggplant,6,1,20290553,1,120,,0,120
InternVLA-M1,internvla_m1,eggplant,7,1,20290554,1,120,,0,120
InternVLA-M1,internvla_m1,eggplant,8,1,20290555,1,120,,0,120
InternVLA-M1,internvla_m1,eggplant,9,1,20290556,1,120,,0,120
InternVLA-M1,internvla_m1,eggplant,10,1,20290557,1,120,,0,120
InternVLA-M1,internvla_m1,eggplant,11,1,20290558,1,120,,0,120
InternVLA-M1,internvla_m1,eggplant,12,1,20290559,1,120,,0,120
InternVLA-M1,internvla_m1,eggplant,13,1,20290560,1,120,,0,120
InternVLA-M1,internvla_m1,eggplant,14,1,20290561,1,120,,0,120
InternVLA-M1,internvla_m1,eggplant,15,1,20290562,1,120,,0,120
InternVLA-M1,internvla_m1,eggplant,16,1,20290563,1,120,,0,120
InternVLA-M1,internvla_m1,eggplant,17,1,20290564,1,120,,0,120
InternVLA-M1,internvla_m1,eggplant,18,1,20290565,1,120,,0,120
InternVLA-M1,internvla_m1,eggplant,19,1,20290566,1,120,,0,120
InternVLA-M1,internvla_m1,eggplant,20,1,20290567,0,120,,0,120
InternVLA-M1,internvla_m1,eggplant,21,1,20290568,1,120,,0,120
InternVLA-M1,internvla_m1,eggplant,22,1,20290569,1,120,,0,120
InternVLA-M1,internvla_m1,eggplant,23,1,20290570,1,120,,0,120
InternVLA-M1,internvla_m1,eggplant,0,2,20290571,1,120,,0,120
InternVLA-M1,internvla_m1,eggplant,1,2,20290572,1,120,,0,120
InternVLA-M1,internvla_m1,eggplant,2,2,20290573,1,120,,0,120
InternVLA-M1,internvla_m1,eggplant,3,2,20290574,1,120,,0,120
InternVLA-M1,internvla_m1,eggplant,4,2,20290575,1,120,,0,120
InternVLA-M1,internvla_m1,eggplant,5,2,20290576,1,120,,0,120
InternVLA-M1,internvla_m1,eggplant,6,2,20290577,1,120,,0,120
InternVLA-M1,internvla_m1,eggplant,7,2,20290578,1,120,,0,120
InternVLA-M1,internvla_m1,eggplant,8,2,20290579,1,120,,0,120
InternVLA-M1,internvla_m1,eggplant,9,2,20290580,1,120,,0,120
InternVLA-M1,internvla_m1,eggplant,10,2,20290581,1,120,,0,120
InternVLA-M1,internvla_m1,eggplant,11,2,20290582,1,120,,0,120
InternVLA-M1,internvla_m1,eggplant,12,2,20290583,1,120,,0,120
InternVLA-M1,internvla_m1,eggplant,13,2,20290584,1,120,,0,120
InternVLA-M1,internvla_m1,eggplant,14,2,20290585,0,120,,0,120
InternVLA-M1,internvla_m1,eggplant,15,2,20290586,1,120,,0,120
InternVLA-M1,internvla_m1,eggplant,16,2,20290587,1,120,,0,120
InternVLA-M1,internvla_m1,eggplant,17,2,20290588,1,120,,0,120
InternVLA-M1,internvla_m1,eggplant,18,2,20290589,1,120,,0,120
InternVLA-M1,internvla_m1,eggplant,19,2,20290590,1,120,,0,120
InternVLA-M1,internvla_m1,eggplant,20,2,20290591,0,120,,0,120
InternVLA-M1,internvla_m1,eggplant,21,2,20290592,1,120,,0,120
InternVLA-M1,internvla_m1,eggplant,22,2,20290593,1,120,,0,120
InternVLA-M1,internvla_m1,eggplant,23,2,20290594,1,120,,0,120
InternVLA-M1,internvla_m1,eggplant,0,3,20290595,1,120,,0,120
InternVLA-M1,internvla_m1,eggplant,1,3,20290596,1,120,,0,120
InternVLA-M1,internvla_m1,eggplant,2,3,20290597,1,120,,0,120
InternVLA-M1,internvla_m1,eggplant,3,3,20290598,1,120,,0,120
InternVLA-M1,internvla_m1,eggplant,4,3,20290599,1,120,,0,120
InternVLA-M1,internvla_m1,eggplant,5,3,20290600,1,120,,0,120
InternVLA-M1,internvla_m1,eggplant,6,3,20290601,1,120,,0,120
InternVLA-M1,internvla_m1,eggplant,7,3,20290602,1,120,,0,120
InternVLA-M1,internvla_m1,eggplant,8,3,20290603,1,120,,0,120
InternVLA-M1,internvla_m1,eggplant,9,3,20290604,1,120,,0,120
InternVLA-M1,internvla_m1,eggplant,10,3,20290605,1,120,,0,120
InternVLA-M1,internvla_m1,eggplant,11,3,20290606,1,120,,0,120
InternVLA-M1,internvla_m1,eggplant,12,3,20290607,1,120,,0,120
InternVLA-M1,internvla_m1,eggplant,13,3,20290608,1,120,,0,120
InternVLA-M1,internvla_m1,eggplant,14,3,20290609,1,120,,0,120
InternVLA-M1,internvla_m1,eggplant,15,3,20290610,1,120,,0,120
InternVLA-M1,internvla_m1,eggplant,16,3,20290611,1,120,,0,120
InternVLA-M1,internvla_m1,eggplant,17,3,20290612,0,120,,0,120
InternVLA-M1,internvla_m1,eggplant,18,3,20290613,1,120,,0,120
InternVLA-M1,internvla_m1,eggplant,19,3,20290614,1,120,,0,120
InternVLA-M1,internvla_m1,eggplant,20,3,20290615,1,120,,0,120
InternVLA-M1,internvla_m1,eggplant,21,3,20290616,1,120,,0,120
InternVLA-M1,internvla_m1,eggplant,22,3,20290617,1,120,,0,120
InternVLA-M1,internvla_m1,eggplant,23,3,20290618,1,120,,0,120
InternVLA-M1,internvla_m1,eggplant,0,4,20290619,1,120,,0,120
InternVLA-M1,internvla_m1,eggplant,1,4,20290620,1,120,,0,120
InternVLA-M1,internvla_m1,eggplant,2,4,20290621,1,120,,0,120
InternVLA-M1,internvla_m1,eggplant,3,4,20290622,1,120,,0,120
InternVLA-M1,internvla_m1,eggplant,4,4,20290623,1,120,,0,120
InternVLA-M1,internvla_m1,eggplant,5,4,20290624,1,120,,0,120
InternVLA-M1,internvla_m1,eggplant,6,4,20290625,1,120,,0,120
InternVLA-M1,internvla_m1,eggplant,7,4,20290626,1,120,,0,120
InternVLA-M1,internvla_m1,eggplant,8,4,20290627,1,120,,0,120
InternVLA-M1,internvla_m1,eggplant,9,4,20290628,1,120,,0,120
InternVLA-M1,internvla_m1,eggplant,10,4,20290629,1,120,,0,120
InternVLA-M1,internvla_m1,eggplant,11,4,20290630,1,120,,0,120
InternVLA-M1,internvla_m1,eggplant,12,4,20290631,1,120,,0,120
InternVLA-M1,internvla_m1,eggplant,13,4,20290632,1,120,,0,120
InternVLA-M1,internvla_m1,eggplant,14,4,20290633,0,120,,0,120
InternVLA-M1,internvla_m1,eggplant,15,4,20290634,1,120,,0,120
InternVLA-M1,internvla_m1,eggplant,16,4,20290635,1,120,,0,120
InternVLA-M1,internvla_m1,eggplant,17,4,20290636,1,120,,0,120
InternVLA-M1,internvla_m1,eggplant,18,4,20290637,1,120,,0,120
InternVLA-M1,internvla_m1,eggplant,19,4,20290638,1,120,,0,120
InternVLA-M1,internvla_m1,eggplant,20,4,20290639,0,120,,0,120
InternVLA-M1,internvla_m1,eggplant,21,4,20290640,1,120,,0,120
InternVLA-M1,internvla_m1,eggplant,22,4,20290641,1,120,,0,120
InternVLA-M1,internvla_m1,eggplant,23,4,20290642,1,120,,0,120
InternVLA-M1,internvla_m1,eggplant,0,5,20290643,1,120,,0,120
InternVLA-M1,internvla_m1,eggplant,1,5,20290644,1,120,,0,120
InternVLA-M1,internvla_m1,eggplant,2,5,20290645,1,120,,0,120
InternVLA-M1,internvla_m1,eggplant,3,5,20290646,1,120,,0,120
InternVLA-M1,internvla_m1,eggplant,4,5,20290647,1,120,,0,120
InternVLA-M1,internvla_m1,eggplant,5,5,20290648,1,120,,0,120
InternVLA-M1,internvla_m1,eggplant,6,5,20290649,1,120,,0,120
InternVLA-M1,internvla_m1,eggplant,7,5,20290650,1,120,,0,120
InternVLA-M1,internvla_m1,eggplant,8,5,20290651,1,120,,0,120
InternVLA-M1,internvla_m1,eggplant,9,5,20290652,1,120,,0,120
InternVLA-M1,internvla_m1,eggplant,10,5,20290653,1,120,,0,120
InternVLA-M1,internvla_m1,eggplant,11,5,20290654,1,120,,0,120
InternVLA-M1,internvla_m1,eggplant,12,5,20290655,1,120,,0,120
InternVLA-M1,internvla_m1,eggplant,13,5,20290656,1,120,,0,120
InternVLA-M1,internvla_m1,eggplant,14,5,20290657,0,120,,0,120
InternVLA-M1,internvla_m1,eggplant,15,5,20290658,1,120,,0,120
InternVLA-M1,internvla_m1,eggplant,16,5,20290659,1,120,,0,120
InternVLA-M1,internvla_m1,eggplant,17,5,20290660,0,120,,0,120
InternVLA-M1,internvla_m1,eggplant,18,5,20290661,1,120,,0,120
InternVLA-M1,internvla_m1,eggplant,19,5,20290662,1,120,,0,120
InternVLA-M1,internvla_m1,eggplant,20,5,20290663,0,120,,0,120
InternVLA-M1,internvla_m1,eggplant,21,5,20290664,1,120,,0,120
InternVLA-M1,internvla_m1,eggplant,22,5,20290665,1,120,,0,120
InternVLA-M1,internvla_m1,eggplant,23,5,20290666,1,120,,0,120
InternVLA-M1,internvla_m1,eggplant,0,6,20290667,1,120,,0,120
InternVLA-M1,internvla_m1,eggplant,1,6,20290668,1,120,,0,120
InternVLA-M1,internvla_m1,eggplant,2,6,20290669,1,120,,0,120
InternVLA-M1,internvla_m1,eggplant,3,6,20290670,1,120,,0,120
InternVLA-M1,internvla_m1,eggplant,4,6,20290671,1,120,,0,120
InternVLA-M1,internvla_m1,eggplant,5,6,20290672,1,120,,0,120
InternVLA-M1,internvla_m1,eggplant,6,6,20290673,1,120,,0,120
InternVLA-M1,internvla_m1,eggplant,7,6,20290674,1,120,,0,120
InternVLA-M1,internvla_m1,eggplant,8,6,20290675,1,120,,0,120
InternVLA-M1,internvla_m1,eggplant,9,6,20290676,1,120,,0,120
InternVLA-M1,internvla_m1,eggplant,10,6,20290677,1,120,,0,120
InternVLA-M1,internvla_m1,eggplant,11,6,20290678,1,120,,0,120
InternVLA-M1,internvla_m1,eggplant,12,6,20290679,1,120,,0,120
InternVLA-M1,internvla_m1,eggplant,13,6,20290680,1,120,,0,120
InternVLA-M1,internvla_m1,eggplant,14,6,20290681,0,120,,0,120
InternVLA-M1,internvla_m1,eggplant,15,6,20290682,1,120,,0,120
InternVLA-M1,internvla_m1,eggplant,16,6,20290683,1,120,,0,120
InternVLA-M1,internvla_m1,eggplant,17,6,20290684,1,120,,0,120
InternVLA-M1,internvla_m1,eggplant,18,6,20290685,1,120,,0,120
InternVLA-M1,internvla_m1,eggplant,19,6,20290686,1,120,,0,120
InternVLA-M1,internvla_m1,eggplant,20,6,20290687,1,120,,0,120
InternVLA-M1,internvla_m1,eggplant,21,6,20290688,1,120,,0,120
InternVLA-M1,internvla_m1,eggplant,22,6,20290689,1,120,,0,120
InternVLA-M1,internvla_m1,eggplant,23,6,20290690,1,120,,0,120
InternVLA-M1,internvla_m1,eggplant,0,7,20290691,1,120,,0,120
InternVLA-M1,internvla_m1,eggplant,1,7,20290692,1,120,,0,120
InternVLA-M1,internvla_m1,eggplant,2,7,20290693,1,120,,0,120
InternVLA-M1,internvla_m1,eggplant,3,7,20290694,1,120,,0,120
InternVLA-M1,internvla_m1,eggplant,4,7,20290695,1,120,,0,120
InternVLA-M1,internvla_m1,eggplant,5,7,20290696,1,120,,0,120
InternVLA-M1,internvla_m1,eggplant,6,7,20290697,1,120,,0,120
InternVLA-M1,internvla_m1,eggplant,7,7,20290698,1,120,,0,120
InternVLA-M1,internvla_m1,eggplant,8,7,20290699,1,120,,0,120
InternVLA-M1,internvla_m1,eggplant,9,7,20290700,1,120,,0,120
InternVLA-M1,internvla_m1,eggplant,10,7,20290701,1,120,,0,120
InternVLA-M1,internvla_m1,eggplant,11,7,20290702,1,120,,0,120
InternVLA-M1,internvla_m1,eggplant,12,7,20290703,1,120,,0,120
InternVLA-M1,internvla_m1,eggplant,13,7,20290704,1,120,,0,120
InternVLA-M1,internvla_m1,eggplant,14,7,20290705,0,120,,0,120
InternVLA-M1,internvla_m1,eggplant,15,7,20290706,1,120,,0,120
InternVLA-M1,internvla_m1,eggplant,16,7,20290707,1,120,,0,120
InternVLA-M1,internvla_m1,eggplant,17,7,20290708,0,120,,0,120
InternVLA-M1,internvla_m1,eggplant,18,7,20290709,1,120,,0,120
InternVLA-M1,internvla_m1,eggplant,19,7,20290710,1,120,,0,120
InternVLA-M1,internvla_m1,eggplant,20,7,20290711,1,120,,0,120
InternVLA-M1,internvla_m1,eggplant,21,7,20290712,1,120,,0,120
InternVLA-M1,internvla_m1,eggplant,22,7,20290713,1,120,,0,120
InternVLA-M1,internvla_m1,eggplant,23,7,20290714,1,120,,0,120
InternVLA-M1,internvla_m1,eggplant,0,8,20290715,1,120,,0,120
InternVLA-M1,internvla_m1,eggplant,1,8,20290716,1,120,,0,120
InternVLA-M1,internvla_m1,eggplant,2,8,20290717,1,120,,0,120
InternVLA-M1,internvla_m1,eggplant,3,8,20290718,1,120,,0,120
InternVLA-M1,internvla_m1,eggplant,4,8,20290719,1,120,,0,120
InternVLA-M1,internvla_m1,eggplant,5,8,20290720,1,120,,0,120
InternVLA-M1,internvla_m1,eggplant,6,8,20290721,1,120,,0,120
InternVLA-M1,internvla_m1,eggplant,7,8,20290722,1,120,,0,120
InternVLA-M1,internvla_m1,eggplant,8,8,20290723,1,120,,0,120
InternVLA-M1,internvla_m1,eggplant,9,8,20290724,1,120,,0,120
InternVLA-M1,internvla_m1,eggplant,10,8,20290725,1,120,,0,120
InternVLA-M1,internvla_m1,eggplant,11,8,20290726,1,120,,0,120
InternVLA-M1,internvla_m1,eggplant,12,8,20290727,1,120,,0,120
InternVLA-M1,internvla_m1,eggplant,13,8,20290728,1,120,,0,120
InternVLA-M1,internvla_m1,eggplant,14,8,20290729,1,120,,0,120
InternVLA-M1,internvla_m1,eggplant,15,8,20290730,1,120,,0,120
InternVLA-M1,internvla_m1,eggplant,16,8,20290731,1,120,,0,120
InternVLA-M1,internvla_m1,eggplant,17,8,20290732,1,120,,0,120
InternVLA-M1,internvla_m1,eggplant,18,8,20290733,1,120,,0,120
InternVLA-M1,internvla_m1,eggplant,19,8,20290734,1,120,,0,120
InternVLA-M1,internvla_m1,eggplant,20,8,20290735,0,120,,0,120
InternVLA-M1,internvla_m1,eggplant,21,8,20290736,1,120,,0,120
InternVLA-M1,internvla_m1,eggplant,22,8,20290737,1,120,,0,120
InternVLA-M1,internvla_m1,eggplant,23,8,20290738,1,120,,0,120
InternVLA-M1,internvla_m1,eggplant,0,9,20290739,1,120,,0,120
InternVLA-M1,internvla_m1,eggplant,1,9,20290740,1,120,,0,120
InternVLA-M1,internvla_m1,eggplant,2,9,20290741,1,120,,0,120
InternVLA-M1,internvla_m1,eggplant,3,9,20290742,1,120,,0,120
InternVLA-M1,internvla_m1,eggplant,4,9,20290743,1,120,,0,120
InternVLA-M1,internvla_m1,eggplant,5,9,20290744,1,120,,0,120
InternVLA-M1,internvla_m1,eggplant,6,9,20290745,1,120,,0,120
InternVLA-M1,internvla_m1,eggplant,7,9,20290746,1,120,,0,120
InternVLA-M1,internvla_m1,eggplant,8,9,20290747,1,120,,0,120
InternVLA-M1,internvla_m1,eggplant,9,9,20290748,1,120,,0,120
InternVLA-M1,internvla_m1,eggplant,10,9,20290749,1,120,,0,120
InternVLA-M1,internvla_m1,eggplant,11,9,20290750,1,120,,0,120
InternVLA-M1,internvla_m1,eggplant,12,9,20290751,1,120,,0,120
InternVLA-M1,internvla_m1,eggplant,13,9,20290752,1,120,,0,120
InternVLA-M1,internvla_m1,eggplant,14,9,20290753,1,120,,0,120
InternVLA-M1,internvla_m1,eggplant,15,9,20290754,1,120,,0,120
InternVLA-M1,internvla_m1,eggplant,16,9,20290755,1,120,,0,120
InternVLA-M1,internvla_m1,eggplant,17,9,20290756,0,120,,0,120
InternVLA-M1,internvla_m1,eggplant,18,9,20290757,1,120,,0,120
InternVLA-M1,internvla_m1,eggplant,19,9,20290758,1,120,,0,120
InternVLA-M1,internvla_m1,eggplant,20,9,20290759,1,120,,0,120
InternVLA-M1,internvla_m1,eggplant,21,9,20290760,1,120,,0,120
InternVLA-M1,internvla_m1,eggplant,22,9,20290761,1,120,,0,120
InternVLA-M1,internvla_m1,eggplant,23,9,20290762,1,120,,0,120
InternVLA-M1,internvla_m1,eggplant,0,10,20290763,1,120,,0,120
InternVLA-M1,internvla_m1,eggplant,1,10,20290764,1,120,,0,120
InternVLA-M1,internvla_m1,eggplant,2,10,20290765,1,120,,0,120
InternVLA-M1,internvla_m1,eggplant,3,10,20290766,1,120,,0,120
InternVLA-M1,internvla_m1,eggplant,4,10,20290767,1,120,,0,120
InternVLA-M1,internvla_m1,eggplant,5,10,20290768,1,120,,0,120
InternVLA-M1,internvla_m1,eggplant,6,10,20290769,1,120,,0,120
InternVLA-M1,internvla_m1,eggplant,7,10,20290770,1,120,,0,120
InternVLA-M1,internvla_m1,eggplant,8,10,20290771,1,120,,0,120
InternVLA-M1,internvla_m1,eggplant,9,10,20290772,1,120,,0,120
InternVLA-M1,internvla_m1,eggplant,10,10,20290773,1,120,,0,120
InternVLA-M1,internvla_m1,eggplant,11,10,20290774,1,120,,0,120
InternVLA-M1,internvla_m1,eggplant,12,10,20290775,1,120,,0,120
InternVLA-M1,internvla_m1,eggplant,13,10,20290776,1,120,,0,120
InternVLA-M1,internvla_m1,eggplant,14,10,20290777,1,120,,0,120
InternVLA-M1,internvla_m1,eggplant,15,10,20290778,1,120,,0,120
InternVLA-M1,internvla_m1,eggplant,16,10,20290779,1,120,,0,120
InternVLA-M1,internvla_m1,eggplant,17,10,20290780,0,120,,0,120
InternVLA-M1,internvla_m1,eggplant,18,10,20290781,1,120,,0,120
InternVLA-M1,internvla_m1,eggplant,19,10,20290782,1,120,,0,120
InternVLA-M1,internvla_m1,eggplant,20,10,20290783,1,120,,0,120
InternVLA-M1,internvla_m1,eggplant,21,10,20290784,1,120,,0,120
InternVLA-M1,internvla_m1,eggplant,22,10,20290785,1,120,,0,120
InternVLA-M1,internvla_m1,eggplant,23,10,20290786,1,120,,0,120
InternVLA-M1,internvla_m1,eggplant,0,11,20290787,1,120,,0,120
InternVLA-M1,internvla_m1,eggplant,1,11,20290788,1,120,,0,120
InternVLA-M1,internvla_m1,eggplant,2,11,20290789,1,120,,0,120
InternVLA-M1,internvla_m1,eggplant,3,11,20290790,1,120,,0,120
InternVLA-M1,internvla_m1,eggplant,4,11,20290791,1,120,,0,120
InternVLA-M1,internvla_m1,eggplant,5,11,20290792,1,120,,0,120
InternVLA-M1,internvla_m1,eggplant,6,11,20290793,1,120,,0,120
InternVLA-M1,internvla_m1,eggplant,7,11,20290794,1,120,,0,120
InternVLA-M1,internvla_m1,eggplant,8,11,20290795,1,120,,0,120
InternVLA-M1,internvla_m1,eggplant,9,11,20290796,1,120,,0,120
InternVLA-M1,internvla_m1,eggplant,10,11,20290797,1,120,,0,120
InternVLA-M1,internvla_m1,eggplant,11,11,20290798,1,120,,0,120
InternVLA-M1,internvla_m1,eggplant,12,11,20290799,1,120,,0,120
InternVLA-M1,internvla_m1,eggplant,13,11,20290800,1,120,,0,120
InternVLA-M1,internvla_m1,eggplant,14,11,20290801,1,120,,0,120
InternVLA-M1,internvla_m1,eggplant,15,11,20290802,1,120,,0,120
InternVLA-M1,internvla_m1,eggplant,16,11,20290803,1,120,,0,120
InternVLA-M1,internvla_m1,eggplant,17,11,20290804,1,120,,0,120
InternVLA-M1,internvla_m1,eggplant,18,11,20290805,1,120,,0,120
InternVLA-M1,internvla_m1,eggplant,19,11,20290806,1,120,,0,120
InternVLA-M1,internvla_m1,eggplant,20,11,20290807,0,120,,0,120
InternVLA-M1,internvla_m1,eggplant,21,11,20290808,1,120,,0,120
InternVLA-M1,internvla_m1,eggplant,22,11,20290809,1,120,,0,120
InternVLA-M1,internvla_m1,eggplant,23,11,20290810,1,120,,0,120
xvla,xvla,stack,0,0,20260523,1,56,,0,60
xvla,xvla,stack,1,0,20260524,1,32,,0,60
xvla,xvla,stack,2,0,20260525,1,31,,0,60
xvla,xvla,stack,3,0,20260526,1,25,,0,60
xvla,xvla,stack,4,0,20260527,1,28,,0,60
xvla,xvla,stack,5,0,20260528,0,60,,0,60
xvla,xvla,stack,6,0,20260529,1,37,,0,60
xvla,xvla,stack,7,0,20260530,1,32,,0,60
xvla,xvla,stack,8,0,20260531,1,30,,0,60
xvla,xvla,stack,9,0,20260532,1,30,,0,60
xvla,xvla,stack,10,0,20260533,1,26,,0,60
xvla,xvla,stack,11,0,20260534,1,24,,0,60
xvla,xvla,stack,12,0,20260535,0,60,,0,60
xvla,xvla,stack,13,0,20260536,0,60,,0,60
xvla,xvla,stack,14,0,20260537,0,60,,0,60
xvla,xvla,stack,15,0,20260538,1,39,,0,60
xvla,xvla,stack,16,0,20260539,1,37,,0,60
xvla,xvla,stack,17,0,20260540,0,60,,0,60
xvla,xvla,stack,18,0,20260541,0,60,,0,60
xvla,xvla,stack,19,0,20260542,1,45,,0,60
xvla,xvla,stack,20,0,20260543,1,35,,0,60
xvla,xvla,stack,21,0,20260544,0,60,,0,60
xvla,xvla,stack,22,0,20260545,0,60,,0,60
xvla,xvla,stack,23,0,20260546,1,37,,0,60
xvla,xvla,stack,0,1,20260623,0,60,,0,60
xvla,xvla,stack,1,1,20260624,1,32,,0,60
xvla,xvla,stack,2,1,20260625,1,31,,0,60
xvla,xvla,stack,3,1,20260626,0,60,,0,60
xvla,xvla,stack,4,1,20260627,1,29,,0,60
xvla,xvla,stack,5,1,20260628,0,60,,0,60
xvla,xvla,stack,6,1,20260629,1,35,,0,60
xvla,xvla,stack,7,1,20260630,1,31,,0,60
xvla,xvla,stack,8,1,20260631,1,29,,0,60
xvla,xvla,stack,9,1,20260632,1,29,,0,60
xvla,xvla,stack,10,1,20260633,1,26,,0,60
xvla,xvla,stack,11,1,20260634,1,23,,0,60
xvla,xvla,stack,12,1,20260635,0,60,,0,60
xvla,xvla,stack,13,1,20260636,0,60,,0,60
xvla,xvla,stack,14,1,20260637,0,60,,0,60
xvla,xvla,stack,15,1,20260638,1,40,,0,60
xvla,xvla,stack,16,1,20260639,1,36,,0,60
xvla,xvla,stack,17,1,20260640,0,60,,0,60
xvla,xvla,stack,18,1,20260641,0,60,,0,60
xvla,xvla,stack,19,1,20260642,1,43,,0,60
xvla,xvla,stack,20,1,20260643,1,37,,0,60
xvla,xvla,stack,21,1,20260644,0,60,,0,60
xvla,xvla,stack,22,1,20260645,0,60,,0,60
xvla,xvla,stack,23,1,20260646,0,60,,0,60
xvla,xvla,stack,0,2,20260723,0,60,,0,60
xvla,xvla,stack,1,2,20260724,1,30,,0,60
xvla,xvla,stack,2,2,20260725,1,32,,0,60
xvla,xvla,stack,3,2,20260726,1,25,,0,60
xvla,xvla,stack,4,2,20260727,1,27,,0,60
xvla,xvla,stack,5,2,20260728,0,60,,0,60
xvla,xvla,stack,6,2,20260729,1,35,,0,60
xvla,xvla,stack,7,2,20260730,1,31,,0,60
xvla,xvla,stack,8,2,20260731,1,29,,0,60
xvla,xvla,stack,9,2,20260732,1,29,,0,60
xvla,xvla,stack,10,2,20260733,1,26,,0,60
xvla,xvla,stack,11,2,20260734,1,24,,0,60
xvla,xvla,stack,12,2,20260735,0,60,,0,60
xvla,xvla,stack,13,2,20260736,0,60,,0,60
xvla,xvla,stack,14,2,20260737,0,60,,0,60
xvla,xvla,stack,15,2,20260738,1,39,,0,60
xvla,xvla,stack,16,2,20260739,1,36,,0,60
xvla,xvla,stack,17,2,20260740,0,60,,0,60
xvla,xvla,stack,18,2,20260741,0,60,,0,60
xvla,xvla,stack,19,2,20260742,1,41,,0,60
xvla,xvla,stack,20,2,20260743,1,37,,0,60
xvla,xvla,stack,21,2,20260744,0,60,,0,60
xvla,xvla,stack,22,2,20260745,0,60,,0,60
xvla,xvla,stack,23,2,20260746,1,39,,0,60
xvla,xvla,stack,0,3,20260823,1,54,,0,60
xvla,xvla,stack,1,3,20260824,1,33,,0,60
xvla,xvla,stack,2,3,20260825,1,32,,0,60
xvla,xvla,stack,3,3,20260826,1,24,,0,60
xvla,xvla,stack,4,3,20260827,1,29,,0,60
xvla,xvla,stack,5,3,20260828,0,60,,0,60
xvla,xvla,stack,6,3,20260829,1,36,,0,60
xvla,xvla,stack,7,3,20260830,1,32,,0,60
xvla,xvla,stack,8,3,20260831,1,29,,0,60
xvla,xvla,stack,9,3,20260832,1,29,,0,60
xvla,xvla,stack,10,3,20260833,1,26,,0,60
xvla,xvla,stack,11,3,20260834,1,26,,0,60
xvla,xvla,stack,12,3,20260835,0,60,,0,60
xvla,xvla,stack,13,3,20260836,0,60,,0,60
xvla,xvla,stack,14,3,20260837,0,60,,0,60
xvla,xvla,stack,15,3,20260838,1,40,,0,60
xvla,xvla,stack,16,3,20260839,1,36,,0,60
xvla,xvla,stack,17,3,20260840,0,60,,0,60
xvla,xvla,stack,18,3,20260841,0,60,,0,60
xvla,xvla,stack,19,3,20260842,0,60,,0,60
xvla,xvla,stack,20,3,20260843,1,37,,0,60
xvla,xvla,stack,21,3,20260844,0,60,,0,60
xvla,xvla,stack,22,3,20260845,0,60,,0,60
xvla,xvla,stack,23,3,20260846,0,60,,0,60
xvla,xvla,stack,0,4,20260923,1,55,,0,60
xvla,xvla,stack,1,4,20260924,1,32,,0,60
xvla,xvla,stack,2,4,20260925,1,31,,0,60
xvla,xvla,stack,3,4,20260926,0,60,,0,60
xvla,xvla,stack,4,4,20260927,1,28,,0,60
xvla,xvla,stack,5,4,20260928,0,60,,0,60
xvla,xvla,stack,6,4,20260929,1,37,,0,60
xvla,xvla,stack,7,4,20260930,1,30,,0,60
xvla,xvla,stack,8,4,20260931,1,29,,0,60
xvla,xvla,stack,9,4,20260932,1,30,,0,60
xvla,xvla,stack,10,4,20260933,1,25,,0,60
xvla,xvla,stack,11,4,20260934,1,23,,0,60
xvla,xvla,stack,12,4,20260935,0,60,,0,60
xvla,xvla,stack,13,4,20260936,0,60,,0,60
xvla,xvla,stack,14,4,20260937,0,60,,0,60
xvla,xvla,stack,15,4,20260938,1,39,,0,60
xvla,xvla,stack,16,4,20260939,1,35,,0,60
xvla,xvla,stack,17,4,20260940,0,60,,0,60
xvla,xvla,stack,18,4,20260941,0,60,,0,60
xvla,xvla,stack,19,4,20260942,0,60,,0,60
xvla,xvla,stack,20,4,20260943,1,36,,0,60
xvla,xvla,stack,21,4,20260944,0,60,,0,60
xvla,xvla,stack,22,4,20260945,0,60,,0,60
xvla,xvla,stack,23,4,20260946,1,34,,0,60
xvla,xvla,stack,0,5,20261023,0,60,,0,60
xvla,xvla,stack,1,5,20261024,1,32,,0,60
xvla,xvla,stack,2,5,20261025,1,31,,0,60
xvla,xvla,stack,3,5,20261026,0,60,,0,60
xvla,xvla,stack,4,5,20261027,1,29,,0,60
xvla,xvla,stack,5,5,20261028,0,60,,0,60
xvla,xvla,stack,6,5,20261029,1,36,,0,60
xvla,xvla,stack,7,5,20261030,1,32,,0,60
xvla,xvla,stack,8,5,20261031,1,29,,0,60
xvla,xvla,stack,9,5,20261032,1,37,,0,60
xvla,xvla,stack,10,5,20261033,1,26,,0,60
xvla,xvla,stack,11,5,20261034,1,24,,0,60
xvla,xvla,stack,12,5,20261035,0,60,,0,60
xvla,xvla,stack,13,5,20261036,0,60,,0,60
xvla,xvla,stack,14,5,20261037,0,60,,0,60
xvla,xvla,stack,15,5,20261038,1,39,,0,60
xvla,xvla,stack,16,5,20261039,1,36,,0,60
xvla,xvla,stack,17,5,20261040,0,60,,0,60
xvla,xvla,stack,18,5,20261041,0,60,,0,60
xvla,xvla,stack,19,5,20261042,0,60,,0,60
xvla,xvla,stack,20,5,20261043,1,36,,0,60
xvla,xvla,stack,21,5,20261044,0,60,,0,60
xvla,xvla,stack,22,5,20261045,0,60,,0,60
xvla,xvla,stack,23,5,20261046,1,34,,0,60
xvla,xvla,stack,0,6,20261123,1,30,,0,60
xvla,xvla,stack,1,6,20261124,1,31,,0,60
xvla,xvla,stack,2,6,20261125,1,31,,0,60
xvla,xvla,stack,3,6,20261126,1,28,,0,60
xvla,xvla,stack,4,6,20261127,1,28,,0,60
xvla,xvla,stack,5,6,20261128,0,60,,0,60
xvla,xvla,stack,6,6,20261129,1,36,,0,60
xvla,xvla,stack,7,6,20261130,1,32,,0,60
xvla,xvla,stack,8,6,20261131,1,30,,0,60
xvla,xvla,stack,9,6,20261132,1,30,,0,60
xvla,xvla,stack,10,6,20261133,1,25,,0,60
xvla,xvla,stack,11,6,20261134,1,24,,0,60
xvla,xvla,stack,12,6,20261135,0,60,,0,60
xvla,xvla,stack,13,6,20261136,0,60,,0,60
xvla,xvla,stack,14,6,20261137,0,60,,0,60
xvla,xvla,stack,15,6,20261138,1,39,,0,60
xvla,xvla,stack,16,6,20261139,1,35,,0,60
xvla,xvla,stack,17,6,20261140,0,60,,0,60
xvla,xvla,stack,18,6,20261141,0,60,,0,60
xvla,xvla,stack,19,6,20261142,0,60,,0,60
xvla,xvla,stack,20,6,20261143,1,40,,0,60
xvla,xvla,stack,21,6,20261144,0,60,,0,60
xvla,xvla,stack,22,6,20261145,0,60,,0,60
xvla,xvla,stack,23,6,20261146,1,35,,0,60
xvla,xvla,stack,0,7,20261223,1,30,,0,60
xvla,xvla,stack,1,7,20261224,1,31,,0,60
xvla,xvla,stack,2,7,20261225,1,32,,0,60
xvla,xvla,stack,3,7,20261226,0,60,,0,60
xvla,xvla,stack,4,7,20261227,1,28,,0,60
xvla,xvla,stack,5,7,20261228,0,60,,0,60
xvla,xvla,stack,6,7,20261229,1,36,,0,60
xvla,xvla,stack,7,7,20261230,1,31,,0,60
xvla,xvla,stack,8,7,20261231,1,33,,0,60
xvla,xvla,stack,9,7,20261232,1,30,,0,60
xvla,xvla,stack,10,7,20261233,1,25,,0,60
xvla,xvla,stack,11,7,20261234,1,23,,0,60
xvla,xvla,stack,12,7,20261235,0,60,,0,60
xvla,xvla,stack,13,7,20261236,0,60,,0,60
xvla,xvla,stack,14,7,20261237,0,60,,0,60
xvla,xvla,stack,15,7,20261238,1,39,,0,60
xvla,xvla,stack,16,7,20261239,1,36,,0,60
xvla,xvla,stack,17,7,20261240,0,60,,0,60
xvla,xvla,stack,18,7,20261241,0,60,,0,60
xvla,xvla,stack,19,7,20261242,1,42,,0,60
xvla,xvla,stack,20,7,20261243,1,36,,0,60
xvla,xvla,stack,21,7,20261244,0,60,,0,60
xvla,xvla,stack,22,7,20261245,0,60,,0,60
xvla,xvla,stack,23,7,20261246,1,33,,0,60
xvla,xvla,stack,0,8,20261323,1,55,,0,60
xvla,xvla,stack,1,8,20261324,1,31,,0,60
xvla,xvla,stack,2,8,20261325,1,31,,0,60
xvla,xvla,stack,3,8,20261326,1,28,,0,60
xvla,xvla,stack,4,8,20261327,1,28,,0,60
xvla,xvla,stack,5,8,20261328,0,60,,0,60
xvla,xvla,stack,6,8,20261329,1,35,,0,60
xvla,xvla,stack,7,8,20261330,1,32,,0,60
xvla,xvla,stack,8,8,20261331,1,30,,0,60
xvla,xvla,stack,9,8,20261332,1,29,,0,60
xvla,xvla,stack,10,8,20261333,1,25,,0,60
xvla,xvla,stack,11,8,20261334,1,24,,0,60
xvla,xvla,stack,12,8,20261335,0,60,,0,60
xvla,xvla,stack,13,8,20261336,0,60,,0,60
xvla,xvla,stack,14,8,20261337,0,60,,0,60
xvla,xvla,stack,15,8,20261338,1,39,,0,60
xvla,xvla,stack,16,8,20261339,1,36,,0,60
xvla,xvla,stack,17,8,20261340,0,60,,0,60
xvla,xvla,stack,18,8,20261341,0,60,,0,60
xvla,xvla,stack,19,8,20261342,0,60,,0,60
xvla,xvla,stack,20,8,20261343,1,37,,0,60
xvla,xvla,stack,21,8,20261344,0,60,,0,60
xvla,xvla,stack,22,8,20261345,0,60,,0,60
xvla,xvla,stack,23,8,20261346,1,35,,0,60
xvla,xvla,stack,0,9,20261423,1,30,,0,60
xvla,xvla,stack,1,9,20261424,1,31,,0,60
xvla,xvla,stack,2,9,20261425,1,30,,0,60
xvla,xvla,stack,3,9,20261426,1,27,,0,60
xvla,xvla,stack,4,9,20261427,1,29,,0,60
xvla,xvla,stack,5,9,20261428,0,60,,0,60
xvla,xvla,stack,6,9,20261429,1,36,,0,60
xvla,xvla,stack,7,9,20261430,1,32,,0,60
xvla,xvla,stack,8,9,20261431,1,30,,0,60
xvla,xvla,stack,9,9,20261432,1,30,,0,60
xvla,xvla,stack,10,9,20261433,1,25,,0,60
xvla,xvla,stack,11,9,20261434,1,25,,0,60
xvla,xvla,stack,12,9,20261435,0,60,,0,60
xvla,xvla,stack,13,9,20261436,0,60,,0,60
xvla,xvla,stack,14,9,20261437,0,60,,0,60
xvla,xvla,stack,15,9,20261438,1,40,,0,60
xvla,xvla,stack,16,9,20261439,1,36,,0,60
xvla,xvla,stack,17,9,20261440,0,60,,0,60
xvla,xvla,stack,18,9,20261441,0,60,,0,60
xvla,xvla,stack,19,9,20261442,0,60,,0,60
xvla,xvla,stack,20,9,20261443,1,38,,0,60
xvla,xvla,stack,21,9,20261444,0,60,,0,60
xvla,xvla,stack,22,9,20261445,0,60,,0,60
xvla,xvla,stack,23,9,20261446,0,60,,0,60
xvla,xvla,stack,0,10,20261523,1,30,,0,60
xvla,xvla,stack,1,10,20261524,1,33,,0,60
xvla,xvla,stack,2,10,20261525,1,31,,0,60
xvla,xvla,stack,3,10,20261526,1,28,,0,60
xvla,xvla,stack,4,10,20261527,1,29,,0,60
xvla,xvla,stack,5,10,20261528,0,60,,0,60
xvla,xvla,stack,6,10,20261529,1,36,,0,60
xvla,xvla,stack,7,10,20261530,1,32,,0,60
xvla,xvla,stack,8,10,20261531,1,29,,0,60
xvla,xvla,stack,9,10,20261532,1,29,,0,60
xvla,xvla,stack,10,10,20261533,1,25,,0,60
xvla,xvla,stack,11,10,20261534,1,25,,0,60
xvla,xvla,stack,12,10,20261535,0,60,,0,60
xvla,xvla,stack,13,10,20261536,0,60,,0,60
xvla,xvla,stack,14,10,20261537,0,60,,0,60
xvla,xvla,stack,15,10,20261538,1,39,,0,60
xvla,xvla,stack,16,10,20261539,0,60,,0,60
xvla,xvla,stack,17,10,20261540,0,60,,0,60
xvla,xvla,stack,18,10,20261541,0,60,,0,60
xvla,xvla,stack,19,10,20261542,0,60,,0,60
xvla,xvla,stack,20,10,20261543,1,36,,0,60
xvla,xvla,stack,21,10,20261544,0,60,,0,60
xvla,xvla,stack,22,10,20261545,0,60,,0,60
xvla,xvla,stack,23,10,20261546,1,34,,0,60
xvla,xvla,stack,0,11,20261623,1,54,,0,60
xvla,xvla,stack,1,11,20261624,1,31,,0,60
xvla,xvla,stack,2,11,20261625,1,30,,0,60
xvla,xvla,stack,3,11,20261626,1,25,,0,60
xvla,xvla,stack,4,11,20261627,1,29,,0,60
xvla,xvla,stack,5,11,20261628,0,60,,0,60
xvla,xvla,stack,6,11,20261629,1,36,,0,60
xvla,xvla,stack,7,11,20261630,1,33,,0,60
xvla,xvla,stack,8,11,20261631,1,32,,0,60
xvla,xvla,stack,9,11,20261632,1,29,,0,60
xvla,xvla,stack,10,11,20261633,1,26,,0,60
xvla,xvla,stack,11,11,20261634,1,25,,0,60
xvla,xvla,stack,12,11,20261635,0,60,,0,60
xvla,xvla,stack,13,11,20261636,0,60,,0,60
xvla,xvla,stack,14,11,20261637,0,60,,0,60
xvla,xvla,stack,15,11,20261638,1,40,,0,60
xvla,xvla,stack,16,11,20261639,1,35,,0,60
xvla,xvla,stack,17,11,20261640,0,60,,0,60
xvla,xvla,stack,18,11,20261641,0,60,,0,60
xvla,xvla,stack,19,11,20261642,0,60,,0,60
xvla,xvla,stack,20,11,20261643,1,37,,0,60
xvla,xvla,stack,21,11,20261644,0,60,,0,60
xvla,xvla,stack,22,11,20261645,0,60,,0,60
xvla,xvla,stack,23,11,20261646,0,60,,0,60
xvla,xvla,carrot,0,0,20270523,1,26,,0,60
xvla,xvla,carrot,1,0,20270524,0,60,,0,60
xvla,xvla,carrot,2,0,20270525,1,27,,0,60
xvla,xvla,carrot,3,0,20270526,0,60,,0,60
xvla,xvla,carrot,4,0,20270527,1,26,,0,60
xvla,xvla,carrot,5,0,20270528,0,60,,0,60
xvla,xvla,carrot,6,0,20270529,1,25,,0,60
xvla,xvla,carrot,7,0,20270530,0,60,,0,60
xvla,xvla,carrot,8,0,20270531,1,26,,0,60
xvla,xvla,carrot,9,0,20270532,0,60,,0,60
xvla,xvla,carrot,10,0,20270533,1,24,,0,60
xvla,xvla,carrot,11,0,20270534,0,60,,0,60
xvla,xvla,carrot,12,0,20270535,1,26,,0,60
xvla,xvla,carrot,13,0,20270536,1,28,,0,60
xvla,xvla,carrot,14,0,20270537,1,29,,0,60
xvla,xvla,carrot,15,0,20270538,0,60,,0,60
xvla,xvla,carrot,16,0,20270539,1,26,,0,60
xvla,xvla,carrot,17,0,20270540,1,30,,0,60
xvla,xvla,carrot,18,0,20270541,1,27,,0,60
xvla,xvla,carrot,19,0,20270542,1,29,,0,60
xvla,xvla,carrot,20,0,20270543,1,25,,0,60
xvla,xvla,carrot,21,0,20270544,1,26,,0,60
xvla,xvla,carrot,22,0,20270545,1,25,,0,60
xvla,xvla,carrot,23,0,20270546,1,28,,0,60
xvla,xvla,carrot,0,1,20270623,1,27,,0,60
xvla,xvla,carrot,1,1,20270624,0,60,,0,60
xvla,xvla,carrot,2,1,20270625,1,27,,0,60
xvla,xvla,carrot,3,1,20270626,0,60,,0,60
xvla,xvla,carrot,4,1,20270627,1,26,,0,60
xvla,xvla,carrot,5,1,20270628,0,60,,0,60
xvla,xvla,carrot,6,1,20270629,1,52,,0,60
xvla,xvla,carrot,7,1,20270630,0,60,,0,60
xvla,xvla,carrot,8,1,20270631,1,26,,0,60
xvla,xvla,carrot,9,1,20270632,0,60,,0,60
xvla,xvla,carrot,10,1,20270633,1,24,,0,60
xvla,xvla,carrot,11,1,20270634,0,60,,0,60
xvla,xvla,carrot,12,1,20270635,1,51,,0,60
xvla,xvla,carrot,13,1,20270636,1,27,,0,60
xvla,xvla,carrot,14,1,20270637,1,29,,0,60
xvla,xvla,carrot,15,1,20270638,0,60,,0,60
xvla,xvla,carrot,16,1,20270639,1,26,,0,60
xvla,xvla,carrot,17,1,20270640,1,30,,0,60
xvla,xvla,carrot,18,1,20270641,1,26,,0,60
xvla,xvla,carrot,19,1,20270642,0,60,,0,60
xvla,xvla,carrot,20,1,20270643,1,24,,0,60
xvla,xvla,carrot,21,1,20270644,1,26,,0,60
xvla,xvla,carrot,22,1,20270645,1,26,,0,60
xvla,xvla,carrot,23,1,20270646,1,29,,0,60
xvla,xvla,carrot,0,2,20270723,1,27,,0,60
xvla,xvla,carrot,1,2,20270724,0,60,,0,60
xvla,xvla,carrot,2,2,20270725,1,28,,0,60
xvla,xvla,carrot,3,2,20270726,0,60,,0,60
xvla,xvla,carrot,4,2,20270727,1,27,,0,60
xvla,xvla,carrot,5,2,20270728,0,60,,0,60
xvla,xvla,carrot,6,2,20270729,1,25,,0,60
xvla,xvla,carrot,7,2,20270730,1,58,,0,60
xvla,xvla,carrot,8,2,20270731,1,26,,0,60
xvla,xvla,carrot,9,2,20270732,0,60,,0,60
xvla,xvla,carrot,10,2,20270733,1,24,,0,60
xvla,xvla,carrot,11,2,20270734,0,60,,0,60
xvla,xvla,carrot,12,2,20270735,1,26,,0,60
xvla,xvla,carrot,13,2,20270736,1,27,,0,60
xvla,xvla,carrot,14,2,20270737,1,29,,0,60
xvla,xvla,carrot,15,2,20270738,1,30,,0,60
xvla,xvla,carrot,16,2,20270739,1,26,,0,60
xvla,xvla,carrot,17,2,20270740,1,30,,0,60
xvla,xvla,carrot,18,2,20270741,1,24,,0,60
xvla,xvla,carrot,19,2,20270742,1,28,,0,60
xvla,xvla,carrot,20,2,20270743,1,25,,0,60
xvla,xvla,carrot,21,2,20270744,1,26,,0,60
xvla,xvla,carrot,22,2,20270745,1,25,,0,60
xvla,xvla,carrot,23,2,20270746,1,29,,0,60
xvla,xvla,carrot,0,3,20270823,1,27,,0,60
xvla,xvla,carrot,1,3,20270824,0,60,,0,60
xvla,xvla,carrot,2,3,20270825,1,26,,0,60
xvla,xvla,carrot,3,3,20270826,0,60,,0,60
xvla,xvla,carrot,4,3,20270827,1,26,,0,60
xvla,xvla,carrot,5,3,20270828,0,60,,0,60
xvla,xvla,carrot,6,3,20270829,1,25,,0,60
xvla,xvla,carrot,7,3,20270830,0,60,,0,60
xvla,xvla,carrot,8,3,20270831,1,26,,0,60
xvla,xvla,carrot,9,3,20270832,0,60,,0,60
xvla,xvla,carrot,10,3,20270833,1,24,,0,60
xvla,xvla,carrot,11,3,20270834,0,60,,0,60
xvla,xvla,carrot,12,3,20270835,1,26,,0,60
xvla,xvla,carrot,13,3,20270836,0,60,,0,60
xvla,xvla,carrot,14,3,20270837,1,28,,0,60
xvla,xvla,carrot,15,3,20270838,1,30,,0,60
xvla,xvla,carrot,16,3,20270839,1,26,,0,60
xvla,xvla,carrot,17,3,20270840,1,31,,0,60
xvla,xvla,carrot,18,3,20270841,1,26,,0,60
xvla,xvla,carrot,19,3,20270842,1,30,,0,60
xvla,xvla,carrot,20,3,20270843,1,24,,0,60
xvla,xvla,carrot,21,3,20270844,1,25,,0,60
xvla,xvla,carrot,22,3,20270845,1,26,,0,60
xvla,xvla,carrot,23,3,20270846,1,28,,0,60
xvla,xvla,carrot,0,4,20270923,1,27,,0,60
xvla,xvla,carrot,1,4,20270924,0,60,,0,60
xvla,xvla,carrot,2,4,20270925,1,27,,0,60
xvla,xvla,carrot,3,4,20270926,0,60,,0,60
xvla,xvla,carrot,4,4,20270927,1,26,,0,60
xvla,xvla,carrot,5,4,20270928,0,60,,0,60
xvla,xvla,carrot,6,4,20270929,1,24,,0,60
xvla,xvla,carrot,7,4,20270930,0,60,,0,60
xvla,xvla,carrot,8,4,20270931,1,26,,0,60
xvla,xvla,carrot,9,4,20270932,0,60,,0,60
xvla,xvla,carrot,10,4,20270933,1,24,,0,60
xvla,xvla,carrot,11,4,20270934,0,60,,0,60
xvla,xvla,carrot,12,4,20270935,1,26,,0,60
xvla,xvla,carrot,13,4,20270936,0,60,,0,60
xvla,xvla,carrot,14,4,20270937,1,28,,0,60
xvla,xvla,carrot,15,4,20270938,0,60,,0,60
xvla,xvla,carrot,16,4,20270939,1,27,,0,60
xvla,xvla,carrot,17,4,20270940,1,30,,0,60
xvla,xvla,carrot,18,4,20270941,1,26,,0,60
xvla,xvla,carrot,19,4,20270942,1,29,,0,60
xvla,xvla,carrot,20,4,20270943,1,24,,0,60
xvla,xvla,carrot,21,4,20270944,1,26,,0,60
xvla,xvla,carrot,22,4,20270945,1,25,,0,60
xvla,xvla,carrot,23,4,20270946,1,28,,0,60
xvla,xvla,carrot,0,5,20271023,1,27,,0,60
xvla,xvla,carrot,1,5,20271024,0,60,,0,60
xvla,xvla,carrot,2,5,20271025,1,26,,0,60
xvla,xvla,carrot,3,5,20271026,0,60,,0,60
xvla,xvla,carrot,4,5,20271027,1,26,,0,60
xvla,xvla,carrot,5,5,20271028,0,60,,0,60
xvla,xvla,carrot,6,5,20271029,1,25,,0,60
xvla,xvla,carrot,7,5,20271030,1,58,,0,60
xvla,xvla,carrot,8,5,20271031,1,27,,0,60
xvla,xvla,carrot,9,5,20271032,0,60,,0,60
xvla,xvla,carrot,10,5,20271033,1,24,,0,60
xvla,xvla,carrot,11,5,20271034,0,60,,0,60
xvla,xvla,carrot,12,5,20271035,0,60,,0,60
xvla,xvla,carrot,13,5,20271036,1,28,,0,60
xvla,xvla,carrot,14,5,20271037,1,28,,0,60
xvla,xvla,carrot,15,5,20271038,0,60,,0,60
xvla,xvla,carrot,16,5,20271039,1,26,,0,60
xvla,xvla,carrot,17,5,20271040,1,31,,0,60
xvla,xvla,carrot,18,5,20271041,1,26,,0,60
xvla,xvla,carrot,19,5,20271042,1,28,,0,60
xvla,xvla,carrot,20,5,20271043,1,24,,0,60
xvla,xvla,carrot,21,5,20271044,1,26,,0,60
xvla,xvla,carrot,22,5,20271045,1,25,,0,60
xvla,xvla,carrot,23,5,20271046,1,30,,0,60
xvla,xvla,carrot,0,6,20271123,1,26,,0,60
xvla,xvla,carrot,1,6,20271124,0,60,,0,60
xvla,xvla,carrot,2,6,20271125,0,60,,0,60
xvla,xvla,carrot,3,6,20271126,0,60,,0,60
xvla,xvla,carrot,4,6,20271127,1,27,,0,60
xvla,xvla,carrot,5,6,20271128,0,60,,0,60
xvla,xvla,carrot,6,6,20271129,1,25,,0,60
xvla,xvla,carrot,7,6,20271130,1,60,,0,60
xvla,xvla,carrot,8,6,20271131,1,26,,0,60
xvla,xvla,carrot,9,6,20271132,0,60,,0,60
xvla,xvla,carrot,10,6,20271133,1,24,,0,60
xvla,xvla,carrot,11,6,20271134,0,60,,0,60
xvla,xvla,carrot,12,6,20271135,1,25,,0,60
xvla,xvla,carrot,13,6,20271136,1,28,,0,60
xvla,xvla,carrot,14,6,20271137,1,28,,0,60
xvla,xvla,carrot,15,6,20271138,1,30,,0,60
xvla,xvla,carrot,16,6,20271139,1,26,,0,60
xvla,xvla,carrot,17,6,20271140,1,30,,0,60
xvla,xvla,carrot,18,6,20271141,1,24,,0,60
xvla,xvla,carrot,19,6,20271142,1,29,,0,60
xvla,xvla,carrot,20,6,20271143,1,24,,0,60
xvla,xvla,carrot,21,6,20271144,1,27,,0,60
xvla,xvla,carrot,22,6,20271145,1,26,,0,60
xvla,xvla,carrot,23,6,20271146,1,29,,0,60
xvla,xvla,carrot,0,7,20271223,1,27,,0,60
xvla,xvla,carrot,1,7,20271224,0,60,,0,60
xvla,xvla,carrot,2,7,20271225,1,26,,0,60
xvla,xvla,carrot,3,7,20271226,0,60,,0,60
xvla,xvla,carrot,4,7,20271227,1,26,,0,60
xvla,xvla,carrot,5,7,20271228,0,60,,0,60
xvla,xvla,carrot,6,7,20271229,1,25,,0,60
xvla,xvla,carrot,7,7,20271230,0,60,,0,60
xvla,xvla,carrot,8,7,20271231,1,26,,0,60
xvla,xvla,carrot,9,7,20271232,0,60,,0,60
xvla,xvla,carrot,10,7,20271233,1,24,,0,60
xvla,xvla,carrot,11,7,20271234,0,60,,0,60
xvla,xvla,carrot,12,7,20271235,1,26,,0,60
xvla,xvla,carrot,13,7,20271236,1,28,,0,60
xvla,xvla,carrot,14,7,20271237,1,28,,0,60
xvla,xvla,carrot,15,7,20271238,0,60,,0,60
xvla,xvla,carrot,16,7,20271239,1,26,,0,60
xvla,xvla,carrot,17,7,20271240,1,30,,0,60
xvla,xvla,carrot,18,7,20271241,1,25,,0,60
xvla,xvla,carrot,19,7,20271242,1,29,,0,60
xvla,xvla,carrot,20,7,20271243,1,24,,0,60
xvla,xvla,carrot,21,7,20271244,1,27,,0,60
xvla,xvla,carrot,22,7,20271245,1,24,,0,60
xvla,xvla,carrot,23,7,20271246,1,30,,0,60
xvla,xvla,carrot,0,8,20271323,1,27,,0,60
xvla,xvla,carrot,1,8,20271324,0,60,,0,60
xvla,xvla,carrot,2,8,20271325,1,27,,0,60
xvla,xvla,carrot,3,8,20271326,0,60,,0,60
xvla,xvla,carrot,4,8,20271327,1,26,,0,60
xvla,xvla,carrot,5,8,20271328,0,60,,0,60
xvla,xvla,carrot,6,8,20271329,1,25,,0,60
xvla,xvla,carrot,7,8,20271330,0,60,,0,60
xvla,xvla,carrot,8,8,20271331,1,27,,0,60
xvla,xvla,carrot,9,8,20271332,0,60,,0,60
xvla,xvla,carrot,10,8,20271333,1,24,,0,60
xvla,xvla,carrot,11,8,20271334,0,60,,0,60
xvla,xvla,carrot,12,8,20271335,1,26,,0,60
xvla,xvla,carrot,13,8,20271336,0,60,,0,60
xvla,xvla,carrot,14,8,20271337,1,29,,0,60
xvla,xvla,carrot,15,8,20271338,0,60,,0,60
xvla,xvla,carrot,16,8,20271339,1,26,,0,60
xvla,xvla,carrot,17,8,20271340,1,31,,0,60
xvla,xvla,carrot,18,8,20271341,1,25,,0,60
xvla,xvla,carrot,19,8,20271342,1,29,,0,60
xvla,xvla,carrot,20,8,20271343,1,24,,0,60
xvla,xvla,carrot,21,8,20271344,1,26,,0,60
xvla,xvla,carrot,22,8,20271345,1,25,,0,60
xvla,xvla,carrot,23,8,20271346,1,28,,0,60
xvla,xvla,carrot,0,9,20271423,1,27,,0,60
xvla,xvla,carrot,1,9,20271424,0,60,,0,60
xvla,xvla,carrot,2,9,20271425,1,26,,0,60
xvla,xvla,carrot,3,9,20271426,0,60,,0,60
xvla,xvla,carrot,4,9,20271427,1,26,,0,60
xvla,xvla,carrot,5,9,20271428,0,60,,0,60
xvla,xvla,carrot,6,9,20271429,1,25,,0,60
xvla,xvla,carrot,7,9,20271430,0,60,,0,60
xvla,xvla,carrot,8,9,20271431,1,26,,0,60
xvla,xvla,carrot,9,9,20271432,0,60,,0,60
xvla,xvla,carrot,10,9,20271433,1,24,,0,60
xvla,xvla,carrot,11,9,20271434,0,60,,0,60
xvla,xvla,carrot,12,9,20271435,0,60,,0,60
xvla,xvla,carrot,13,9,20271436,1,27,,0,60
xvla,xvla,carrot,14,9,20271437,1,29,,0,60
xvla,xvla,carrot,15,9,20271438,0,60,,0,60
xvla,xvla,carrot,16,9,20271439,1,26,,0,60
xvla,xvla,carrot,17,9,20271440,1,31,,0,60
xvla,xvla,carrot,18,9,20271441,1,25,,0,60
xvla,xvla,carrot,19,9,20271442,1,28,,0,60
xvla,xvla,carrot,20,9,20271443,1,25,,0,60
xvla,xvla,carrot,21,9,20271444,1,27,,0,60
xvla,xvla,carrot,22,9,20271445,1,24,,0,60
xvla,xvla,carrot,23,9,20271446,1,30,,0,60
xvla,xvla,carrot,0,10,20271523,1,28,,0,60
xvla,xvla,carrot,1,10,20271524,1,59,,0,60
xvla,xvla,carrot,2,10,20271525,1,27,,0,60
xvla,xvla,carrot,3,10,20271526,0,60,,0,60
xvla,xvla,carrot,4,10,20271527,1,26,,0,60
xvla,xvla,carrot,5,10,20271528,0,60,,0,60
xvla,xvla,carrot,6,10,20271529,1,25,,0,60
xvla,xvla,carrot,7,10,20271530,0,60,,0,60
xvla,xvla,carrot,8,10,20271531,1,27,,0,60
xvla,xvla,carrot,9,10,20271532,1,31,,0,60
xvla,xvla,carrot,10,10,20271533,1,24,,0,60
xvla,xvla,carrot,11,10,20271534,0,60,,0,60
xvla,xvla,carrot,12,10,20271535,1,26,,0,60
xvla,xvla,carrot,13,10,20271536,1,28,,0,60
xvla,xvla,carrot,14,10,20271537,1,28,,0,60
xvla,xvla,carrot,15,10,20271538,0,60,,0,60
xvla,xvla,carrot,16,10,20271539,1,26,,0,60
xvla,xvla,carrot,17,10,20271540,1,30,,0,60
xvla,xvla,carrot,18,10,20271541,1,26,,0,60
xvla,xvla,carrot,19,10,20271542,1,28,,0,60
xvla,xvla,carrot,20,10,20271543,1,25,,0,60
xvla,xvla,carrot,21,10,20271544,1,25,,0,60
xvla,xvla,carrot,22,10,20271545,1,24,,0,60
xvla,xvla,carrot,23,10,20271546,1,28,,0,60
xvla,xvla,carrot,0,11,20271623,1,27,,0,60
xvla,xvla,carrot,1,11,20271624,0,60,,0,60
xvla,xvla,carrot,2,11,20271625,1,27,,0,60
xvla,xvla,carrot,3,11,20271626,0,60,,0,60
xvla,xvla,carrot,4,11,20271627,1,25,,0,60
xvla,xvla,carrot,5,11,20271628,0,60,,0,60
xvla,xvla,carrot,6,11,20271629,1,52,,0,60
xvla,xvla,carrot,7,11,20271630,0,60,,0,60
xvla,xvla,carrot,8,11,20271631,1,27,,0,60
xvla,xvla,carrot,9,11,20271632,0,60,,0,60
xvla,xvla,carrot,10,11,20271633,1,24,,0,60
xvla,xvla,carrot,11,11,20271634,0,60,,0,60
xvla,xvla,carrot,12,11,20271635,0,60,,0,60
xvla,xvla,carrot,13,11,20271636,1,53,,0,60
xvla,xvla,carrot,14,11,20271637,1,29,,0,60
xvla,xvla,carrot,15,11,20271638,1,30,,0,60
xvla,xvla,carrot,16,11,20271639,1,26,,0,60
xvla,xvla,carrot,17,11,20271640,1,29,,0,60
xvla,xvla,carrot,18,11,20271641,0,60,,0,60
xvla,xvla,carrot,19,11,20271642,1,28,,0,60
xvla,xvla,carrot,20,11,20271643,1,24,,0,60
xvla,xvla,carrot,21,11,20271644,1,26,,0,60
xvla,xvla,carrot,22,11,20271645,1,25,,0,60
xvla,xvla,carrot,23,11,20271646,1,28,,0,60
xvla,xvla,spoon,0,0,20280523,1,29,,0,60
xvla,xvla,spoon,1,0,20280524,1,39,,0,60
xvla,xvla,spoon,2,0,20280525,1,25,,0,60
xvla,xvla,spoon,3,0,20280526,1,33,,0,60
xvla,xvla,spoon,4,0,20280527,0,60,,0,60
xvla,xvla,spoon,5,0,20280528,1,37,,0,60
xvla,xvla,spoon,6,0,20280529,1,26,,0,60
xvla,xvla,spoon,7,0,20280530,1,31,,0,60
xvla,xvla,spoon,8,0,20280531,1,27,,0,60
xvla,xvla,spoon,9,0,20280532,1,37,,0,60
xvla,xvla,spoon,10,0,20280533,1,24,,0,60
xvla,xvla,spoon,11,0,20280534,0,60,,0,60
xvla,xvla,spoon,12,0,20280535,1,28,,0,60
xvla,xvla,spoon,13,0,20280536,1,33,,0,60
xvla,xvla,spoon,14,0,20280537,1,28,,0,60
xvla,xvla,spoon,15,0,20280538,1,34,,0,60
xvla,xvla,spoon,16,0,20280539,1,28,,0,60
xvla,xvla,spoon,17,0,20280540,1,30,,0,60
xvla,xvla,spoon,18,0,20280541,1,27,,0,60
xvla,xvla,spoon,19,0,20280542,1,36,,0,60
xvla,xvla,spoon,20,0,20280543,1,24,,0,60
xvla,xvla,spoon,21,0,20280544,1,28,,0,60
xvla,xvla,spoon,22,0,20280545,1,27,,0,60
xvla,xvla,spoon,23,0,20280546,1,32,,0,60
xvla,xvla,spoon,0,1,20280623,1,28,,0,60
xvla,xvla,spoon,1,1,20280624,1,39,,0,60
xvla,xvla,spoon,2,1,20280625,1,27,,0,60
xvla,xvla,spoon,3,1,20280626,1,34,,0,60
xvla,xvla,spoon,4,1,20280627,0,60,,0,60
xvla,xvla,spoon,5,1,20280628,1,37,,0,60
xvla,xvla,spoon,6,1,20280629,1,27,,0,60
xvla,xvla,spoon,7,1,20280630,1,31,,0,60
xvla,xvla,spoon,8,1,20280631,1,26,,0,60
xvla,xvla,spoon,9,1,20280632,1,34,,0,60
xvla,xvla,spoon,10,1,20280633,1,25,,0,60
xvla,xvla,spoon,11,1,20280634,0,60,,0,60
xvla,xvla,spoon,12,1,20280635,1,28,,0,60
xvla,xvla,spoon,13,1,20280636,1,30,,0,60
xvla,xvla,spoon,14,1,20280637,1,28,,0,60
xvla,xvla,spoon,15,1,20280638,1,31,,0,60
xvla,xvla,spoon,16,1,20280639,1,28,,0,60
xvla,xvla,spoon,17,1,20280640,1,30,,0,60
xvla,xvla,spoon,18,1,20280641,1,28,,0,60
xvla,xvla,spoon,19,1,20280642,1,37,,0,60
xvla,xvla,spoon,20,1,20280643,1,24,,0,60
xvla,xvla,spoon,21,1,20280644,1,30,,0,60
xvla,xvla,spoon,22,1,20280645,1,60,,0,60
xvla,xvla,spoon,23,1,20280646,1,30,,0,60
xvla,xvla,spoon,0,2,20280723,1,27,,0,60
xvla,xvla,spoon,1,2,20280724,1,38,,0,60
xvla,xvla,spoon,2,2,20280725,1,26,,0,60
xvla,xvla,spoon,3,2,20280726,1,35,,0,60
xvla,xvla,spoon,4,2,20280727,0,60,,0,60
xvla,xvla,spoon,5,2,20280728,1,36,,0,60
xvla,xvla,spoon,6,2,20280729,1,28,,0,60
xvla,xvla,spoon,7,2,20280730,1,36,,0,60
xvla,xvla,spoon,8,2,20280731,1,25,,0,60
xvla,xvla,spoon,9,2,20280732,1,35,,0,60
xvla,xvla,spoon,10,2,20280733,1,25,,0,60
xvla,xvla,spoon,11,2,20280734,0,60,,0,60
xvla,xvla,spoon,12,2,20280735,1,28,,0,60
xvla,xvla,spoon,13,2,20280736,1,29,,0,60
xvla,xvla,spoon,14,2,20280737,1,28,,0,60
xvla,xvla,spoon,15,2,20280738,1,31,,0,60
xvla,xvla,spoon,16,2,20280739,1,28,,0,60
xvla,xvla,spoon,17,2,20280740,1,29,,0,60
xvla,xvla,spoon,18,2,20280741,1,28,,0,60
xvla,xvla,spoon,19,2,20280742,1,36,,0,60
xvla,xvla,spoon,20,2,20280743,1,25,,0,60
xvla,xvla,spoon,21,2,20280744,0,60,,0,60
xvla,xvla,spoon,22,2,20280745,1,27,,0,60
xvla,xvla,spoon,23,2,20280746,1,32,,0,60
xvla,xvla,spoon,0,3,20280823,1,29,,0,60
xvla,xvla,spoon,1,3,20280824,1,38,,0,60
xvla,xvla,spoon,2,3,20280825,1,26,,0,60
xvla,xvla,spoon,3,3,20280826,1,34,,0,60
xvla,xvla,spoon,4,3,20280827,0,60,,0,60
xvla,xvla,spoon,5,3,20280828,1,36,,0,60
xvla,xvla,spoon,6,3,20280829,1,27,,0,60
xvla,xvla,spoon,7,3,20280830,1,31,,0,60
xvla,xvla,spoon,8,3,20280831,1,26,,0,60
xvla,xvla,spoon,9,3,20280832,1,35,,0,60
xvla,xvla,spoon,10,3,20280833,1,25,,0,60
xvla,xvla,spoon,11,3,20280834,0,60,,0,60
xvla,xvla,spoon,12,3,20280835,1,28,,0,60
xvla,xvla,spoon,13,3,20280836,1,30,,0,60
xvla,xvla,spoon,14,3,20280837,1,28,,0,60
xvla,xvla,spoon,15,3,20280838,1,31,,0,60
xvla,xvla,spoon,16,3,20280839,1,28,,0,60
xvla,xvla,spoon,17,3,20280840,1,30,,0,60
xvla,xvla,spoon,18,3,20280841,1,28,,0,60
xvla,xvla,spoon,19,3,20280842,1,36,,0,60
xvla,xvla,spoon,20,3,20280843,1,25,,0,60
xvla,xvla,spoon,21,3,20280844,1,28,,0,60
xvla,xvla,spoon,22,3,20280845,1,26,,0,60
xvla,xvla,spoon,23,3,20280846,1,31,,0,60
xvla,xvla,spoon,0,4,20280923,1,29,,0,60
xvla,xvla,spoon,1,4,20280924,0,60,,0,60
xvla,xvla,spoon,2,4,20280925,1,60,,0,60
xvla,xvla,spoon,3,4,20280926,1,34,,0,60
xvla,xvla,spoon,4,4,20280927,0,60,,0,60
xvla,xvla,spoon,5,4,20280928,1,34,,0,60
xvla,xvla,spoon,6,4,20280929,1,27,,0,60
xvla,xvla,spoon,7,4,20280930,1,40,,0,60
xvla,xvla,spoon,8,4,20280931,1,26,,0,60
xvla,xvla,spoon,9,4,20280932,1,36,,0,60
xvla,xvla,spoon,10,4,20280933,1,25,,0,60
xvla,xvla,spoon,11,4,20280934,0,60,,0,60
xvla,xvla,spoon,12,4,20280935,1,28,,0,60
xvla,xvla,spoon,13,4,20280936,1,30,,0,60
xvla,xvla,spoon,14,4,20280937,1,28,,0,60
xvla,xvla,spoon,15,4,20280938,1,33,,0,60
xvla,xvla,spoon,16,4,20280939,1,29,,0,60
xvla,xvla,spoon,17,4,20280940,1,30,,0,60
xvla,xvla,spoon,18,4,20280941,1,28,,0,60
xvla,xvla,spoon,19,4,20280942,1,34,,0,60
xvla,xvla,spoon,20,4,20280943,1,25,,0,60
xvla,xvla,spoon,21,4,20280944,1,29,,0,60
xvla,xvla,spoon,22,4,20280945,1,24,,0,60
xvla,xvla,spoon,23,4,20280946,1,32,,0,60
xvla,xvla,spoon,0,5,20281023,0,60,,0,60
xvla,xvla,spoon,1,5,20281024,1,39,,0,60
xvla,xvla,spoon,2,5,20281025,1,25,,0,60
xvla,xvla,spoon,3,5,20281026,1,34,,0,60
xvla,xvla,spoon,4,5,20281027,0,60,,0,60
xvla,xvla,spoon,5,5,20281028,1,37,,0,60
xvla,xvla,spoon,6,5,20281029,1,27,,0,60
xvla,xvla,spoon,7,5,20281030,1,31,,0,60
xvla,xvla,spoon,8,5,20281031,1,25,,0,60
xvla,xvla,spoon,9,5,20281032,1,31,,0,60
xvla,xvla,spoon,10,5,20281033,1,25,,0,60
xvla,xvla,spoon,11,5,20281034,0,60,,0,60
xvla,xvla,spoon,12,5,20281035,1,28,,0,60
xvla,xvla,spoon,13,5,20281036,1,30,,0,60
xvla,xvla,spoon,14,5,20281037,1,29,,0,60
xvla,xvla,spoon,15,5,20281038,1,35,,0,60
xvla,xvla,spoon,16,5,20281039,1,29,,0,60
xvla,xvla,spoon,17,5,20281040,1,31,,0,60
xvla,xvla,spoon,18,5,20281041,1,28,,0,60
xvla,xvla,spoon,19,5,20281042,1,34,,0,60
xvla,xvla,spoon,20,5,20281043,1,25,,0,60
xvla,xvla,spoon,21,5,20281044,1,29,,0,60
xvla,xvla,spoon,22,5,20281045,1,25,,0,60
xvla,xvla,spoon,23,5,20281046,1,31,,0,60
xvla,xvla,spoon,0,6,20281123,1,28,,0,60
xvla,xvla,spoon,1,6,20281124,1,38,,0,60
xvla,xvla,spoon,2,6,20281125,1,26,,0,60
xvla,xvla,spoon,3,6,20281126,1,35,,0,60
xvla,xvla,spoon,4,6,20281127,0,60,,0,60
xvla,xvla,spoon,5,6,20281128,1,36,,0,60
xvla,xvla,spoon,6,6,20281129,1,27,,0,60
xvla,xvla,spoon,7,6,20281130,1,31,,0,60
xvla,xvla,spoon,8,6,20281131,1,26,,0,60
xvla,xvla,spoon,9,6,20281132,1,36,,0,60
xvla,xvla,spoon,10,6,20281133,1,24,,0,60
xvla,xvla,spoon,11,6,20281134,0,60,,0,60
xvla,xvla,spoon,12,6,20281135,1,28,,0,60
xvla,xvla,spoon,13,6,20281136,1,29,,0,60
xvla,xvla,spoon,14,6,20281137,1,28,,0,60
xvla,xvla,spoon,15,6,20281138,1,33,,0,60
xvla,xvla,spoon,16,6,20281139,1,28,,0,60
xvla,xvla,spoon,17,6,20281140,1,30,,0,60
xvla,xvla,spoon,18,6,20281141,1,28,,0,60
xvla,xvla,spoon,19,6,20281142,1,35,,0,60
xvla,xvla,spoon,20,6,20281143,1,25,,0,60
xvla,xvla,spoon,21,6,20281144,1,29,,0,60
xvla,xvla,spoon,22,6,20281145,1,25,,0,60
xvla,xvla,spoon,23,6,20281146,1,30,,0,60
xvla,xvla,spoon,0,7,20281223,1,27,,0,60
xvla,xvla,spoon,1,7,20281224,1,38,,0,60
xvla,xvla,spoon,2,7,20281225,1,26,,0,60
xvla,xvla,spoon,3,7,20281226,1,34,,0,60
xvla,xvla,spoon,4,7,20281227,0,60,,0,60
xvla,xvla,spoon,5,7,20281228,1,35,,0,60
xvla,xvla,spoon,6,7,20281229,1,26,,0,60
xvla,xvla,spoon,7,7,20281230,1,31,,0,60
xvla,xvla,spoon,8,7,20281231,1,26,,0,60
xvla,xvla,spoon,9,7,20281232,1,34,,0,60
xvla,xvla,spoon,10,7,20281233,1,25,,0,60
xvla,xvla,spoon,11,7,20281234,0,60,,0,60
xvla,xvla,spoon,12,7,20281235,1,28,,0,60
xvla,xvla,spoon,13,7,20281236,1,33,,0,60
xvla,xvla,spoon,14,7,20281237,1,29,,0,60
xvla,xvla,spoon,15,7,20281238,1,31,,0,60
xvla,xvla,spoon,16,7,20281239,1,28,,0,60
xvla,xvla,spoon,17,7,20281240,1,20,,0,60
xvla,xvla,spoon,18,7,20281241,1,28,,0,60
xvla,xvla,spoon,19,7,20281242,1,37,,0,60
xvla,xvla,spoon,20,7,20281243,1,25,,0,60
xvla,xvla,spoon,21,7,20281244,1,29,,0,60
xvla,xvla,spoon,22,7,20281245,1,26,,0,60
xvla,xvla,spoon,23,7,20281246,1,33,,0,60
xvla,xvla,spoon,0,8,20281323,1,29,,0,60
xvla,xvla,spoon,1,8,20281324,1,38,,0,60
xvla,xvla,spoon,2,8,20281325,1,26,,0,60
xvla,xvla,spoon,3,8,20281326,1,33,,0,60
xvla,xvla,spoon,4,8,20281327,0,60,,0,60
xvla,xvla,spoon,5,8,20281328,1,35,,0,60
xvla,xvla,spoon,6,8,20281329,1,27,,0,60
xvla,xvla,spoon,7,8,20281330,1,31,,0,60
xvla,xvla,spoon,8,8,20281331,1,26,,0,60
xvla,xvla,spoon,9,8,20281332,1,37,,0,60
xvla,xvla,spoon,10,8,20281333,1,25,,0,60
xvla,xvla,spoon,11,8,20281334,0,60,,0,60
xvla,xvla,spoon,12,8,20281335,1,28,,0,60
xvla,xvla,spoon,13,8,20281336,1,31,,0,60
xvla,xvla,spoon,14,8,20281337,1,27,,0,60
xvla,xvla,spoon,15,8,20281338,1,31,,0,60
xvla,xvla,spoon,16,8,20281339,1,28,,0,60
xvla,xvla,spoon,17,8,20281340,1,30,,0,60
xvla,xvla,spoon,18,8,20281341,1,28,,0,60
xvla,xvla,spoon,19,8,20281342,1,36,,0,60
xvla,xvla,spoon,20,8,20281343,1,26,,0,60
xvla,xvla,spoon,21,8,20281344,1,28,,0,60
xvla,xvla,spoon,22,8,20281345,1,26,,0,60
xvla,xvla,spoon,23,8,20281346,1,31,,0,60
xvla,xvla,spoon,0,9,20281423,1,27,,0,60
xvla,xvla,spoon,1,9,20281424,1,40,,0,60
xvla,xvla,spoon,2,9,20281425,1,26,,0,60
xvla,xvla,spoon,3,9,20281426,1,33,,0,60
xvla,xvla,spoon,4,9,20281427,0,60,,0,60
xvla,xvla,spoon,5,9,20281428,1,36,,0,60
xvla,xvla,spoon,6,9,20281429,1,27,,0,60
xvla,xvla,spoon,7,9,20281430,1,39,,0,60
xvla,xvla,spoon,8,9,20281431,1,26,,0,60
xvla,xvla,spoon,9,9,20281432,1,35,,0,60
xvla,xvla,spoon,10,9,20281433,1,25,,0,60
xvla,xvla,spoon,11,9,20281434,1,34,,0,60
xvla,xvla,spoon,12,9,20281435,1,28,,0,60
xvla,xvla,spoon,13,9,20281436,1,30,,0,60
xvla,xvla,spoon,14,9,20281437,1,29,,0,60
xvla,xvla,spoon,15,9,20281438,1,31,,0,60
xvla,xvla,spoon,16,9,20281439,1,28,,0,60
xvla,xvla,spoon,17,9,20281440,1,30,,0,60
xvla,xvla,spoon,18,9,20281441,1,27,,0,60
xvla,xvla,spoon,19,9,20281442,1,34,,0,60
xvla,xvla,spoon,20,9,20281443,1,25,,0,60
xvla,xvla,spoon,21,9,20281444,1,28,,0,60
xvla,xvla,spoon,22,9,20281445,0,60,,0,60
xvla,xvla,spoon,23,9,20281446,1,30,,0,60
xvla,xvla,spoon,0,10,20281523,1,59,,0,60
xvla,xvla,spoon,1,10,20281524,1,38,,0,60
xvla,xvla,spoon,2,10,20281525,1,26,,0,60
xvla,xvla,spoon,3,10,20281526,1,33,,0,60
xvla,xvla,spoon,4,10,20281527,0,60,,0,60
xvla,xvla,spoon,5,10,20281528,1,37,,0,60
xvla,xvla,spoon,6,10,20281529,1,27,,0,60
xvla,xvla,spoon,7,10,20281530,1,31,,0,60
xvla,xvla,spoon,8,10,20281531,1,26,,0,60
xvla,xvla,spoon,9,10,20281532,1,35,,0,60
xvla,xvla,spoon,10,10,20281533,1,26,,0,60
xvla,xvla,spoon,11,10,20281534,1,33,,0,60
xvla,xvla,spoon,12,10,20281535,1,28,,0,60
xvla,xvla,spoon,13,10,20281536,1,35,,0,60
xvla,xvla,spoon,14,10,20281537,1,29,,0,60
xvla,xvla,spoon,15,10,20281538,1,35,,0,60
xvla,xvla,spoon,16,10,20281539,1,28,,0,60
xvla,xvla,spoon,17,10,20281540,1,30,,0,60
xvla,xvla,spoon,18,10,20281541,1,28,,0,60
xvla,xvla,spoon,19,10,20281542,1,35,,0,60
xvla,xvla,spoon,20,10,20281543,1,26,,0,60
xvla,xvla,spoon,21,10,20281544,1,29,,0,60
xvla,xvla,spoon,22,10,20281545,1,25,,0,60
xvla,xvla,spoon,23,10,20281546,1,32,,0,60
xvla,xvla,spoon,0,11,20281623,0,60,,0,60
xvla,xvla,spoon,1,11,20281624,1,38,,0,60
xvla,xvla,spoon,2,11,20281625,1,26,,0,60
xvla,xvla,spoon,3,11,20281626,1,33,,0,60
xvla,xvla,spoon,4,11,20281627,0,60,,0,60
xvla,xvla,spoon,5,11,20281628,1,35,,0,60
xvla,xvla,spoon,6,11,20281629,1,26,,0,60
xvla,xvla,spoon,7,11,20281630,1,31,,0,60
xvla,xvla,spoon,8,11,20281631,1,26,,0,60
xvla,xvla,spoon,9,11,20281632,1,36,,0,60
xvla,xvla,spoon,10,11,20281633,1,25,,0,60
xvla,xvla,spoon,11,11,20281634,0,60,,0,60
xvla,xvla,spoon,12,11,20281635,1,28,,0,60
xvla,xvla,spoon,13,11,20281636,1,31,,0,60
xvla,xvla,spoon,14,11,20281637,1,29,,0,60
xvla,xvla,spoon,15,11,20281638,1,35,,0,60
xvla,xvla,spoon,16,11,20281639,1,27,,0,60
xvla,xvla,spoon,17,11,20281640,1,30,,0,60
xvla,xvla,spoon,18,11,20281641,1,27,,0,60
xvla,xvla,spoon,19,11,20281642,1,37,,0,60
xvla,xvla,spoon,20,11,20281643,1,24,,0,60
xvla,xvla,spoon,21,11,20281644,1,29,,0,60
xvla,xvla,spoon,22,11,20281645,1,25,,0,60
xvla,xvla,spoon,23,11,20281646,1,30,,0,60
xvla,xvla,eggplant,0,0,20290523,0,120,,0,120
xvla,xvla,eggplant,1,0,20290524,1,30,,0,120
xvla,xvla,eggplant,2,0,20290525,0,120,,0,120
xvla,xvla,eggplant,3,0,20290526,1,30,,0,120
xvla,xvla,eggplant,4,0,20290527,1,30,,0,120
xvla,xvla,eggplant,5,0,20290528,0,120,,0,120
xvla,xvla,eggplant,6,0,20290529,1,30,,0,120
xvla,xvla,eggplant,7,0,20290530,1,30,,0,120
xvla,xvla,eggplant,8,0,20290531,1,89,,0,120
xvla,xvla,eggplant,9,0,20290532,1,30,,0,120
xvla,xvla,eggplant,10,0,20290533,1,29,,0,120
xvla,xvla,eggplant,11,0,20290534,0,120,,0,120
xvla,xvla,eggplant,12,0,20290535,1,29,,0,120
xvla,xvla,eggplant,13,0,20290536,1,29,,0,120
xvla,xvla,eggplant,14,0,20290537,0,120,,0,120
xvla,xvla,eggplant,15,0,20290538,1,29,,0,120
xvla,xvla,eggplant,16,0,20290539,1,29,,0,120
xvla,xvla,eggplant,17,0,20290540,0,120,,0,120
xvla,xvla,eggplant,18,0,20290541,1,29,,0,120
xvla,xvla,eggplant,19,0,20290542,1,35,,0,120
xvla,xvla,eggplant,20,0,20290543,0,120,,0,120
xvla,xvla,eggplant,21,0,20290544,1,29,,0,120
xvla,xvla,eggplant,22,0,20290545,1,30,,0,120
xvla,xvla,eggplant,23,0,20290546,0,120,,0,120
xvla,xvla,eggplant,0,1,20290623,1,29,,0,120
xvla,xvla,eggplant,1,1,20290624,1,65,,0,120
xvla,xvla,eggplant,2,1,20290625,0,120,,0,120
xvla,xvla,eggplant,3,1,20290626,1,29,,0,120
xvla,xvla,eggplant,4,1,20290627,1,30,,0,120
xvla,xvla,eggplant,5,1,20290628,0,120,,0,120
xvla,xvla,eggplant,6,1,20290629,1,30,,0,120
xvla,xvla,eggplant,7,1,20290630,1,36,,0,120
xvla,xvla,eggplant,8,1,20290631,0,120,,0,120
xvla,xvla,eggplant,9,1,20290632,1,26,,0,120
xvla,xvla,eggplant,10,1,20290633,1,35,,0,120
xvla,xvla,eggplant,11,1,20290634,0,120,,0,120
xvla,xvla,eggplant,12,1,20290635,1,28,,0,120
xvla,xvla,eggplant,13,1,20290636,1,29,,0,120
xvla,xvla,eggplant,14,1,20290637,0,120,,0,120
xvla,xvla,eggplant,15,1,20290638,1,28,,0,120
xvla,xvla,eggplant,16,1,20290639,1,29,,0,120
xvla,xvla,eggplant,17,1,20290640,0,120,,0,120
xvla,xvla,eggplant,18,1,20290641,1,29,,0,120
xvla,xvla,eggplant,19,1,20290642,1,28,,0,120
xvla,xvla,eggplant,20,1,20290643,0,120,,0,120
xvla,xvla,eggplant,21,1,20290644,1,29,,0,120
xvla,xvla,eggplant,22,1,20290645,1,30,,0,120
xvla,xvla,eggplant,23,1,20290646,0,120,,0,120
xvla,xvla,eggplant,0,2,20290723,1,29,,0,120
xvla,xvla,eggplant,1,2,20290724,1,29,,0,120
xvla,xvla,eggplant,2,2,20290725,0,120,,0,120
xvla,xvla,eggplant,3,2,20290726,1,30,,0,120
xvla,xvla,eggplant,4,2,20290727,1,30,,0,120
xvla,xvla,eggplant,5,2,20290728,0,120,,0,120
xvla,xvla,eggplant,6,2,20290729,1,29,,0,120
xvla,xvla,eggplant,7,2,20290730,1,35,,0,120
xvla,xvla,eggplant,8,2,20290731,0,120,,0,120
xvla,xvla,eggplant,9,2,20290732,1,26,,0,120
xvla,xvla,eggplant,10,2,20290733,1,34,,0,120
xvla,xvla,eggplant,11,2,20290734,0,120,,0,120
xvla,xvla,eggplant,12,2,20290735,1,29,,0,120
xvla,xvla,eggplant,13,2,20290736,1,29,,0,120
xvla,xvla,eggplant,14,2,20290737,0,120,,0,120
xvla,xvla,eggplant,15,2,20290738,1,29,,0,120
xvla,xvla,eggplant,16,2,20290739,1,30,,0,120
xvla,xvla,eggplant,17,2,20290740,0,120,,0,120
xvla,xvla,eggplant,18,2,20290741,1,30,,0,120
xvla,xvla,eggplant,19,2,20290742,1,35,,0,120
xvla,xvla,eggplant,20,2,20290743,1,94,,0,120
xvla,xvla,eggplant,21,2,20290744,1,29,,0,120
xvla,xvla,eggplant,22,2,20290745,1,30,,0,120
xvla,xvla,eggplant,23,2,20290746,0,120,,0,120
xvla,xvla,eggplant,0,3,20290823,1,90,,0,120
xvla,xvla,eggplant,1,3,20290824,1,30,,0,120
xvla,xvla,eggplant,2,3,20290825,0,120,,0,120
xvla,xvla,eggplant,3,3,20290826,1,30,,0,120
xvla,xvla,eggplant,4,3,20290827,1,30,,0,120
xvla,xvla,eggplant,5,3,20290828,0,120,,0,120
xvla,xvla,eggplant,6,3,20290829,1,37,,0,120
xvla,xvla,eggplant,7,3,20290830,1,34,,0,120
xvla,xvla,eggplant,8,3,20290831,1,102,,0,120
xvla,xvla,eggplant,9,3,20290832,1,30,,0,120
xvla,xvla,eggplant,10,3,20290833,1,30,,0,120
xvla,xvla,eggplant,11,3,20290834,0,120,,0,120
xvla,xvla,eggplant,12,3,20290835,1,29,,0,120
xvla,xvla,eggplant,13,3,20290836,1,29,,0,120
xvla,xvla,eggplant,14,3,20290837,0,120,,0,120
xvla,xvla,eggplant,15,3,20290838,1,29,,0,120
xvla,xvla,eggplant,16,3,20290839,1,29,,0,120
xvla,xvla,eggplant,17,3,20290840,0,120,,0,120
xvla,xvla,eggplant,18,3,20290841,1,29,,0,120
xvla,xvla,eggplant,19,3,20290842,1,35,,0,120
xvla,xvla,eggplant,20,3,20290843,0,120,,0,120
xvla,xvla,eggplant,21,3,20290844,1,26,,0,120
xvla,xvla,eggplant,22,3,20290845,1,30,,0,120
xvla,xvla,eggplant,23,3,20290846,0,120,,0,120
xvla,xvla,eggplant,0,4,20290923,1,28,,0,120
xvla,xvla,eggplant,1,4,20290924,1,29,,0,120
xvla,xvla,eggplant,2,4,20290925,0,120,,0,120
xvla,xvla,eggplant,3,4,20290926,1,30,,0,120
xvla,xvla,eggplant,4,4,20290927,1,30,,0,120
xvla,xvla,eggplant,5,4,20290928,0,120,,0,120
xvla,xvla,eggplant,6,4,20290929,1,29,,0,120
xvla,xvla,eggplant,7,4,20290930,1,35,,0,120
xvla,xvla,eggplant,8,4,20290931,0,120,,0,120
xvla,xvla,eggplant,9,4,20290932,1,30,,0,120
xvla,xvla,eggplant,10,4,20290933,1,30,,0,120
xvla,xvla,eggplant,11,4,20290934,0,120,,0,120
xvla,xvla,eggplant,12,4,20290935,1,28,,0,120
xvla,xvla,eggplant,13,4,20290936,1,29,,0,120
xvla,xvla,eggplant,14,4,20290937,0,120,,0,120
xvla,xvla,eggplant,15,4,20290938,1,30,,0,120
xvla,xvla,eggplant,16,4,20290939,1,29,,0,120
xvla,xvla,eggplant,17,4,20290940,0,120,,0,120
xvla,xvla,eggplant,18,4,20290941,1,29,,0,120
xvla,xvla,eggplant,19,4,20290942,1,34,,0,120
xvla,xvla,eggplant,20,4,20290943,0,120,,0,120
xvla,xvla,eggplant,21,4,20290944,1,30,,0,120
xvla,xvla,eggplant,22,4,20290945,1,30,,0,120
xvla,xvla,eggplant,23,4,20290946,0,120,,0,120
xvla,xvla,eggplant,0,5,20291023,0,120,,0,120
xvla,xvla,eggplant,1,5,20291024,1,29,,0,120
xvla,xvla,eggplant,2,5,20291025,0,120,,0,120
xvla,xvla,eggplant,3,5,20291026,1,55,,0,120
xvla,xvla,eggplant,4,5,20291027,1,30,,0,120
xvla,xvla,eggplant,5,5,20291028,0,120,,0,120
xvla,xvla,eggplant,6,5,20291029,1,30,,0,120
xvla,xvla,eggplant,7,5,20291030,1,35,,0,120
xvla,xvla,eggplant,8,5,20291031,1,90,,0,120
xvla,xvla,eggplant,9,5,20291032,1,29,,0,120
xvla,xvla,eggplant,10,5,20291033,1,30,,0,120
xvla,xvla,eggplant,11,5,20291034,0,120,,0,120
xvla,xvla,eggplant,12,5,20291035,1,29,,0,120
xvla,xvla,eggplant,13,5,20291036,1,29,,0,120
xvla,xvla,eggplant,14,5,20291037,0,120,,0,120
xvla,xvla,eggplant,15,5,20291038,1,29,,0,120
xvla,xvla,eggplant,16,5,20291039,1,30,,0,120
xvla,xvla,eggplant,17,5,20291040,0,120,,0,120
xvla,xvla,eggplant,18,5,20291041,1,29,,0,120
xvla,xvla,eggplant,19,5,20291042,1,35,,0,120
xvla,xvla,eggplant,20,5,20291043,0,120,,0,120
xvla,xvla,eggplant,21,5,20291044,1,26,,0,120
xvla,xvla,eggplant,22,5,20291045,1,30,,0,120
xvla,xvla,eggplant,23,5,20291046,0,120,,0,120
xvla,xvla,eggplant,0,6,20291123,1,27,,0,120
xvla,xvla,eggplant,1,6,20291124,1,29,,0,120
xvla,xvla,eggplant,2,6,20291125,0,120,,0,120
xvla,xvla,eggplant,3,6,20291126,1,29,,0,120
xvla,xvla,eggplant,4,6,20291127,1,36,,0,120
xvla,xvla,eggplant,5,6,20291128,0,120,,0,120
xvla,xvla,eggplant,6,6,20291129,1,36,,0,120
xvla,xvla,eggplant,7,6,20291130,1,30,,0,120
xvla,xvla,eggplant,8,6,20291131,1,100,,0,120
xvla,xvla,eggplant,9,6,20291132,1,34,,0,120
xvla,xvla,eggplant,10,6,20291133,1,36,,0,120
xvla,xvla,eggplant,11,6,20291134,1,60,,0,120
xvla,xvla,eggplant,12,6,20291135,1,29,,0,120
xvla,xvla,eggplant,13,6,20291136,1,29,,0,120
xvla,xvla,eggplant,14,6,20291137,0,120,,0,120
xvla,xvla,eggplant,15,6,20291138,1,30,,0,120
xvla,xvla,eggplant,16,6,20291139,1,29,,0,120
xvla,xvla,eggplant,17,6,20291140,0,120,,0,120
xvla,xvla,eggplant,18,6,20291141,1,30,,0,120
xvla,xvla,eggplant,19,6,20291142,1,30,,0,120
xvla,xvla,eggplant,20,6,20291143,0,120,,0,120
xvla,xvla,eggplant,21,6,20291144,1,29,,0,120
xvla,xvla,eggplant,22,6,20291145,1,30,,0,120
xvla,xvla,eggplant,23,6,20291146,0,120,,0,120
xvla,xvla,eggplant,0,7,20291223,1,28,,0,120
xvla,xvla,eggplant,1,7,20291224,1,29,,0,120
xvla,xvla,eggplant,2,7,20291225,0,120,,0,120
xvla,xvla,eggplant,3,7,20291226,0,120,,0,120
xvla,xvla,eggplant,4,7,20291227,1,30,,0,120
xvla,xvla,eggplant,5,7,20291228,1,119,,0,120
xvla,xvla,eggplant,6,7,20291229,1,30,,0,120
xvla,xvla,eggplant,7,7,20291230,1,35,,0,120
xvla,xvla,eggplant,8,7,20291231,0,120,,0,120
xvla,xvla,eggplant,9,7,20291232,1,30,,0,120
xvla,xvla,eggplant,10,7,20291233,1,30,,0,120
xvla,xvla,eggplant,11,7,20291234,0,120,,0,120
xvla,xvla,eggplant,12,7,20291235,1,29,,0,120
xvla,xvla,eggplant,13,7,20291236,1,30,,0,120
xvla,xvla,eggplant,14,7,20291237,0,120,,0,120
xvla,xvla,eggplant,15,7,20291238,1,29,,0,120
xvla,xvla,eggplant,16,7,20291239,1,29,,0,120
xvla,xvla,eggplant,17,7,20291240,0,120,,0,120
xvla,xvla,eggplant,18,7,20291241,1,29,,0,120
xvla,xvla,eggplant,19,7,20291242,1,35,,0,120
xvla,xvla,eggplant,20,7,20291243,0,120,,0,120
xvla,xvla,eggplant,21,7,20291244,1,29,,0,120
xvla,xvla,eggplant,22,7,20291245,1,30,,0,120
xvla,xvla,eggplant,23,7,20291246,0,120,,0,120
xvla,xvla,eggplant,0,8,20291323,0,120,,0,120
xvla,xvla,eggplant,1,8,20291324,1,30,,0,120
xvla,xvla,eggplant,2,8,20291325,0,120,,0,120
xvla,xvla,eggplant,3,8,20291326,1,30,,0,120
xvla,xvla,eggplant,4,8,20291327,1,29,,0,120
xvla,xvla,eggplant,5,8,20291328,0,120,,0,120
xvla,xvla,eggplant,6,8,20291329,1,30,,0,120
xvla,xvla,eggplant,7,8,20291330,1,35,,0,120
xvla,xvla,eggplant,8,8,20291331,1,89,,0,120
xvla,xvla,eggplant,9,8,20291332,1,34,,0,120
xvla,xvla,eggplant,10,8,20291333,1,30,,0,120
xvla,xvla,eggplant,11,8,20291334,0,120,,0,120
xvla,xvla,eggplant,12,8,20291335,1,29,,0,120
xvla,xvla,eggplant,13,8,20291336,1,29,,0,120
xvla,xvla,eggplant,14,8,20291337,0,120,,0,120
xvla,xvla,eggplant,15,8,20291338,1,29,,0,120
xvla,xvla,eggplant,16,8,20291339,1,30,,0,120
xvla,xvla,eggplant,17,8,20291340,0,120,,0,120
xvla,xvla,eggplant,18,8,20291341,1,30,,0,120
xvla,xvla,eggplant,19,8,20291342,1,36,,0,120
xvla,xvla,eggplant,20,8,20291343,0,120,,0,120
xvla,xvla,eggplant,21,8,20291344,1,29,,0,120
xvla,xvla,eggplant,22,8,20291345,1,30,,0,120
xvla,xvla,eggplant,23,8,20291346,0,120,,0,120
xvla,xvla,eggplant,0,9,20291423,1,29,,0,120
xvla,xvla,eggplant,1,9,20291424,1,67,,0,120
xvla,xvla,eggplant,2,9,20291425,0,120,,0,120
xvla,xvla,eggplant,3,9,20291426,1,29,,0,120
xvla,xvla,eggplant,4,9,20291427,1,30,,0,120
xvla,xvla,eggplant,5,9,20291428,1,99,,0,120
xvla,xvla,eggplant,6,9,20291429,1,29,,0,120
xvla,xvla,eggplant,7,9,20291430,1,30,,0,120
xvla,xvla,eggplant,8,9,20291431,0,120,,0,120
xvla,xvla,eggplant,9,9,20291432,1,30,,0,120
xvla,xvla,eggplant,10,9,20291433,1,35,,0,120
xvla,xvla,eggplant,11,9,20291434,0,120,,0,120
xvla,xvla,eggplant,12,9,20291435,1,29,,0,120
xvla,xvla,eggplant,13,9,20291436,1,29,,0,120
xvla,xvla,eggplant,14,9,20291437,0,120,,0,120
xvla,xvla,eggplant,15,9,20291438,1,29,,0,120
xvla,xvla,eggplant,16,9,20291439,1,29,,0,120
xvla,xvla,eggplant,17,9,20291440,0,120,,0,120
xvla,xvla,eggplant,18,9,20291441,1,29,,0,120
xvla,xvla,eggplant,19,9,20291442,1,34,,0,120
xvla,xvla,eggplant,20,9,20291443,0,120,,0,120
xvla,xvla,eggplant,21,9,20291444,1,29,,0,120
xvla,xvla,eggplant,22,9,20291445,1,30,,0,120
xvla,xvla,eggplant,23,9,20291446,0,120,,0,120
xvla,xvla,eggplant,0,10,20291523,1,28,,0,120
xvla,xvla,eggplant,1,10,20291524,1,65,,0,120
xvla,xvla,eggplant,2,10,20291525,0,120,,0,120
xvla,xvla,eggplant,3,10,20291526,1,29,,0,120
xvla,xvla,eggplant,4,10,20291527,1,30,,0,120
xvla,xvla,eggplant,5,10,20291528,0,120,,0,120
xvla,xvla,eggplant,6,10,20291529,1,30,,0,120
xvla,xvla,eggplant,7,10,20291530,1,36,,0,120
xvla,xvla,eggplant,8,10,20291531,0,120,,0,120
xvla,xvla,eggplant,9,10,20291532,1,30,,0,120
xvla,xvla,eggplant,10,10,20291533,1,30,,0,120
xvla,xvla,eggplant,11,10,20291534,0,120,,0,120
xvla,xvla,eggplant,12,10,20291535,1,29,,0,120
xvla,xvla,eggplant,13,10,20291536,1,29,,0,120
xvla,xvla,eggplant,14,10,20291537,0,120,,0,120
xvla,xvla,eggplant,15,10,20291538,1,89,,0,120
xvla,xvla,eggplant,16,10,20291539,1,29,,0,120
xvla,xvla,eggplant,17,10,20291540,0,120,,0,120
xvla,xvla,eggplant,18,10,20291541,1,30,,0,120
xvla,xvla,eggplant,19,10,20291542,1,35,,0,120
xvla,xvla,eggplant,20,10,20291543,0,120,,0,120
xvla,xvla,eggplant,21,10,20291544,1,29,,0,120
xvla,xvla,eggplant,22,10,20291545,1,30,,0,120
xvla,xvla,eggplant,23,10,20291546,0,120,,0,120
xvla,xvla,eggplant,0,11,20291623,1,120,,0,120
xvla,xvla,eggplant,1,11,20291624,1,29,,0,120
xvla,xvla,eggplant,2,11,20291625,0,120,,0,120
xvla,xvla,eggplant,3,11,20291626,1,30,,0,120
xvla,xvla,eggplant,4,11,20291627,1,30,,0,120
xvla,xvla,eggplant,5,11,20291628,0,120,,0,120
xvla,xvla,eggplant,6,11,20291629,1,30,,0,120
xvla,xvla,eggplant,7,11,20291630,1,36,,0,120
xvla,xvla,eggplant,8,11,20291631,0,120,,0,120
xvla,xvla,eggplant,9,11,20291632,1,26,,0,120
xvla,xvla,eggplant,10,11,20291633,1,30,,0,120
xvla,xvla,eggplant,11,11,20291634,0,120,,0,120
xvla,xvla,eggplant,12,11,20291635,1,29,,0,120
xvla,xvla,eggplant,13,11,20291636,1,30,,0,120
xvla,xvla,eggplant,14,11,20291637,0,120,,0,120
xvla,xvla,eggplant,15,11,20291638,1,28,,0,120
xvla,xvla,eggplant,16,11,20291639,1,29,,0,120
xvla,xvla,eggplant,17,11,20291640,0,120,,0,120
xvla,xvla,eggplant,18,11,20291641,1,29,,0,120
xvla,xvla,eggplant,19,11,20291642,1,34,,0,120
xvla,xvla,eggplant,20,11,20291643,0,120,,0,120
xvla,xvla,eggplant,21,11,20291644,1,28,,0,120
xvla,xvla,eggplant,22,11,20291645,1,30,,0,120
xvla,xvla,eggplant,23,11,20291646,0,120,,0,120
dexbotic,dexbotic,stack,0,0,21260523,0,60,,0,60
dexbotic,dexbotic,stack,1,0,21260524,0,60,,0,60
dexbotic,dexbotic,stack,2,0,21260525,1,60,,0,60
dexbotic,dexbotic,stack,3,0,21260526,0,60,,0,60
dexbotic,dexbotic,stack,4,0,21260527,1,60,,0,60
dexbotic,dexbotic,stack,5,0,21260528,0,60,,0,60
dexbotic,dexbotic,stack,6,0,21260529,0,60,,0,60
dexbotic,dexbotic,stack,7,0,21260530,1,60,,0,60
dexbotic,dexbotic,stack,8,0,21260531,1,60,,0,60
dexbotic,dexbotic,stack,9,0,21260532,0,60,,0,60
dexbotic,dexbotic,stack,10,0,21260533,0,60,,0,60
dexbotic,dexbotic,stack,11,0,21260534,1,60,,0,60
dexbotic,dexbotic,stack,12,0,21260535,0,60,,0,60
dexbotic,dexbotic,stack,13,0,21260536,0,60,,0,60
dexbotic,dexbotic,stack,14,0,21260537,0,60,,0,60
dexbotic,dexbotic,stack,15,0,21260538,0,60,,0,60
dexbotic,dexbotic,stack,16,0,21260539,0,60,,0,60
dexbotic,dexbotic,stack,17,0,21260540,1,60,,0,60
dexbotic,dexbotic,stack,18,0,21260541,1,60,,0,60
dexbotic,dexbotic,stack,19,0,21260542,0,60,,0,60
dexbotic,dexbotic,stack,20,0,21260543,0,60,,0,60
dexbotic,dexbotic,stack,21,0,21260544,0,60,,0,60
dexbotic,dexbotic,stack,22,0,21260545,0,60,,0,60
dexbotic,dexbotic,stack,23,0,21260546,1,60,,0,60
dexbotic,dexbotic,stack,0,1,21260623,1,60,,0,60
dexbotic,dexbotic,stack,1,1,21260624,0,60,,0,60
dexbotic,dexbotic,stack,2,1,21260625,0,60,,0,60
dexbotic,dexbotic,stack,3,1,21260626,1,60,,0,60
dexbotic,dexbotic,stack,4,1,21260627,1,60,,0,60
dexbotic,dexbotic,stack,5,1,21260628,0,60,,0,60
dexbotic,dexbotic,stack,6,1,21260629,0,60,,0,60
dexbotic,dexbotic,stack,7,1,21260630,1,60,,0,60
dexbotic,dexbotic,stack,8,1,21260631,0,60,,0,60
dexbotic,dexbotic,stack,9,1,21260632,1,60,,0,60
dexbotic,dexbotic,stack,10,1,21260633,0,60,,0,60
dexbotic,dexbotic,stack,11,1,21260634,0,60,,0,60
dexbotic,dexbotic,stack,12,1,21260635,0,60,,0,60
dexbotic,dexbotic,stack,13,1,21260636,0,60,,0,60
dexbotic,dexbotic,stack,14,1,21260637,0,60,,0,60
dexbotic,dexbotic,stack,15,1,21260638,0,60,,0,60
dexbotic,dexbotic,stack,16,1,21260639,0,60,,0,60
dexbotic,dexbotic,stack,17,1,21260640,1,60,,0,60
dexbotic,dexbotic,stack,18,1,21260641,1,60,,0,60
dexbotic,dexbotic,stack,19,1,21260642,0,60,,0,60
dexbotic,dexbotic,stack,20,1,21260643,1,60,,0,60
dexbotic,dexbotic,stack,21,1,21260644,0,60,,0,60
dexbotic,dexbotic,stack,22,1,21260645,0,60,,0,60
dexbotic,dexbotic,stack,23,1,21260646,1,60,,0,60
dexbotic,dexbotic,stack,0,2,21260723,1,60,,0,60
dexbotic,dexbotic,stack,1,2,21260724,0,60,,0,60
dexbotic,dexbotic,stack,2,2,21260725,0,60,,0,60
dexbotic,dexbotic,stack,3,2,21260726,0,60,,0,60
dexbotic,dexbotic,stack,4,2,21260727,1,60,,0,60
dexbotic,dexbotic,stack,5,2,21260728,0,60,,0,60
dexbotic,dexbotic,stack,6,2,21260729,0,60,,0,60
dexbotic,dexbotic,stack,7,2,21260730,1,60,,0,60
dexbotic,dexbotic,stack,8,2,21260731,1,60,,0,60
dexbotic,dexbotic,stack,9,2,21260732,0,60,,0,60
dexbotic,dexbotic,stack,10,2,21260733,0,60,,0,60
dexbotic,dexbotic,stack,11,2,21260734,0,60,,0,60
dexbotic,dexbotic,stack,12,2,21260735,1,60,,0,60
dexbotic,dexbotic,stack,13,2,21260736,0,60,,0,60
dexbotic,dexbotic,stack,14,2,21260737,0,60,,0,60
dexbotic,dexbotic,stack,15,2,21260738,0,60,,0,60
dexbotic,dexbotic,stack,16,2,21260739,0,60,,0,60
dexbotic,dexbotic,stack,17,2,21260740,1,60,,0,60
dexbotic,dexbotic,stack,18,2,21260741,1,60,,0,60
dexbotic,dexbotic,stack,19,2,21260742,1,60,,0,60
dexbotic,dexbotic,stack,20,2,21260743,1,60,,0,60
dexbotic,dexbotic,stack,21,2,21260744,0,60,,0,60
dexbotic,dexbotic,stack,22,2,21260745,0,60,,0,60
dexbotic,dexbotic,stack,23,2,21260746,0,60,,0,60
dexbotic,dexbotic,stack,0,3,21260823,1,60,,0,60
dexbotic,dexbotic,stack,1,3,21260824,0,60,,0,60
dexbotic,dexbotic,stack,2,3,21260825,0,60,,0,60
dexbotic,dexbotic,stack,3,3,21260826,1,60,,0,60
dexbotic,dexbotic,stack,4,3,21260827,0,60,,0,60
dexbotic,dexbotic,stack,5,3,21260828,0,60,,0,60
dexbotic,dexbotic,stack,6,3,21260829,0,60,,0,60
dexbotic,dexbotic,stack,7,3,21260830,1,60,,0,60
dexbotic,dexbotic,stack,8,3,21260831,1,60,,0,60
dexbotic,dexbotic,stack,9,3,21260832,1,60,,0,60
dexbotic,dexbotic,stack,10,3,21260833,0,60,,0,60
dexbotic,dexbotic,stack,11,3,21260834,0,60,,0,60
dexbotic,dexbotic,stack,12,3,21260835,0,60,,0,60
dexbotic,dexbotic,stack,13,3,21260836,1,60,,0,60
dexbotic,dexbotic,stack,14,3,21260837,0,60,,0,60
dexbotic,dexbotic,stack,15,3,21260838,0,60,,0,60
dexbotic,dexbotic,stack,16,3,21260839,0,60,,0,60
dexbotic,dexbotic,stack,17,3,21260840,0,60,,0,60
dexbotic,dexbotic,stack,18,3,21260841,1,60,,0,60
dexbotic,dexbotic,stack,19,3,21260842,0,60,,0,60
dexbotic,dexbotic,stack,20,3,21260843,1,60,,0,60
dexbotic,dexbotic,stack,21,3,21260844,1,60,,0,60
dexbotic,dexbotic,stack,22,3,21260845,0,60,,0,60
dexbotic,dexbotic,stack,23,3,21260846,0,60,,0,60
dexbotic,dexbotic,stack,0,4,21260923,1,60,,0,60
dexbotic,dexbotic,stack,1,4,21260924,0,60,,0,60
dexbotic,dexbotic,stack,2,4,21260925,0,60,,0,60
dexbotic,dexbotic,stack,3,4,21260926,1,60,,0,60
dexbotic,dexbotic,stack,4,4,21260927,1,60,,0,60
dexbotic,dexbotic,stack,5,4,21260928,0,60,,0,60
dexbotic,dexbotic,stack,6,4,21260929,0,60,,0,60
dexbotic,dexbotic,stack,7,4,21260930,1,60,,0,60
dexbotic,dexbotic,stack,8,4,21260931,0,60,,0,60
dexbotic,dexbotic,stack,9,4,21260932,0,60,,0,60
dexbotic,dexbotic,stack,10,4,21260933,0,60,,0,60
dexbotic,dexbotic,stack,11,4,21260934,1,60,,0,60
dexbotic,dexbotic,stack,12,4,21260935,0,60,,0,60
dexbotic,dexbotic,stack,13,4,21260936,0,60,,0,60
dexbotic,dexbotic,stack,14,4,21260937,1,60,,0,60
dexbotic,dexbotic,stack,15,4,21260938,1,60,,0,60
dexbotic,dexbotic,stack,16,4,21260939,0,60,,0,60
dexbotic,dexbotic,stack,17,4,21260940,1,60,,0,60
dexbotic,dexbotic,stack,18,4,21260941,1,60,,0,60
dexbotic,dexbotic,stack,19,4,21260942,0,60,,0,60
dexbotic,dexbotic,stack,20,4,21260943,1,60,,0,60
dexbotic,dexbotic,stack,21,4,21260944,1,60,,0,60
dexbotic,dexbotic,stack,22,4,21260945,0,60,,0,60
dexbotic,dexbotic,stack,23,4,21260946,0,60,,0,60
dexbotic,dexbotic,stack,0,5,21261023,1,60,,0,60
dexbotic,dexbotic,stack,1,5,21261024,1,60,,0,60
dexbotic,dexbotic,stack,2,5,21261025,0,60,,0,60
dexbotic,dexbotic,stack,3,5,21261026,0,60,,0,60
dexbotic,dexbotic,stack,4,5,21261027,1,60,,0,60
dexbotic,dexbotic,stack,5,5,21261028,0,60,,0,60
dexbotic,dexbotic,stack,6,5,21261029,0,60,,0,60
dexbotic,dexbotic,stack,7,5,21261030,1,60,,0,60
dexbotic,dexbotic,stack,8,5,21261031,0,60,,0,60
dexbotic,dexbotic,stack,9,5,21261032,1,60,,0,60
dexbotic,dexbotic,stack,10,5,21261033,0,60,,0,60
dexbotic,dexbotic,stack,11,5,21261034,0,60,,0,60
dexbotic,dexbotic,stack,12,5,21261035,0,60,,0,60
dexbotic,dexbotic,stack,13,5,21261036,0,60,,0,60
dexbotic,dexbotic,stack,14,5,21261037,0,60,,0,60
dexbotic,dexbotic,stack,15,5,21261038,1,60,,0,60
dexbotic,dexbotic,stack,16,5,21261039,0,60,,0,60
dexbotic,dexbotic,stack,17,5,21261040,0,60,,0,60
dexbotic,dexbotic,stack,18,5,21261041,1,60,,0,60
dexbotic,dexbotic,stack,19,5,21261042,0,60,,0,60
dexbotic,dexbotic,stack,20,5,21261043,0,60,,0,60
dexbotic,dexbotic,stack,21,5,21261044,0,60,,0,60
dexbotic,dexbotic,stack,22,5,21261045,0,60,,0,60
dexbotic,dexbotic,stack,23,5,21261046,1,60,,0,60
dexbotic,dexbotic,stack,0,6,21261123,1,60,,0,60
dexbotic,dexbotic,stack,1,6,21261124,0,60,,0,60
dexbotic,dexbotic,stack,2,6,21261125,1,60,,0,60
dexbotic,dexbotic,stack,3,6,21261126,1,60,,0,60
dexbotic,dexbotic,stack,4,6,21261127,1,60,,0,60
dexbotic,dexbotic,stack,5,6,21261128,0,60,,0,60
dexbotic,dexbotic,stack,6,6,21261129,0,60,,0,60
dexbotic,dexbotic,stack,7,6,21261130,0,60,,0,60
dexbotic,dexbotic,stack,8,6,21261131,0,60,,0,60
dexbotic,dexbotic,stack,9,6,21261132,0,60,,0,60
dexbotic,dexbotic,stack,10,6,21261133,1,60,,0,60
dexbotic,dexbotic,stack,11,6,21261134,1,60,,0,60
dexbotic,dexbotic,stack,12,6,21261135,0,60,,0,60
dexbotic,dexbotic,stack,13,6,21261136,0,60,,0,60
dexbotic,dexbotic,stack,14,6,21261137,0,60,,0,60
dexbotic,dexbotic,stack,15,6,21261138,1,60,,0,60
dexbotic,dexbotic,stack,16,6,21261139,0,60,,0,60
dexbotic,dexbotic,stack,17,6,21261140,1,60,,0,60
dexbotic,dexbotic,stack,18,6,21261141,0,60,,0,60
dexbotic,dexbotic,stack,19,6,21261142,1,60,,0,60
dexbotic,dexbotic,stack,20,6,21261143,1,60,,0,60
dexbotic,dexbotic,stack,21,6,21261144,0,60,,0,60
dexbotic,dexbotic,stack,22,6,21261145,0,60,,0,60
dexbotic,dexbotic,stack,23,6,21261146,1,60,,0,60
dexbotic,dexbotic,stack,0,7,21261223,1,60,,0,60
dexbotic,dexbotic,stack,1,7,21261224,0,60,,0,60
dexbotic,dexbotic,stack,2,7,21261225,1,60,,0,60
dexbotic,dexbotic,stack,3,7,21261226,1,60,,0,60
dexbotic,dexbotic,stack,4,7,21261227,1,60,,0,60
dexbotic,dexbotic,stack,5,7,21261228,0,60,,0,60
dexbotic,dexbotic,stack,6,7,21261229,0,60,,0,60
dexbotic,dexbotic,stack,7,7,21261230,1,60,,0,60
dexbotic,dexbotic,stack,8,7,21261231,1,60,,0,60
dexbotic,dexbotic,stack,9,7,21261232,1,60,,0,60
dexbotic,dexbotic,stack,10,7,21261233,0,60,,0,60
dexbotic,dexbotic,stack,11,7,21261234,1,60,,0,60
dexbotic,dexbotic,stack,12,7,21261235,1,60,,0,60
dexbotic,dexbotic,stack,13,7,21261236,0,60,,0,60
dexbotic,dexbotic,stack,14,7,21261237,0,60,,0,60
dexbotic,dexbotic,stack,15,7,21261238,1,60,,0,60
dexbotic,dexbotic,stack,16,7,21261239,1,60,,0,60
dexbotic,dexbotic,stack,17,7,21261240,1,60,,0,60
dexbotic,dexbotic,stack,18,7,21261241,1,60,,0,60
dexbotic,dexbotic,stack,19,7,21261242,0,60,,0,60
dexbotic,dexbotic,stack,20,7,21261243,0,60,,0,60
dexbotic,dexbotic,stack,21,7,21261244,0,60,,0,60
dexbotic,dexbotic,stack,22,7,21261245,1,60,,0,60
dexbotic,dexbotic,stack,23,7,21261246,0,60,,0,60
dexbotic,dexbotic,stack,0,8,21261323,1,60,,0,60
dexbotic,dexbotic,stack,1,8,21261324,0,60,,0,60
dexbotic,dexbotic,stack,2,8,21261325,1,60,,0,60
dexbotic,dexbotic,stack,3,8,21261326,0,60,,0,60
dexbotic,dexbotic,stack,4,8,21261327,1,60,,0,60
dexbotic,dexbotic,stack,5,8,21261328,1,60,,0,60
dexbotic,dexbotic,stack,6,8,21261329,0,60,,0,60
dexbotic,dexbotic,stack,7,8,21261330,1,60,,0,60
dexbotic,dexbotic,stack,8,8,21261331,1,60,,0,60
dexbotic,dexbotic,stack,9,8,21261332,0,60,,0,60
dexbotic,dexbotic,stack,10,8,21261333,1,60,,0,60
dexbotic,dexbotic,stack,11,8,21261334,0,60,,0,60
dexbotic,dexbotic,stack,12,8,21261335,1,60,,0,60
dexbotic,dexbotic,stack,13,8,21261336,0,60,,0,60
dexbotic,dexbotic,stack,14,8,21261337,0,60,,0,60
dexbotic,dexbotic,stack,15,8,21261338,0,60,,0,60
dexbotic,dexbotic,stack,16,8,21261339,1,60,,0,60
dexbotic,dexbotic,stack,17,8,21261340,1,60,,0,60
dexbotic,dexbotic,stack,18,8,21261341,0,60,,0,60
dexbotic,dexbotic,stack,19,8,21261342,0,60,,0,60
dexbotic,dexbotic,stack,20,8,21261343,1,60,,0,60
dexbotic,dexbotic,stack,21,8,21261344,1,60,,0,60
dexbotic,dexbotic,stack,22,8,21261345,0,60,,0,60
dexbotic,dexbotic,stack,23,8,21261346,1,60,,0,60
dexbotic,dexbotic,stack,0,9,21261423,1,60,,0,60
dexbotic,dexbotic,stack,1,9,21261424,0,60,,0,60
dexbotic,dexbotic,stack,2,9,21261425,0,60,,0,60
dexbotic,dexbotic,stack,3,9,21261426,0,60,,0,60
dexbotic,dexbotic,stack,4,9,21261427,1,60,,0,60
dexbotic,dexbotic,stack,5,9,21261428,0,60,,0,60
dexbotic,dexbotic,stack,6,9,21261429,1,60,,0,60
dexbotic,dexbotic,stack,7,9,21261430,1,60,,0,60
dexbotic,dexbotic,stack,8,9,21261431,1,60,,0,60
dexbotic,dexbotic,stack,9,9,21261432,1,60,,0,60
dexbotic,dexbotic,stack,10,9,21261433,0,60,,0,60
dexbotic,dexbotic,stack,11,9,21261434,0,60,,0,60
dexbotic,dexbotic,stack,12,9,21261435,0,60,,0,60
dexbotic,dexbotic,stack,13,9,21261436,1,60,,0,60
dexbotic,dexbotic,stack,14,9,21261437,0,60,,0,60
dexbotic,dexbotic,stack,15,9,21261438,1,60,,0,60
dexbotic,dexbotic,stack,16,9,21261439,0,60,,0,60
dexbotic,dexbotic,stack,17,9,21261440,1,60,,0,60
dexbotic,dexbotic,stack,18,9,21261441,0,60,,0,60
dexbotic,dexbotic,stack,19,9,21261442,0,60,,0,60
dexbotic,dexbotic,stack,20,9,21261443,0,60,,0,60
dexbotic,dexbotic,stack,21,9,21261444,0,60,,0,60
dexbotic,dexbotic,stack,22,9,21261445,0,60,,0,60
dexbotic,dexbotic,stack,23,9,21261446,1,60,,0,60
dexbotic,dexbotic,stack,0,10,21261523,1,60,,0,60
dexbotic,dexbotic,stack,1,10,21261524,0,60,,0,60
dexbotic,dexbotic,stack,2,10,21261525,1,60,,0,60
dexbotic,dexbotic,stack,3,10,21261526,0,60,,0,60
dexbotic,dexbotic,stack,4,10,21261527,1,60,,0,60
dexbotic,dexbotic,stack,5,10,21261528,1,60,,0,60
dexbotic,dexbotic,stack,6,10,21261529,1,60,,0,60
dexbotic,dexbotic,stack,7,10,21261530,1,60,,0,60
dexbotic,dexbotic,stack,8,10,21261531,1,60,,0,60
dexbotic,dexbotic,stack,9,10,21261532,0,60,,0,60
dexbotic,dexbotic,stack,10,10,21261533,0,60,,0,60
dexbotic,dexbotic,stack,11,10,21261534,1,60,,0,60
dexbotic,dexbotic,stack,12,10,21261535,0,60,,0,60
dexbotic,dexbotic,stack,13,10,21261536,0,60,,0,60
dexbotic,dexbotic,stack,14,10,21261537,0,60,,0,60
dexbotic,dexbotic,stack,15,10,21261538,0,60,,0,60
dexbotic,dexbotic,stack,16,10,21261539,0,60,,0,60
dexbotic,dexbotic,stack,17,10,21261540,1,60,,0,60
dexbotic,dexbotic,stack,18,10,21261541,1,60,,0,60
dexbotic,dexbotic,stack,19,10,21261542,1,60,,0,60
dexbotic,dexbotic,stack,20,10,21261543,1,60,,0,60
dexbotic,dexbotic,stack,21,10,21261544,0,60,,0,60
dexbotic,dexbotic,stack,22,10,21261545,0,60,,0,60
dexbotic,dexbotic,stack,23,10,21261546,0,60,,0,60
dexbotic,dexbotic,stack,0,11,21261623,1,60,,0,60
dexbotic,dexbotic,stack,1,11,21261624,0,60,,0,60
dexbotic,dexbotic,stack,2,11,21261625,0,60,,0,60
dexbotic,dexbotic,stack,3,11,21261626,1,60,,0,60
dexbotic,dexbotic,stack,4,11,21261627,1,60,,0,60
dexbotic,dexbotic,stack,5,11,21261628,0,60,,0,60
dexbotic,dexbotic,stack,6,11,21261629,0,60,,0,60
dexbotic,dexbotic,stack,7,11,21261630,1,60,,0,60
dexbotic,dexbotic,stack,8,11,21261631,1,60,,0,60
dexbotic,dexbotic,stack,9,11,21261632,1,60,,0,60
dexbotic,dexbotic,stack,10,11,21261633,1,60,,0,60
dexbotic,dexbotic,stack,11,11,21261634,1,60,,0,60
dexbotic,dexbotic,stack,12,11,21261635,0,60,,0,60
dexbotic,dexbotic,stack,13,11,21261636,1,60,,0,60
dexbotic,dexbotic,stack,14,11,21261637,0,60,,0,60
dexbotic,dexbotic,stack,15,11,21261638,0,60,,0,60
dexbotic,dexbotic,stack,16,11,21261639,1,60,,0,60
dexbotic,dexbotic,stack,17,11,21261640,1,60,,0,60
dexbotic,dexbotic,stack,18,11,21261641,1,60,,0,60
dexbotic,dexbotic,stack,19,11,21261642,1,60,,0,60
dexbotic,dexbotic,stack,20,11,21261643,1,60,,0,60
dexbotic,dexbotic,stack,21,11,21261644,0,60,,0,60
dexbotic,dexbotic,stack,22,11,21261645,0,60,,0,60
dexbotic,dexbotic,stack,23,11,21261646,1,60,,0,60
dexbotic,dexbotic,carrot,0,0,21270523,1,60,,0,60
dexbotic,dexbotic,carrot,1,0,21270524,0,60,,0,60
dexbotic,dexbotic,carrot,2,0,21270525,1,60,,0,60
dexbotic,dexbotic,carrot,3,0,21270526,1,60,,0,60
dexbotic,dexbotic,carrot,4,0,21270527,0,60,,0,60
dexbotic,dexbotic,carrot,5,0,21270528,0,60,,0,60
dexbotic,dexbotic,carrot,6,0,21270529,1,60,,0,60
dexbotic,dexbotic,carrot,7,0,21270530,0,60,,0,60
dexbotic,dexbotic,carrot,8,0,21270531,1,60,,0,60
dexbotic,dexbotic,carrot,9,0,21270532,0,60,,0,60
dexbotic,dexbotic,carrot,10,0,21270533,0,60,,0,60
dexbotic,dexbotic,carrot,11,0,21270534,0,60,,0,60
dexbotic,dexbotic,carrot,12,0,21270535,0,60,,0,60
dexbotic,dexbotic,carrot,13,0,21270536,0,60,,0,60
dexbotic,dexbotic,carrot,14,0,21270537,1,60,,0,60
dexbotic,dexbotic,carrot,15,0,21270538,0,60,,0,60
dexbotic,dexbotic,carrot,16,0,21270539,0,60,,0,60
dexbotic,dexbotic,carrot,17,0,21270540,0,60,,0,60
dexbotic,dexbotic,carrot,18,0,21270541,1,60,,0,60
dexbotic,dexbotic,carrot,19,0,21270542,1,60,,0,60
dexbotic,dexbotic,carrot,20,0,21270543,0,60,,0,60
dexbotic,dexbotic,carrot,21,0,21270544,0,60,,0,60
dexbotic,dexbotic,carrot,22,0,21270545,0,60,,0,60
dexbotic,dexbotic,carrot,23,0,21270546,1,60,,0,60
dexbotic,dexbotic,carrot,0,1,21270623,1,60,,0,60
dexbotic,dexbotic,carrot,1,1,21270624,0,60,,0,60
dexbotic,dexbotic,carrot,2,1,21270625,1,60,,0,60
dexbotic,dexbotic,carrot,3,1,21270626,1,60,,0,60
dexbotic,dexbotic,carrot,4,1,21270627,1,60,,0,60
dexbotic,dexbotic,carrot,5,1,21270628,0,60,,0,60
dexbotic,dexbotic,carrot,6,1,21270629,1,60,,0,60
dexbotic,dexbotic,carrot,7,1,21270630,1,60,,0,60
dexbotic,dexbotic,carrot,8,1,21270631,0,60,,0,60
dexbotic,dexbotic,carrot,9,1,21270632,0,60,,0,60
dexbotic,dexbotic,carrot,10,1,21270633,0,60,,0,60
dexbotic,dexbotic,carrot,11,1,21270634,0,60,,0,60
dexbotic,dexbotic,carrot,12,1,21270635,0,60,,0,60
dexbotic,dexbotic,carrot,13,1,21270636,1,60,,0,60
dexbotic,dexbotic,carrot,14,1,21270637,0,60,,0,60
dexbotic,dexbotic,carrot,15,1,21270638,1,60,,0,60
dexbotic,dexbotic,carrot,16,1,21270639,1,60,,0,60
dexbotic,dexbotic,carrot,17,1,21270640,0,60,,0,60
dexbotic,dexbotic,carrot,18,1,21270641,1,60,,0,60
dexbotic,dexbotic,carrot,19,1,21270642,0,60,,0,60
dexbotic,dexbotic,carrot,20,1,21270643,1,60,,0,60
dexbotic,dexbotic,carrot,21,1,21270644,0,60,,0,60
dexbotic,dexbotic,carrot,22,1,21270645,1,60,,0,60
dexbotic,dexbotic,carrot,23,1,21270646,0,60,,0,60
dexbotic,dexbotic,carrot,0,2,21270723,0,60,,0,60
dexbotic,dexbotic,carrot,1,2,21270724,0,60,,0,60
dexbotic,dexbotic,carrot,2,2,21270725,0,60,,0,60
dexbotic,dexbotic,carrot,3,2,21270726,1,60,,0,60
dexbotic,dexbotic,carrot,4,2,21270727,1,60,,0,60
dexbotic,dexbotic,carrot,5,2,21270728,0,60,,0,60
dexbotic,dexbotic,carrot,6,2,21270729,0,60,,0,60
dexbotic,dexbotic,carrot,7,2,21270730,0,60,,0,60
dexbotic,dexbotic,carrot,8,2,21270731,0,60,,0,60
dexbotic,dexbotic,carrot,9,2,21270732,0,60,,0,60
dexbotic,dexbotic,carrot,10,2,21270733,0,60,,0,60
dexbotic,dexbotic,carrot,11,2,21270734,0,60,,0,60
dexbotic,dexbotic,carrot,12,2,21270735,1,60,,0,60
dexbotic,dexbotic,carrot,13,2,21270736,1,60,,0,60
dexbotic,dexbotic,carrot,14,2,21270737,1,60,,0,60
dexbotic,dexbotic,carrot,15,2,21270738,1,60,,0,60
dexbotic,dexbotic,carrot,16,2,21270739,1,60,,0,60
dexbotic,dexbotic,carrot,17,2,21270740,0,60,,0,60
dexbotic,dexbotic,carrot,18,2,21270741,0,60,,0,60
dexbotic,dexbotic,carrot,19,2,21270742,0,60,,0,60
dexbotic,dexbotic,carrot,20,2,21270743,1,60,,0,60
dexbotic,dexbotic,carrot,21,2,21270744,0,60,,0,60
dexbotic,dexbotic,carrot,22,2,21270745,0,60,,0,60
dexbotic,dexbotic,carrot,23,2,21270746,0,60,,0,60
dexbotic,dexbotic,carrot,0,3,21270823,1,60,,0,60
dexbotic,dexbotic,carrot,1,3,21270824,0,60,,0,60
dexbotic,dexbotic,carrot,2,3,21270825,1,60,,0,60
dexbotic,dexbotic,carrot,3,3,21270826,0,60,,0,60
dexbotic,dexbotic,carrot,4,3,21270827,0,60,,0,60
dexbotic,dexbotic,carrot,5,3,21270828,1,60,,0,60
dexbotic,dexbotic,carrot,6,3,21270829,1,60,,0,60
dexbotic,dexbotic,carrot,7,3,21270830,0,60,,0,60
dexbotic,dexbotic,carrot,8,3,21270831,0,60,,0,60
dexbotic,dexbotic,carrot,9,3,21270832,0,60,,0,60
dexbotic,dexbotic,carrot,10,3,21270833,0,60,,0,60
dexbotic,dexbotic,carrot,11,3,21270834,0,60,,0,60
dexbotic,dexbotic,carrot,12,3,21270835,1,60,,0,60
dexbotic,dexbotic,carrot,13,3,21270836,1,60,,0,60
dexbotic,dexbotic,carrot,14,3,21270837,1,60,,0,60
dexbotic,dexbotic,carrot,15,3,21270838,0,60,,0,60
dexbotic,dexbotic,carrot,16,3,21270839,1,60,,0,60
dexbotic,dexbotic,carrot,17,3,21270840,1,60,,0,60
dexbotic,dexbotic,carrot,18,3,21270841,1,60,,0,60
dexbotic,dexbotic,carrot,19,3,21270842,0,60,,0,60
dexbotic,dexbotic,carrot,20,3,21270843,1,60,,0,60
dexbotic,dexbotic,carrot,21,3,21270844,0,60,,0,60
dexbotic,dexbotic,carrot,22,3,21270845,0,60,,0,60
dexbotic,dexbotic,carrot,23,3,21270846,0,60,,0,60
dexbotic,dexbotic,carrot,0,4,21270923,1,60,,0,60
dexbotic,dexbotic,carrot,1,4,21270924,0,60,,0,60
dexbotic,dexbotic,carrot,2,4,21270925,0,60,,0,60
dexbotic,dexbotic,carrot,3,4,21270926,0,60,,0,60
dexbotic,dexbotic,carrot,4,4,21270927,1,60,,0,60
dexbotic,dexbotic,carrot,5,4,21270928,0,60,,0,60
dexbotic,dexbotic,carrot,6,4,21270929,1,60,,0,60
dexbotic,dexbotic,carrot,7,4,21270930,0,60,,0,60
dexbotic,dexbotic,carrot,8,4,21270931,0,60,,0,60
dexbotic,dexbotic,carrot,9,4,21270932,0,60,,0,60
dexbotic,dexbotic,carrot,10,4,21270933,0,60,,0,60
dexbotic,dexbotic,carrot,11,4,21270934,0,60,,0,60
dexbotic,dexbotic,carrot,12,4,21270935,1,60,,0,60
dexbotic,dexbotic,carrot,13,4,21270936,0,60,,0,60
dexbotic,dexbotic,carrot,14,4,21270937,1,60,,0,60
dexbotic,dexbotic,carrot,15,4,21270938,1,60,,0,60
dexbotic,dexbotic,carrot,16,4,21270939,1,60,,0,60
dexbotic,dexbotic,carrot,17,4,21270940,0,60,,0,60
dexbotic,dexbotic,carrot,18,4,21270941,1,60,,0,60
dexbotic,dexbotic,carrot,19,4,21270942,0,60,,0,60
dexbotic,dexbotic,carrot,20,4,21270943,1,60,,0,60
dexbotic,dexbotic,carrot,21,4,21270944,0,60,,0,60
dexbotic,dexbotic,carrot,22,4,21270945,1,60,,0,60
dexbotic,dexbotic,carrot,23,4,21270946,0,60,,0,60
dexbotic,dexbotic,carrot,0,5,21271023,1,60,,0,60
dexbotic,dexbotic,carrot,1,5,21271024,0,60,,0,60
dexbotic,dexbotic,carrot,2,5,21271025,0,60,,0,60
dexbotic,dexbotic,carrot,3,5,21271026,0,60,,0,60
dexbotic,dexbotic,carrot,4,5,21271027,1,60,,0,60
dexbotic,dexbotic,carrot,5,5,21271028,0,60,,0,60
dexbotic,dexbotic,carrot,6,5,21271029,0,60,,0,60
dexbotic,dexbotic,carrot,7,5,21271030,0,60,,0,60
dexbotic,dexbotic,carrot,8,5,21271031,1,60,,0,60
dexbotic,dexbotic,carrot,9,5,21271032,1,60,,0,60
dexbotic,dexbotic,carrot,10,5,21271033,0,60,,0,60
dexbotic,dexbotic,carrot,11,5,21271034,0,60,,0,60
dexbotic,dexbotic,carrot,12,5,21271035,0,60,,0,60
dexbotic,dexbotic,carrot,13,5,21271036,0,60,,0,60
dexbotic,dexbotic,carrot,14,5,21271037,1,60,,0,60
dexbotic,dexbotic,carrot,15,5,21271038,0,60,,0,60
dexbotic,dexbotic,carrot,16,5,21271039,1,60,,0,60
dexbotic,dexbotic,carrot,17,5,21271040,0,60,,0,60
dexbotic,dexbotic,carrot,18,5,21271041,0,60,,0,60
dexbotic,dexbotic,carrot,19,5,21271042,1,60,,0,60
dexbotic,dexbotic,carrot,20,5,21271043,0,60,,0,60
dexbotic,dexbotic,carrot,21,5,21271044,0,60,,0,60
dexbotic,dexbotic,carrot,22,5,21271045,1,60,,0,60
dexbotic,dexbotic,carrot,23,5,21271046,0,60,,0,60
dexbotic,dexbotic,carrot,0,6,21271123,1,60,,0,60
dexbotic,dexbotic,carrot,1,6,21271124,0,60,,0,60
dexbotic,dexbotic,carrot,2,6,21271125,1,60,,0,60
dexbotic,dexbotic,carrot,3,6,21271126,0,60,,0,60
dexbotic,dexbotic,carrot,4,6,21271127,0,60,,0,60
dexbotic,dexbotic,carrot,5,6,21271128,0,60,,0,60
dexbotic,dexbotic,carrot,6,6,21271129,1,60,,0,60
dexbotic,dexbotic,carrot,7,6,21271130,0,60,,0,60
dexbotic,dexbotic,carrot,8,6,21271131,0,60,,0,60
dexbotic,dexbotic,carrot,9,6,21271132,0,60,,0,60
dexbotic,dexbotic,carrot,10,6,21271133,1,60,,0,60
dexbotic,dexbotic,carrot,11,6,21271134,0,60,,0,60
dexbotic,dexbotic,carrot,12,6,21271135,0,60,,0,60
dexbotic,dexbotic,carrot,13,6,21271136,0,60,,0,60
dexbotic,dexbotic,carrot,14,6,21271137,1,60,,0,60
dexbotic,dexbotic,carrot,15,6,21271138,0,60,,0,60
dexbotic,dexbotic,carrot,16,6,21271139,1,60,,0,60
dexbotic,dexbotic,carrot,17,6,21271140,0,60,,0,60
dexbotic,dexbotic,carrot,18,6,21271141,1,60,,0,60
dexbotic,dexbotic,carrot,19,6,21271142,0,60,,0,60
dexbotic,dexbotic,carrot,20,6,21271143,1,60,,0,60
dexbotic,dexbotic,carrot,21,6,21271144,0,60,,0,60
dexbotic,dexbotic,carrot,22,6,21271145,1,60,,0,60
dexbotic,dexbotic,carrot,23,6,21271146,0,60,,0,60
dexbotic,dexbotic,carrot,0,7,21271223,0,60,,0,60
dexbotic,dexbotic,carrot,1,7,21271224,0,60,,0,60
dexbotic,dexbotic,carrot,2,7,21271225,1,60,,0,60
dexbotic,dexbotic,carrot,3,7,21271226,0,60,,0,60
dexbotic,dexbotic,carrot,4,7,21271227,1,60,,0,60
dexbotic,dexbotic,carrot,5,7,21271228,0,60,,0,60
dexbotic,dexbotic,carrot,6,7,21271229,0,60,,0,60
dexbotic,dexbotic,carrot,7,7,21271230,0,60,,0,60
dexbotic,dexbotic,carrot,8,7,21271231,1,60,,0,60
dexbotic,dexbotic,carrot,9,7,21271232,0,60,,0,60
dexbotic,dexbotic,carrot,10,7,21271233,0,60,,0,60
dexbotic,dexbotic,carrot,11,7,21271234,0,60,,0,60
dexbotic,dexbotic,carrot,12,7,21271235,1,60,,0,60
dexbotic,dexbotic,carrot,13,7,21271236,0,60,,0,60
dexbotic,dexbotic,carrot,14,7,21271237,1,60,,0,60
dexbotic,dexbotic,carrot,15,7,21271238,1,60,,0,60
dexbotic,dexbotic,carrot,16,7,21271239,1,60,,0,60
dexbotic,dexbotic,carrot,17,7,21271240,0,60,,0,60
dexbotic,dexbotic,carrot,18,7,21271241,1,60,,0,60
dexbotic,dexbotic,carrot,19,7,21271242,1,60,,0,60
dexbotic,dexbotic,carrot,20,7,21271243,1,60,,0,60
dexbotic,dexbotic,carrot,21,7,21271244,1,60,,0,60
dexbotic,dexbotic,carrot,22,7,21271245,0,60,,0,60
dexbotic,dexbotic,carrot,23,7,21271246,1,60,,0,60
dexbotic,dexbotic,carrot,0,8,21271323,1,60,,0,60
dexbotic,dexbotic,carrot,1,8,21271324,0,60,,0,60
dexbotic,dexbotic,carrot,2,8,21271325,1,60,,0,60
dexbotic,dexbotic,carrot,3,8,21271326,0,60,,0,60
dexbotic,dexbotic,carrot,4,8,21271327,1,60,,0,60
dexbotic,dexbotic,carrot,5,8,21271328,0,60,,0,60
dexbotic,dexbotic,carrot,6,8,21271329,1,60,,0,60
dexbotic,dexbotic,carrot,7,8,21271330,0,60,,0,60
dexbotic,dexbotic,carrot,8,8,21271331,0,60,,0,60
dexbotic,dexbotic,carrot,9,8,21271332,0,60,,0,60
dexbotic,dexbotic,carrot,10,8,21271333,0,60,,0,60
dexbotic,dexbotic,carrot,11,8,21271334,0,60,,0,60
dexbotic,dexbotic,carrot,12,8,21271335,0,60,,0,60
dexbotic,dexbotic,carrot,13,8,21271336,0,60,,0,60
dexbotic,dexbotic,carrot,14,8,21271337,1,60,,0,60
dexbotic,dexbotic,carrot,15,8,21271338,1,60,,0,60
dexbotic,dexbotic,carrot,16,8,21271339,1,60,,0,60
dexbotic,dexbotic,carrot,17,8,21271340,0,60,,0,60
dexbotic,dexbotic,carrot,18,8,21271341,0,60,,0,60
dexbotic,dexbotic,carrot,19,8,21271342,0,60,,0,60
dexbotic,dexbotic,carrot,20,8,21271343,1,60,,0,60
dexbotic,dexbotic,carrot,21,8,21271344,0,60,,0,60
dexbotic,dexbotic,carrot,22,8,21271345,1,60,,0,60
dexbotic,dexbotic,carrot,23,8,21271346,0,60,,0,60
dexbotic,dexbotic,carrot,0,9,21271423,1,60,,0,60
dexbotic,dexbotic,carrot,1,9,21271424,0,60,,0,60
dexbotic,dexbotic,carrot,2,9,21271425,1,60,,0,60
dexbotic,dexbotic,carrot,3,9,21271426,0,60,,0,60
dexbotic,dexbotic,carrot,4,9,21271427,1,60,,0,60
dexbotic,dexbotic,carrot,5,9,21271428,0,60,,0,60
dexbotic,dexbotic,carrot,6,9,21271429,1,60,,0,60
dexbotic,dexbotic,carrot,7,9,21271430,0,60,,0,60
dexbotic,dexbotic,carrot,8,9,21271431,1,60,,0,60
dexbotic,dexbotic,carrot,9,9,21271432,0,60,,0,60
dexbotic,dexbotic,carrot,10,9,21271433,0,60,,0,60
dexbotic,dexbotic,carrot,11,9,21271434,1,60,,0,60
dexbotic,dexbotic,carrot,12,9,21271435,1,60,,0,60
dexbotic,dexbotic,carrot,13,9,21271436,0,60,,0,60
dexbotic,dexbotic,carrot,14,9,21271437,1,60,,0,60
dexbotic,dexbotic,carrot,15,9,21271438,1,60,,0,60
dexbotic,dexbotic,carrot,16,9,21271439,0,60,,0,60
dexbotic,dexbotic,carrot,17,9,21271440,0,60,,0,60
dexbotic,dexbotic,carrot,18,9,21271441,0,60,,0,60
dexbotic,dexbotic,carrot,19,9,21271442,0,60,,0,60
dexbotic,dexbotic,carrot,20,9,21271443,1,60,,0,60
dexbotic,dexbotic,carrot,21,9,21271444,0,60,,0,60
dexbotic,dexbotic,carrot,22,9,21271445,1,60,,0,60
dexbotic,dexbotic,carrot,23,9,21271446,1,60,,0,60
dexbotic,dexbotic,carrot,0,10,21271523,1,60,,0,60
dexbotic,dexbotic,carrot,1,10,21271524,0,60,,0,60
dexbotic,dexbotic,carrot,2,10,21271525,1,60,,0,60
dexbotic,dexbotic,carrot,3,10,21271526,0,60,,0,60
dexbotic,dexbotic,carrot,4,10,21271527,1,60,,0,60
dexbotic,dexbotic,carrot,5,10,21271528,1,60,,0,60
dexbotic,dexbotic,carrot,6,10,21271529,1,60,,0,60
dexbotic,dexbotic,carrot,7,10,21271530,1,60,,0,60
dexbotic,dexbotic,carrot,8,10,21271531,1,60,,0,60
dexbotic,dexbotic,carrot,9,10,21271532,0,60,,0,60
dexbotic,dexbotic,carrot,10,10,21271533,0,60,,0,60
dexbotic,dexbotic,carrot,11,10,21271534,0,60,,0,60
dexbotic,dexbotic,carrot,12,10,21271535,0,60,,0,60
dexbotic,dexbotic,carrot,13,10,21271536,1,60,,0,60
dexbotic,dexbotic,carrot,14,10,21271537,1,60,,0,60
dexbotic,dexbotic,carrot,15,10,21271538,1,60,,0,60
dexbotic,dexbotic,carrot,16,10,21271539,1,60,,0,60
dexbotic,dexbotic,carrot,17,10,21271540,0,60,,0,60
dexbotic,dexbotic,carrot,18,10,21271541,1,60,,0,60
dexbotic,dexbotic,carrot,19,10,21271542,1,60,,0,60
dexbotic,dexbotic,carrot,20,10,21271543,0,60,,0,60
dexbotic,dexbotic,carrot,21,10,21271544,0,60,,0,60
dexbotic,dexbotic,carrot,22,10,21271545,1,60,,0,60
dexbotic,dexbotic,carrot,23,10,21271546,0,60,,0,60
dexbotic,dexbotic,carrot,0,11,21271623,1,60,,0,60
dexbotic,dexbotic,carrot,1,11,21271624,0,60,,0,60
dexbotic,dexbotic,carrot,2,11,21271625,0,60,,0,60
dexbotic,dexbotic,carrot,3,11,21271626,1,60,,0,60
dexbotic,dexbotic,carrot,4,11,21271627,1,60,,0,60
dexbotic,dexbotic,carrot,5,11,21271628,0,60,,0,60
dexbotic,dexbotic,carrot,6,11,21271629,0,60,,0,60
dexbotic,dexbotic,carrot,7,11,21271630,0,60,,0,60
dexbotic,dexbotic,carrot,8,11,21271631,0,60,,0,60
dexbotic,dexbotic,carrot,9,11,21271632,0,60,,0,60
dexbotic,dexbotic,carrot,10,11,21271633,1,60,,0,60
dexbotic,dexbotic,carrot,11,11,21271634,0,60,,0,60
dexbotic,dexbotic,carrot,12,11,21271635,1,60,,0,60
dexbotic,dexbotic,carrot,13,11,21271636,1,60,,0,60
dexbotic,dexbotic,carrot,14,11,21271637,1,60,,0,60
dexbotic,dexbotic,carrot,15,11,21271638,0,60,,0,60
dexbotic,dexbotic,carrot,16,11,21271639,0,60,,0,60
dexbotic,dexbotic,carrot,17,11,21271640,0,60,,0,60
dexbotic,dexbotic,carrot,18,11,21271641,1,60,,0,60
dexbotic,dexbotic,carrot,19,11,21271642,0,60,,0,60
dexbotic,dexbotic,carrot,20,11,21271643,0,60,,0,60
dexbotic,dexbotic,carrot,21,11,21271644,0,60,,0,60
dexbotic,dexbotic,carrot,22,11,21271645,1,60,,0,60
dexbotic,dexbotic,carrot,23,11,21271646,0,60,,0,60
dexbotic,dexbotic,spoon,0,0,21280523,1,60,,0,60
dexbotic,dexbotic,spoon,1,0,21280524,1,60,,0,60
dexbotic,dexbotic,spoon,2,0,21280525,1,60,,0,60
dexbotic,dexbotic,spoon,3,0,21280526,1,60,,0,60
dexbotic,dexbotic,spoon,4,0,21280527,1,60,,0,60
dexbotic,dexbotic,spoon,5,0,21280528,1,60,,0,60
dexbotic,dexbotic,spoon,6,0,21280529,1,60,,0,60
dexbotic,dexbotic,spoon,7,0,21280530,0,60,,0,60
dexbotic,dexbotic,spoon,8,0,21280531,1,60,,0,60
dexbotic,dexbotic,spoon,9,0,21280532,1,60,,0,60
dexbotic,dexbotic,spoon,10,0,21280533,1,60,,0,60
dexbotic,dexbotic,spoon,11,0,21280534,0,60,,0,60
dexbotic,dexbotic,spoon,12,0,21280535,1,60,,0,60
dexbotic,dexbotic,spoon,13,0,21280536,1,60,,0,60
dexbotic,dexbotic,spoon,14,0,21280537,0,60,,0,60
dexbotic,dexbotic,spoon,15,0,21280538,0,60,,0,60
dexbotic,dexbotic,spoon,16,0,21280539,0,60,,0,60
dexbotic,dexbotic,spoon,17,0,21280540,1,60,,0,60
dexbotic,dexbotic,spoon,18,0,21280541,1,60,,0,60
dexbotic,dexbotic,spoon,19,0,21280542,1,60,,0,60
dexbotic,dexbotic,spoon,20,0,21280543,1,60,,0,60
dexbotic,dexbotic,spoon,21,0,21280544,0,60,,0,60
dexbotic,dexbotic,spoon,22,0,21280545,1,60,,0,60
dexbotic,dexbotic,spoon,23,0,21280546,1,60,,0,60
dexbotic,dexbotic,spoon,0,1,21280623,1,60,,0,60
dexbotic,dexbotic,spoon,1,1,21280624,1,60,,0,60
dexbotic,dexbotic,spoon,2,1,21280625,1,60,,0,60
dexbotic,dexbotic,spoon,3,1,21280626,1,60,,0,60
dexbotic,dexbotic,spoon,4,1,21280627,0,60,,0,60
dexbotic,dexbotic,spoon,5,1,21280628,1,60,,0,60
dexbotic,dexbotic,spoon,6,1,21280629,1,60,,0,60
dexbotic,dexbotic,spoon,7,1,21280630,0,60,,0,60
dexbotic,dexbotic,spoon,8,1,21280631,1,60,,0,60
dexbotic,dexbotic,spoon,9,1,21280632,1,60,,0,60
dexbotic,dexbotic,spoon,10,1,21280633,1,60,,0,60
dexbotic,dexbotic,spoon,11,1,21280634,1,60,,0,60
dexbotic,dexbotic,spoon,12,1,21280635,1,60,,0,60
dexbotic,dexbotic,spoon,13,1,21280636,0,60,,0,60
dexbotic,dexbotic,spoon,14,1,21280637,1,60,,0,60
dexbotic,dexbotic,spoon,15,1,21280638,0,60,,0,60
dexbotic,dexbotic,spoon,16,1,21280639,0,60,,0,60
dexbotic,dexbotic,spoon,17,1,21280640,1,60,,0,60
dexbotic,dexbotic,spoon,18,1,21280641,1,60,,0,60
dexbotic,dexbotic,spoon,19,1,21280642,1,60,,0,60
dexbotic,dexbotic,spoon,20,1,21280643,1,60,,0,60
dexbotic,dexbotic,spoon,21,1,21280644,0,60,,0,60
dexbotic,dexbotic,spoon,22,1,21280645,1,60,,0,60
dexbotic,dexbotic,spoon,23,1,21280646,1,60,,0,60
dexbotic,dexbotic,spoon,0,2,21280723,1,60,,0,60
dexbotic,dexbotic,spoon,1,2,21280724,1,60,,0,60
dexbotic,dexbotic,spoon,2,2,21280725,1,60,,0,60
dexbotic,dexbotic,spoon,3,2,21280726,1,60,,0,60
dexbotic,dexbotic,spoon,4,2,21280727,1,60,,0,60
dexbotic,dexbotic,spoon,5,2,21280728,1,60,,0,60
dexbotic,dexbotic,spoon,6,2,21280729,1,60,,0,60
dexbotic,dexbotic,spoon,7,2,21280730,0,60,,0,60
dexbotic,dexbotic,spoon,8,2,21280731,1,60,,0,60
dexbotic,dexbotic,spoon,9,2,21280732,1,60,,0,60
dexbotic,dexbotic,spoon,10,2,21280733,1,60,,0,60
dexbotic,dexbotic,spoon,11,2,21280734,1,60,,0,60
dexbotic,dexbotic,spoon,12,2,21280735,1,60,,0,60
dexbotic,dexbotic,spoon,13,2,21280736,0,60,,0,60
dexbotic,dexbotic,spoon,14,2,21280737,0,60,,0,60
dexbotic,dexbotic,spoon,15,2,21280738,0,60,,0,60
dexbotic,dexbotic,spoon,16,2,21280739,0,60,,0,60
dexbotic,dexbotic,spoon,17,2,21280740,0,60,,0,60
dexbotic,dexbotic,spoon,18,2,21280741,1,60,,0,60
dexbotic,dexbotic,spoon,19,2,21280742,1,60,,0,60
dexbotic,dexbotic,spoon,20,2,21280743,1,60,,0,60
dexbotic,dexbotic,spoon,21,2,21280744,0,60,,0,60
dexbotic,dexbotic,spoon,22,2,21280745,1,60,,0,60
dexbotic,dexbotic,spoon,23,2,21280746,1,60,,0,60
dexbotic,dexbotic,spoon,0,3,21280823,1,60,,0,60
dexbotic,dexbotic,spoon,1,3,21280824,1,60,,0,60
dexbotic,dexbotic,spoon,2,3,21280825,1,60,,0,60
dexbotic,dexbotic,spoon,3,3,21280826,1,60,,0,60
dexbotic,dexbotic,spoon,4,3,21280827,0,60,,0,60
dexbotic,dexbotic,spoon,5,3,21280828,1,60,,0,60
dexbotic,dexbotic,spoon,6,3,21280829,1,60,,0,60
dexbotic,dexbotic,spoon,7,3,21280830,1,60,,0,60
dexbotic,dexbotic,spoon,8,3,21280831,1,60,,0,60
dexbotic,dexbotic,spoon,9,3,21280832,0,60,,0,60
dexbotic,dexbotic,spoon,10,3,21280833,1,60,,0,60
dexbotic,dexbotic,spoon,11,3,21280834,1,60,,0,60
dexbotic,dexbotic,spoon,12,3,21280835,0,60,,0,60
dexbotic,dexbotic,spoon,13,3,21280836,0,60,,0,60
dexbotic,dexbotic,spoon,14,3,21280837,0,60,,0,60
dexbotic,dexbotic,spoon,15,3,21280838,0,60,,0,60
dexbotic,dexbotic,spoon,16,3,21280839,1,60,,0,60
dexbotic,dexbotic,spoon,17,3,21280840,1,60,,0,60
dexbotic,dexbotic,spoon,18,3,21280841,1,60,,0,60
dexbotic,dexbotic,spoon,19,3,21280842,1,60,,0,60
dexbotic,dexbotic,spoon,20,3,21280843,1,60,,0,60
dexbotic,dexbotic,spoon,21,3,21280844,1,60,,0,60
dexbotic,dexbotic,spoon,22,3,21280845,1,60,,0,60
dexbotic,dexbotic,spoon,23,3,21280846,1,60,,0,60
dexbotic,dexbotic,spoon,0,4,21280923,1,60,,0,60
dexbotic,dexbotic,spoon,1,4,21280924,1,60,,0,60
dexbotic,dexbotic,spoon,2,4,21280925,1,60,,0,60
dexbotic,dexbotic,spoon,3,4,21280926,1,60,,0,60
dexbotic,dexbotic,spoon,4,4,21280927,0,60,,0,60
dexbotic,dexbotic,spoon,5,4,21280928,1,60,,0,60
dexbotic,dexbotic,spoon,6,4,21280929,1,60,,0,60
dexbotic,dexbotic,spoon,7,4,21280930,0,60,,0,60
dexbotic,dexbotic,spoon,8,4,21280931,1,60,,0,60
dexbotic,dexbotic,spoon,9,4,21280932,1,60,,0,60
dexbotic,dexbotic,spoon,10,4,21280933,1,60,,0,60
dexbotic,dexbotic,spoon,11,4,21280934,1,60,,0,60
dexbotic,dexbotic,spoon,12,4,21280935,1,60,,0,60
dexbotic,dexbotic,spoon,13,4,21280936,0,60,,0,60
dexbotic,dexbotic,spoon,14,4,21280937,1,60,,0,60
dexbotic,dexbotic,spoon,15,4,21280938,0,60,,0,60
dexbotic,dexbotic,spoon,16,4,21280939,1,60,,0,60
dexbotic,dexbotic,spoon,17,4,21280940,1,60,,0,60
dexbotic,dexbotic,spoon,18,4,21280941,1,60,,0,60
dexbotic,dexbotic,spoon,19,4,21280942,1,60,,0,60
dexbotic,dexbotic,spoon,20,4,21280943,1,60,,0,60
dexbotic,dexbotic,spoon,21,4,21280944,1,60,,0,60
dexbotic,dexbotic,spoon,22,4,21280945,0,60,,0,60
dexbotic,dexbotic,spoon,23,4,21280946,1,60,,0,60
dexbotic,dexbotic,spoon,0,5,21281023,0,60,,0,60
dexbotic,dexbotic,spoon,1,5,21281024,1,60,,0,60
dexbotic,dexbotic,spoon,2,5,21281025,1,60,,0,60
dexbotic,dexbotic,spoon,3,5,21281026,0,60,,0,60
dexbotic,dexbotic,spoon,4,5,21281027,1,60,,0,60
dexbotic,dexbotic,spoon,5,5,21281028,0,60,,0,60
dexbotic,dexbotic,spoon,6,5,21281029,1,60,,0,60
dexbotic,dexbotic,spoon,7,5,21281030,0,60,,0,60
dexbotic,dexbotic,spoon,8,5,21281031,1,60,,0,60
dexbotic,dexbotic,spoon,9,5,21281032,1,60,,0,60
dexbotic,dexbotic,spoon,10,5,21281033,1,60,,0,60
dexbotic,dexbotic,spoon,11,5,21281034,1,60,,0,60
dexbotic,dexbotic,spoon,12,5,21281035,1,60,,0,60
dexbotic,dexbotic,spoon,13,5,21281036,1,60,,0,60
dexbotic,dexbotic,spoon,14,5,21281037,0,60,,0,60
dexbotic,dexbotic,spoon,15,5,21281038,0,60,,0,60
dexbotic,dexbotic,spoon,16,5,21281039,0,60,,0,60
dexbotic,dexbotic,spoon,17,5,21281040,0,60,,0,60
dexbotic,dexbotic,spoon,18,5,21281041,1,60,,0,60
dexbotic,dexbotic,spoon,19,5,21281042,1,60,,0,60
dexbotic,dexbotic,spoon,20,5,21281043,1,60,,0,60
dexbotic,dexbotic,spoon,21,5,21281044,0,60,,0,60
dexbotic,dexbotic,spoon,22,5,21281045,1,60,,0,60
dexbotic,dexbotic,spoon,23,5,21281046,0,60,,0,60
dexbotic,dexbotic,spoon,0,6,21281123,0,60,,0,60
dexbotic,dexbotic,spoon,1,6,21281124,1,60,,0,60
dexbotic,dexbotic,spoon,2,6,21281125,1,60,,0,60
dexbotic,dexbotic,spoon,3,6,21281126,1,60,,0,60
dexbotic,dexbotic,spoon,4,6,21281127,0,60,,0,60
dexbotic,dexbotic,spoon,5,6,21281128,1,60,,0,60
dexbotic,dexbotic,spoon,6,6,21281129,1,60,,0,60
dexbotic,dexbotic,spoon,7,6,21281130,0,60,,0,60
dexbotic,dexbotic,spoon,8,6,21281131,1,60,,0,60
dexbotic,dexbotic,spoon,9,6,21281132,0,60,,0,60
dexbotic,dexbotic,spoon,10,6,21281133,1,60,,0,60
dexbotic,dexbotic,spoon,11,6,21281134,0,60,,0,60
dexbotic,dexbotic,spoon,12,6,21281135,1,60,,0,60
dexbotic,dexbotic,spoon,13,6,21281136,0,60,,0,60
dexbotic,dexbotic,spoon,14,6,21281137,0,60,,0,60
dexbotic,dexbotic,spoon,15,6,21281138,0,60,,0,60
dexbotic,dexbotic,spoon,16,6,21281139,0,60,,0,60
dexbotic,dexbotic,spoon,17,6,21281140,0,60,,0,60
dexbotic,dexbotic,spoon,18,6,21281141,1,60,,0,60
dexbotic,dexbotic,spoon,19,6,21281142,1,60,,0,60
dexbotic,dexbotic,spoon,20,6,21281143,1,60,,0,60
dexbotic,dexbotic,spoon,21,6,21281144,1,60,,0,60
dexbotic,dexbotic,spoon,22,6,21281145,1,60,,0,60
dexbotic,dexbotic,spoon,23,6,21281146,1,60,,0,60
dexbotic,dexbotic,spoon,0,7,21281223,0,60,,0,60
dexbotic,dexbotic,spoon,1,7,21281224,1,60,,0,60
dexbotic,dexbotic,spoon,2,7,21281225,1,60,,0,60
dexbotic,dexbotic,spoon,3,7,21281226,1,60,,0,60
dexbotic,dexbotic,spoon,4,7,21281227,0,60,,0,60
dexbotic,dexbotic,spoon,5,7,21281228,0,60,,0,60
dexbotic,dexbotic,spoon,6,7,21281229,1,60,,0,60
dexbotic,dexbotic,spoon,7,7,21281230,0,60,,0,60
dexbotic,dexbotic,spoon,8,7,21281231,1,60,,0,60
dexbotic,dexbotic,spoon,9,7,21281232,1,60,,0,60
dexbotic,dexbotic,spoon,10,7,21281233,1,60,,0,60
dexbotic,dexbotic,spoon,11,7,21281234,1,60,,0,60
dexbotic,dexbotic,spoon,12,7,21281235,1,60,,0,60
dexbotic,dexbotic,spoon,13,7,21281236,0,60,,0,60
dexbotic,dexbotic,spoon,14,7,21281237,0,60,,0,60
dexbotic,dexbotic,spoon,15,7,21281238,0,60,,0,60
dexbotic,dexbotic,spoon,16,7,21281239,1,60,,0,60
dexbotic,dexbotic,spoon,17,7,21281240,1,60,,0,60
dexbotic,dexbotic,spoon,18,7,21281241,1,60,,0,60
dexbotic,dexbotic,spoon,19,7,21281242,1,60,,0,60
dexbotic,dexbotic,spoon,20,7,21281243,1,60,,0,60
dexbotic,dexbotic,spoon,21,7,21281244,1,60,,0,60
dexbotic,dexbotic,spoon,22,7,21281245,1,60,,0,60
dexbotic,dexbotic,spoon,23,7,21281246,1,60,,0,60
dexbotic,dexbotic,spoon,0,8,21281323,1,60,,0,60
dexbotic,dexbotic,spoon,1,8,21281324,1,60,,0,60
dexbotic,dexbotic,spoon,2,8,21281325,1,60,,0,60
dexbotic,dexbotic,spoon,3,8,21281326,1,60,,0,60
dexbotic,dexbotic,spoon,4,8,21281327,1,60,,0,60
dexbotic,dexbotic,spoon,5,8,21281328,1,60,,0,60
dexbotic,dexbotic,spoon,6,8,21281329,1,60,,0,60
dexbotic,dexbotic,spoon,7,8,21281330,0,60,,0,60
dexbotic,dexbotic,spoon,8,8,21281331,1,60,,0,60
dexbotic,dexbotic,spoon,9,8,21281332,1,60,,0,60
dexbotic,dexbotic,spoon,10,8,21281333,1,60,,0,60
dexbotic,dexbotic,spoon,11,8,21281334,1,60,,0,60
dexbotic,dexbotic,spoon,12,8,21281335,1,60,,0,60
dexbotic,dexbotic,spoon,13,8,21281336,0,60,,0,60
dexbotic,dexbotic,spoon,14,8,21281337,0,60,,0,60
dexbotic,dexbotic,spoon,15,8,21281338,1,60,,0,60
dexbotic,dexbotic,spoon,16,8,21281339,0,60,,0,60
dexbotic,dexbotic,spoon,17,8,21281340,0,60,,0,60
dexbotic,dexbotic,spoon,18,8,21281341,0,60,,0,60
dexbotic,dexbotic,spoon,19,8,21281342,0,60,,0,60
dexbotic,dexbotic,spoon,20,8,21281343,1,60,,0,60
dexbotic,dexbotic,spoon,21,8,21281344,0,60,,0,60
dexbotic,dexbotic,spoon,22,8,21281345,1,60,,0,60
dexbotic,dexbotic,spoon,23,8,21281346,0,60,,0,60
dexbotic,dexbotic,spoon,0,9,21281423,1,60,,0,60
dexbotic,dexbotic,spoon,1,9,21281424,1,60,,0,60
dexbotic,dexbotic,spoon,2,9,21281425,1,60,,0,60
dexbotic,dexbotic,spoon,3,9,21281426,1,60,,0,60
dexbotic,dexbotic,spoon,4,9,21281427,1,60,,0,60
dexbotic,dexbotic,spoon,5,9,21281428,1,60,,0,60
dexbotic,dexbotic,spoon,6,9,21281429,1,60,,0,60
dexbotic,dexbotic,spoon,7,9,21281430,1,60,,0,60
dexbotic,dexbotic,spoon,8,9,21281431,1,60,,0,60
dexbotic,dexbotic,spoon,9,9,21281432,0,60,,0,60
dexbotic,dexbotic,spoon,10,9,21281433,1,60,,0,60
dexbotic,dexbotic,spoon,11,9,21281434,1,60,,0,60
dexbotic,dexbotic,spoon,12,9,21281435,1,60,,0,60
dexbotic,dexbotic,spoon,13,9,21281436,1,60,,0,60
dexbotic,dexbotic,spoon,14,9,21281437,1,60,,0,60
dexbotic,dexbotic,spoon,15,9,21281438,0,60,,0,60
dexbotic,dexbotic,spoon,16,9,21281439,0,60,,0,60
dexbotic,dexbotic,spoon,17,9,21281440,0,60,,0,60
dexbotic,dexbotic,spoon,18,9,21281441,1,60,,0,60
dexbotic,dexbotic,spoon,19,9,21281442,0,60,,0,60
dexbotic,dexbotic,spoon,20,9,21281443,1,60,,0,60
dexbotic,dexbotic,spoon,21,9,21281444,1,60,,0,60
dexbotic,dexbotic,spoon,22,9,21281445,1,60,,0,60
dexbotic,dexbotic,spoon,23,9,21281446,1,60,,0,60
dexbotic,dexbotic,spoon,0,10,21281523,1,60,,0,60
dexbotic,dexbotic,spoon,1,10,21281524,1,60,,0,60
dexbotic,dexbotic,spoon,2,10,21281525,1,60,,0,60
dexbotic,dexbotic,spoon,3,10,21281526,1,60,,0,60
dexbotic,dexbotic,spoon,4,10,21281527,1,60,,0,60
dexbotic,dexbotic,spoon,5,10,21281528,1,60,,0,60
dexbotic,dexbotic,spoon,6,10,21281529,1,60,,0,60
dexbotic,dexbotic,spoon,7,10,21281530,1,60,,0,60
dexbotic,dexbotic,spoon,8,10,21281531,1,60,,0,60
dexbotic,dexbotic,spoon,9,10,21281532,1,60,,0,60
dexbotic,dexbotic,spoon,10,10,21281533,1,60,,0,60
dexbotic,dexbotic,spoon,11,10,21281534,1,60,,0,60
dexbotic,dexbotic,spoon,12,10,21281535,1,60,,0,60
dexbotic,dexbotic,spoon,13,10,21281536,1,60,,0,60
dexbotic,dexbotic,spoon,14,10,21281537,0,60,,0,60
dexbotic,dexbotic,spoon,15,10,21281538,0,60,,0,60
dexbotic,dexbotic,spoon,16,10,21281539,0,60,,0,60
dexbotic,dexbotic,spoon,17,10,21281540,0,60,,0,60
dexbotic,dexbotic,spoon,18,10,21281541,1,60,,0,60
dexbotic,dexbotic,spoon,19,10,21281542,0,60,,0,60
dexbotic,dexbotic,spoon,20,10,21281543,1,60,,0,60
dexbotic,dexbotic,spoon,21,10,21281544,0,60,,0,60
dexbotic,dexbotic,spoon,22,10,21281545,1,60,,0,60
dexbotic,dexbotic,spoon,23,10,21281546,1,60,,0,60
dexbotic,dexbotic,spoon,0,11,21281623,1,60,,0,60
dexbotic,dexbotic,spoon,1,11,21281624,0,60,,0,60
dexbotic,dexbotic,spoon,2,11,21281625,1,60,,0,60
dexbotic,dexbotic,spoon,3,11,21281626,1,60,,0,60
dexbotic,dexbotic,spoon,4,11,21281627,1,60,,0,60
dexbotic,dexbotic,spoon,5,11,21281628,1,60,,0,60
dexbotic,dexbotic,spoon,6,11,21281629,1,60,,0,60
dexbotic,dexbotic,spoon,7,11,21281630,0,60,,0,60
dexbotic,dexbotic,spoon,8,11,21281631,1,60,,0,60
dexbotic,dexbotic,spoon,9,11,21281632,1,60,,0,60
dexbotic,dexbotic,spoon,10,11,21281633,1,60,,0,60
dexbotic,dexbotic,spoon,11,11,21281634,1,60,,0,60
dexbotic,dexbotic,spoon,12,11,21281635,1,60,,0,60
dexbotic,dexbotic,spoon,13,11,21281636,0,60,,0,60
dexbotic,dexbotic,spoon,14,11,21281637,1,60,,0,60
dexbotic,dexbotic,spoon,15,11,21281638,0,60,,0,60
dexbotic,dexbotic,spoon,16,11,21281639,1,60,,0,60
dexbotic,dexbotic,spoon,17,11,21281640,1,60,,0,60
dexbotic,dexbotic,spoon,18,11,21281641,1,60,,0,60
dexbotic,dexbotic,spoon,19,11,21281642,0,60,,0,60
dexbotic,dexbotic,spoon,20,11,21281643,1,60,,0,60
dexbotic,dexbotic,spoon,21,11,21281644,1,60,,0,60
dexbotic,dexbotic,spoon,22,11,21281645,1,60,,0,60
dexbotic,dexbotic,spoon,23,11,21281646,1,60,,0,60
dexbotic,dexbotic,eggplant,0,0,21290523,1,120,,0,120
dexbotic,dexbotic,eggplant,1,0,21290524,1,120,,0,120
dexbotic,dexbotic,eggplant,2,0,21290525,1,120,,0,120
dexbotic,dexbotic,eggplant,3,0,21290526,1,120,,0,120
dexbotic,dexbotic,eggplant,4,0,21290527,1,120,,0,120
dexbotic,dexbotic,eggplant,5,0,21290528,1,120,,0,120
dexbotic,dexbotic,eggplant,6,0,21290529,1,120,,0,120
dexbotic,dexbotic,eggplant,7,0,21290530,1,120,,0,120
dexbotic,dexbotic,eggplant,8,0,21290531,1,120,,0,120
dexbotic,dexbotic,eggplant,9,0,21290532,1,120,,0,120
dexbotic,dexbotic,eggplant,10,0,21290533,1,120,,0,120
dexbotic,dexbotic,eggplant,11,0,21290534,1,120,,0,120
dexbotic,dexbotic,eggplant,12,0,21290535,1,120,,0,120
dexbotic,dexbotic,eggplant,13,0,21290536,1,120,,0,120
dexbotic,dexbotic,eggplant,14,0,21290537,1,120,,0,120
dexbotic,dexbotic,eggplant,15,0,21290538,1,120,,0,120
dexbotic,dexbotic,eggplant,16,0,21290539,1,120,,0,120
dexbotic,dexbotic,eggplant,17,0,21290540,1,120,,0,120
dexbotic,dexbotic,eggplant,18,0,21290541,1,120,,0,120
dexbotic,dexbotic,eggplant,19,0,21290542,1,120,,0,120
dexbotic,dexbotic,eggplant,20,0,21290543,1,120,,0,120
dexbotic,dexbotic,eggplant,21,0,21290544,1,120,,0,120
dexbotic,dexbotic,eggplant,22,0,21290545,1,120,,0,120
dexbotic,dexbotic,eggplant,23,0,21290546,1,120,,0,120
dexbotic,dexbotic,eggplant,0,1,21290623,1,120,,0,120
dexbotic,dexbotic,eggplant,1,1,21290624,1,120,,0,120
dexbotic,dexbotic,eggplant,2,1,21290625,1,120,,0,120
dexbotic,dexbotic,eggplant,3,1,21290626,1,120,,0,120
dexbotic,dexbotic,eggplant,4,1,21290627,1,120,,0,120
dexbotic,dexbotic,eggplant,5,1,21290628,1,120,,0,120
dexbotic,dexbotic,eggplant,6,1,21290629,1,120,,0,120
dexbotic,dexbotic,eggplant,7,1,21290630,1,120,,0,120
dexbotic,dexbotic,eggplant,8,1,21290631,1,120,,0,120
dexbotic,dexbotic,eggplant,9,1,21290632,1,120,,0,120
dexbotic,dexbotic,eggplant,10,1,21290633,1,120,,0,120
dexbotic,dexbotic,eggplant,11,1,21290634,1,120,,0,120
dexbotic,dexbotic,eggplant,12,1,21290635,1,120,,0,120
dexbotic,dexbotic,eggplant,13,1,21290636,1,120,,0,120
dexbotic,dexbotic,eggplant,14,1,21290637,1,120,,0,120
dexbotic,dexbotic,eggplant,15,1,21290638,1,120,,0,120
dexbotic,dexbotic,eggplant,16,1,21290639,1,120,,0,120
dexbotic,dexbotic,eggplant,17,1,21290640,1,120,,0,120
dexbotic,dexbotic,eggplant,18,1,21290641,1,120,,0,120
dexbotic,dexbotic,eggplant,19,1,21290642,1,120,,0,120
dexbotic,dexbotic,eggplant,20,1,21290643,1,120,,0,120
dexbotic,dexbotic,eggplant,21,1,21290644,1,120,,0,120
dexbotic,dexbotic,eggplant,22,1,21290645,1,120,,0,120
dexbotic,dexbotic,eggplant,23,1,21290646,1,120,,0,120
dexbotic,dexbotic,eggplant,0,2,21290723,1,120,,0,120
dexbotic,dexbotic,eggplant,1,2,21290724,1,120,,0,120
dexbotic,dexbotic,eggplant,2,2,21290725,1,120,,0,120
dexbotic,dexbotic,eggplant,3,2,21290726,1,120,,0,120
dexbotic,dexbotic,eggplant,4,2,21290727,1,120,,0,120
dexbotic,dexbotic,eggplant,5,2,21290728,1,120,,0,120
dexbotic,dexbotic,eggplant,6,2,21290729,1,120,,0,120
dexbotic,dexbotic,eggplant,7,2,21290730,1,120,,0,120
dexbotic,dexbotic,eggplant,8,2,21290731,1,120,,0,120
dexbotic,dexbotic,eggplant,9,2,21290732,1,120,,0,120
dexbotic,dexbotic,eggplant,10,2,21290733,1,120,,0,120
dexbotic,dexbotic,eggplant,11,2,21290734,1,120,,0,120
dexbotic,dexbotic,eggplant,12,2,21290735,1,120,,0,120
dexbotic,dexbotic,eggplant,13,2,21290736,1,120,,0,120
dexbotic,dexbotic,eggplant,14,2,21290737,1,120,,0,120
dexbotic,dexbotic,eggplant,15,2,21290738,1,120,,0,120
dexbotic,dexbotic,eggplant,16,2,21290739,1,120,,0,120
dexbotic,dexbotic,eggplant,17,2,21290740,1,120,,0,120
dexbotic,dexbotic,eggplant,18,2,21290741,1,120,,0,120
dexbotic,dexbotic,eggplant,19,2,21290742,1,120,,0,120
dexbotic,dexbotic,eggplant,20,2,21290743,1,120,,0,120
dexbotic,dexbotic,eggplant,21,2,21290744,1,120,,0,120
dexbotic,dexbotic,eggplant,22,2,21290745,1,120,,0,120
dexbotic,dexbotic,eggplant,23,2,21290746,1,120,,0,120
dexbotic,dexbotic,eggplant,0,3,21290823,1,120,,0,120
dexbotic,dexbotic,eggplant,1,3,21290824,1,120,,0,120
dexbotic,dexbotic,eggplant,2,3,21290825,1,120,,0,120
dexbotic,dexbotic,eggplant,3,3,21290826,1,120,,0,120
dexbotic,dexbotic,eggplant,4,3,21290827,1,120,,0,120
dexbotic,dexbotic,eggplant,5,3,21290828,1,120,,0,120
dexbotic,dexbotic,eggplant,6,3,21290829,1,120,,0,120
dexbotic,dexbotic,eggplant,7,3,21290830,1,120,,0,120
dexbotic,dexbotic,eggplant,8,3,21290831,1,120,,0,120
dexbotic,dexbotic,eggplant,9,3,21290832,1,120,,0,120
dexbotic,dexbotic,eggplant,10,3,21290833,1,120,,0,120
dexbotic,dexbotic,eggplant,11,3,21290834,1,120,,0,120
dexbotic,dexbotic,eggplant,12,3,21290835,1,120,,0,120
dexbotic,dexbotic,eggplant,13,3,21290836,1,120,,0,120
dexbotic,dexbotic,eggplant,14,3,21290837,0,120,,0,120
dexbotic,dexbotic,eggplant,15,3,21290838,1,120,,0,120
dexbotic,dexbotic,eggplant,16,3,21290839,1,120,,0,120
dexbotic,dexbotic,eggplant,17,3,21290840,1,120,,0,120
dexbotic,dexbotic,eggplant,18,3,21290841,1,120,,0,120
dexbotic,dexbotic,eggplant,19,3,21290842,1,120,,0,120
dexbotic,dexbotic,eggplant,20,3,21290843,1,120,,0,120
dexbotic,dexbotic,eggplant,21,3,21290844,1,120,,0,120
dexbotic,dexbotic,eggplant,22,3,21290845,1,120,,0,120
dexbotic,dexbotic,eggplant,23,3,21290846,1,120,,0,120
dexbotic,dexbotic,eggplant,0,4,21290923,1,120,,0,120
dexbotic,dexbotic,eggplant,1,4,21290924,1,120,,0,120
dexbotic,dexbotic,eggplant,2,4,21290925,1,120,,0,120
dexbotic,dexbotic,eggplant,3,4,21290926,1,120,,0,120
dexbotic,dexbotic,eggplant,4,4,21290927,1,120,,0,120
dexbotic,dexbotic,eggplant,5,4,21290928,1,120,,0,120
dexbotic,dexbotic,eggplant,6,4,21290929,1,120,,0,120
dexbotic,dexbotic,eggplant,7,4,21290930,1,120,,0,120
dexbotic,dexbotic,eggplant,8,4,21290931,1,120,,0,120
dexbotic,dexbotic,eggplant,9,4,21290932,1,120,,0,120
dexbotic,dexbotic,eggplant,10,4,21290933,1,120,,0,120
dexbotic,dexbotic,eggplant,11,4,21290934,1,120,,0,120
dexbotic,dexbotic,eggplant,12,4,21290935,1,120,,0,120
dexbotic,dexbotic,eggplant,13,4,21290936,1,120,,0,120
dexbotic,dexbotic,eggplant,14,4,21290937,1,120,,0,120
dexbotic,dexbotic,eggplant,15,4,21290938,1,120,,0,120
dexbotic,dexbotic,eggplant,16,4,21290939,1,120,,0,120
dexbotic,dexbotic,eggplant,17,4,21290940,1,120,,0,120
dexbotic,dexbotic,eggplant,18,4,21290941,1,120,,0,120
dexbotic,dexbotic,eggplant,19,4,21290942,1,120,,0,120
dexbotic,dexbotic,eggplant,20,4,21290943,1,120,,0,120
dexbotic,dexbotic,eggplant,21,4,21290944,1,120,,0,120
dexbotic,dexbotic,eggplant,22,4,21290945,1,120,,0,120
dexbotic,dexbotic,eggplant,23,4,21290946,1,120,,0,120
dexbotic,dexbotic,eggplant,0,5,21291023,1,120,,0,120
dexbotic,dexbotic,eggplant,1,5,21291024,1,120,,0,120
dexbotic,dexbotic,eggplant,2,5,21291025,1,120,,0,120
dexbotic,dexbotic,eggplant,3,5,21291026,1,120,,0,120
dexbotic,dexbotic,eggplant,4,5,21291027,1,120,,0,120
dexbotic,dexbotic,eggplant,5,5,21291028,1,120,,0,120
dexbotic,dexbotic,eggplant,6,5,21291029,1,120,,0,120
dexbotic,dexbotic,eggplant,7,5,21291030,1,120,,0,120
dexbotic,dexbotic,eggplant,8,5,21291031,1,120,,0,120
dexbotic,dexbotic,eggplant,9,5,21291032,1,120,,0,120
dexbotic,dexbotic,eggplant,10,5,21291033,1,120,,0,120
dexbotic,dexbotic,eggplant,11,5,21291034,1,120,,0,120
dexbotic,dexbotic,eggplant,12,5,21291035,1,120,,0,120
dexbotic,dexbotic,eggplant,13,5,21291036,1,120,,0,120
dexbotic,dexbotic,eggplant,14,5,21291037,1,120,,0,120
dexbotic,dexbotic,eggplant,15,5,21291038,1,120,,0,120
dexbotic,dexbotic,eggplant,16,5,21291039,1,120,,0,120
dexbotic,dexbotic,eggplant,17,5,21291040,1,120,,0,120
dexbotic,dexbotic,eggplant,18,5,21291041,1,120,,0,120
dexbotic,dexbotic,eggplant,19,5,21291042,1,120,,0,120
dexbotic,dexbotic,eggplant,20,5,21291043,1,120,,0,120
dexbotic,dexbotic,eggplant,21,5,21291044,1,120,,0,120
dexbotic,dexbotic,eggplant,22,5,21291045,1,120,,0,120
dexbotic,dexbotic,eggplant,23,5,21291046,1,120,,0,120
dexbotic,dexbotic,eggplant,0,6,21291123,1,120,,0,120
dexbotic,dexbotic,eggplant,1,6,21291124,1,120,,0,120
dexbotic,dexbotic,eggplant,2,6,21291125,1,120,,0,120
dexbotic,dexbotic,eggplant,3,6,21291126,1,120,,0,120
dexbotic,dexbotic,eggplant,4,6,21291127,1,120,,0,120
dexbotic,dexbotic,eggplant,5,6,21291128,1,120,,0,120
dexbotic,dexbotic,eggplant,6,6,21291129,1,120,,0,120
dexbotic,dexbotic,eggplant,7,6,21291130,1,120,,0,120
dexbotic,dexbotic,eggplant,8,6,21291131,1,120,,0,120
dexbotic,dexbotic,eggplant,9,6,21291132,1,120,,0,120
dexbotic,dexbotic,eggplant,10,6,21291133,1,120,,0,120
dexbotic,dexbotic,eggplant,11,6,21291134,1,120,,0,120
dexbotic,dexbotic,eggplant,12,6,21291135,1,120,,0,120
dexbotic,dexbotic,eggplant,13,6,21291136,1,120,,0,120
dexbotic,dexbotic,eggplant,14,6,21291137,1,120,,0,120
dexbotic,dexbotic,eggplant,15,6,21291138,1,120,,0,120
dexbotic,dexbotic,eggplant,16,6,21291139,1,120,,0,120
dexbotic,dexbotic,eggplant,17,6,21291140,1,120,,0,120
dexbotic,dexbotic,eggplant,18,6,21291141,1,120,,0,120
dexbotic,dexbotic,eggplant,19,6,21291142,1,120,,0,120
dexbotic,dexbotic,eggplant,20,6,21291143,1,120,,0,120
dexbotic,dexbotic,eggplant,21,6,21291144,1,120,,0,120
dexbotic,dexbotic,eggplant,22,6,21291145,1,120,,0,120
dexbotic,dexbotic,eggplant,23,6,21291146,1,120,,0,120
dexbotic,dexbotic,eggplant,0,7,21291223,1,120,,0,120
dexbotic,dexbotic,eggplant,1,7,21291224,1,120,,0,120
dexbotic,dexbotic,eggplant,2,7,21291225,1,120,,0,120
dexbotic,dexbotic,eggplant,3,7,21291226,1,120,,0,120
dexbotic,dexbotic,eggplant,4,7,21291227,1,120,,0,120
dexbotic,dexbotic,eggplant,5,7,21291228,1,120,,0,120
dexbotic,dexbotic,eggplant,6,7,21291229,1,120,,0,120
dexbotic,dexbotic,eggplant,7,7,21291230,1,120,,0,120
dexbotic,dexbotic,eggplant,8,7,21291231,1,120,,0,120
dexbotic,dexbotic,eggplant,9,7,21291232,1,120,,0,120
dexbotic,dexbotic,eggplant,10,7,21291233,1,120,,0,120
dexbotic,dexbotic,eggplant,11,7,21291234,1,120,,0,120
dexbotic,dexbotic,eggplant,12,7,21291235,1,120,,0,120
dexbotic,dexbotic,eggplant,13,7,21291236,1,120,,0,120
dexbotic,dexbotic,eggplant,14,7,21291237,1,120,,0,120
dexbotic,dexbotic,eggplant,15,7,21291238,1,120,,0,120
dexbotic,dexbotic,eggplant,16,7,21291239,1,120,,0,120
dexbotic,dexbotic,eggplant,17,7,21291240,1,120,,0,120
dexbotic,dexbotic,eggplant,18,7,21291241,1,120,,0,120
dexbotic,dexbotic,eggplant,19,7,21291242,1,120,,0,120
dexbotic,dexbotic,eggplant,20,7,21291243,1,120,,0,120
dexbotic,dexbotic,eggplant,21,7,21291244,1,120,,0,120
dexbotic,dexbotic,eggplant,22,7,21291245,1,120,,0,120
dexbotic,dexbotic,eggplant,23,7,21291246,1,120,,0,120
dexbotic,dexbotic,eggplant,0,8,21291323,1,120,,0,120
dexbotic,dexbotic,eggplant,1,8,21291324,1,120,,0,120
dexbotic,dexbotic,eggplant,2,8,21291325,1,120,,0,120
dexbotic,dexbotic,eggplant,3,8,21291326,1,120,,0,120
dexbotic,dexbotic,eggplant,4,8,21291327,1,120,,0,120
dexbotic,dexbotic,eggplant,5,8,21291328,1,120,,0,120
dexbotic,dexbotic,eggplant,6,8,21291329,1,120,,0,120
dexbotic,dexbotic,eggplant,7,8,21291330,1,120,,0,120
dexbotic,dexbotic,eggplant,8,8,21291331,1,120,,0,120
dexbotic,dexbotic,eggplant,9,8,21291332,1,120,,0,120
dexbotic,dexbotic,eggplant,10,8,21291333,1,120,,0,120
dexbotic,dexbotic,eggplant,11,8,21291334,1,120,,0,120
dexbotic,dexbotic,eggplant,12,8,21291335,1,120,,0,120
dexbotic,dexbotic,eggplant,13,8,21291336,1,120,,0,120
dexbotic,dexbotic,eggplant,14,8,21291337,1,120,,0,120
dexbotic,dexbotic,eggplant,15,8,21291338,1,120,,0,120
dexbotic,dexbotic,eggplant,16,8,21291339,1,120,,0,120
dexbotic,dexbotic,eggplant,17,8,21291340,1,120,,0,120
dexbotic,dexbotic,eggplant,18,8,21291341,1,120,,0,120
dexbotic,dexbotic,eggplant,19,8,21291342,1,120,,0,120
dexbotic,dexbotic,eggplant,20,8,21291343,1,120,,0,120
dexbotic,dexbotic,eggplant,21,8,21291344,1,120,,0,120
dexbotic,dexbotic,eggplant,22,8,21291345,1,120,,0,120
dexbotic,dexbotic,eggplant,23,8,21291346,1,120,,0,120
dexbotic,dexbotic,eggplant,0,9,21291423,1,120,,0,120
dexbotic,dexbotic,eggplant,1,9,21291424,1,120,,0,120
dexbotic,dexbotic,eggplant,2,9,21291425,1,120,,0,120
dexbotic,dexbotic,eggplant,3,9,21291426,1,120,,0,120
dexbotic,dexbotic,eggplant,4,9,21291427,1,120,,0,120
dexbotic,dexbotic,eggplant,5,9,21291428,1,120,,0,120
dexbotic,dexbotic,eggplant,6,9,21291429,1,120,,0,120
dexbotic,dexbotic,eggplant,7,9,21291430,1,120,,0,120
dexbotic,dexbotic,eggplant,8,9,21291431,1,120,,0,120
dexbotic,dexbotic,eggplant,9,9,21291432,1,120,,0,120
dexbotic,dexbotic,eggplant,10,9,21291433,1,120,,0,120
dexbotic,dexbotic,eggplant,11,9,21291434,1,120,,0,120
dexbotic,dexbotic,eggplant,12,9,21291435,1,120,,0,120
dexbotic,dexbotic,eggplant,13,9,21291436,1,120,,0,120
dexbotic,dexbotic,eggplant,14,9,21291437,1,120,,0,120
dexbotic,dexbotic,eggplant,15,9,21291438,1,120,,0,120
dexbotic,dexbotic,eggplant,16,9,21291439,1,120,,0,120
dexbotic,dexbotic,eggplant,17,9,21291440,1,120,,0,120
dexbotic,dexbotic,eggplant,18,9,21291441,1,120,,0,120
dexbotic,dexbotic,eggplant,19,9,21291442,1,120,,0,120
dexbotic,dexbotic,eggplant,20,9,21291443,1,120,,0,120
dexbotic,dexbotic,eggplant,21,9,21291444,1,120,,0,120
dexbotic,dexbotic,eggplant,22,9,21291445,1,120,,0,120
dexbotic,dexbotic,eggplant,23,9,21291446,1,120,,0,120
dexbotic,dexbotic,eggplant,0,10,21291523,1,120,,0,120
dexbotic,dexbotic,eggplant,1,10,21291524,1,120,,0,120
dexbotic,dexbotic,eggplant,2,10,21291525,1,120,,0,120
dexbotic,dexbotic,eggplant,3,10,21291526,1,120,,0,120
dexbotic,dexbotic,eggplant,4,10,21291527,1,120,,0,120
dexbotic,dexbotic,eggplant,5,10,21291528,1,120,,0,120
dexbotic,dexbotic,eggplant,6,10,21291529,1,120,,0,120
dexbotic,dexbotic,eggplant,7,10,21291530,1,120,,0,120
dexbotic,dexbotic,eggplant,8,10,21291531,1,120,,0,120
dexbotic,dexbotic,eggplant,9,10,21291532,1,120,,0,120
dexbotic,dexbotic,eggplant,10,10,21291533,1,120,,0,120
dexbotic,dexbotic,eggplant,11,10,21291534,1,120,,0,120
dexbotic,dexbotic,eggplant,12,10,21291535,1,120,,0,120
dexbotic,dexbotic,eggplant,13,10,21291536,1,120,,0,120
dexbotic,dexbotic,eggplant,14,10,21291537,1,120,,0,120
dexbotic,dexbotic,eggplant,15,10,21291538,1,120,,0,120
dexbotic,dexbotic,eggplant,16,10,21291539,1,120,,0,120
dexbotic,dexbotic,eggplant,17,10,21291540,1,120,,0,120
dexbotic,dexbotic,eggplant,18,10,21291541,1,120,,0,120
dexbotic,dexbotic,eggplant,19,10,21291542,1,120,,0,120
dexbotic,dexbotic,eggplant,20,10,21291543,1,120,,0,120
dexbotic,dexbotic,eggplant,21,10,21291544,1,120,,0,120
dexbotic,dexbotic,eggplant,22,10,21291545,1,120,,0,120
dexbotic,dexbotic,eggplant,23,10,21291546,1,120,,0,120
dexbotic,dexbotic,eggplant,0,11,21291623,1,120,,0,120
dexbotic,dexbotic,eggplant,1,11,21291624,1,120,,0,120
dexbotic,dexbotic,eggplant,2,11,21291625,1,120,,0,120
dexbotic,dexbotic,eggplant,3,11,21291626,1,120,,0,120
dexbotic,dexbotic,eggplant,4,11,21291627,1,120,,0,120
dexbotic,dexbotic,eggplant,5,11,21291628,1,120,,0,120
dexbotic,dexbotic,eggplant,6,11,21291629,1,120,,0,120
dexbotic,dexbotic,eggplant,7,11,21291630,1,120,,0,120
dexbotic,dexbotic,eggplant,8,11,21291631,1,120,,0,120
dexbotic,dexbotic,eggplant,9,11,21291632,1,120,,0,120
dexbotic,dexbotic,eggplant,10,11,21291633,1,120,,0,120
dexbotic,dexbotic,eggplant,11,11,21291634,1,120,,0,120
dexbotic,dexbotic,eggplant,12,11,21291635,1,120,,0,120
dexbotic,dexbotic,eggplant,13,11,21291636,1,120,,0,120
dexbotic,dexbotic,eggplant,14,11,21291637,1,120,,0,120
dexbotic,dexbotic,eggplant,15,11,21291638,1,120,,0,120
dexbotic,dexbotic,eggplant,16,11,21291639,1,120,,0,120
dexbotic,dexbotic,eggplant,17,11,21291640,1,120,,0,120
dexbotic,dexbotic,eggplant,18,11,21291641,1,120,,0,120
dexbotic,dexbotic,eggplant,19,11,21291642,1,120,,0,120
dexbotic,dexbotic,eggplant,20,11,21291643,1,120,,0,120
dexbotic,dexbotic,eggplant,21,11,21291644,1,120,,0,120
dexbotic,dexbotic,eggplant,22,11,21291645,1,120,,0,120
dexbotic,dexbotic,eggplant,23,11,21291646,1,120,,0,120
