ID,Candidate work,Year,Venue/status,Accepted venue,Accepted venue evidence,Accepted venue confidence,arXiv,First arXiv date,First arXiv date evidence,DOI,Found via,Cited seed(s) / match reason,Status,Link/notes,SimplerEnv usage,Evaluation protocol,Demos per task,Reported benchmark numbers,Google Robot / Fractal VM,Google Robot / Fractal VA,WidowX / Bridge,Google Robot / Fractal VM previous SOTA success rate,Google Robot / Fractal VM previous SOTA name,Google Robot / Fractal VA previous SOTA success rate,Google Robot / Fractal VA previous SOTA name,WidowX / Bridge previous SOTA success rate,WidowX / Bridge previous SOTA name,Reported numbers evidence,Reported numbers confidence,Reported-number weights availability,Reported-number weights URL,Reported-number weights evidence,Reported-number weights confidence,Usage evidence,Usage confidence,Official-ish protocol,Official-ish protocol reason
1,Evaluating Real-World Robot Manipulation Policies in Simulation,2024,CoRL 2024 / PMLR 270; arXiv preprint,CoRL 2024 / PMLR 270,official seed paper/PMLR metadata,high,2405.05941,2024-05-09,Semantic Scholar/OpenAlex arXiv publication-date metadata,10.48550/arXiv.2405.05941,seed identity: arXiv; PMLR; project page; GitHub,seed work for SIMPLER / SimplerEnv,seed-work,https://arxiv.org/abs/2405.05941; https://proceedings.mlr.press/v270/li25c.html; https://simpler-env.github.io/; https://github.com/simpler-env/SimplerEnv,seed-work,n/a,n/a,n/a,,,,,,,,,,n/a,n/a,n/a,,n/a,n/a,Canonical SIMPLER seed paper and project release.,n/a,,
2,3D-Mix for VLA: A Plug-and-Play Module for Integrating VGGT-based 3D Information into Vision-Language-Action Models,2026,preprint/unknown,n/a,n/a,n/a,2603.24393,2026-03-25,Semantic Scholar/OpenAlex arXiv publication-date metadata,,Semantic Scholar citation graph; OpenAlex term search: SimplerEnv,Semantic Scholar says this work cites the SIMPLER seed paper (arXiv 2405.05941 / CoRL-PMLR version).,indexed-citation,https://www.semanticscholar.org/paper/aa5a705c49851adec23ca2fa694f47a5101c50cd; https://arxiv.org/abs/2603.24393; https://openalex.org/W7141772218,reports-results,widowx-bridge,not reported,WidowX / Bridge=68.23,,,68.23,,,,,64.58,RoboBrain2.5-8B,"Subagent verified SimplerEnv result in local full text, Tables 1-2.",high,not-found,,"The tracked SIMPLER/WidowX number is the 68.23 average for the GatedFusion/3D-Mix Qwen3-VL-4B-style result. The paper-linked GitHub repository is not public/returns 404, the ZGC-EmbodyAI public repo list does not include 3DMix-for-VLA, and Hugging Face searches for 3DMix/3D-Mix under the likely org returned no model artifacts. Public base components such as VGGT or Qwen-family models would not be the trained 3D-Mix policy producing 68.23.",high,"Subagent verified SimplerEnv result in local full text, Tables 1-2.",high,official-ish,"Reports an explicit standard SimplerEnv WidowX / Bridge success-rate result, 68.23, with high-confidence table evidence."
3,A Pragmatic VLA Foundation Model,2026,arXiv.org,n/a,n/a,n/a,2601.18692,2026-01-26,Semantic Scholar/OpenAlex arXiv publication-date metadata,10.48550/arXiv.2601.18692,Semantic Scholar citation graph,Semantic Scholar says this work cites the SIMPLER seed paper (arXiv 2405.05941 / CoRL-PMLR version).,indexed-citation,https://www.semanticscholar.org/paper/f1075e309a82e46aaca3f03bf70697219e17604a; https://arxiv.org/abs/2601.18692; DOI 10.48550/arXiv.2601.18692,citation-only,n/a,n/a,n/a,,,,,,,,,,n/a,n/a,n/a,,n/a,n/a,Citation graph row; converted text did not contain SimplerEnv benchmark-use/result terms beyond the citation record.,high,,
4,A survey of robotic manipulation: From bottom-up approaches to end-to-end paradigms with LLMs,2026,Neurocomputing,Neurocomputing,Subagent verified Neurocomputing DOI/venue metadata; no free full text was available for usage audit.,high,,n/a,n/a,10.1016/j.neucom.2026.132921,Semantic Scholar citation graph,Semantic Scholar says this work cites the SIMPLER seed paper (arXiv 2405.05941 / CoRL-PMLR version).,indexed-citation,https://www.semanticscholar.org/paper/9d817b67e14c94d4b0f3b98d5f2b035b7e00d84f; DOI 10.1016/j.neucom.2026.132921,unclear/full-text-unavailable,n/a,n/a,n/a,,,,,,,,,,n/a,n/a,n/a,,n/a,n/a,No open full text/PDF was converted in the audit cache; citation graph confirms the citation only.,low,,
5,AC^2-VLA: Action-Context-Aware Adaptive Computation in Vision-Language-Action Models for Efficient Robotic Manipulation,2026,arXiv.org,n/a,n/a,n/a,2601.19634,2026-01-27,Semantic Scholar/OpenAlex arXiv publication-date metadata,10.48550/arXiv.2601.19634,Semantic Scholar citation graph; OpenAlex term search: SIMPLER Google Robot Bridge; OpenAlex term search: SIMPLER WidowX,Semantic Scholar says this work cites the SIMPLER seed paper (arXiv 2405.05941 / CoRL-PMLR version).,indexed-citation,https://www.semanticscholar.org/paper/04cf2c44076c84f82673b2ca901f29ec46c7a3e3; https://arxiv.org/abs/2601.19634; DOI 10.48550/arXiv.2601.19634; https://openalex.org/W7126001034,reports-results,google-fractal-vm; google-fractal-va; widowx-bridge,not reported,Google Robot / Fractal VM=76.8; Google Robot / Fractal VA=61.6; WidowX / Bridge=54.5,76.8,61.6,54.5,76.4,EfficientVLA,63.2,EfficientVLA,51.3,CogACT,Suite-specific sortable columns record cleaned primary/best average or overall values from the full-text result audit.,high,weight-but-not-for-number,,"The tracked numbers are AC^2-VLA's SimplerEnv results after training the action-context router from CogACT-Base: Google Robot VM=76.8, VA=61.6, and WidowX/Bridge=54.5. The official repo is code/instructions only: it requires a user-provided CogACT-Base checkpoint path and has no releases or AC^2-VLA result checkpoint. CogACT-Base weights are public, but they are the dense/base initialization, not the trained AC^2-VLA router/policy that produced the tracked numbers.",high,Suite columns contain cleaned average/overall SimplerEnv result values as sortable floats without percent signs; blank suite cells were left blank when no clean value was found.,high,official-ish,"Reports standard SimplerEnv Google Robot / Fractal VM, Google Robot / Fractal VA, and WidowX / Bridge success-rate results."
6,ActionCodec: What Makes for Good Action Tokenizers,2026,arXiv.org,n/a,n/a,n/a,2602.15397,2026-02-17,Semantic Scholar/OpenAlex arXiv publication-date metadata,10.48550/arXiv.2602.15397,Semantic Scholar citation graph; OpenAlex term search: SIMPLER WidowX; OpenAlex term search: SimplerEnv,Semantic Scholar says this work cites the SIMPLER seed paper (arXiv 2405.05941 / CoRL-PMLR version).,indexed-citation,https://www.semanticscholar.org/paper/4a0d4a622640312f192254d505e939c58340ef4c; https://arxiv.org/abs/2602.15397; DOI 10.48550/arXiv.2602.15397; https://openalex.org/W7130482428,reports-results,widowx-bridge,not reported,WidowX / Bridge=65.2,,,65.2,,,,,67.9,pi0,Independent subagent full-text/result audit verified: WidowX / Bridge=65.2,high,weight-but-not-for-number,,"The tracked number is ActionCodec-BAR's Simpler-WidowX/Bridge average of 65.2 after VLA fine-tuning on BridgeData. Public ZibinDong Hugging Face artifacts include ActionCodec tokenizer checkpoints, bridge tokenizer variants, and SmolVLM2 ActionCodec VLA checkpoints for LIBERO. I found no SmolVLM2/ActionCodec-BAR Bridge or Simpler-WidowX policy checkpoint corresponding to the 65.2 reported number, so the public artifacts are related but not the reported-number policy.",high,Independent subagent full-text/result audit verified: WidowX / Bridge=65.2,high,official-ish,"Reports an explicit standard SimplerEnv WidowX / Bridge success-rate result, 65.2."
7,AnchorVLA4D: an Anchor-Based Spatial-Temporal Vision-Language-Action Model for Robotic Manipulation,2026,preprint/unknown,n/a,n/a,n/a,2603.12730,2026-03-13,Semantic Scholar/OpenAlex arXiv publication-date metadata,,Semantic Scholar citation graph; OpenAlex term search: SIMPLER WidowX,Semantic Scholar says this work cites the SIMPLER seed paper (arXiv 2405.05941 / CoRL-PMLR version).,indexed-citation,https://www.semanticscholar.org/paper/508debc35fd81313117442ad6261de55a9c6e6fc; https://arxiv.org/abs/2603.12730; https://openalex.org/W7137176332; https://openalex.org/W7138824742,reports-results,widowx-bridge,not reported,WidowX / Bridge=64.6,,,64.6,,,,,71.9,MemoryVLA,Independent subagent full-text/result audit verified: WidowX / Bridge=64.6,high,weight-but-not-for-number,,"The tracked number is AnchorVLA4D's Simpler WidowX average of 64.6 after BridgeV2 training/fine-tuning. The official GitHub repository linked by the paper contains only a minimal README and no checkpoint files or releases, and Hugging Face searches for AnchorVLA4D/AnchorVLA returned no model artifacts. The paper says it initializes from open-source Qwen2.5-VL and released ScaleDP-L checkpoints, but those are base/action-head initialization weights, not the fine-tuned AnchorVLA4D policy that produced 64.6.",high,Independent subagent full-text/result audit verified: WidowX / Bridge=64.6,high,official-ish,"Reports an explicit standard SimplerEnv WidowX / Bridge success-rate result, 64.6."
8,AnyCamVLA: Zero-Shot Camera Adaptation for Viewpoint Robust Vision-Language-Action Models,2026,preprint/unknown,n/a,n/a,n/a,2603.05868,2026-03-06,Semantic Scholar/OpenAlex arXiv publication-date metadata,,Semantic Scholar citation graph,Semantic Scholar says this work cites the SIMPLER seed paper (arXiv 2405.05941 / CoRL-PMLR version).,indexed-citation,https://www.semanticscholar.org/paper/bb14c9ab780bf77bd587c706d3629a9ff65ccc5f; https://arxiv.org/abs/2603.05868,citation-only,n/a,n/a,n/a,,,,,,,,,,n/a,n/a,n/a,,n/a,n/a,Citation graph row; converted text did not contain SimplerEnv benchmark-use/result terms beyond the citation record.,high,,
9,AnySlot: Goal-Conditioned Vision-Language-Action Policies for Zero-Shot Slot-Level Placement,2026,preprint/unknown,n/a,n/a,n/a,2604.10432,2026-04-12,Semantic Scholar/OpenAlex arXiv publication-date metadata,,Semantic Scholar citation graph,Semantic Scholar says this work cites the SIMPLER seed paper (arXiv 2405.05941 / CoRL-PMLR version).,indexed-citation,https://www.semanticscholar.org/paper/a3ab544fbbfa38648790cf4a967975bb162cf8a8; https://arxiv.org/abs/2604.10432,citation-only,n/a,n/a,n/a,,,,,,,,,,n/a,n/a,n/a,,n/a,n/a,Independent subagent full-text audit found no SimplerEnv benchmark result attributable to this work.,high,,
10,AR-VLA: True Autoregressive Action Expert for Vision-Language-Action Models,2026,preprint/unknown,n/a,n/a,n/a,2603.10126,2026-03-10,Semantic Scholar/OpenAlex arXiv publication-date metadata,,Semantic Scholar citation graph,Semantic Scholar says this work cites the SIMPLER seed paper (arXiv 2405.05941 / CoRL-PMLR version).,indexed-citation,https://www.semanticscholar.org/paper/a9de4f59cd543a09d727a7e6b4c09b2d90b0e19d; https://arxiv.org/abs/2603.10126,reports-results,widowx-bridge,not reported,WidowX / Bridge=61.5,,,61.5,,,,,52.1,CogACT,Suite-specific sortable columns record cleaned primary/best average or overall values from the full-text result audit.,high,number-associated weight available,https://huggingface.co/INSAIT-Institute/arvla-bridge,"The tracked number is AR-VLA's BridgeV2-to-SIMPLER Visual Matching average of 61.5. The paper reports AR-VLA (Ours)=61.5 on SimplerEnv after BridgeV2 training. The official code README says the generalist AR-VLA model pretrained on BridgeV2 is available on Hugging Face, and the INSAIT-Institute/arvla-bridge model card says the weights are fine-tuned for a WidowX setup and work out of the box on SimplerEnv; Hugging Face metadata lists safetensors shards and processor/stat files.",high,Suite columns contain cleaned average/overall SimplerEnv result values as sortable floats without percent signs; blank suite cells were left blank when no clean value was found.,high,official-ish,"Reports an explicit standard SimplerEnv WidowX / Bridge success-rate result, 61.5."
11,Atomic-Probe Governance for Skill Updates in Compositional Robot Policies,2026,preprint/unknown,n/a,n/a,n/a,2604.26689,2026-04-29,Semantic Scholar/OpenAlex arXiv publication-date metadata,,Semantic Scholar citation graph,Semantic Scholar says this work cites the SIMPLER seed paper (arXiv 2405.05941 / CoRL-PMLR version).,indexed-citation,https://www.semanticscholar.org/paper/27c9ab0827bbfbed9d444df665d441f663943801; https://arxiv.org/abs/2604.26689,citation-only,n/a,n/a,n/a,,,,,,,,,,n/a,n/a,n/a,,n/a,n/a,"Local full text /tmp/simplerenv_audit/s2_texts/27c9ab0827bbfbed9d444df665d441f663943801.txt cites Li et al. arXiv:2405.05941 as reference [28] at lines 671-674 and says recent benchmarks evaluate generalist policies in simulation at lines 1062-1068. The paper's own experiments are six robosuite tasks, lines 145-150, not SimplerEnv.",high,,
12,Benchmarking Affordance Generalization with BusyBox,2026,arXiv.org,Eval & Deploy Workshop at CoRL 2025,Subagent verified Eval & Deploy Workshop at CoRL 2025 metadata.,high,2602.05441,2026-02-05,Semantic Scholar/OpenAlex arXiv publication-date metadata,10.48550/arXiv.2602.05441,Semantic Scholar citation graph; OpenAlex term search: SimplerEnv,Semantic Scholar says this work cites the SIMPLER seed paper (arXiv 2405.05941 / CoRL-PMLR version).,indexed-citation,https://www.semanticscholar.org/paper/fb44a7dc013849b42adb48b045833fce54cb547a; https://arxiv.org/abs/2602.05441; DOI 10.48550/arXiv.2602.05441; https://openalex.org/W7128096159,citation-only,n/a,n/a,n/a,,,,,,,,,,n/a,n/a,n/a,,n/a,n/a,Independent subagent full-text audit found no SimplerEnv benchmark result attributable to this work.,high,,
13,Beyond Binary Success: Sample-Efficient and Statistically Rigorous Robot Policy Comparison,2026,preprint/unknown,n/a,n/a,n/a,2603.13616,2026-03-13,Semantic Scholar/OpenAlex arXiv publication-date metadata,,Semantic Scholar citation graph,Semantic Scholar says this work cites the SIMPLER seed paper (arXiv 2405.05941 / CoRL-PMLR version).,indexed-citation,https://www.semanticscholar.org/paper/545f75bcc3e74e1bc0e3d7ae020fcb0884869d72; https://arxiv.org/abs/2603.13616,citation-only,n/a,n/a,n/a,,,,,,,,,,n/a,n/a,n/a,,n/a,n/a,Citation graph row; converted text did not contain SimplerEnv benchmark-use/result terms beyond the citation record.,high,,
14,Beyond Dense Futures: World Models as Structured Planners for Robotic Manipulation,2026,preprint/unknown,n/a,n/a,n/a,2603.12553,2026-03-13,Semantic Scholar/OpenAlex arXiv publication-date metadata,,Semantic Scholar citation graph; OpenAlex term search: SimplerEnv,Semantic Scholar says this work cites the SIMPLER seed paper (arXiv 2405.05941 / CoRL-PMLR version).,indexed-citation,https://www.semanticscholar.org/paper/f0ed1870e3570952ba2841c248dc48f09914f245; https://arxiv.org/abs/2603.12553; https://openalex.org/W7137041198; https://openalex.org/W7138824784,reports-results,widowx-bridge,not reported,WidowX / Bridge=75.0,,,75.0,,,,,69.8,UniVLA,Independent subagent full-text/result audit verified: WidowX / Bridge=75.0,high,number-associated weight available,https://huggingface.co/Minham/StructVLA/tree/main/STRUCTVLA_BRIDGE_20K,"The tracked number is StructVLA's SimplerEnv-WidowX average of 75.0. The paper/project report 75.0 on SimplerEnv-WidowX, state that StructVLA is trained on BridgeData V2 for SimplerEnv, and specify the action policy stage is trained for 20k steps. The official GitHub README explicitly labels STRUCTVLA_BRIDGE_20K as the SimplerEnv policy checkpoint, and Hugging Face metadata lists the STRUCTVLA_BRIDGE_20K safetensors shard files and index.",high,Independent subagent full-text/result audit verified: WidowX / Bridge=75.0,high,official-ish,"Reports an explicit standard SimplerEnv WidowX / Bridge success-rate result, 75.0."
15,Breaking Lock-In: Preserving Steerability under Low-Data VLA Post-Training,2026,preprint/unknown,n/a,n/a,n/a,2604.23121,2026-04-25,Semantic Scholar/OpenAlex arXiv publication-date metadata,,Semantic Scholar citation graph,Semantic Scholar says this work cites the SIMPLER seed paper (arXiv 2405.05941 / CoRL-PMLR version).,indexed-citation,https://www.semanticscholar.org/paper/adf1b5338d41181f163306090407c6631baee755; https://arxiv.org/abs/2604.23121,citation-only,n/a,n/a,n/a,,,,,,,,,,n/a,n/a,n/a,,n/a,n/a,"Local full text /tmp/simplerenv_audit/s2_texts/adf1b5338d41181f163306090407c6631baee755.txt cites the SimplerEnv seed as reference [16] at lines 535-537. The paper states it builds a new evaluation suite with four LIBERO-based simulation tasks and four DROID real-world tasks at lines 111-113 and 299-304, with simulation setup from LIBERO at lines 797-798.",high,,
16,BridgeV2W: Bridging Video Generation Models to Embodied World Models via Embodiment Masks,2026,arXiv.org,n/a,n/a,n/a,2602.03793,2026-02-03,Semantic Scholar/OpenAlex arXiv publication-date metadata,10.48550/arXiv.2602.03793,Semantic Scholar citation graph,Semantic Scholar says this work cites the SIMPLER seed paper (arXiv 2405.05941 / CoRL-PMLR version).,indexed-citation,https://www.semanticscholar.org/paper/7ab66b64cecb641b64e91be79d43ed34ebf97f60; https://arxiv.org/abs/2602.03793; DOI 10.48550/arXiv.2602.03793,citation-only,n/a,n/a,n/a,,,,,,,,,,n/a,n/a,n/a,,n/a,n/a,Independent subagent full-text audit found no SimplerEnv benchmark result attributable to this work.,high,,
17,Capturing Visual Environment Structure Correlates with Control Performance,2026,arXiv.org,International Conference on Learning Representations (ICLR 2026),Subagent verified ICLR 2026 accepted venue metadata.,high,2602.04880,2026-02-04,Semantic Scholar/OpenAlex arXiv publication-date metadata,10.48550/arXiv.2602.04880,Semantic Scholar citation graph; OpenAlex term search: SIMPLER Google Robot Bridge; OpenAlex term search: SIMPLER WidowX; OpenAlex term search: SimplerEnv,Semantic Scholar says this work cites the SIMPLER seed paper (arXiv 2405.05941 / CoRL-PMLR version).,indexed-citation,https://www.semanticscholar.org/paper/2e5ccc038a1686372c2610e1ba1ee861adbb4f0b; https://arxiv.org/abs/2602.04880; DOI 10.48550/arXiv.2602.04880; https://openalex.org/W7128097501,reports-results,simplerenv-result-unattributed,50 demonstrations per task,Reports SimplerEnv benchmark results with 50 demonstrations per task; no clean VM/VA/WidowX suite average was attributable.,,,,,,,,,,Subagent verified result table/protocol and ICLR 2026 venue; no clean suite average was reported.,high,coming-soon-no-download-link,,"The tracked row records SimplerEnv benchmark results/correlation analyses with 50 demonstrations per task but no clean suite average. The paper says code and models are available at the project page, but the current official project page has disabled buttons labeled Code (Coming Soon) and Models (Coming Soon). I found no GitHub or Hugging Face model listing for CVESC / Capturing Visual Environment Structure, and the OpenReview supplementary is a zip attachment rather than a public checkpoint listing.",high,Subagent verified result table/protocol and ICLR 2026 venue; no clean suite average was reported.,high,otherwise,"Uses SimplerEnv-derived Google/WidowX environments for custom proxy and backbone-correlation analysis, with custom demos and no attributable standard suite success-rate number."
18,Chain Of Interaction Benchmark (COIN): When Reasoning meets Embodied Interaction,2026,preprint/unknown,n/a,n/a,n/a,2604.16886,2026-04-18,Semantic Scholar/OpenAlex arXiv publication-date metadata,,Semantic Scholar citation graph,Semantic Scholar says this work cites the SIMPLER seed paper (arXiv 2405.05941 / CoRL-PMLR version).,indexed-citation,https://www.semanticscholar.org/paper/2db8fd1b4f178a7dbd71e84617d69132942bc5eb; https://arxiv.org/abs/2604.16886,citation-only,n/a,n/a,n/a,,,,,,,,,,n/a,n/a,n/a,,n/a,n/a,"arXiv:2604.16886 Table 1 lists SimplerEnv benchmark metadata only: Tasks=10, Demos=N/A, Avg. Steps=52.3. The 52.3 value is average steps, not a policy success rate; no SimplerEnv evaluation result is reported by COIN.",high,,
19,Chain of World: World Model Thinking in Latent Motion,2026,preprint/unknown,n/a,n/a,n/a,2603.03195,2026-03-03,Semantic Scholar/OpenAlex arXiv publication-date metadata,,Semantic Scholar citation graph; OpenAlex term search: SIMPLER Google Robot Bridge; OpenAlex term search: SIMPLER WidowX; OpenAlex term search: SimplerEnv,Semantic Scholar says this work cites the SIMPLER seed paper (arXiv 2405.05941 / CoRL-PMLR version).,indexed-citation,https://www.semanticscholar.org/paper/f9234e389eba3db0a85bc24b388d9fc7dc6249ff; https://arxiv.org/abs/2603.03195; https://openalex.org/W7133570346,reports-results,google-fractal-vm; widowx-bridge,not reported,Google Robot / Fractal VM=60.9; WidowX / Bridge=76.0,60.9,,76.0,59.7,villa-X,,,74.0,FlowVLA,Independent subagent full-text/result audit verified: Google Robot / Fractal VM=60.9; WidowX / Bridge=76.0,high,number-associated weight available,https://huggingface.co/hitfx/CoWVLA/tree/main/CoWVLA_SIMPLERENV_BRIDGE_WIDOWX_BS128_12K,"The official CoWVLA README/project page report the tracked SimplerEnv-WidowX average of 76.0, and the official Hugging Face model repository contains a directory named CoWVLA_SIMPLERENV_BRIDGE_WIDOWX_BS128_12K with sharded safetensors and training state metadata. I did not find an analogous public Google Robot/Fractal checkpoint for the row's 60.9 value, so the available number-associated artifact corresponds to the tracked WidowX/Bridge number.",high,Independent subagent full-text/result audit verified: Google Robot / Fractal VM=60.9; WidowX / Bridge=76.0,high,official-ish,Reports standard SimplerEnv Google Robot / Fractal VM and WidowX / Bridge success-rate results.
20,Complexity-Aware Policy via Heterogeneous Experts for Robotic Manipulation,2026,IEEE transactions on circuits and systems for video technology (Print),IEEE transactions on circuits and systems for video technology (Print),Subagent verified accepted venue metadata.,high,,n/a,n/a,10.1109/TCSVT.2025.3637139,Semantic Scholar citation graph; OpenAlex term search: SimplerEnv,Semantic Scholar says this work cites the SIMPLER seed paper (arXiv 2405.05941 / CoRL-PMLR version).,indexed-citation,https://www.semanticscholar.org/paper/febcb38aca8936c4f24484d5d3932fd1b18c0fdf; DOI 10.1109/TCSVT.2025.3637139; https://openalex.org/W4416649663,reports-results,simplerenv-result-unattributed,not reported,"Semantic Scholar/OpenAlex metadata and snippets state that CAP evaluates on SimplerEnv and on both Google Robot and WidowX platforms, and the abstract claims state-of-the-art performance on SimplerEnv. No open full text/PDF was available to verify exact table or figure values.",,,,,,,,,,"Local /tmp/simplerenv_audit/s2_fulltext_summary.json for paperId febcb38aca8936c4f24484d5d3932fd1b18c0fdf has download_status=no-pdf but includes contexts: evaluation spans CALVIN, LIBERO, and SimplerEnv, and SimplerEnv is evaluated on both Google Robot and WidowX platforms. OpenAlex fulltext_summary also has no PDF/text path.",low,not-found,,"OpenAlex and Semantic Scholar identify the IEEE TCSVT paper but show no open repository full text or openAccessPdf. DBLP/ORCID/OpenReview metadata confirm the work but do not expose a project, code, release, model card, or checkpoint. Exact-title GitHub repository search returned zero repositories and Hugging Face model search for the title/CAP terms returned no relevant model.",medium,"S2 snippets plus abstract metadata support that the work reports SimplerEnv benchmark results, but no free full text was available for exact suite audit.",medium,unclear,"2026-05-23 xhigh protocol recheck: accessible metadata mentions SimplerEnv use, but first-hand full-text/table evidence was not accessible to verify whether the result follows a standard Google Robot / Fractal or WidowX / Bridge protocol."
21,ConLA: Contrastive Latent Action Learning from Human Videos for Robotic Manipulation,2026,arXiv.org,n/a,n/a,n/a,2602.00557,2026-01-31,Semantic Scholar/OpenAlex arXiv publication-date metadata,10.48550/arXiv.2602.00557,Semantic Scholar citation graph,Semantic Scholar says this work cites the SIMPLER seed paper (arXiv 2405.05941 / CoRL-PMLR version).,indexed-citation,https://www.semanticscholar.org/paper/36f25cf98cec366674cbd0911ce72ae377ce087b; https://arxiv.org/abs/2602.00557; DOI 10.48550/arXiv.2602.00557,reports-results,widowx-bridge,25 successful trajectories per task,WidowX / Bridge=64.6,,,64.6,,,,,63.5,ACTIONVLA,Independent subagent full-text/result audit verified: WidowX / Bridge=64.6,high,coming-soon-no-download-link,,"The arXiv paper states that code and data are available at the official WeishengDAI/ConLA repository. The repository currently contains only README.md saying 'Coming soon...', no tags, no releases, and no checkpoint/model files in a shallow no-LFS-smudge clone. Hugging Face model search for ConLA returned no relevant model.",high,Independent subagent full-text/result audit verified: WidowX / Bridge=64.6,high,official-ish,"Reports an explicit standard SimplerEnv WidowX / Bridge success-rate result, 64.6."
22,Contact-Anchored Policies: Contact Conditioning Creates Strong Robot Utility Models,2026,arXiv.org,n/a,n/a,n/a,2602.09017,2026-02-09,Semantic Scholar/OpenAlex arXiv publication-date metadata,10.48550/arXiv.2602.09017,Semantic Scholar citation graph,Semantic Scholar says this work cites the SIMPLER seed paper (arXiv 2405.05941 / CoRL-PMLR version).,indexed-citation,https://www.semanticscholar.org/paper/9643a05449d0f471fac2cade791776e9149a4f23; https://arxiv.org/abs/2602.09017; DOI 10.48550/arXiv.2602.09017,citation-only,n/a,n/a,n/a,,,,,,,,,,n/a,n/a,n/a,,n/a,n/a,Citation graph row; converted text did not contain SimplerEnv benchmark-use/result terms beyond the citation record.,high,,
23,CORAL: Scalable Multi-Task Robot Learning via LoRA Experts,2026,preprint/unknown,n/a,n/a,n/a,2603.09298,2026-03-10,Semantic Scholar/OpenAlex arXiv publication-date metadata,,Semantic Scholar citation graph; OpenAlex term search: SIMPLER Google Robot Bridge; OpenAlex term search: SIMPLER WidowX,Semantic Scholar says this work cites the SIMPLER seed paper (arXiv 2405.05941 / CoRL-PMLR version).,indexed-citation,https://www.semanticscholar.org/paper/8bec1bb5a4ff53f811bfb9f67acdd2d1a94480dc; https://arxiv.org/abs/2603.09298; https://openalex.org/W7134992946,reports-results,google-fractal-va; widowx-bridge,not reported,Google Robot / Fractal VA=84.9; WidowX / Bridge=97.9,,84.9,97.9,,,77.0,SimVLA [3] (Baseline),95.8,X-VLA / SimVLA [3] (Baseline),Independent subagent full-text/result audit verified: Google Robot / Fractal VA=84.9; WidowX / Bridge=97.9,high,weight-but-not-for-number,,"The project page reports the tracked CORAL Simpler-Bridge/WidowX 97.9 and Simpler-Fractal/Google 84.9 numbers, and the method depends on task-specific LoRA experts. The official GitHub repo provides code and LIBERO training instructions only; its inference server expects a local --lora-dir and GitHub releases are empty. Related SimVLA base model pages exist, but I found no public CORAL SimplerEnv LoRA expert/checkpoint files corresponding to the tracked WidowX or Google results.",high,Independent subagent full-text/result audit verified: Google Robot / Fractal VA=84.9; WidowX / Bridge=97.9,high,official-ish,Reports standard SimplerEnv Google Robot / Fractal VA and WidowX / Bridge success-rate suite numbers.
24,DAM-VLA: A Dynamic Action Model-Based Vision-Language-Action Framework for Robot Manipulation,2026,arXiv.org,n/a,n/a,n/a,2603.00926,2026-03-01,Semantic Scholar/OpenAlex arXiv publication-date metadata,10.48550/arXiv.2603.00926,Semantic Scholar citation graph; OpenAlex term search: SIMPLER Google Robot Bridge; OpenAlex term search: SIMPLER WidowX,Semantic Scholar says this work cites the SIMPLER seed paper (arXiv 2405.05941 / CoRL-PMLR version).,indexed-citation,https://www.semanticscholar.org/paper/00e28a1e92ca8700e282e74998a8a8a690f55e67; https://arxiv.org/abs/2603.00926; DOI 10.48550/arXiv.2603.00926; https://openalex.org/W7133365265,reports-results,google-fractal-vm; google-fractal-va; widowx-bridge,not reported,Google Robot / Fractal VM=83.0; Google Robot / Fractal VA=81.0; WidowX / Bridge=71.0,83.0,81.0,71.0,72.0,CogACT,62.0,CogACT,57.0,pi0* + (open-pi-zero),Suite-specific sortable columns record cleaned primary/best average or overall values from the full-text result audit.,high,not-found,,"The arXiv paper and Samsung Research blog report the tracked SIMPLER VM/VA/WidowX results, but neither source provides a code, model, release, drive, or model-hub download link. Exact-title GitHub searches and Hugging Face model searches for DAM-VLA returned no official repository or checkpoint, so no public artifact could be tied to the 83.0/81.0/71.0 tracked numbers.",high,Suite columns contain cleaned average/overall SimplerEnv result values as sortable floats without percent signs; blank suite cells were left blank when no clean value was found.,high,official-ish,"Reports standard SimplerEnv Google Robot / Fractal VM, Google Robot / Fractal VA, and WidowX / Bridge success-rate suite numbers."
25,"Developing AI Agents with Simulated Data: Why, what, and how?",2026,arXiv.org,n/a,n/a,n/a,2602.15816,2026-02-17,Semantic Scholar/OpenAlex arXiv publication-date metadata,10.48550/arXiv.2602.15816,Semantic Scholar citation graph,Semantic Scholar says this work cites the SIMPLER seed paper (arXiv 2405.05941 / CoRL-PMLR version).,indexed-citation,https://www.semanticscholar.org/paper/d15ab0e2ee3ba20dd83249bfa81129c6bc1c2ff4; https://arxiv.org/abs/2602.15816; DOI 10.48550/arXiv.2602.15816,citation-only,n/a,n/a,n/a,,,,,,,,,,n/a,n/a,n/a,,n/a,n/a,Citation graph row; converted text did not contain SimplerEnv benchmark-use/result terms beyond the citation record.,high,,
26,DreamDojo: A Generalist Robot World Model from Large-Scale Human Videos,2026,arXiv.org,n/a,n/a,n/a,2602.06949,2026-02-06,Semantic Scholar/OpenAlex arXiv publication-date metadata,10.48550/arXiv.2602.06949,Semantic Scholar citation graph,Semantic Scholar says this work cites the SIMPLER seed paper (arXiv 2405.05941 / CoRL-PMLR version).,indexed-citation,https://www.semanticscholar.org/paper/ca524f499028275f21776ea4b1fd41fd2ff7844b; https://arxiv.org/abs/2602.06949; DOI 10.48550/arXiv.2602.06949,citation-only,n/a,n/a,n/a,,,,,,,,,,n/a,n/a,n/a,,n/a,n/a,Independent subagent full-text audit found no SimplerEnv benchmark result attributable to this work.,high,,
27,DTP: A Simple yet Effective Distracting Token Pruning Framework for Vision-Language Action Models,2026,arXiv.org,n/a,n/a,n/a,2601.16065,2026-01-22,Semantic Scholar/OpenAlex arXiv publication-date metadata,10.48550/arXiv.2601.16065,Semantic Scholar citation graph,Semantic Scholar says this work cites the SIMPLER seed paper (arXiv 2405.05941 / CoRL-PMLR version).,indexed-citation,https://www.semanticscholar.org/paper/48421a938d47b2baa265a909707ff9c71a0e86b8; https://arxiv.org/abs/2601.16065; DOI 10.48550/arXiv.2601.16065,reports-results,google-fractal-vm; google-fractal-va; widowx-bridge,not reported,Google Robot / Fractal VM=81.9; Google Robot / Fractal VA=80.5; WidowX / Bridge=74.0,81.9,80.5,74.0,79.4,SpatialVLA,79.5,SpatialVLA,68.7,UniVLA,Suite-specific sortable columns record cleaned primary/best average or overall values from the full-text result audit.,high,weight-but-not-for-number,,"The paper/OpenReview report the tracked SpatialVLA+DTP Google Robot numbers and UniVLA+DTP WidowX number, and describe DTP as a plug-and-play inference-time pruning method that does not modify model weights. The official code URL currently returns a not_connected error. Public SpatialVLA and UniVLA checkpoint listings exist, including UniVLA Simpler Bridge files, but they are base/related policy weights; the public sources checked do not provide a DTP-associated release, exact runnable config, or artifact tied to the tracked DTP numbers.",medium,Suite columns contain cleaned average/overall SimplerEnv result values as sortable floats without percent signs; blank suite cells were left blank when no clean value was found.,high,official-ish,"Reports standard SimplerEnv Google Robot / Fractal VM, Google Robot / Fractal VA, and WidowX / Bridge success-rate suite numbers."
28,dWorldEval: Scalable Robotic Policy Evaluation via Discrete Diffusion World Model,2026,preprint/unknown,n/a,n/a,n/a,2604.22152,2026-04-24,Semantic Scholar/OpenAlex arXiv publication-date metadata,,Semantic Scholar citation graph,Semantic Scholar says this work cites the SIMPLER seed paper (arXiv 2405.05941 / CoRL-PMLR version).,indexed-citation,https://www.semanticscholar.org/paper/084a185a391c67d9eca9e8b7a36eef885ddac011; https://arxiv.org/abs/2604.22152,citation-only,n/a,n/a,n/a,,,,,,,,,,n/a,n/a,n/a,,n/a,n/a,Citation graph row; converted text did not contain SimplerEnv benchmark-use/result terms beyond the citation record.,high,,
29,DynamicVLA: A Vision-Language-Action Model for Dynamic Object Manipulation,2026,arXiv.org,n/a,n/a,n/a,2601.22153,2026-01-29,Semantic Scholar/OpenAlex arXiv publication-date metadata,10.48550/arXiv.2601.22153,Semantic Scholar citation graph,Semantic Scholar says this work cites the SIMPLER seed paper (arXiv 2405.05941 / CoRL-PMLR version).,indexed-citation,https://www.semanticscholar.org/paper/85c65a7acf5c6c18f18d3b3729007ae5f642d1ae; https://arxiv.org/abs/2601.22153; DOI 10.48550/arXiv.2601.22153,citation-only,n/a,n/a,n/a,,,,,,,,,,n/a,n/a,n/a,,n/a,n/a,Citation graph row; converted text did not contain SimplerEnv benchmark-use/result terms beyond the citation record.,high,,
30,Efficient Long-Horizon Vision-Language-Action Models via Static-Dynamic Disentanglement,2026,arXiv.org,n/a,n/a,n/a,2602.03983,2026-02-03,Semantic Scholar/OpenAlex arXiv publication-date metadata,10.48550/arXiv.2602.03983,Semantic Scholar citation graph; OpenAlex term search: SimplerEnv,Semantic Scholar says this work cites the SIMPLER seed paper (arXiv 2405.05941 / CoRL-PMLR version).,indexed-citation,https://www.semanticscholar.org/paper/ab2db0760a0496b8915edd68c17c97f0277a5fdd; https://arxiv.org/abs/2602.03983; DOI 10.48550/arXiv.2602.03983; https://openalex.org/W7128009378; https://openalex.org/W7128097054,reports-results,google-fractal-vm; google-fractal-va,not reported,"Google Robot / Fractal task-level success rates only: VM Pick Can=92.7, Move Near=88.8, Drawer=75.0; VA Pick Can=92.4, Move Near=81.0, Drawer=38.9. No VM/VA suite average is reported.",,,,,,,,,,arXiv:2602.03983 Table 2 labels Visual Matching and Variant Aggregation task columns for SD-VLA and reports the task-level success rates; no average column is provided.,high,weight-but-not-for-number,,"The tracked SimplerEnv result is SD-VLA on CogACT, not plain CogACT: the paper's Table 2 reports '+ SD-VLA (Ours)' and the method adds static/dynamic tokens, a learned recache gate, and training/ablation components. I found public CogACT base checkpoints, but no official SD-VLA project, repo, Hugging Face/model listing, release, or checkpoint download tied to the SD-VLA SimplerEnv numbers.",high,"arXiv:2602.03983 Table 2 evaluates SD-VLA on SimplerEnv Google Robot Visual Matching and Variant Aggregation task columns, but reports task-level rates only.",high,official-ish,"Reports SimplerEnv Google Robot / Fractal VM and VA task-level success rates under official-style protocol labels, though no suite average is given."
31,EmbodiedClaw: Conversational Workflow Execution for Embodied AI Development,2026,preprint/unknown,n/a,n/a,n/a,2604.13800,2026-04-15,Semantic Scholar/OpenAlex arXiv publication-date metadata,,Semantic Scholar citation graph,Semantic Scholar says this work cites the SIMPLER seed paper (arXiv 2405.05941 / CoRL-PMLR version).,indexed-citation,https://www.semanticscholar.org/paper/e65374aa663cdbe129bff533a525d71f5bdb63fa; https://arxiv.org/abs/2604.13800,uses-data-no-results,n/a,n/a,n/a,,,,,,,,,,n/a,n/a,n/a,,n/a,n/a,Independent subagent full-text audit found no SimplerEnv benchmark result attributable to this work.,high,,
32,EmbodiedMidtrain: Bridging the Gap between Vision-Language Models and Vision-Language-Action Models via Mid-training,2026,preprint/unknown,n/a,n/a,n/a,2604.20012,2026-04-21,Semantic Scholar/OpenAlex arXiv publication-date metadata,,Semantic Scholar citation graph; OpenAlex term search: SimplerEnv,Semantic Scholar says this work cites the SIMPLER seed paper (arXiv 2405.05941 / CoRL-PMLR version).,indexed-citation,https://www.semanticscholar.org/paper/49c400dd807c3b3f48755ffee96ed152254dc8b8; https://arxiv.org/abs/2604.20012; https://openalex.org/W7155574301,reports-results,widowx-bridge,not reported,WidowX / Bridge=56.3,,,56.3,,,,,60.4,pi0 (Paligemma-1) / KosMos-2,Independent subagent full-text/result audit verified: WidowX / Bridge=56.3,high,coming-soon-no-download-link,,"The tracked number is the SimplerEnv-Bridge result after EmbodiedMidtrain plus downstream VLA fine-tuning. The paper says the authors will release code, data, and models, while the project page keeps resource links hidden until ready. Hugging Face's paper page shows no linked models, and exact model search found no public mid-trained or SimplerEnv-finetuned checkpoint for the 56.3 result.",high,Independent subagent full-text/result audit verified: WidowX / Bridge=56.3,high,official-ish,Reports a standard SimplerEnv WidowX / Bridge success-rate suite number.
33,Enabling Dynamic Tracking in Vision-Language-Action Models via Time-Discrete and Time-Continuous Velocity Feedforward,2026,preprint/unknown,n/a,n/a,n/a,2603.16218,2026-03-17,Semantic Scholar/OpenAlex arXiv publication-date metadata,,Semantic Scholar citation graph,Semantic Scholar says this work cites the SIMPLER seed paper (arXiv 2405.05941 / CoRL-PMLR version).,indexed-citation,https://www.semanticscholar.org/paper/c87f118633a42480726a0df1d2053e915ab187bc; https://arxiv.org/abs/2603.16218,citation-only,n/a,n/a,n/a,,,,,,,,,,n/a,n/a,n/a,,n/a,n/a,Citation graph row; converted text did not contain SimplerEnv benchmark-use/result terms beyond the citation record.,high,,
34,Environment-Aware Adaptive Pruning with Interleaved Inference Orchestration for Vision-Language-Action Models,2026,arXiv.org,n/a,n/a,n/a,2602.00780,2026-01-31,Semantic Scholar/OpenAlex arXiv publication-date metadata,10.48550/arXiv.2602.00780,Semantic Scholar citation graph,Semantic Scholar says this work cites the SIMPLER seed paper (arXiv 2405.05941 / CoRL-PMLR version).,indexed-citation,https://www.semanticscholar.org/paper/1bd0961b058302f1d8316d7e6bbfd0709b1f626d; https://arxiv.org/abs/2602.00780; DOI 10.48550/arXiv.2602.00780,reports-results,google-fractal-vm; google-fractal-va,not reported,Google Robot / Fractal VM=73.6; Google Robot / Fractal VA=60.6,73.6,60.6,,73.3,CogACT Vanilla (0% sparsity),61.0,CogACT Vanilla (0% sparsity),,,Independent subagent full-text/result audit verified: Google Robot / Fractal VM=73.6; Google Robot / Fractal VA=60.6,high,number-associated weight available,https://huggingface.co/CogACT/CogACT-Base,"The EcoVLA paper describes the method as training-free and plug-and-play, and Table 3 reports the tracked CogACT/SIMPLER 40% pruning averages: 73.6 for Visual Matching and 60.6 for Variant Aggregation. CogACT's official repository releases CogACT models on Hugging Face, gives SIMPLER evaluation instructions using saved_model_path such as CogACT/CogACT-Base, and the CogACT/CogACT-Base model listing includes checkpoints/CogACT-Base.pt. No large weights were downloaded.",high,Independent subagent full-text/result audit verified: Google Robot / Fractal VM=73.6; Google Robot / Fractal VA=60.6,high,official-ish,Reports standard SimplerEnv Google Robot / Fractal VM and Google Robot / Fractal VA success-rate suite numbers.
35,ESPIRE: A Diagnostic Benchmark for Embodied Spatial Reasoning of Vision-Language Models,2026,preprint/unknown,n/a,n/a,n/a,2603.13033,2026-03-13,Semantic Scholar/OpenAlex arXiv publication-date metadata,,Semantic Scholar citation graph,Semantic Scholar says this work cites the SIMPLER seed paper (arXiv 2405.05941 / CoRL-PMLR version).,indexed-citation,https://www.semanticscholar.org/paper/0f65fc8f71a65302a19be7afad770eca9c0ffcfa; https://arxiv.org/abs/2603.13033,citation-only,n/a,n/a,n/a,,,,,,,,,,n/a,n/a,n/a,,n/a,n/a,Independent subagent full-text audit found no SimplerEnv benchmark result attributable to this work.,high,,
36,Exploring High-Order Self-Similarity for Video Understanding,2026,preprint/unknown,n/a,n/a,n/a,2604.20760,2026-04-22,Semantic Scholar/OpenAlex arXiv publication-date metadata,,Semantic Scholar citation graph,Semantic Scholar says this work cites the SIMPLER seed paper (arXiv 2405.05941 / CoRL-PMLR version).,indexed-citation,https://www.semanticscholar.org/paper/89002b7823721c5bf5da545fb138510e9d1109bd; https://arxiv.org/abs/2604.20760,citation-only,n/a,n/a,n/a,,,,,,,,,,n/a,n/a,n/a,,n/a,n/a,Citation graph row; converted text did not contain SimplerEnv benchmark-use/result terms beyond the citation record.,high,,
37,Fast-dVLA: Accelerating Discrete Diffusion VLA to Real-Time Performance,2026,preprint/unknown,n/a,n/a,n/a,2603.25661,2026-03-26,Semantic Scholar/OpenAlex arXiv publication-date metadata,,Semantic Scholar citation graph; OpenAlex term search: SIMPLER WidowX; OpenAlex term search: SimplerEnv,Semantic Scholar says this work cites the SIMPLER seed paper (arXiv 2405.05941 / CoRL-PMLR version).,indexed-citation,https://www.semanticscholar.org/paper/25fa61e44fb69231b5a820b53ad7e8471d675e4a; https://arxiv.org/abs/2603.25661; https://openalex.org/W7142557095,reports-results,widowx-bridge,not reported,WidowX / Bridge=59.3,,,59.3,,,,,55.2,Dream-VLA + Block Diffusion,Independent subagent full-text/result audit verified: WidowX / Bridge=59.3,high,weight-but-not-for-number,,"The tracked 59.3 WidowX/Bridge number is for 'Dream-VLA + Fast-dVLA (ours)', not the public Dream-VLA baseline. The paper says Fast-dVLA is trained via asymmetric distillation from task-specific fine-tuned dVLA weights with LoRA/post-training. Public Dream-VLA weights exist, but the official Fast-dVLA page/repo only hosts project assets and says code is coming soon; I found no Fast-dVLA checkpoint, LoRA, release asset, or model listing tied to the 59.3 result.",high,Independent subagent full-text/result audit verified: WidowX / Bridge=59.3,high,official-ish,Reports a standard SimplerEnv WidowX / Bridge success-rate suite number.
38,Fast-ThinkAct: Efficient Vision-Language-Action Reasoning via Verbalizable Latent Planning,2026,arXiv.org,IEEE/CVF Conference on Computer Vision and Pattern Recognition (CVPR 2026),Subagent verified CVPR 2026 accepted venue metadata.,high,2601.09708,2026-01-14,Semantic Scholar/OpenAlex arXiv publication-date metadata,10.48550/arXiv.2601.09708,Semantic Scholar citation graph; OpenAlex term search: SimplerEnv,Semantic Scholar says this work cites the SIMPLER seed paper (arXiv 2405.05941 / CoRL-PMLR version).,indexed-citation,https://www.semanticscholar.org/paper/34bb730be497273a7b413710b82213063b07e3c5; https://arxiv.org/abs/2601.09708; DOI 10.48550/arXiv.2601.09708; https://openalex.org/W7124358336,reports-results,simplerenv-result-unattributed,not reported,"Reports SimplerEnv-Google average 68.7, but not a VM or VA suite-specific value.",,,,,,,,,,Subagent verified CVPR 2026 venue and a generic SimplerEnv-Google result; suite columns left blank.,high,weight-but-not-for-number,,"The tracked number is Fast-ThinkAct-3B's SimplerEnv-Google result of 68.7. The paper says the method initializes from public components such as Qwen2.5-VL 3B and DiT-Policy/RDT, then trains teacher/student latent reasoning and the action model. Those base weights are not the trained Fast-ThinkAct policy that produced the tracked number. The official project page provides only paper/PDF/social links, and the Hugging Face paper page reports zero linked models.",high,Subagent verified CVPR 2026 venue and a generic SimplerEnv-Google result; suite columns left blank.,high,otherwise,"Reports only a generic SimplerEnv-Google average without identifying VM or VA, so it is not comparable to a standard suite."
39,FPC-VLA: A vision-language-action framework with a supervisor for failure prediction and correction,2026,Expert systems with applications,Expert Systems with Applications,"Crossref DOI metadata for 10.1016/j.eswa.2026.131742 lists the article title in Expert Systems with Applications, volume 316, article/page 131742, published 2026-06, publisher Elsevier BV; ScienceDirect article page for PII S095741742600655X lists the same DOI and journal.",high,,n/a,n/a,10.1016/j.eswa.2026.131742,Semantic Scholar citation graph; OpenAlex term search: Real Robot Setups SIMPLER; OpenAlex term search: SIMPLER WidowX; OpenAlex term search: Simulated Manipulation Policy Evaluation,Semantic Scholar says this work cites the SIMPLER seed paper (arXiv 2405.05941 / CoRL-PMLR version).,indexed-citation,https://www.semanticscholar.org/paper/be40940bd40b4131129992cfbbe9d6dfe0e0a020; DOI 10.1016/j.eswa.2026.131742; https://openalex.org/W7131317196,reports-results,google-fractal-vm; google-fractal-va; widowx-bridge,not reported,Google Robot / Fractal VM=78.0; Google Robot / Fractal VA=65.8; WidowX / Bridge=64.6,78.0,65.8,64.6,74.8,CogACT,61.3,CogACT,51.8,CogACT,Independent subagent full-text/result audit verified: Google Robot / Fractal VM=78.0; Google Robot / Fractal VA=65.8; WidowX / Bridge=64.6,high,claimed-no-download-link,,"The tracked FPC-VLA numbers are the FPC-VLA policy/supervisor results: WidowX 64.6, Google Robot Visual Matching 78.0, and Variant Aggregation 65.8. The official project page visibly advertises Paper, Code, and Model buttons, but the raw HTML has href=""#"" for those buttons and no real model download. The paper uses a VLA, dual-stream action fusion, and a fine-tuned Qwen-based supervisor, so public base VLA/VLM weights are not sufficient for the tracked FPC-VLA numbers.",high,Independent subagent full-text/result audit verified: Google Robot / Fractal VM=78.0; Google Robot / Fractal VA=65.8; WidowX / Bridge=64.6,high,official-ish,"Reports standard SimplerEnv Google Robot / Fractal VM, Google Robot / Fractal VA, and WidowX / Bridge success-rate suite numbers."
40,From Noise to Intent: Anchoring Generative VLA Policies with Residual Bridges,2026,preprint/unknown,n/a,n/a,n/a,2604.21391,2026-04-23,Semantic Scholar/OpenAlex arXiv publication-date metadata,,Semantic Scholar citation graph; OpenAlex term search: SIMPLER Google Robot Bridge; OpenAlex term search: SIMPLER WidowX; OpenAlex term search: SimplerEnv,Semantic Scholar says this work cites the SIMPLER seed paper (arXiv 2405.05941 / CoRL-PMLR version).,indexed-citation,https://www.semanticscholar.org/paper/4c212a248ccc8a47c64b3f65967075bc959ebbc8; https://arxiv.org/abs/2604.21391; https://openalex.org/W7155654827,reports-results,widowx-bridge; simplerenv-result-unattributed,not reported,"WidowX / Bridge=57.9; generic Google Robot average=68.4 across PC, MN, OD, and OTD, not labeled as VM or VA.",,,57.9,,,,,71.7,InternVLA-M1 (spatial co-training),"arXiv:2604.21391 Table 4 reports ResVLA WidowX / Bridge Avg 57.9. Table 3 reports a generic Google Robot Avg 68.4, and Appendix B.2 says the Google Robot setup uses Fractal20220817, but the table is not labeled VM or VA.",high,not-found,,"The tracked number is ResVLA's WidowX/Bridge average of 57.9. The paper/project link to an official GitHub repo, but that repo currently contains only README.md and LICENSE, with no implementation, release assets, model cards, or checkpoint files. Exact Hugging Face/model search found no ResVLA weights, and the paper reports a trained ResVLA policy rather than an evaluation of an already public checkpoint.",high,arXiv:2604.21391 Tables 3-4 evaluate ResVLA on SimplerEnv Google Robot and WidowX / Bridge; only the WidowX value is mapped to a sortable suite column.,high,official-ish,Reports a standard SimplerEnv WidowX / Bridge success-rate suite number; the generic Google Robot average is not used for comparability.
41,From Perception to Planning: Evolving Ego-Centric Task-Oriented Spatiotemporal Reasoning via Curriculum Learning,2026,preprint/unknown,n/a,n/a,n/a,2604.10517,2026-04-12,Semantic Scholar/OpenAlex arXiv publication-date metadata,,Semantic Scholar citation graph,Semantic Scholar says this work cites the SIMPLER seed paper (arXiv 2405.05941 / CoRL-PMLR version).,indexed-citation,https://www.semanticscholar.org/paper/5396d1ef6f2ef871e84a9d3683ff5cd7d0df5ee5; https://arxiv.org/abs/2604.10517,uses-data-no-results,n/a,n/a,n/a,,,,,,,,,,n/a,n/a,n/a,,n/a,n/a,Independent subagent full-text audit found no SimplerEnv benchmark result attributable to this work.,high,,
42,FutureVLA: Joint Visuomotor Prediction for Vision-Language-Action Model,2026,preprint/unknown,n/a,n/a,n/a,2603.10712,2026-03-11,Semantic Scholar/OpenAlex arXiv publication-date metadata,,Semantic Scholar citation graph,Semantic Scholar says this work cites the SIMPLER seed paper (arXiv 2405.05941 / CoRL-PMLR version).,indexed-citation,https://www.semanticscholar.org/paper/71b4947a7d21a5412f87700a58fddbee685cee14; https://arxiv.org/abs/2603.10712,reports-results,google-fractal-vm; google-fractal-va; widowx-bridge,not reported,Google Robot / Fractal VM=80.1; Google Robot / Fractal VA=75.6; WidowX / Bridge=71.9,80.1,75.6,71.9,59.6,Villa-X,46.0,pi0,61.9,GR00T-N1.5,Independent subagent full-text/result audit verified: Google Robot / Fractal VM=80.1; Google Robot / Fractal VA=75.6; WidowX / Bridge=71.9,high,weight-but-not-for-number,,"The official FutureVLA project page links only the arXiv paper and GitHub code page; its weight link block is commented out. The official GitHub repository has only README.md and asset/main.png, with no releases, tags, or checkpoint files in a shallow no-LFS-smudge clone. Hugging Face search finds PopFan/FUTURE-VLA with LIBERO-scoped safetensors, but that repository is not linked from the official FutureVLA page and is not a Google Robot/WidowX SimplerEnv checkpoint for the tracked 80.1/75.6/71.9 numbers.",high,Independent subagent full-text/result audit verified: Google Robot / Fractal VM=80.1; Google Robot / Fractal VA=75.6; WidowX / Bridge=71.9,high,official-ish,"Reports standard SimplerEnv Google Robot / Fractal VM, Google Robot / Fractal VA, and WidowX / Bridge success-rate suite numbers."
43,GeneralVLA: Generalizable Vision-Language-Action Models with Knowledge-Guided Trajectory Planning,2026,arXiv.org,n/a,n/a,n/a,2602.04315,2026-02-04,Semantic Scholar/OpenAlex arXiv publication-date metadata,10.48550/arXiv.2602.04315,Semantic Scholar citation graph,Semantic Scholar says this work cites the SIMPLER seed paper (arXiv 2405.05941 / CoRL-PMLR version).,indexed-citation,https://www.semanticscholar.org/paper/c96983e1b939ead26ba0d7de245bc578517ec509; https://arxiv.org/abs/2602.04315; DOI 10.48550/arXiv.2602.04315,citation-only,n/a,n/a,n/a,,,,,,,,,,n/a,n/a,n/a,,n/a,n/a,Citation graph row; converted text did not contain SimplerEnv benchmark-use/result terms beyond the citation record.,high,,
44,Genie Sim 3.0 : A High-Fidelity Comprehensive Simulation Platform for Humanoid Robot,2026,arXiv.org,n/a,n/a,n/a,2601.02078,2026-01-05,Semantic Scholar/OpenAlex arXiv publication-date metadata,10.48550/arXiv.2601.02078,Semantic Scholar citation graph,Semantic Scholar says this work cites the SIMPLER seed paper (arXiv 2405.05941 / CoRL-PMLR version).,indexed-citation,https://www.semanticscholar.org/paper/e197fa33aa930838f241a17dabe93bf9413cd36b; https://arxiv.org/abs/2601.02078; DOI 10.48550/arXiv.2601.02078,citation-only,n/a,n/a,n/a,,,,,,,,,,n/a,n/a,n/a,,n/a,n/a,Independent subagent full-text audit found no SimplerEnv benchmark result attributable to this work.,high,,
45,Grounded World Model for Semantically Generalizable Planning,2026,preprint/unknown,n/a,n/a,n/a,2604.11751,2026-04-13,Semantic Scholar/OpenAlex arXiv publication-date metadata,,Semantic Scholar citation graph,Semantic Scholar says this work cites the SIMPLER seed paper (arXiv 2405.05941 / CoRL-PMLR version).,indexed-citation,https://www.semanticscholar.org/paper/e35b813cc02de46eb1ef09882418454c0cbdf1b6; https://arxiv.org/abs/2604.11751,citation-only,n/a,n/a,n/a,,,,,,,,,,n/a,n/a,n/a,,n/a,n/a,Independent subagent full-text audit found no SimplerEnv benchmark result attributable to this work.,high,,
46,GST-VLA: Structured Gaussian Spatial Tokens for 3D Depth-Aware Vision-Language-Action Models,2026,preprint/unknown,n/a,n/a,n/a,2603.09079,2026-03-10,Semantic Scholar/OpenAlex arXiv publication-date metadata,,Semantic Scholar citation graph; OpenAlex term search: SimplerEnv,Semantic Scholar says this work cites the SIMPLER seed paper (arXiv 2405.05941 / CoRL-PMLR version).,indexed-citation,https://www.semanticscholar.org/paper/87ca26f99567f1823d463613529c4b018b8742ba; https://arxiv.org/abs/2603.09079; https://openalex.org/W7134967310; https://openalex.org/W7134992436,reports-results,simplerenv-result-unattributed,not reported,Reports SimplerEnv task-progress metrics rather than a standard success-rate suite average.,,,,,,,,,,Subagent verified task-progress SimplerEnv result; suite cells left blank.,high,not-found,,"Tracked row is a SimplerEnv task-progress result rather than a standard suite success-rate cell. The arXiv page reports preliminary GST-VLA results including SimplerEnv, but provides no project, repository, model, or checkpoint link. Exact GitHub and Hugging Face model searches did not surface an official GST-VLA artifact, so no public weight is tied to the tracked SimplerEnv result.",high,Subagent verified task-progress SimplerEnv result; suite cells left blank.,high,otherwise,Reports SimplerEnv task-progress metrics rather than a comparable standard suite success-rate average.
47,HeiSD: Hybrid Speculative Decoding for Embodied Vision-Language-Action Models with Kinematic Awareness,2026,preprint/unknown,n/a,n/a,n/a,2603.17573,2026-03-18,Semantic Scholar/OpenAlex arXiv publication-date metadata,,Semantic Scholar citation graph; OpenAlex term search: SimplerEnv,Semantic Scholar says this work cites the SIMPLER seed paper (arXiv 2405.05941 / CoRL-PMLR version).,indexed-citation,https://www.semanticscholar.org/paper/dcb77b90729d9b913db097d90583064873fc11b8; https://arxiv.org/abs/2603.17573; https://openalex.org/W7139146340,citation-only,n/a,n/a,n/a,,,,,,,,,,n/a,n/a,n/a,,n/a,n/a,Independent subagent full-text audit found no SimplerEnv benchmark result attributable to this work.,high,,
48,Hi-WM: Human-in-the-World-Model for Scalable Robot Post-Training,2026,preprint/unknown,n/a,n/a,n/a,2604.21741,2026-04-23,Semantic Scholar/OpenAlex arXiv publication-date metadata,,Semantic Scholar citation graph,Semantic Scholar says this work cites the SIMPLER seed paper (arXiv 2405.05941 / CoRL-PMLR version).,indexed-citation,https://www.semanticscholar.org/paper/3a6c881a21674a9428ad140584321339147ed79c; https://arxiv.org/abs/2604.21741,citation-only,n/a,n/a,n/a,,,,,,,,,,n/a,n/a,n/a,,n/a,n/a,Citation graph row; converted text did not contain SimplerEnv benchmark-use/result terms beyond the citation record.,high,,
49,Inject Once Survive Later: Backdooring Vision-Language-Action Models to Persist Through Downstream Fine-tuning,2026,arXiv.org,n/a,n/a,n/a,2602.00500,2026-01-31,Semantic Scholar/OpenAlex arXiv publication-date metadata,10.48550/arXiv.2602.00500,Semantic Scholar citation graph,Semantic Scholar says this work cites the SIMPLER seed paper (arXiv 2405.05941 / CoRL-PMLR version).,indexed-citation,https://www.semanticscholar.org/paper/f8d3395a5ebeb6dfcaa4a58822ca29d7c45feb76; https://arxiv.org/abs/2602.00500; DOI 10.48550/arXiv.2602.00500,reports-results,simplerenv-result-unattributed,not reported,Reports SimplerEnv attack metrics on WidowX/Bridge setting; no clean success-rate suite average.,,,,,,,,,,Subagent verified attack metric result and cleared unsupported suite average.,high,not-found,,"Tracked row is SimplerEnv attack metrics on the WidowX/Bridge setting, not a clean success-rate suite average. The official project page reports the attack results and marks code as coming soon, but that is not a weight/checkpoint promise and there is no model download. The GitHub repository is a project-page/template repository with no releases or checkpoint assets, so no public poisoned or fine-tuned checkpoint is tied to the tracked attack metrics.",high,Subagent verified attack metric result and cleared unsupported suite average.,high,otherwise,"Reports WidowX / Bridge backdoor attack metrics, not a clean standard SimplerEnv success-rate suite result."
50,Interactive World Simulator for Robot Policy Training and Evaluation,2026,preprint/unknown,n/a,n/a,n/a,2603.08546,2026-03-09,Semantic Scholar/OpenAlex arXiv publication-date metadata,,Semantic Scholar citation graph,Semantic Scholar says this work cites the SIMPLER seed paper (arXiv 2405.05941 / CoRL-PMLR version).,indexed-citation,https://www.semanticscholar.org/paper/bd6e2ea7e39d44736ed7000de8033d08e243f8ee; https://arxiv.org/abs/2603.08546,citation-only,n/a,n/a,n/a,,,,,,,,,,n/a,n/a,n/a,,n/a,n/a,Citation graph row; converted text did not contain SimplerEnv benchmark-use/result terms beyond the citation record.,high,,
51,JailWAM: Jailbreaking World Action Models in Robot Control,2026,preprint/unknown,n/a,n/a,n/a,2604.05498,2026-04-07,Semantic Scholar/OpenAlex arXiv publication-date metadata,,Semantic Scholar citation graph,Semantic Scholar says this work cites the SIMPLER seed paper (arXiv 2405.05941 / CoRL-PMLR version).,indexed-citation,https://www.semanticscholar.org/paper/499f4b53986fc94889131fa3ca0a8d0ed3c0446b; https://arxiv.org/abs/2604.05498,citation-only,n/a,n/a,n/a,,,,,,,,,,n/a,n/a,n/a,,n/a,n/a,Citation graph row; converted text did not contain SimplerEnv benchmark-use/result terms beyond the citation record.,high,,
52,Kinema4D: Kinematic 4D World Modeling for Spatiotemporal Embodied Simulation,2026,preprint/unknown,n/a,n/a,n/a,2603.16669,2026-03-17,Semantic Scholar/OpenAlex arXiv publication-date metadata,,Semantic Scholar citation graph,Semantic Scholar says this work cites the SIMPLER seed paper (arXiv 2405.05941 / CoRL-PMLR version).,indexed-citation,https://www.semanticscholar.org/paper/e5b7a5f1ddb1a0062c3aa55e82f30c40a3107500; https://arxiv.org/abs/2603.16669,citation-only,n/a,n/a,n/a,,,,,,,,,,n/a,n/a,n/a,,n/a,n/a,Citation graph row; converted text did not contain SimplerEnv benchmark-use/result terms beyond the citation record.,high,,
53,LaMP: Learning Vision-Language-Action Policies with 3D Scene Flow as Latent Motion Prior,2026,preprint/unknown,n/a,n/a,n/a,2603.25399,2026-03-26,Semantic Scholar/OpenAlex arXiv publication-date metadata,,Semantic Scholar citation graph; OpenAlex term search: SimplerEnv,Semantic Scholar says this work cites the SIMPLER seed paper (arXiv 2405.05941 / CoRL-PMLR version).,indexed-citation,https://www.semanticscholar.org/paper/34e3f94e4059572dc4706eab16045e766806986e; https://arxiv.org/abs/2603.25399; https://openalex.org/W7140999116; https://openalex.org/W7142557507,reports-results,widowx-bridge,not reported,WidowX / Bridge=79.2,,,79.2,,,,,74.0,FlowVLA,Independent subagent full-text/result audit verified: WidowX / Bridge=79.2,high,not-found,,"Tracked number is WidowX / Bridge=79.2. The official project page reports 79.2 on SimplerEnv-WidowX, but its code button is a placeholder href and the page has no weight/checkpoint link. GitHub search finds only the official project-page repository, which has no releases or checkpoint files; Hugging Face model search did not surface a LaMP SimplerEnv checkpoint.",high,Independent subagent full-text/result audit verified: WidowX / Bridge=79.2,high,official-ish,Reports a standard SimplerEnv WidowX / Bridge success-rate number.
54,LangForce: Bayesian Decomposition of Vision Language Action Models via Latent Action Queries,2026,arXiv.org,n/a,n/a,n/a,2601.15197,2026-01-21,Semantic Scholar/OpenAlex arXiv publication-date metadata,10.48550/arXiv.2601.15197,Semantic Scholar citation graph; OpenAlex term search: SimplerEnv,Semantic Scholar says this work cites the SIMPLER seed paper (arXiv 2405.05941 / CoRL-PMLR version).,indexed-citation,https://www.semanticscholar.org/paper/7db4c76eb9314472364f618bec5dc837f4ca009a; https://arxiv.org/abs/2601.15197; DOI 10.48550/arXiv.2601.15197; https://openalex.org/W7125414767; https://openalex.org/W7125459461,reports-results,widowx-bridge,not reported,WidowX / Bridge=66.5,,,66.5,,,,,57.1,pi0.5 / Isaac-GR00T-N1.6-Bridge,Independent subagent full-text/result audit verified: WidowX / Bridge=66.5,high,not-found,,"Tracked number is WidowX / Bridge=66.5. The official GitHub README reports LangForce SimplerEnv Avg=66.5 and provides training instructions through starVLA, but the script uses local paths for base_vlm, data, and output_dir rather than a public checkpoint. The repo has source files only, no releases, and no Hugging Face model entry for LangForce was found, so no public checkpoint is tied to the tracked 66.5 result.",high,Independent subagent full-text/result audit verified: WidowX / Bridge=66.5,high,official-ish,Reports a standard SimplerEnv WidowX / Bridge success-rate number.
55,Latent Reasoning VLA: Latent Thinking and Prediction for Vision-Language-Action Models,2026,arXiv.org,n/a,n/a,n/a,2602.01166,2026-02-01,Semantic Scholar/OpenAlex arXiv publication-date metadata,10.48550/arXiv.2602.01166,Semantic Scholar citation graph,Semantic Scholar says this work cites the SIMPLER seed paper (arXiv 2405.05941 / CoRL-PMLR version).,indexed-citation,https://www.semanticscholar.org/paper/18876f65cc302e6dd6425ad14bd96c244e5f2f0a; https://arxiv.org/abs/2602.01166; DOI 10.48550/arXiv.2602.01166,reports-results,widowx-bridge,not reported,WidowX / Bridge=68.8,,,68.8,,,,,62.5,UD-VLA,Independent subagent full-text/result audit verified: WidowX / Bridge=68.8,high,coming-soon-no-download-link,,"Tracked number is WidowX / Bridge=68.8. The official project and GitHub README report the 68.8 SimplerEnv-WidowX result. The README explicitly says training and evaluation code are released, while pretrained model weights are not released yet; the GitHub releases page has no published releases. Therefore the artifact is announced as unreleased and no downloadable checkpoint is available for the tracked number.",high,Independent subagent full-text/result audit verified: WidowX / Bridge=68.8,high,official-ish,Reports a standard SimplerEnv WidowX / Bridge success-rate number.
56,Learning Human-Intention Priors from Large-Scale Human Demonstrations for Robotic Manipulation,2026,preprint/unknown,n/a,n/a,n/a,2604.24681,2026-04-27,Semantic Scholar/OpenAlex arXiv publication-date metadata,,Semantic Scholar citation graph; OpenAlex term search: SIMPLER WidowX; OpenAlex term search: SimplerEnv,Semantic Scholar says this work cites the SIMPLER seed paper (arXiv 2405.05941 / CoRL-PMLR version).,indexed-citation,https://www.semanticscholar.org/paper/107331d86262099334949e2f8eef05e2129064c5; https://arxiv.org/abs/2604.24681; https://openalex.org/W7158422975,reports-results,widowx-bridge,not reported,WidowX / Bridge=66.1,,,66.1,,,,,43.8,ThinkACT,Independent subagent full-text/result audit verified: WidowX / Bridge=66.1,high,not-found,,"Tracked number is WidowX / Bridge=66.1 for MoT-HRA. The arXiv paper page and PDF do not provide a project page, repository, Hugging Face, ModelScope, Google Drive, or release link. Exact-title, MoT-HRA, and HA-2.2M searches surfaced paper/listing pages but no official model or dataset artifact, and public GitHub/Hugging Face searches returned no relevant checkpoint tied to the SimplerEnv result.",high,Independent subagent full-text/result audit verified: WidowX / Bridge=66.1,high,official-ish,Reports a standard SimplerEnv WidowX / Bridge success-rate number.
57,Learning to Accelerate Vision-Language-Action Models through Adaptive Visual Token Caching,2026,arXiv.org,n/a,n/a,n/a,2602.00686,2026-01-31,Semantic Scholar/OpenAlex arXiv publication-date metadata,10.48550/arXiv.2602.00686,Semantic Scholar citation graph,Semantic Scholar says this work cites the SIMPLER seed paper (arXiv 2405.05941 / CoRL-PMLR version).,indexed-citation,https://www.semanticscholar.org/paper/3b9b742b33a1b99e6b50ef140e6256ce455ef883; https://arxiv.org/abs/2602.00686; DOI 10.48550/arXiv.2602.00686,reports-results,google-fractal-vm; google-fractal-va,not reported,Google Robot / Fractal VM=75.5; Google Robot / Fractal VA=63.0,75.5,63.0,,74.8,Baseline (CogAct),62.3,VLA-Cache,,,Independent subagent full-text/result audit verified: Google Robot / Fractal VM=75.5; Google Robot / Fractal VA=63.0,high,weight-but-not-for-number,,"The tracked SimplerEnv numbers are LAC on CogAct (Google Robot / Fractal VM=75.5, VA=63.0). The paper describes LAC as trained learnable token-selector/reuse modules and reports the SimplerEnv gains over CogAct, so CogAct base weights alone are not the reported LAC artifact. The official LAC GitHub repository currently contains only README.md and has no releases/assets; Hugging Face model search for LAC/Adaptive Visual Token Caching returned no matching checkpoints. Related base CogAct weights exist, but no public LAC module/checkpoint tied to the tracked SimplerEnv numbers was found.",high,Independent subagent full-text/result audit verified: Google Robot / Fractal VM=75.5; Google Robot / Fractal VA=63.0,high,official-ish,Reports standard SimplerEnv Google Robot / Fractal VM and Google Robot / Fractal VA success-rate suite numbers.
58,LIBERO-X: Robustness Litmus for Vision-Language-Action Models,2026,arXiv.org,n/a,n/a,n/a,2602.06556,2026-02-06,Semantic Scholar/OpenAlex arXiv publication-date metadata,10.48550/arXiv.2602.06556,Semantic Scholar citation graph,Semantic Scholar says this work cites the SIMPLER seed paper (arXiv 2405.05941 / CoRL-PMLR version).,indexed-citation,https://www.semanticscholar.org/paper/a377f04f41cdefb7f9c61832e1f7d8a252102031; https://arxiv.org/abs/2602.06556; DOI 10.48550/arXiv.2602.06556,citation-only,n/a,n/a,n/a,,,,,,,,,,n/a,n/a,n/a,,n/a,n/a,Citation graph row; converted text did not contain SimplerEnv benchmark-use/result terms beyond the citation record.,high,,
59,Metamorphic Testing of Vision-Language Action-Enabled Robots,2026,arXiv.org,n/a,n/a,n/a,2602.22579,2026-02-26,Semantic Scholar/OpenAlex arXiv publication-date metadata,10.48550/arXiv.2602.22579,Semantic Scholar citation graph; OpenAlex term search: SimplerEnv,Semantic Scholar says this work cites the SIMPLER seed paper (arXiv 2405.05941 / CoRL-PMLR version).,indexed-citation,https://www.semanticscholar.org/paper/635ea54e1943e7fa0979c4069a04791b800fb061; https://arxiv.org/abs/2602.22579; DOI 10.48550/arXiv.2602.22579; https://openalex.org/W7131909518,reports-results,simplerenv-result-unattributed,not reported,Reports SimplerEnv failure/count metrics; no clean suite success-rate average.,,,,,,,,,,Subagent verified SimplerEnv failure/count results.,high,number-associated weight available,https://github.com/pablovalle/MT_of_VLAs/tree/main/environment_mount,"The tracked SimplerEnv result is an evaluation/test result over five named VLA models, not a newly trained policy. The paper states the evaluation used official checkpoints, and the official MT_of_VLAs repo provides precomputed source/follow-up results plus environment scripts that download the exact tested public model repos into the checkpoints folder: openvla/openvla-7b, HaomingSong/lerobot-pi0-fractal, HaomingSong/lerobot-pi0-bridge, IPEC-COMMUNITY/spatialvla-4b-mix-224-pt, nvidia/GR00T-N1.6-bridge, nvidia/GR00T-N1.6-fractal, IPEC-COMMUNITY/eo1-qwen25_vl-fractal, and IPEC-COMMUNITY/eo1-qwen25_vl-bridge. Hugging Face metadata for those repos shows public, non-gated safetensors/model files. Large files were not downloaded.",high,Subagent verified SimplerEnv failure/count results.,high,otherwise,Reports metamorphic-testing failure/count metrics on SimplerEnv rather than standard suite success-rate results.
60,MobileManiBench: Simplifying Model Verification for Mobile Manipulation,2026,arXiv.org,n/a,n/a,n/a,2602.05233,2026-02-05,Semantic Scholar/OpenAlex arXiv publication-date metadata,10.48550/arXiv.2602.05233,Semantic Scholar citation graph,Semantic Scholar says this work cites the SIMPLER seed paper (arXiv 2405.05941 / CoRL-PMLR version).,indexed-citation,https://www.semanticscholar.org/paper/65fc69156afd5dd4d134b7a61a58cd5ab7fd4724; https://arxiv.org/abs/2602.05233; DOI 10.48550/arXiv.2602.05233,citation-only,n/a,n/a,n/a,,,,,,,,,,n/a,n/a,n/a,,n/a,n/a,Independent subagent full-text audit found no SimplerEnv benchmark result attributable to this work.,high,,
61,MVP-LAM: Learning Action-Centric Latent Action via Cross-Viewpoint Reconstruction,2026,arXiv.org,n/a,n/a,n/a,2602.03668,2026-02-03,Semantic Scholar/OpenAlex arXiv publication-date metadata,10.48550/arXiv.2602.03668,Semantic Scholar citation graph; OpenAlex term search: SIMPLER WidowX,Semantic Scholar says this work cites the SIMPLER seed paper (arXiv 2405.05941 / CoRL-PMLR version).,indexed-citation,https://www.semanticscholar.org/paper/6f7de505fa0e7bbc683cfff1200f709809342fbd; https://arxiv.org/abs/2602.03668; DOI 10.48550/arXiv.2602.03668; https://openalex.org/W7127739440,reports-results,widowx-bridge,25 per task (100 trajectories total),WidowX / Bridge=60.4,,,60.4,,,,,57.3,LAPA,Independent subagent full-text/result audit verified: WidowX / Bridge=60.4,high,number-associated weight available,https://huggingface.co/JM-Lee/mvp-lam-7b-224-simpler,"The tracked SimpleEnv/SIMPLER number is MVP-LAM WidowX / Bridge=60.4. The official repository Model Zoo lists mvp-lam-simpler as the model finetuned on small SIMPLER demos for SimplerEnv, and the same README Performance table reports AVG=60.4. The Hugging Face model card says it is the MVP-LAM paper model, and metadata/file listings show model safetensors plus action_decoder-10000.pt, matching the SimplerEnv finetuned policy artifact.",high,Independent subagent full-text/result audit verified: WidowX / Bridge=60.4,high,official-ish,Reports a standard SimplerEnv WidowX / Bridge success-rate number.
62,Not All Features Are Created Equal: A Mechanistic Study of Vision-Language-Action Models,2026,preprint/unknown,ICLR 2026 Workshop on MM Intelligence,Subagent verified ICLR 2026 Workshop MM Intelligence venue metadata.,high,2603.19233,2026-03-19,Semantic Scholar/OpenAlex arXiv publication-date metadata,,Semantic Scholar citation graph,Semantic Scholar says this work cites the SIMPLER seed paper (arXiv 2405.05941 / CoRL-PMLR version).,indexed-citation,https://www.semanticscholar.org/paper/e12b55e570c9d6613d7fb84f7d393775040d071c; https://arxiv.org/abs/2603.19233,reports-results,simplerenv-result-unattributed,not reported,Reports SimplerEnv result without a clean VM/VA/WidowX suite average.,,,,,,,,,,Subagent verified result row and cleared unsupported WidowX value.,high,coming-soon-no-download-link,,"The tracked SimplerEnv result is part of a mechanistic/rollout and SAE analysis rather than a standalone policy release. The official project and Action Atlas are public, but the official GitHub README says experiment data, activations, SAE checkpoints, and rollout videos will be released on Hugging Face in the coming weeks. No current Hugging Face model listing was found for CWRU-AISM/action-atlas, so the public base VLA weights are not a number-associated artifact for the tracked SimplerEnv analysis.",high,Subagent verified result row and cleared unsupported WidowX value.,high,otherwise,"The row only has an unattributed SimplerEnv result and no VM, VA, or WidowX suite value comparable to a standard protocol."
63,"OmniStream: Mastering Perception, Reconstruction and Action in Continuous Streams",2026,preprint/unknown,n/a,n/a,n/a,2603.12265,2026-03-12,Semantic Scholar/OpenAlex arXiv publication-date metadata,,Semantic Scholar citation graph; OpenAlex term search: SimplerEnv,Semantic Scholar says this work cites the SIMPLER seed paper (arXiv 2405.05941 / CoRL-PMLR version).,indexed-citation,https://www.semanticscholar.org/paper/b4312bd78d85a70a5638ad6d184de755d6190a37; https://arxiv.org/abs/2603.12265; https://openalex.org/W7135429334,reports-results,widowx-bridge,not reported,WidowX / Bridge=45.8,,,45.8,,,,,60.4,pi0* / KosMos-2-1.7B (tie),Independent subagent full-text/result audit verified: WidowX / Bridge=45.8,high,weight-but-not-for-number,,"The tracked number is OmniStream on SimplerEnv-Bridge with WidowX / Bridge=45.8 after adapting OmniStream-7B into a VLA by attaching and training a lightweight MLP action head. The public Hugging Face release is StreamFormer/OmniStream, an image-feature-extraction visual backbone with config/preprocessor/model.safetensors only. The official GitHub README says the pretrained model is uploaded, but its TODO still lists release of VLM and VLA code; no SimplerEnv action-head or finetuned VLA policy checkpoint was found. Thus the available backbone is related but not the reported-number policy artifact.",high,Independent subagent full-text/result audit verified: WidowX / Bridge=45.8,high,official-ish,"It reports WidowX / Bridge success rate 45.8, which is a standard SimplerEnv evaluation protocol."
64,Overcoming Visual Clutter in Vision Language Action Models via Concept-Gated Visual Distillation,2026,preprint/unknown,n/a,n/a,n/a,2603.10340,2026-03-11,Semantic Scholar/OpenAlex arXiv publication-date metadata,,Semantic Scholar citation graph; OpenAlex term search: SIMPLER WidowX; OpenAlex term search: SimplerEnv,Semantic Scholar says this work cites the SIMPLER seed paper (arXiv 2405.05941 / CoRL-PMLR version).,indexed-citation,https://www.semanticscholar.org/paper/714e1aa8588d3abdb7c2386267b2bd4a464c7d3b; https://arxiv.org/abs/2603.10340; https://openalex.org/W7135156743,reports-results,simplerenv-result-unattributed,not reported,Reports SimplerEnv clutter results; no clean standard suite average.,,,,,,,,,,Subagent verified clutter-setting SimplerEnv results and left suite cells blank.,high,not-found,,"The arXiv paper reports the tracked CGVD clutter-setting SimplerEnv result, including the 77.5% pi0 full-pipeline ablation on Spoon-on-Towel with 18 semantic distractors, and describes CGVD as a training-free, model-agnostic inference framework. The paper provides no project, code, model, checkpoint, release, or exact policy-weight link. Exact-title web/GitHub search and Hugging Face model searches for Concept-Gated Visual Distillation/CGVD found no official artifact tied to the reported number.",medium,Subagent verified clutter-setting SimplerEnv results and left suite cells blank.,high,otherwise,It reports clutter-setting SimplerEnv results with semantic distractors rather than a clean standard suite average.
65,Persistent Robot World Models: Stabilizing Multi-Step Rollouts via Reinforcement Learning,2026,preprint/unknown,n/a,n/a,n/a,2603.25685,2026-03-26,Semantic Scholar/OpenAlex arXiv publication-date metadata,,Semantic Scholar citation graph,Semantic Scholar says this work cites the SIMPLER seed paper (arXiv 2405.05941 / CoRL-PMLR version).,indexed-citation,https://www.semanticscholar.org/paper/59a07872e39db6443109a585ab8bdd158d18438d; https://arxiv.org/abs/2603.25685,citation-only,n/a,n/a,n/a,,,,,,,,,,n/a,n/a,n/a,,n/a,n/a,Citation graph row; converted text did not contain SimplerEnv benchmark-use/result terms beyond the citation record.,high,,
66,PRM-as-a-Judge: A Dense Evaluation Paradigm for Fine-Grained Robotic Auditing,2026,preprint/unknown,n/a,n/a,n/a,2603.21669,2026-03-23,Semantic Scholar/OpenAlex arXiv publication-date metadata,,Semantic Scholar citation graph,Semantic Scholar says this work cites the SIMPLER seed paper (arXiv 2405.05941 / CoRL-PMLR version).,indexed-citation,https://www.semanticscholar.org/paper/33f7bee508f86ae43b17fcc7376c5be3ef8a02f1; https://arxiv.org/abs/2603.21669,citation-only,n/a,n/a,n/a,,,,,,,,,,n/a,n/a,n/a,,n/a,n/a,Citation graph row; converted text did not contain SimplerEnv benchmark-use/result terms beyond the citation record.,high,,
67,QuantVLA: Scale-Calibrated Post-Training Quantization for Vision-Language-Action Models,2026,arXiv.org,IEEE/CVF Conference on Computer Vision and Pattern Recognition (CVPR 2026),Official CVPR 2026 virtual program lists 'QuantVLA: Scale-Calibrated Post-Training Quantization for Vision-Language-Action Models' as poster 39915; the poster page schema marks creditText 'CVPR 2026' and lists the matching title/authors. arXiv v4 also has comment 'CVPR2026'.,high,2602.20309,2026-02-23,Semantic Scholar/OpenAlex arXiv publication-date metadata,10.48550/arXiv.2602.20309,Semantic Scholar citation graph,Semantic Scholar says this work cites the SIMPLER seed paper (arXiv 2405.05941 / CoRL-PMLR version).,indexed-citation,https://www.semanticscholar.org/paper/66c771c87ea9dc4ba0d9c338816d5b0b27adedef; https://arxiv.org/abs/2602.20309; DOI 10.48550/arXiv.2602.20309,reports-results,simplerenv-result-unattributed,not reported,Reports SimplerEnv PickCan counts; no clean standard suite average.,,,,,,,,,,Subagent verified CVPR 2026 venue and PickCan-count result; no suite average.,high,weight-but-not-for-number,,"The tracked SimpleEnv/SimplerEnv number is the extended Pick-and-Can result for QuantVLA W4A8 on GR00T (27/50), not the FP16 baseline. The official project and GitHub release code, calibration/config JSONs, and scripts for runtime quantized inference, but no downloadable quantized GR00T checkpoint or model release was found; GitHub releases are empty and Hugging Face searches for QuantVLA/AIoT-MLSys-Lab models returned no model listings. Public GR00T base weights are related, but they produced the FP16 baseline, not the tracked quantized PickCan number.",high,Subagent verified CVPR 2026 venue and PickCan-count result; no suite average.,high,otherwise,"It reports extended PickCan counts rather than a standard Google Robot VM, VA, or WidowX / Bridge suite success rate."
68,ReconPhys: Reconstruct Appearance and Physical Attributes from Single Video,2026,preprint/unknown,n/a,n/a,n/a,2604.07882,2026-04-09,Semantic Scholar/OpenAlex arXiv publication-date metadata,,Semantic Scholar citation graph,Semantic Scholar says this work cites the SIMPLER seed paper (arXiv 2405.05941 / CoRL-PMLR version).,indexed-citation,https://www.semanticscholar.org/paper/bc7392954aeadec91a33f5420ff921bb64d41b58; https://arxiv.org/abs/2604.07882,citation-only,n/a,n/a,n/a,,,,,,,,,,n/a,n/a,n/a,,n/a,n/a,Citation graph row; converted text did not contain SimplerEnv benchmark-use/result terms beyond the citation record.,high,,
69,Reconstruction or Semantics? What Makes a Latent Space Useful for Robotic World Models,2026,preprint/unknown,n/a,n/a,n/a,2605.06388,2026-05-07,Semantic Scholar/OpenAlex arXiv publication-date metadata,,Semantic Scholar citation graph,Semantic Scholar says this work cites the SIMPLER seed paper (arXiv 2405.05941 / CoRL-PMLR version).,indexed-citation,https://www.semanticscholar.org/paper/e075577f6009b707439792696fd4f6a7ddc39145; https://arxiv.org/abs/2605.06388,citation-only,n/a,n/a,n/a,,,,,,,,,,n/a,n/a,n/a,,n/a,n/a,Citation graph row; converted text did not contain SimplerEnv benchmark-use/result terms beyond the citation record.,high,,
70,Red-Teaming Vision-Language-Action Models via Quality Diversity Prompt Generation for Robust Robot Policies,2026,preprint/unknown,n/a,n/a,n/a,2603.12510,2026-03-12,Semantic Scholar/OpenAlex arXiv publication-date metadata,,Semantic Scholar citation graph; OpenAlex term search: SimplerEnv,Semantic Scholar says this work cites the SIMPLER seed paper (arXiv 2405.05941 / CoRL-PMLR version).,indexed-citation,https://www.semanticscholar.org/paper/01b61acb357d42ae83dadcabfbcae6d2e30dc2c7; https://arxiv.org/abs/2603.12510; https://openalex.org/W7138824680,reports-results,simplerenv-result-unattributed,50 demonstrations per task,Reports SimplerEnv results with 50 demonstrations per task; no clean suite average.,,,,,,,,,,Independent subagent full-text/result audit verified: Reports SimplerEnv results with 50 demonstrations per task; no clean suite average.,high,weight-but-not-for-number,,"The tracked SimplerEnv result is for OpenVLA-OFT policies fine-tuned on SimplerEnv demonstrations and Q-DIG/Rephrase/ERT adversarial instruction datasets with 50 demonstrations per task. The paper/project make prompts and result tables public, and generic OpenVLA/OpenVLA-OFT code/base weights are public, but I found no public checkpoint for the fine-tuned SimplerEnv policies that produced the tracked Q-DIG/OpenVLA-OFT numbers.",high,Independent subagent full-text/result audit verified: Reports SimplerEnv results with 50 demonstrations per task; no clean suite average.,high,otherwise,It reports a custom 50-demonstration red-teaming/adversarial-prompt SimplerEnv setting with no clean standard suite average.
71,RedVLA: Physical Red Teaming for Vision-Language-Action Models,2026,preprint/unknown,n/a,n/a,n/a,2604.22591,2026-04-24,Semantic Scholar/OpenAlex arXiv publication-date metadata,,Semantic Scholar citation graph,Semantic Scholar says this work cites the SIMPLER seed paper (arXiv 2405.05941 / CoRL-PMLR version).,indexed-citation,https://www.semanticscholar.org/paper/4391999707639a64bf33a192b67063fc03c4bb97; https://arxiv.org/abs/2604.22591,citation-only,n/a,n/a,n/a,,,,,,,,,,n/a,n/a,n/a,,n/a,n/a,Independent subagent full-text audit found no SimplerEnv benchmark result attributable to this work.,high,,
72,Reshaping Action Error Distributions for Reliable Vision-Language-Action Models,2026,arXiv.org,n/a,n/a,n/a,2602.04228,2026-02-04,Semantic Scholar/OpenAlex arXiv publication-date metadata,10.48550/arXiv.2602.04228,Semantic Scholar citation graph; OpenAlex term search: SIMPLER WidowX; OpenAlex term search: SimplerEnv,Semantic Scholar says this work cites the SIMPLER seed paper (arXiv 2405.05941 / CoRL-PMLR version).,indexed-citation,https://www.semanticscholar.org/paper/17813106beb04c3125b29b2645512a3a271d59e4; https://arxiv.org/abs/2602.04228; DOI 10.48550/arXiv.2602.04228; https://openalex.org/W7127929787; https://openalex.org/W7128096016,reports-results,widowx-bridge,not reported,WidowX / Bridge=61.5,,,61.5,,,,,53.1,GR00T / pi0 (4B baseline tie),Independent subagent full-text/result audit verified: WidowX / Bridge=61.5,high,weight-but-not-for-number,,"The tracked number is the SimplerEnv-WidowX 4B pi0 + T-MEE average of 61.5. The official VLA-TMEE repository publishes code and Hugging Face checkpoints for LIBERO near-balanced results, and the author model listing contains only MEE-VLA-LIBERO checkpoints. I found no SimplerEnv/WidowX pi0 + T-MEE 4B checkpoint tied to the 61.5 result.",high,Independent subagent full-text/result audit verified: WidowX / Bridge=61.5,high,official-ish,"It reports WidowX / Bridge success rate 61.5, which is directly comparable to the standard SimplerEnv WidowX protocol."
73,RMBench: Memory-Dependent Robotic Manipulation Benchmark with Insights into Policy Design,2026,arXiv.org,n/a,n/a,n/a,2603.01229,2026-03-01,Semantic Scholar/OpenAlex arXiv publication-date metadata,10.48550/arXiv.2603.01229,Semantic Scholar citation graph,Semantic Scholar says this work cites the SIMPLER seed paper (arXiv 2405.05941 / CoRL-PMLR version).,indexed-citation,https://www.semanticscholar.org/paper/5392d9e631c952661129be0cf79066954241bc0d; https://arxiv.org/abs/2603.01229; DOI 10.48550/arXiv.2603.01229,citation-only,n/a,n/a,n/a,,,,,,,,,,n/a,n/a,n/a,,n/a,n/a,Independent subagent full-text audit found no SimplerEnv benchmark result attributable to this work.,high,,
74,RoboCasa365: A Large-Scale Simulation Framework for Training and Benchmarking Generalist Robots,2026,preprint/unknown,n/a,n/a,n/a,2603.04356,2026-03-04,Semantic Scholar/OpenAlex arXiv publication-date metadata,,Semantic Scholar citation graph,Semantic Scholar says this work cites the SIMPLER seed paper (arXiv 2405.05941 / CoRL-PMLR version).,indexed-citation,https://www.semanticscholar.org/paper/3462a6063dbf86ffd82c567b21879fb7080363ab; https://arxiv.org/abs/2603.04356,citation-only,n/a,n/a,n/a,,,,,,,,,,n/a,n/a,n/a,,n/a,n/a,Citation graph row; converted text did not contain SimplerEnv benchmark-use/result terms beyond the citation record.,high,,
75,RoboECC: Multi-Factor-Aware Edge-Cloud Collaborative Deployment for VLA Models,2026,preprint/unknown,International Joint Conference on Neural Networks (IJCNN 2026),Subagent verified IJCNN 2026 venue metadata.,high,2603.20711,2026-03-21,Semantic Scholar/OpenAlex arXiv publication-date metadata,,Semantic Scholar citation graph; OpenAlex term search: SimplerEnv,Semantic Scholar says this work cites the SIMPLER seed paper (arXiv 2405.05941 / CoRL-PMLR version).,indexed-citation,https://www.semanticscholar.org/paper/ba796156b5b44250cfa55867b6b44d88564f71f9; https://arxiv.org/abs/2603.20711; https://openalex.org/W7140346489,uses-data-no-results,n/a,n/a,n/a,,,,,,,,,,n/a,n/a,n/a,,n/a,n/a,Independent subagent full-text audit found no SimplerEnv benchmark result attributable to this work.,high,,
76,RoboLab: A High-Fidelity Simulation Benchmark for Analysis of Task Generalist Policies,2026,preprint/unknown,n/a,n/a,n/a,2604.09860,2026-04-10,Semantic Scholar/OpenAlex arXiv publication-date metadata,,Semantic Scholar citation graph,Semantic Scholar says this work cites the SIMPLER seed paper (arXiv 2405.05941 / CoRL-PMLR version).,indexed-citation,https://www.semanticscholar.org/paper/4a0e21475dfe488e745aac8776bd1b9e2c1c99af; https://arxiv.org/abs/2604.09860,citation-only,n/a,n/a,n/a,,,,,,,,,,n/a,n/a,n/a,,n/a,n/a,Citation graph row; converted text did not contain SimplerEnv benchmark-use/result terms beyond the citation record.,high,,
77,RoboPlayground: Democratizing Robotic Evaluation through Structured Physical Domains,2026,preprint/unknown,n/a,n/a,n/a,2604.05226,2026-04-06,Semantic Scholar/OpenAlex arXiv publication-date metadata,,Semantic Scholar citation graph,Semantic Scholar says this work cites the SIMPLER seed paper (arXiv 2405.05941 / CoRL-PMLR version).,indexed-citation,https://www.semanticscholar.org/paper/09d727edaf798bf654761c618fdc39d4c28ab965; https://arxiv.org/abs/2604.05226,citation-only,n/a,n/a,n/a,,,,,,,,,,n/a,n/a,n/a,,n/a,n/a,Independent subagent full-text audit found no SimplerEnv benchmark result attributable to this work.,high,,
78,RoboStream: Weaving Spatio-Temporal Reasoning with Memory in Vision-Language Models for Robotics,2026,preprint/unknown,n/a,n/a,n/a,2603.12939,2026-03-13,Semantic Scholar/OpenAlex arXiv publication-date metadata,,Semantic Scholar citation graph,Semantic Scholar says this work cites the SIMPLER seed paper (arXiv 2405.05941 / CoRL-PMLR version).,indexed-citation,https://www.semanticscholar.org/paper/9d9bfd19474f9b063ce5d1d7b21357ba8e87225f; https://arxiv.org/abs/2603.12939,reports-results,google-fractal-vm; google-fractal-va; widowx-bridge,not reported,"WidowX / Bridge=74.8; Google Robot VM task rates: Pick Coke Can=95.7, Move Near=95.8; Google Robot VA task rates: Pick Coke Can=94.2, Move Near=79.8. No clean Google VM/VA suite average is reported.",,,74.8,,,,,58.3,SoFar,"arXiv:2603.12939 Table 1 reports RoboStream-8B WidowX Avg 74.8 and Google Robot per-task Visual Matching / Variant Aggregation success rates, but no Google suite-average column.",high,number-associated weight available,https://huggingface.co/Qwen/Qwen3-VL-8B-Instruct,"The tracked WidowX/Bridge result is RoboStream-8B, Zero data, Avg 74.8. The paper says RoboStream-8B instantiates the method with Qwen3-VL-8B and that all variants run without environment-specific adaptation or fine-tuning, so the public Qwen3-VL-8B-Instruct checkpoint is the exact base weight used for the reported number. The RoboStream code is still coming soon, but no additional fine-tuned policy weight is required by the reported setup.",high,arXiv:2603.12939 Table 1 evaluates RoboStream-8B on SIMPLER Google Robot VM/VA task rates and WidowX / Bridge average success.,high,official-ish,It reports a WidowX / Bridge average success rate of 74.8 under the standard SimplerEnv protocol.
79,Robotic Scene Cloning:Advancing Zero-Shot Robotic Scene Adaptation in Manipulation via Visual Prompt Editing,2026,preprint/unknown,n/a,n/a,n/a,2603.09712,2026-03-10,Semantic Scholar/OpenAlex arXiv publication-date metadata,,Semantic Scholar citation graph,Semantic Scholar says this work cites the SIMPLER seed paper (arXiv 2405.05941 / CoRL-PMLR version).,indexed-citation,https://www.semanticscholar.org/paper/9212253cf9a7273df1b52a96f5b7354bd4c1399d; https://arxiv.org/abs/2603.09712,reports-results,simplerenv-result-unattributed,67 successful Coke-can grasping trajectories as source data; not per evaluated novel task,Reports custom/source-data SimplerEnv Coke-can grasping results; no clean suite average.,,,,,,,,,,Independent subagent full-text/result audit verified: Reports custom/source-data SimplerEnv Coke-can grasping results; no clean suite average.,high,weight-but-not-for-number,,"The tracked SimplerEnv result is CogACT + RSC after fine-tuning CogACT on RSC-augmented trajectories derived from 67 successful Coke-can grasping trajectories, yielding custom novel-object results rather than a standard suite average. CogACT base weights are public, but I found no official RSC project/repo/HF listing and no fine-tuned CogACT+RSC policy checkpoint for the reported SimplerEnv numbers.",high,Independent subagent full-text/result audit verified: Reports custom/source-data SimplerEnv Coke-can grasping results; no clean suite average.,high,otherwise,It reports custom source-data Coke-can grasping results rather than a clean standard SimplerEnv suite evaluation.
80,RoboVIP: Multi-View Video Generation with Visual Identity Prompting Augments Robot Manipulation,2026,arXiv.org,n/a,n/a,n/a,2601.05241,2026-01-08,Semantic Scholar/OpenAlex arXiv publication-date metadata,10.48550/arXiv.2601.05241,Semantic Scholar citation graph,Semantic Scholar says this work cites the SIMPLER seed paper (arXiv 2405.05941 / CoRL-PMLR version).,indexed-citation,https://www.semanticscholar.org/paper/c2b26ce39da5f0ce356ce8309960e12fcf0b05d1; https://arxiv.org/abs/2601.05241; DOI 10.48550/arXiv.2601.05241,reports-results,widowx-bridge,not reported,WidowX / Bridge=29.0,,,29.0,,,,,18.5,pi0 + RoboEngine,Independent subagent full-text/result audit verified: WidowX / Bridge=29.0,high,weight-but-not-for-number,,"The tracked WidowX/Bridge number is the downstream pi0/Octo SimplerEnv policy trained with RoboVIP-augmented Bridge data, with the 29.0 value corresponding to a fine-tuned policy result. The official repo and Hugging Face releases provide RoboVIP video-diffusion LoRA weights and data/identity pools, but I found no released downstream pi0 or Octo policy checkpoint that produced the tracked SimplerEnv success rate.",high,Independent subagent full-text/result audit verified: WidowX / Bridge=29.0,high,official-ish,"It reports WidowX / Bridge success rate 29.0, a standard SimplerEnv benchmark evaluation."
81,SAGE: Scalable Agentic 3D Scene Generation for Embodied AI,2026,arXiv.org,n/a,n/a,n/a,2602.10116,2026-02-10,Semantic Scholar/OpenAlex arXiv publication-date metadata,10.48550/arXiv.2602.10116,Semantic Scholar citation graph,Semantic Scholar says this work cites the SIMPLER seed paper (arXiv 2405.05941 / CoRL-PMLR version).,indexed-citation,https://www.semanticscholar.org/paper/19fe0361d5000ab2c24461a2845b7ff6e918c809; https://arxiv.org/abs/2602.10116; DOI 10.48550/arXiv.2602.10116,citation-only,n/a,n/a,n/a,,,,,,,,,,n/a,n/a,n/a,,n/a,n/a,Independent subagent full-text audit found no SimplerEnv benchmark result attributable to this work.,high,,
82,SCALE: Self-uncertainty Conditioned Adaptive Looking and Execution for Vision-Language-Action Models,2026,arXiv.org,n/a,n/a,n/a,2602.04208,2026-02-04,Semantic Scholar/OpenAlex arXiv publication-date metadata,10.48550/arXiv.2602.04208,Semantic Scholar citation graph,Semantic Scholar says this work cites the SIMPLER seed paper (arXiv 2405.05941 / CoRL-PMLR version).,indexed-citation,https://www.semanticscholar.org/paper/6411dfe92e500c10bd10dbb94d2ecd5340449710; https://arxiv.org/abs/2602.04208; DOI 10.48550/arXiv.2602.04208,reports-results,widowx-bridge,not reported,WidowX / Bridge=49.0,,,49.0,,,,,41.7,pi0-FAST + Top-k / SpatialVLA fine-tuned (tie),Independent subagent full-text/result audit verified: WidowX / Bridge=49.0,high,weight-but-not-for-number,,"The tracked SimplerEnv-WidowX number is pi0-FAST + SCALE Avg 49.0. SCALE itself is training-free at inference, but the paper says the pi0-FAST backbone used for SimplerEnv was fine-tuned on BridgeData V2 for 10k steps. Public pi0-FAST base checkpoints exist in openpi, while the SCALE GitHub currently contains only a README saying code is coming soon and no BridgeData-V2-fine-tuned pi0-FAST checkpoint for the reported 49.0 result.",high,Independent subagent full-text/result audit verified: WidowX / Bridge=49.0,high,official-ish,"It reports WidowX / Bridge success rate 49.0, which is comparable to the standard SimplerEnv WidowX protocol."
83,Scaling Sim-to-Real Reinforcement Learning for Robot VLAs with Generative 3D Worlds,2026,preprint/unknown,n/a,n/a,n/a,2603.18532,2026-03-19,Semantic Scholar/OpenAlex arXiv publication-date metadata,,Semantic Scholar citation graph,Semantic Scholar says this work cites the SIMPLER seed paper (arXiv 2405.05941 / CoRL-PMLR version).,indexed-citation,https://www.semanticscholar.org/paper/5f78715ee85b5e5e375ddee5ed31a50e7e9f032f; https://arxiv.org/abs/2603.18532,reports-results,simplerenv-result-unattributed,not reported,Reports custom SimplerEnv scenes; no clean standard suite average.,,,,,,,,,,Subagent verified custom SimplerEnv scene results and left suite cells blank.,high,weight-but-not-for-number,,"The tracked SimplerEnv/custom result is for an N=100 RL-fine-tuned policy pi_theta initialized from a pretrained imitation policy pi_pre, with simulation success rising from 9.7 to 79.8 and custom SimplerEnv/EmbodiedGen scene evaluations. The paper notes it used a third-party open-pi-zero BridgeV2 pretrained checkpoint as pi_pre, and that related base checkpoints are public, but I found no public checkpoint for the RL-fine-tuned N=100 policy that produced the reported custom SimplerEnv/generative-world results.",high,Subagent verified custom SimplerEnv scene results and left suite cells blank.,high,otherwise,"Reports custom SimplerEnv/EmbodiedGen scene results rather than a standard VM, VA, or WidowX / Bridge suite evaluation."
84,Scaling Verification Can Be More Effective than Scaling Policy Learning for Vision-Language-Action Alignment,2026,arXiv.org,n/a,n/a,n/a,2602.12281,2026-02-12,Semantic Scholar/OpenAlex arXiv publication-date metadata,10.48550/arXiv.2602.12281,Semantic Scholar citation graph; OpenAlex term search: SIMPLER WidowX,Semantic Scholar says this work cites the SIMPLER seed paper (arXiv 2405.05941 / CoRL-PMLR version).,indexed-citation,https://www.semanticscholar.org/paper/80719305ec87dc97dc5a4036225e98ef01765ac9; https://arxiv.org/abs/2602.12281; DOI 10.48550/arXiv.2602.12281; https://openalex.org/W7128865105,reports-results,simplerenv-result-unattributed,not reported,Reports red-team ID/OOD WidowX metrics; no clean standard suite average.,,,,,,,,,,Subagent verified red-team SimplerEnv result metrics.,high,number-associated weight available,https://huggingface.co/cover-vla/cover-vla-bridge,"Tracked row is the red-team SIMPLER/SimplerEnv WidowX ID/OOD result set, not a clean suite average. The paper reports the SIMPLER red-team table for pi0 + CoVer and pi0 (rephrase) + CoVer, including ID averages 57.0 and 65.5 and OOD averages 61.0 and 62.0. The official repository repeats those SIMPLER results and gives the exact command to download cover_verifier_bridge.pt from cover-vla/cover-vla-bridge, then run SIMPLER evaluation with the public juexzz/INTACT-pi0-finetune-bridge base policy. Hugging Face metadata lists cover_verifier_bridge.pt in the public model repo, so a public reported-number verifier artifact is available; large files were not downloaded.",high,Subagent verified red-team SimplerEnv result metrics.,high,otherwise,"Reports red-team ID/OOD WidowX metrics, not a clean standard SimplerEnv WidowX / Bridge success-rate suite result."
85,Self-Supervised Flow Matching for Scalable Multi-Modal Synthesis,2026,preprint/unknown,n/a,n/a,n/a,2603.06507,2026-03-06,Semantic Scholar/OpenAlex arXiv publication-date metadata,,Semantic Scholar citation graph,Semantic Scholar says this work cites the SIMPLER seed paper (arXiv 2405.05941 / CoRL-PMLR version).,indexed-citation,https://www.semanticscholar.org/paper/e3d9c706c0c234f700c57ae1bae4a6b323e41c0d; https://arxiv.org/abs/2603.06507,reports-results,simplerenv-result-unattributed,not reported,Reports Google-Fractal task rates; no clean VM suite average.,,,,,,,,,,Subagent verified Google-Fractal task-rate results and left suite cell blank.,high,weight-but-not-for-number,,"Tracked row is the paper's joint video-action SIMPLER/Google-Fractal task-rate result, where the authors train video-action variants on RT-1 episodes and evaluate checkpoints in SIMPLER. The official GitHub and Hugging Face release only inference code and selfflow_imagenet256.pt for ImageNet 256 image generation/FID evaluation. I found no public Self-Flow robot, RT-1, Google-Fractal, or SIMPLER checkpoint tied to the tracked embodied-action result.",high,Subagent verified Google-Fractal task-rate results and left suite cell blank.,high,otherwise,"Reports Google-Fractal task-group rates from a limited SIMPLER setup, without a VM/VA suite protocol or average comparable to standard suites."
86,Sim2real Image Translation Enables Viewpoint-Robust Policies from Fixed-Camera Datasets,2026,arXiv.org,n/a,n/a,n/a,2601.09605,2026-01-14,Semantic Scholar/OpenAlex arXiv publication-date metadata,10.48550/arXiv.2601.09605,Semantic Scholar citation graph,Semantic Scholar says this work cites the SIMPLER seed paper (arXiv 2405.05941 / CoRL-PMLR version).,indexed-citation,https://www.semanticscholar.org/paper/b56454e791977146d4c0c0ecf0d70e140276060c; https://arxiv.org/abs/2601.09605; DOI 10.48550/arXiv.2601.09605,citation-only,n/a,n/a,n/a,,,,,,,,,,n/a,n/a,n/a,,n/a,n/a,Citation graph row; converted text did not contain SimplerEnv benchmark-use/result terms beyond the citation record.,high,,
87,SimNav-XR: an extended reality platform for mobile robot simulation using ROS2 and Unity3D.,2026,Frontiers in Robotics and AI,Frontiers in Robotics and AI,Subagent verified accepted venue metadata.,high,,n/a,n/a,10.3389/frobt.2026.1708161,Semantic Scholar citation graph; OpenAlex citation graph: seed arXiv DOI,Semantic Scholar says this work cites the SIMPLER seed paper (arXiv 2405.05941 / CoRL-PMLR version).,indexed-citation,https://www.semanticscholar.org/paper/938aa5cdd979b6173ed17cd232dda43401540a2f; DOI 10.3389/frobt.2026.1708161; https://openalex.org/W7130403861,citation-only,n/a,n/a,n/a,,,,,,,,,,n/a,n/a,n/a,,n/a,n/a,Independent subagent full-text audit found no SimplerEnv benchmark result attributable to this work.,high,,
88,SimVLA: A Simple VLA Baseline for Robotic Manipulation,2026,arXiv.org,n/a,n/a,n/a,2602.18224,2026-02-20,Semantic Scholar/OpenAlex arXiv publication-date metadata,10.48550/arXiv.2602.18224,Semantic Scholar citation graph,Semantic Scholar says this work cites the SIMPLER seed paper (arXiv 2405.05941 / CoRL-PMLR version).,indexed-citation,https://www.semanticscholar.org/paper/3567101d9954c14ff87fe57f3ed025d2b9581d2d; https://arxiv.org/abs/2602.18224; DOI 10.48550/arXiv.2602.18224,reports-results,google-fractal-va; widowx-bridge,not reported,Google Robot / Fractal VA=76.1; WidowX / Bridge=95.8,,76.1,95.8,,,75.7,X-VLA,95.8,X-VLA,Independent subagent full-text/result audit verified: Google Robot / Fractal VA=76.1; WidowX / Bridge=95.8,high,weight-but-not-for-number,,"Tracked numbers are Google Robot / Fractal VA=76.1 and WidowX / Bridge=95.8. The paper says SimVLA is trained on Fractal and BridgeData-V2 for SimplerEnv, but the official GitHub README currently documents LIBERO training/evaluation and has no releases. The official project's Hugging Face collection contains only YuankaiLuo/SimVLA-LIBERO, whose model card is explicitly LIBERO Edition and whose metadata lists a single model.safetensors; it is not a Google Robot/WidowX SimplerEnv checkpoint for the tracked numbers.",high,Independent subagent full-text/result audit verified: Google Robot / Fractal VA=76.1; WidowX / Bridge=95.8,high,official-ish,Reports standard SimplerEnv Google Robot / Fractal VA and WidowX / Bridge success-rate suite numbers.
89,ST-$\pi$: Structured SpatioTemporal VLA for Robotic Manipulation,2026,preprint/unknown,n/a,n/a,n/a,2604.17880,2026-04-20,Semantic Scholar/OpenAlex arXiv publication-date metadata,,Semantic Scholar citation graph,Semantic Scholar says this work cites the SIMPLER seed paper (arXiv 2405.05941 / CoRL-PMLR version).,indexed-citation,https://www.semanticscholar.org/paper/94f229ff9fe8c2f8899fe7fffd15dfe8e097919f; https://arxiv.org/abs/2604.17880,reports-results,google-fractal-vm; google-fractal-va,not reported,Google Robot / Fractal VM=79.3; Google Robot / Fractal VA=67.2,79.3,67.2,,81.6,CogACT,65.3,CogACT,,,Independent subagent full-text/result audit verified: Google Robot / Fractal VM=79.3; Google Robot / Fractal VA=67.2,high,not-found,,"Tracked numbers are Google Robot / Fractal VM=79.3 and VA=67.2. The arXiv paper links the official chuanhaoma/ST-pi repository, but that repository contains only README/assets, says training and inference code, DROID-ST construction, and the STAR dataset will be released, and has no releases or checkpoint files. Public Hugging Face searches did not find an official ST-pi or Structured SpatioTemporal VLA model artifact, so no public checkpoint is tied to the tracked SimplerEnv numbers.",high,Independent subagent full-text/result audit verified: Google Robot / Fractal VM=79.3; Google Robot / Fractal VA=67.2,high,official-ish,Reports standard SimplerEnv Google Robot / Fractal VM and Google Robot / Fractal VA success-rate suite numbers.
90,StarVLA: A Lego-like Codebase for Vision-Language-Action Model Developing,2026,preprint/unknown,n/a,n/a,n/a,2604.05014,2026-04-06,Semantic Scholar/OpenAlex arXiv publication-date metadata,,Semantic Scholar citation graph; OpenAlex term search: SimplerEnv,Semantic Scholar says this work cites the SIMPLER seed paper (arXiv 2405.05941 / CoRL-PMLR version).,indexed-citation,https://www.semanticscholar.org/paper/cbbc45c76da26b517c73677ab096fa6f7219770d; https://arxiv.org/abs/2604.05014; https://openalex.org/W7151757339; https://openalex.org/W7152933892,reports-results,google-fractal-vm; google-fractal-va; widowx-bridge,not reported,Google Robot / Fractal VM=79.3; Google Robot / Fractal VA=73.8; WidowX / Bridge=70.2,79.3,73.8,70.2,72.7,pi0.5,68.4,pi0.5,67.8,GR00T-N1.6,Independent subagent full-text/result audit verified: Google Robot / Fractal VM=79.3; Google Robot / Fractal VA=73.8; WidowX / Bridge=70.2,high,weight-but-not-for-number,,"Tracked numbers are the StarVLA technical report's all-in-one Generalist row: Google Robot / Fractal VM=79.3, Google Robot / Fractal VA=73.8, and WidowX / Bridge=70.2. The report states this is a single model jointly trained across LIBERO, SimplerEnv, RoboTwin 2.0, and RoboCasa-GR1 without benchmark-specific fine-tuning. The official model zoo and Hugging Face org expose related SimplerEnv specialist Bridge+Fractal checkpoints, including model-card metrics such as Qwen3VL-PI_v3 WidowX best average 69.8, but I found no released all-benchmark Generalist checkpoint tied to the tracked 79.3/73.8/70.2 row.",high,Independent subagent full-text/result audit verified: Google Robot / Fractal VM=79.3; Google Robot / Fractal VA=73.8; WidowX / Bridge=70.2,high,official-ish,"Reports standard SimplerEnv Google Robot / Fractal VM, Google Robot / Fractal VA, and WidowX / Bridge success-rate suite numbers."
91,StarVLA-$\alpha$: Reducing Complexity in Vision-Language-Action Systems,2026,preprint/unknown,n/a,n/a,n/a,2604.11757,2026-04-13,Semantic Scholar/OpenAlex arXiv publication-date metadata,,Semantic Scholar citation graph; OpenAlex term search: Real Robot Setups SIMPLER; OpenAlex term search: SIMPLER WidowX; OpenAlex term search: SimplerEnv,Semantic Scholar says this work cites the SIMPLER seed paper (arXiv 2405.05941 / CoRL-PMLR version).,indexed-citation,https://www.semanticscholar.org/paper/13790ee8d1cddc5102b22dcf78afeb01533f82c3; https://arxiv.org/abs/2604.11757; https://openalex.org/W7154270722; https://openalex.org/W7154540229,reports-results,google-fractal-vm; google-fractal-va; widowx-bridge,not reported,Google Robot / Fractal VM=76.0; Google Robot / Fractal VA=70.2; WidowX / Bridge=64.6,76.0,70.2,64.6,72.7,pi0.5,68.4,pi0.5,62.0,GR00T-N1.6,Independent subagent full-text/result audit verified: Google Robot / Fractal VM=76.0; Google Robot / Fractal VA=70.2; WidowX / Bridge=64.6,high,weight-but-not-for-number,,"Tracked numbers are the StarVLA-alpha Specialist row: Google Robot / Fractal VM=76.0, Google Robot / Fractal VA=70.2, and WidowX / Bridge=64.6. The paper states the VLM is initialized from public Qwen3-VL-4B while action heads are randomly initialized and trained directly on target benchmark data, so the public Qwen3-VL base is only an initialization and not the result-producing policy. The official StarVLA model zoo and Hugging Face org contain related StarVLA SimplerEnv checkpoints, but their model names/metrics differ and none is tied to the StarVLA-alpha 64.6/70.2/76.0 specialist row.",high,Independent subagent full-text/result audit verified: Google Robot / Fractal VM=76.0; Google Robot / Fractal VA=70.2; WidowX / Bridge=64.6,high,official-ish,"Reports standard SimplerEnv Google Robot / Fractal VM, Google Robot / Fractal VA, and WidowX / Bridge success-rate suite numbers."
92,Text-Guided 6D Object Pose Rearrangement via Closed-Loop VLM Agents,2026,preprint/unknown,n/a,n/a,n/a,2604.09781,2026-04-10,Semantic Scholar/OpenAlex arXiv publication-date metadata,,Semantic Scholar citation graph,Semantic Scholar says this work cites the SIMPLER seed paper (arXiv 2405.05941 / CoRL-PMLR version).,indexed-citation,https://www.semanticscholar.org/paper/fbee03033a4d991ef6203b984c7f06a16a218536; https://arxiv.org/abs/2604.09781,reports-results,simplerenv-result-unattributed,not reported,Reports per-task SimplerEnv results without a clean suite average.,,,,,,,,,,Subagent verified per-task SimplerEnv result table; suite cells left blank.,high,not-found,,"Tracked row is per-task SIMPLER WidowX + Bridge robot-manipulation results for the paper's training-free method. The paper states the method uses pretrained VLMs without additional fine-tuning or new modules; the SIMPLER table labels the proposed method as Training-free. The official repository has mesh-setting inference code that requires an OpenAI API key, marks RGB-D setting and open-source model code as TODO, and has no releases or checkpoint assets. No official Hugging Face model was found, so there is no public downloadable checkpoint tied to the tracked SIMPLER per-task results.",high,Subagent verified per-task SimplerEnv result table; suite cells left blank.,high,official-ish,"Reports final success rates on the standard four SimplerEnv WidowX / Bridge tasks, but only per-task rather than a suite average."
93,Thinking in Text and Images: Interleaved Vision--Language Reasoning Traces for Long-Horizon Robot Manipulation,2026,preprint/unknown,n/a,n/a,n/a,2605.00438,2026-05-01,Semantic Scholar/OpenAlex arXiv publication-date metadata,,Semantic Scholar citation graph; OpenAlex term search: SimplerEnv,Semantic Scholar says this work cites the SIMPLER seed paper (arXiv 2405.05941 / CoRL-PMLR version).,indexed-citation,https://www.semanticscholar.org/paper/b4c5a6163c4d7d82d5e73618caa763fe3dccbf16; https://arxiv.org/abs/2605.00438; https://openalex.org/W7160074492; https://openalex.org/W7160360097,reports-results,widowx-bridge,not reported,WidowX / Bridge=59.4,,,59.4,,,,,42.7,SpatialVLA,Independent subagent full-text/result audit verified: WidowX / Bridge=59.4,high,weight-but-not-for-number,,"Tracked number is IVLR's SimplerEnv-WidowX overall success of 59.4. The paper says the reported SimplerEnv model is initialized from Show-o2 1.5B and then trained with no frozen modules for about 60K SimplerEnv steps; that makes the public Show-o2 checkpoint only an initialization, not the result-producing IVLR robot policy/action decoder. The arXiv page/source expose no project, code, or checkpoint link, and exact-title/GitHub/Hugging Face searches found no IVLR or paper-linked model artifact. Large weights were not downloaded; Hugging Face was checked by metadata/listing only.",high,Independent subagent full-text/result audit verified: WidowX / Bridge=59.4,high,official-ish,Reports a standard SimplerEnv WidowX / Bridge success-rate suite number.
94,Toward Reliable Sim-to-Real Predictability for MoE-based Robust Quadrupedal Locomotion,2026,arXiv.org,n/a,n/a,n/a,2602.00678,2026-01-31,Semantic Scholar/OpenAlex arXiv publication-date metadata,10.48550/arXiv.2602.00678,Semantic Scholar citation graph,Semantic Scholar says this work cites the SIMPLER seed paper (arXiv 2405.05941 / CoRL-PMLR version).,indexed-citation,https://www.semanticscholar.org/paper/dc09dbb65c80b1c95fefcd8766f7cdbbd32d7e10; https://arxiv.org/abs/2602.00678; DOI 10.48550/arXiv.2602.00678,citation-only,n/a,n/a,n/a,,,,,,,,,,n/a,n/a,n/a,,n/a,n/a,Citation graph row; converted text did not contain SimplerEnv benchmark-use/result terms beyond the citation record.,high,,
95,Toward Visually Realistic Simulation: A Benchmark for Evaluating Robot Manipulation in Simulation,2026,preprint/unknown,n/a,n/a,n/a,2605.06311,2026-05-07,Semantic Scholar/OpenAlex arXiv publication-date metadata,,Semantic Scholar citation graph,Semantic Scholar says this work cites the SIMPLER seed paper (arXiv 2405.05941 / CoRL-PMLR version).,indexed-citation,https://www.semanticscholar.org/paper/c05d1e95ddd72a9e8afc8e2b84285d7df548ffb2; https://arxiv.org/abs/2605.06311,reports-results,simplerenv-result-unattributed,not reported,Reports SimplerEnv result without a clean VM/VA/WidowX suite average.,,,,,,,,,,Subagent verified numeric SimplerEnv result and left suite cells blank.,high,weight-but-not-for-number,,"The VISER paper evaluates mainstream VLAs in its simulation, including Octo, OpenVLA, and X-VLA, but provides no project page, repository, model, release, or checkpoint download for a VISER/SimplerEnv reported-number artifact. Public Octo-base and OpenVLA model repositories exist and are related baseline policy weights, but the paper does not identify a specific public checkpoint/release as the tracked reported-number artifact.",medium,Subagent verified numeric SimplerEnv result and left suite cells blank.,high,otherwise,"VISER replaces SimplerEnv assets and rendering and evaluates its own visually realistic benchmark tasks, not a standard VM, VA, or WidowX suite."
96,Towards Generalizable Robotic Manipulation in Dynamic Environments,2026,preprint/unknown,n/a,n/a,n/a,2603.15620,2026-03-16,Semantic Scholar/OpenAlex arXiv publication-date metadata,,Semantic Scholar citation graph,Semantic Scholar says this work cites the SIMPLER seed paper (arXiv 2405.05941 / CoRL-PMLR version).,indexed-citation,https://www.semanticscholar.org/paper/7c0b2b822d1da1f48f64314432f295193ae76543; https://arxiv.org/abs/2603.15620,citation-only,n/a,n/a,n/a,,,,,,,,,,n/a,n/a,n/a,,n/a,n/a,Independent subagent full-text audit found no SimplerEnv benchmark result attributable to this work.,high,,
97,Towards Long-Lived Robots: Continual Learning VLA Models via Reinforcement Fine-Tuning,2026,arXiv.org,n/a,n/a,n/a,2602.10503,2026-02-11,Semantic Scholar/OpenAlex arXiv publication-date metadata,10.48550/arXiv.2602.10503,Semantic Scholar citation graph; OpenAlex term search: SIMPLER Google Robot Bridge; OpenAlex term search: SIMPLER WidowX; OpenAlex term search: SimplerEnv,Semantic Scholar says this work cites the SIMPLER seed paper (arXiv 2405.05941 / CoRL-PMLR version).,indexed-citation,https://www.semanticscholar.org/paper/ec198796c9bf661e6659a54617f648eac403d6f7; https://arxiv.org/abs/2602.10503; DOI 10.48550/arXiv.2602.10503; https://openalex.org/W7128678176; https://openalex.org/W7128745487,reports-results,google-fractal-vm; widowx-bridge,not reported,Google Robot / Fractal VM=79.1; WidowX / Bridge=69.0,79.1,,69.0,82.8,NORA-1.5 (DPO),,,65.5,NORA-Long (Baseline),Independent subagent full-text/result audit verified: Google Robot / Fractal VM=79.1; WidowX / Bridge=69.0,high,weight-but-not-for-number,,"Tracked numbers are LifeLong-RFT on SimplerEnv: Google Robot / Fractal VM=79.1 and WidowX / Bridge=69.0. The paper states it adopts NORA-Long as the base VLA model and performs full-parameter reinforcement fine-tuning, training on Fractal for Google Robot and BridgeData V2 for WidowX. The public declare-lab/nora-long checkpoint is therefore only the base model, not the LifeLong-RFT fine-tuned checkpoint that produced the tracked SimplerEnv numbers. Hugging Face's paper page lists no model or dataset citing this paper, and exact searches/author page inspection found only the paper link, not released LifeLong-RFT weights.",high,Independent subagent full-text/result audit verified: Google Robot / Fractal VM=79.1; WidowX / Bridge=69.0,high,official-ish,Reports standard SimplerEnv Google Robot / Fractal VM and WidowX / Bridge success rates under official-style suite labels.
98,TRAP: Hijacking VLA CoT-Reasoning via Adversarial Patches,2026,preprint/unknown,n/a,n/a,n/a,2603.23117,2026-03-24,Semantic Scholar/OpenAlex arXiv publication-date metadata,,Semantic Scholar citation graph,Semantic Scholar says this work cites the SIMPLER seed paper (arXiv 2405.05941 / CoRL-PMLR version).,indexed-citation,https://www.semanticscholar.org/paper/ed7471985fb3ccf6e4999359fe21a6a92476a1fc; https://arxiv.org/abs/2603.23117,reports-results,simplerenv-result-unattributed,not reported,Reports SimplerEnv attack success-rate metric; no standard suite average.,,,,,,,,,,Subagent verified attack success metric and left suite cells blank.,high,weight-but-not-for-number,,"Tracked row is a SimplerEnv attack metric, not a standard policy success average. The paper evaluates frozen victim VLAs and optimizes an adversarial patch with PGD; it explicitly says released official checkpoints differ across victim models and that InstructVLA/MolmoACT are evaluated in SimplerEnv. Those victim checkpoints are related baseline/model weights, but the result-producing artifact for the tracked attack number would be TRAP's optimized patch and calibration/attack setup. The arXiv page/source and Hugging Face paper page expose no code, patch image/checkpoint, model card, dataset, or release link tied to the reported attack metric.",high,Subagent verified attack success metric and left suite cells blank.,high,otherwise,Reports a SimplerEnv adversarial attack success metric rather than a standard Google Robot or WidowX suite success average.
99,Twin-DP3: View-Invariant 3D Diffusion Policy With Digital Twin,2026,IEEE Robotics and Automation Letters,IEEE Robotics and Automation Letters,Subagent verified accepted venue metadata; no free full text was available to resolve usage.,high,,n/a,n/a,10.1109/LRA.2026.3655308,Semantic Scholar citation graph,Semantic Scholar says this work cites the SIMPLER seed paper (arXiv 2405.05941 / CoRL-PMLR version).,indexed-citation,https://www.semanticscholar.org/paper/f3db7ba6c870629159a57380869af559ca303c70; DOI 10.1109/LRA.2026.3655308,unclear/full-text-unavailable,n/a,n/a,n/a,,,,,,,,,,n/a,n/a,n/a,,n/a,n/a,No open full text/PDF was converted in the audit cache; citation graph confirms the citation only.,low,,
100,TwinBrainVLA: Unleashing the Potential of Generalist VLMs for Embodied Tasks via Asymmetric Mixture-of-Transformers,2026,arXiv.org,n/a,n/a,n/a,2601.14133,2026-01-20,Semantic Scholar/OpenAlex arXiv publication-date metadata,10.48550/arXiv.2601.14133,Semantic Scholar citation graph; OpenAlex term search: SIMPLER WidowX; OpenAlex term search: SimplerEnv,Semantic Scholar says this work cites the SIMPLER seed paper (arXiv 2405.05941 / CoRL-PMLR version).,indexed-citation,https://www.semanticscholar.org/paper/a9e5c85d56f2ee99d21b5068be4d69a3fb47f9ae; https://arxiv.org/abs/2601.14133; DOI 10.48550/arXiv.2601.14133; https://openalex.org/W7125268813; https://openalex.org/W7125352647,reports-results,widowx-bridge,not reported,WidowX / Bridge=64.5,,,64.5,,,,,57.1,Isaac-GR00T-N1.6-Bridge; pi0.5,Independent subagent full-text/result audit verified: WidowX / Bridge=64.5,high,weight-but-not-for-number,,"Tracked number is TwinBrainVLA's WidowX / Bridge=64.5. The paper instantiates TwinBrainVLA with Qwen2.5-VL-3B-Instruct and Qwen3-VL-4B-Instruct backbones, but the reported policy trains a Right Brain, state encoder, and flow-matching action expert on Bridge/Fractal robot data. Public Qwen checkpoints are only initialization/generalist VLM weights. The official GitHub repository contains README/assets only and GitHub metadata reports no releases; Hugging Face's paper page has no linked models/datasets; HF model search found no official TwinBrainVLA checkpoint.",high,Independent subagent full-text/result audit verified: WidowX / Bridge=64.5,high,official-ish,Reports a standard SimplerEnv WidowX / Bridge success rate for the model.
101,UAOR: Uncertainty-aware Observation Reinjection for Vision-Language-Action Models,2026,arXiv.org,n/a,n/a,n/a,2602.18020,2026-02-20,Semantic Scholar/OpenAlex arXiv publication-date metadata,10.48550/arXiv.2602.18020,Semantic Scholar citation graph,Semantic Scholar says this work cites the SIMPLER seed paper (arXiv 2405.05941 / CoRL-PMLR version).,indexed-citation,https://www.semanticscholar.org/paper/672f5a4416f43a087d380a7ac2a2f002a003ba6c; https://arxiv.org/abs/2602.18020; DOI 10.48550/arXiv.2602.18020,reports-results,google-fractal-vm,not reported,Google Robot / Fractal VM=75.7,75.7,,,73.1,CogACT (reproduced),,,,,Independent subagent full-text/result audit verified: Google Robot / Fractal VM=75.7,high,number-associated weight available,https://huggingface.co/CogACT/CogACT-Large/blob/main/checkpoints/CogACT-Large.pt,"UAOR is explicitly presented as a training-free, plug-and-play inference module, and the official project reports the tracked SIMPLER CogACT result as 73.1 to 75.7 with CogACT (7B). The project page still marks code as coming soon and I found no UAOR-specific learned checkpoint, so the learned policy weights for the tracked number are the underlying public CogACT checkpoint. CogACT-Large is public and lists checkpoints/CogACT-Large.pt; no large weight file was downloaded. Confidence remains medium because UAOR names CogACT (7B) but does not unambiguously name the exact CogACT Base/Large Hugging Face variant.",medium,Independent subagent full-text/result audit verified: Google Robot / Fractal VM=75.7,high,official-ish,Reports a standard SimplerEnv Google Robot / Fractal VM success rate.
102,Uncovering Linguistic Fragility in Vision-Language-Action Models via Diversity-Aware Red Teaming,2026,preprint/unknown,n/a,n/a,n/a,2604.05595,2026-04-07,Semantic Scholar/OpenAlex arXiv publication-date metadata,,Semantic Scholar citation graph; OpenAlex term search: SimplerEnv,Semantic Scholar says this work cites the SIMPLER seed paper (arXiv 2405.05941 / CoRL-PMLR version).,indexed-citation,https://www.semanticscholar.org/paper/c76df655a1ead59b9496c7e4a38722fd62cedb7a; https://arxiv.org/abs/2604.05595; https://openalex.org/W7152933446,reports-results,simplerenv-result-unattributed,not reported,Reports SimplerEnv attack metric; no standard suite average.,,,,,,,,,,Subagent verified attack metric result and left suite cells blank.,high,coming-soon-no-download-link,,"Tracked row is a SimplerEnv attack metric for DAERT, not a clean policy success average. The paper trains a Qwen3-VL-4B attacker/instruction generator on LIBERO/pi0 and transfers it zero-shot to attack OpenVLA-7B in SimplerEnv, reporting attack performance of 82.0 on Pick Coke Can. The target VLA weights such as OpenVLA/pi0 are public related weights, but they are not the DAERT attacker policy or generated-instruction artifact that produced the tracked attack number. The paper says code and generated data will be available and later commits to open-sourcing generated adversarial instructions, but provides no current GitHub/Hugging Face/ModelScope/Drive link; exact HF/GitHub searches found no DAERT checkpoint or dataset.",high,Subagent verified attack metric result and left suite cells blank.,high,otherwise,"Reports a SimplerEnv attack metric for linguistic red teaming, not a comparable standard suite success average."
103,Unmasking the Illusion of Embodied Reasoning in Vision-Language-Action Models,2026,preprint/unknown,n/a,n/a,n/a,2604.18000,2026-04-20,Semantic Scholar/OpenAlex arXiv publication-date metadata,,Semantic Scholar citation graph; OpenAlex term search: SimplerEnv,Semantic Scholar says this work cites the SIMPLER seed paper (arXiv 2405.05941 / CoRL-PMLR version).,indexed-citation,https://www.semanticscholar.org/paper/69316511ece6f00ee95461cb658448303db67de0; https://arxiv.org/abs/2604.18000; https://openalex.org/W7155247047,citation-only,n/a,n/a,n/a,,,,,,,,,,n/a,n/a,n/a,,n/a,n/a,Independent subagent full-text audit found no SimplerEnv benchmark result attributable to this work.,high,,
104,"Video Generation Models in Robotics - Applications, Research Challenges, Future Directions",2026,arXiv.org,n/a,n/a,n/a,2601.07823,2026-01-12,Semantic Scholar/OpenAlex arXiv publication-date metadata,10.48550/arXiv.2601.07823,Semantic Scholar citation graph,Semantic Scholar says this work cites the SIMPLER seed paper (arXiv 2405.05941 / CoRL-PMLR version).,indexed-citation,https://www.semanticscholar.org/paper/a3d2a96727171b67acc7a4258676c639b6062609; https://arxiv.org/abs/2601.07823; DOI 10.48550/arXiv.2601.07823,citation-only,n/a,n/a,n/a,,,,,,,,,,n/a,n/a,n/a,,n/a,n/a,Citation graph row; converted text did not contain SimplerEnv benchmark-use/result terms beyond the citation record.,high,,
105,VideoWorld 2: Learning Transferable Knowledge from Real-world Videos,2026,arXiv.org,n/a,n/a,n/a,2602.10102,2026-02-10,Semantic Scholar/OpenAlex arXiv publication-date metadata,10.48550/arXiv.2602.10102,Semantic Scholar citation graph,Semantic Scholar says this work cites the SIMPLER seed paper (arXiv 2405.05941 / CoRL-PMLR version).,indexed-citation,https://www.semanticscholar.org/paper/a81338598f24e87876d0c86df7634cba8f2c90cc; https://arxiv.org/abs/2602.10102; DOI 10.48550/arXiv.2602.10102,citation-only,n/a,n/a,n/a,,,,,,,,,,n/a,n/a,n/a,,n/a,n/a,Independent subagent full-text audit found no SimplerEnv benchmark result attributable to this work.,high,,
106,VisACD: Visibility-Based GPU-Accelerated Approximate Convex Decomposition,2026,preprint/unknown,n/a,n/a,n/a,2604.04244,2026-04-05,Semantic Scholar/OpenAlex arXiv publication-date metadata,,Semantic Scholar citation graph,Semantic Scholar says this work cites the SIMPLER seed paper (arXiv 2405.05941 / CoRL-PMLR version).,indexed-citation,https://www.semanticscholar.org/paper/be634c3d48be0a2cbf1004fcd305db406dec2c4b; https://arxiv.org/abs/2604.04244,citation-only,n/a,n/a,n/a,,,,,,,,,,n/a,n/a,n/a,,n/a,n/a,Citation graph row; converted text did not contain SimplerEnv benchmark-use/result terms beyond the citation record.,high,,
107,"Vision-Language-Action in Robotics: A Survey of Datasets, Benchmarks, and Data Engines",2026,preprint/unknown,Transactions on Machine Learning Research,Subagent verified TMLR accepted venue metadata.,high,2604.23001,2026-04-24,Semantic Scholar/OpenAlex arXiv publication-date metadata,,Semantic Scholar citation graph,Semantic Scholar says this work cites the SIMPLER seed paper (arXiv 2405.05941 / CoRL-PMLR version).,indexed-citation,https://www.semanticscholar.org/paper/243c6e23d30f0da8f4a0579de16850f4a82eb2f2; https://arxiv.org/abs/2604.23001,uses-data-no-results,n/a,n/a,n/a,,,,,,,,,,n/a,n/a,n/a,,n/a,n/a,Independent subagent full-text audit found no SimplerEnv benchmark result attributable to this work.,high,,
108,vla-eval: A Unified Evaluation Harness for Vision-Language-Action Models,2026,preprint/unknown,n/a,n/a,n/a,2603.13966,2026-03-14,Semantic Scholar/OpenAlex arXiv publication-date metadata,,Semantic Scholar citation graph; OpenAlex term search: SimplerEnv,Semantic Scholar says this work cites the SIMPLER seed paper (arXiv 2405.05941 / CoRL-PMLR version).,indexed-citation,https://www.semanticscholar.org/paper/cb522f52c35d3e97ef569366699e2c8ba51c394b; https://arxiv.org/abs/2603.13966; https://openalex.org/W7139143960,reports-results,simplerenv-result-unattributed,not reported,Reports SimplerEnv/Google/WidowX comparisons but no single proposed-model suite average.,,,,,,,,,,Subagent verified result tables and left suite cells blank because no single proposed-method suite average was cleanly attributable.,high,not-found,,"The tracked row is simplerenv-result-unattributed: the paper releases an evaluation harness, configs, reproduction results, and a broad leaderboard, but the tracker has no single proposed-model suite average for vla-eval. The official repository contains benchmark/model-server configs and releases with no checkpoint assets, so I found no public weight artifact that can be tied to a tracked SimpleEnv/SimplerEnv number for this row.",high,Subagent verified result tables and left suite cells blank because no single proposed-method suite average was cleanly attributable.,high,official-ish,"2026-05-23 xhigh protocol recheck: vla-eval reports reproduced SimplerEnv success-rate scores using official-style settings, including WidowX four-task 24-episode evaluation and a Google Robot visual-matching entry, even though it is an evaluation-harness paper rather than a proposed VLA result."
109,VLA-JEPA: Enhancing Vision-Language-Action Model with Latent World Model,2026,arXiv.org,n/a,n/a,n/a,2602.10098,2026-02-10,Semantic Scholar/OpenAlex arXiv publication-date metadata,10.48550/arXiv.2602.10098,Semantic Scholar citation graph; OpenAlex term search: SIMPLER Google Robot Bridge; OpenAlex term search: SIMPLER WidowX; OpenAlex term search: SimplerEnv,Semantic Scholar says this work cites the SIMPLER seed paper (arXiv 2405.05941 / CoRL-PMLR version).,indexed-citation,https://www.semanticscholar.org/paper/7d2c6d3db847add8ccb33d34f8e25f83fdf8cd69; https://arxiv.org/abs/2602.10098; DOI 10.48550/arXiv.2602.10098; https://openalex.org/W7128621118; https://openalex.org/W7128648511,reports-results,google-fractal-vm; widowx-bridge,not reported,Google Robot / Fractal VM=65.2; WidowX / Bridge=57.3,65.2,,57.3,51.7,RoboVLMs,,,57.3,LAPA,Independent subagent full-text/result audit verified: Google Robot / Fractal VM=65.2; WidowX / Bridge=57.3,high,number-associated weight available,https://huggingface.co/ginwind/VLA-JEPA/blob/main/SimplerEnv/checkpoints/VLA-JEPA-SimplerEnv.pt,The tracked numbers are VLA-JEPA Google Robot / Fractal VM=65.2 and WidowX / Bridge=57.3 from the SimplerEnv table. The official GitHub README links the Hugging Face release and its SimplerEnv evaluation instructions use the downloaded SimplerEnv checkpoint; the Hugging Face metadata lists `SimplerEnv/checkpoints/VLA-JEPA-SimplerEnv.pt` plus SimplerEnv config/statistics files. This is the public SimplerEnv policy checkpoint tied to the tracked VLA-JEPA SimplerEnv results.,high,Independent subagent full-text/result audit verified: Google Robot / Fractal VM=65.2; WidowX / Bridge=57.3,high,official-ish,Reports standard SimplerEnv Google Robot / Fractal VM and WidowX / Bridge success rates.
110,VLAgents: A Policy Server for Efficient VLA Inference,2026,arXiv.org,n/a,n/a,n/a,2601.11250,2026-01-16,Semantic Scholar/OpenAlex arXiv publication-date metadata,10.48550/arXiv.2601.11250,Semantic Scholar citation graph,Semantic Scholar says this work cites the SIMPLER seed paper (arXiv 2405.05941 / CoRL-PMLR version).,indexed-citation,https://www.semanticscholar.org/paper/8d0ec834013c31e19e39a72432b97363f4cb37ac; https://arxiv.org/abs/2601.11250; DOI 10.48550/arXiv.2601.11250,citation-only,n/a,n/a,n/a,,,,,,,,,,n/a,n/a,n/a,,n/a,n/a,Citation graph row; converted text did not contain SimplerEnv benchmark-use/result terms beyond the citation record.,high,,
111,VLAW: Iterative Co-Improvement of Vision-Language-Action Policy and World Model,2026,arXiv.org,n/a,n/a,n/a,2602.12063,2026-02-12,Semantic Scholar/OpenAlex arXiv publication-date metadata,10.48550/arXiv.2602.12063,Semantic Scholar citation graph,Semantic Scholar says this work cites the SIMPLER seed paper (arXiv 2405.05941 / CoRL-PMLR version).,indexed-citation,https://www.semanticscholar.org/paper/affb9be3dedba7952dfad2fb44a3ccdae909c60d; https://arxiv.org/abs/2602.12063; DOI 10.48550/arXiv.2602.12063,citation-only,n/a,n/a,n/a,,,,,,,,,,n/a,n/a,n/a,,n/a,n/a,Citation graph row; converted text did not contain SimplerEnv benchmark-use/result terms beyond the citation record.,high,,
112,VLM4VLA: Revisiting Vision-Language-Models in Vision-Language-Action Models,2026,arXiv.org,n/a,n/a,n/a,2601.03309,2026-01-06,Semantic Scholar/OpenAlex arXiv publication-date metadata,10.48550/arXiv.2601.03309,Semantic Scholar citation graph,Semantic Scholar says this work cites the SIMPLER seed paper (arXiv 2405.05941 / CoRL-PMLR version).,indexed-citation,https://www.semanticscholar.org/paper/923ca28eb947b7744c96fa99d41e405c1dc2969b; https://arxiv.org/abs/2601.03309; DOI 10.48550/arXiv.2601.03309,reports-results,widowx-bridge,not reported,WidowX / Bridge=60.4,,,60.4,,,,,60.4,"pi0 (Paligemma-1, reproduced)",Independent subagent full-text/result audit verified: WidowX / Bridge=60.4,high,weight-but-not-for-number,,"The tracked WidowX/Bridge value is 60.4; in the paper/project table this value appears for the pi0 baseline and the VLM4VLA Kosmos-2 row. The official VLM4VLA repo provides training/evaluation code and says users must add local converted checkpoint paths; it has no releases or checkpoint files. Public Hugging Face searches found related/community VLM4VLA checkpoints, including a Qwen2.5VL-3B Bridge reproduction targeting 48.0/50.0, but not an official Kosmos-2/pi0 60.4 VLM4VLA reported-number checkpoint.",high,Independent subagent full-text/result audit verified: WidowX / Bridge=60.4,high,official-ish,Reports a standard SimplerEnv WidowX / Bridge success rate.
113,VP-VLA: Visual Prompting as an Interface for Vision-Language-Action Models,2026,preprint/unknown,n/a,n/a,n/a,2603.22003,2026-03-23,Semantic Scholar/OpenAlex arXiv publication-date metadata,,Semantic Scholar citation graph; OpenAlex term search: SimplerEnv,Semantic Scholar says this work cites the SIMPLER seed paper (arXiv 2405.05941 / CoRL-PMLR version).,indexed-citation,https://www.semanticscholar.org/paper/37d2054b9078b7195851852638367d1e7c171c06; https://arxiv.org/abs/2603.22003; https://openalex.org/W7140235359; https://openalex.org/W7140346716,reports-results,widowx-bridge,not reported,WidowX / Bridge=58.3,,,58.3,,,,,57.1,pi0.5; Isaac-GR00T-N1.6-Bridge,Independent subagent full-text/result audit verified: WidowX / Bridge=58.3,high,number-associated weight available,https://huggingface.co/Vincent2311/VP-VLA-OXE/blob/main/checkpoints/steps_70000_pytorch_model.pt,"The tracked WidowX/Bridge number is VP-VLA 58.3 on SimplerEnv. The official repository links an official Hugging Face collection; the VP-VLA-OXE model card says it is the policy checkpoint trained for OXE / SimplerEnv-style tabletop manipulation and should be passed to the SimplerEnv evaluation script. The Hugging Face file listing contains `checkpoints/steps_70000_pytorch_model.pt`, config/statistics, and public result artifacts; counting the listed SimplerEnv result files gives 56 successes over 96 episodes, matching 58.3%.",high,Independent subagent full-text/result audit verified: WidowX / Bridge=58.3,high,official-ish,Reports a standard SimplerEnv WidowX / Bridge success rate.
114,World Guidance: World Modeling in Condition Space for Action Generation,2026,arXiv.org,n/a,n/a,n/a,2602.22010,2026-02-25,Semantic Scholar/OpenAlex arXiv publication-date metadata,10.48550/arXiv.2602.22010,Semantic Scholar citation graph; OpenAlex term search: SIMPLER Google Robot Bridge; OpenAlex term search: SIMPLER WidowX; OpenAlex term search: SimplerEnv,Semantic Scholar says this work cites the SIMPLER seed paper (arXiv 2405.05941 / CoRL-PMLR version).,indexed-citation,https://www.semanticscholar.org/paper/30476aa3425c0be6d53d9e2733f9842bddce01f1; https://arxiv.org/abs/2602.22010; DOI 10.48550/arXiv.2602.22010; https://openalex.org/W7131731637,reports-results,google-fractal-vm; google-fractal-va; widowx-bridge,not reported,Google Robot / Fractal VM=78.0; Google Robot / Fractal VA=60.7; WidowX / Bridge=63.5,78.0,60.7,63.5,61.9,pi0-FAST,59.0,pi0-FAST,62.5,ViPRA,Independent subagent full-text/result audit verified: Google Robot / Fractal VM=78.0; Google Robot / Fractal VA=60.7; WidowX / Bridge=63.5,high,number-associated weight available,https://huggingface.co/selensu/WoG/blob/main/WoG-A/checkpoints/50k-1229.pt,"The tracked numbers are the default WoG dino-siglip SimplerEnv results: Google Robot VM=78.0, Google Robot VA=60.7, and WidowX/Bridge=63.5. The official project/repo links Hugging Face pretrained checkpoints; the HF listing contains the final stage-II `WoG-A/checkpoints/50k-1229.pt` plus config/statistics, and the config uses `prism-dinosiglip-224px+7b` on the OXE data mix, matching the paper's default simulation variant that produced the tracked numbers.",high,Independent subagent full-text/result audit verified: Google Robot / Fractal VM=78.0; Google Robot / Fractal VA=60.7; WidowX / Bridge=63.5,high,official-ish,"Reports standard SimplerEnv Google Robot / Fractal VM, Google Robot / Fractal VA, and WidowX / Bridge success rates."
115,World-Gymnast: Training Robots with Reinforcement Learning in a World Model,2026,arXiv.org,n/a,n/a,n/a,2602.02454,2026-02-02,Semantic Scholar/OpenAlex arXiv publication-date metadata,10.48550/arXiv.2602.02454,Semantic Scholar citation graph; OpenAlex term search: SIMPLER WidowX,Semantic Scholar says this work cites the SIMPLER seed paper (arXiv 2405.05941 / CoRL-PMLR version).,indexed-citation,https://www.semanticscholar.org/paper/3859de96b3c95d8c814a6c850df29f1b97d0644d; https://arxiv.org/abs/2602.02454; DOI 10.48550/arXiv.2602.02454; https://openalex.org/W7127540682,reports-results,simplerenv-result-unattributed,not reported,Reports real-robot AutoEval/SIMPLER-trained results; no standard suite average.,,,,,,,,,,Subagent verified numeric result and left suite cells blank.,high,weight-but-not-for-number,,"The tracked row is a custom real-robot AutoEval/SIMPLER-trained result, not a standard suite average. The method fine-tunes an OpenVLA-OFT/OpenVLA-style policy with RL in a learned world model; the official project and repository release code and an example training script but no policy checkpoint or release assets. Related OpenVLA/OpenVLA-OFT checkpoints are public base or task-suite artifacts, but I found no public World-Gymnast RL-fine-tuned policy checkpoint tied to the tracked AutoEval/SIMPLER comparison.",high,Subagent verified numeric result and left suite cells blank.,high,otherwise,"World-Gymnast reports custom real-robot AutoEval/SIMPLER-trained results and no standard SimplerEnv VM, VA, or WidowX/Bridge suite average."
116,World Model for Robot Learning: A Comprehensive Survey,2026,preprint/unknown,n/a,n/a,n/a,2605.00080,2026-04-30,Semantic Scholar/OpenAlex arXiv publication-date metadata,,Semantic Scholar citation graph; OpenAlex term search: SIMPLER Google Robot Bridge; OpenAlex term search: SIMPLER WidowX,Semantic Scholar says this work cites the SIMPLER seed paper (arXiv 2405.05941 / CoRL-PMLR version).,indexed-citation,https://www.semanticscholar.org/paper/ddfe191f758ed8d74ceaf769392af5c5c9546e52; https://arxiv.org/abs/2605.00080; https://openalex.org/W7160360414,reports-results,simplerenv-result-unattributed,not reported,Table 6 surveys SIMPLER-style S-G/S-W/S-O results for prior methods; no survey-owned/proposed standard suite average.,,,,,,,,,,"arXiv:2605.00080 Table 6 is a survey table of representative results on SIMPLER-style benchmarks with S-G, S-W, and S-O columns; it does not report drawer/sink results or a survey-owned suite average.",high,not-found,,"The tracked entry is a survey Table 6 compilation of heterogeneous SIMPLER-style results, not a new policy or a clean proposed-method suite average. The paper states it maintains an accompanying GitHub repository for emerging works/benchmarks/resources; that repository is an awesome-list style literature/resource index. I found no survey-owned checkpoint, model listing, or download path tied to the compiled Table 6 numbers; any method-specific weights belong to the original method papers, not this survey row.",high,arXiv:2605.00080 Table 6 surveys SIMPLER-style benchmark results for prior methods and leaves no clean proposed-method VM/VA/WidowX suite average to track.,high,otherwise,"The survey table compiles heterogeneous SIMPLER-style prior results and does not report a clean standard VM, VA, or WidowX/Bridge evaluation for a paper-owned method."
117,Xiaomi-Robotics-0: An Open-Sourced Vision-Language-Action Model with Real-Time Execution,2026,arXiv.org,n/a,n/a,n/a,2602.12684,2026-02-13,Semantic Scholar/OpenAlex arXiv publication-date metadata,10.48550/arXiv.2602.12684,Semantic Scholar citation graph,Semantic Scholar says this work cites the SIMPLER seed paper (arXiv 2405.05941 / CoRL-PMLR version).,indexed-citation,https://www.semanticscholar.org/paper/ae8aa1cced293fd9134c2c9757f419c68a17e4d9; https://arxiv.org/abs/2602.12684; DOI 10.48550/arXiv.2602.12684,reports-results,google-fractal-vm; google-fractal-va; widowx-bridge,not reported,Google Robot / Fractal VM=85.5; Google Robot / Fractal VA=74.7; WidowX / Bridge=79.2,85.5,74.7,79.2,76.5,EO-1,63.0,EO-1,72.7,EO-1,Independent subagent full-text/result audit verified: Google Robot / Fractal VM=85.5; Google Robot / Fractal VA=74.7; WidowX / Bridge=79.2,high,number-associated weight available,https://huggingface.co/collections/XiaomiRobotics/xiaomi-robotics-0,"The tracked SimplerEnv numbers are Xiaomi-Robotics-0 Visual Matching 85.5, Visual Aggregation 74.7, and WidowX 79.2. The official project page reports exactly those numbers and links its Model button to the XiaomiRobotics Hugging Face collection. That collection includes public SimplerEnv-specific Google Robot and WidowX model repositories with safetensors shards, so the released checkpoints are tied to the tracked Google Robot and WidowX results. Large files were not downloaded; this is based on HF metadata/file listings.",high,Independent subagent full-text/result audit verified: Google Robot / Fractal VM=85.5; Google Robot / Fractal VA=74.7; WidowX / Bridge=79.2,high,official-ish,"Xiaomi-Robotics-0 reports standard SimplerEnv Google Robot/Fractal VM, Google Robot/Fractal VA, and WidowX/Bridge success rates."
118,10 Open Challenges Steering the Future of Vision-Language-Action Models,2025,AAAI Conference on Artificial Intelligence,AAAI Conference on Artificial Intelligence 2026 (Senior Track),Subagent verified AAAI 2026 Senior Track metadata.,high,2511.05936,2025-11-08,Semantic Scholar/OpenAlex arXiv publication-date metadata,10.48550/arXiv.2511.05936,Semantic Scholar citation graph,Semantic Scholar says this work cites the SIMPLER seed paper (arXiv 2405.05941 / CoRL-PMLR version).,indexed-citation,https://www.semanticscholar.org/paper/fab87df9f3f5618fcd3d0c99cf1f11f5208ae92f; https://arxiv.org/abs/2511.05936; DOI 10.48550/arXiv.2511.05936,uses-data-no-results,n/a,n/a,n/a,,,,,,,,,,n/a,n/a,n/a,,n/a,n/a,Independent subagent full-text audit found no SimplerEnv benchmark result attributable to this work.,high,,
119,3D FlowMatch Actor: Unified 3D Policy for Single- and Dual-Arm Manipulation,2025,arXiv.org,n/a,n/a,n/a,2508.11002,2025-08-14,Semantic Scholar/OpenAlex arXiv publication-date metadata,10.48550/arXiv.2508.11002,Semantic Scholar citation graph,Semantic Scholar says this work cites the SIMPLER seed paper (arXiv 2405.05941 / CoRL-PMLR version).,indexed-citation,https://www.semanticscholar.org/paper/7a79aad86381575424157690e462ca3ea316e2eb; https://arxiv.org/abs/2508.11002; DOI 10.48550/arXiv.2508.11002,citation-only,n/a,n/a,n/a,,,,,,,,,,n/a,n/a,n/a,,n/a,n/a,Citation graph row; converted text did not contain SimplerEnv benchmark-use/result terms beyond the citation record.,high,,
120,A Careful Examination of Large Behavior Models for Multitask Dexterous Manipulation,2025,arXiv.org,n/a,n/a,n/a,2507.05331,2025-07-07,Semantic Scholar/OpenAlex arXiv publication-date metadata,10.48550/arXiv.2507.05331,Semantic Scholar citation graph,Semantic Scholar says this work cites the SIMPLER seed paper (arXiv 2405.05941 / CoRL-PMLR version).,indexed-citation,https://www.semanticscholar.org/paper/faf0841c3a78729ee15d469e002843b7901c00a7; https://arxiv.org/abs/2507.05331; DOI 10.48550/arXiv.2507.05331,citation-only,n/a,n/a,n/a,,,,,,,,,,n/a,n/a,n/a,,n/a,n/a,Independent subagent full-text audit found no SimplerEnv benchmark result attributable to this work.,high,,
121,A Survey on Efficient Vision-Language-Action Models,2025,arXiv.org,n/a,n/a,n/a,2510.24795,2025-10-27,Semantic Scholar/OpenAlex arXiv publication-date metadata,10.48550/arXiv.2510.24795,Semantic Scholar citation graph,Semantic Scholar says this work cites the SIMPLER seed paper (arXiv 2405.05941 / CoRL-PMLR version).,indexed-citation,https://www.semanticscholar.org/paper/a7a55c6470e4fb4d4a6cc899f22ae871d6477fe0; https://arxiv.org/abs/2510.24795; DOI 10.48550/arXiv.2510.24795,uses-data-no-results,n/a,n/a,n/a,,,,,,,,,,n/a,n/a,n/a,,n/a,n/a,Independent subagent full-text audit found no SimplerEnv benchmark result attributable to this work.,high,,
122,A Taxonomy for Evaluating Generalist Robot Manipulation Policies,2025,IEEE Robotics and Automation Letters,IEEE Robotics and Automation Letters,Subagent verified IEEE Robotics and Automation Letters venue metadata.,high,2503.01238,2025-03-03,Semantic Scholar/OpenAlex arXiv publication-date metadata,10.1109/LRA.2026.3656785,Semantic Scholar citation graph,Semantic Scholar says this work cites the SIMPLER seed paper (arXiv 2405.05941 / CoRL-PMLR version).,indexed-citation,https://www.semanticscholar.org/paper/b3647d2216051140585c11694f67d1d6b4045efb; https://arxiv.org/abs/2503.01238; DOI 10.1109/LRA.2026.3656785,citation-only,n/a,n/a,n/a,,,,,,,,,,n/a,n/a,n/a,,n/a,n/a,Citation graph row; converted text did not contain SimplerEnv benchmark-use/result terms beyond the citation record.,high,,
123,ActDistill: General Action-Guided Self-Derived Distillation for Efficient Vision-Language-Action Models,2025,arXiv.org,n/a,n/a,n/a,2511.18082,2025-11-22,Semantic Scholar/OpenAlex arXiv publication-date metadata,10.48550/arXiv.2511.18082,Semantic Scholar citation graph,Semantic Scholar says this work cites the SIMPLER seed paper (arXiv 2405.05941 / CoRL-PMLR version).,indexed-citation,https://www.semanticscholar.org/paper/14c1a0fd54d13e5e7c9f8e74b0c20a3d6f70314e; https://arxiv.org/abs/2511.18082; DOI 10.48550/arXiv.2511.18082,reports-results,google-fractal-vm; google-fractal-va,not reported,Google Robot / Fractal VM=74.08; Google Robot / Fractal VA=61.78,74.08,61.78,,76.13,EfficientVLA,63.18,EfficientVLA,,,Independent subagent full-text/result audit verified: Google Robot / Fractal VM=74.08; Google Robot / Fractal VA=61.78,high,weight-but-not-for-number,,"The tracked numbers are ActDistill on the SIMPLER/CogACT backbone: Visual Matching 74.08 and Variant Aggregation 61.78. The paper says the student/router are trained by action-guided distillation on Berkeley Bridge and only the student and router are retained at inference, so the reported numbers require ActDistill-trained weights. Public CogACT/OpenVLA-style base weights are related, but exact-title search, GitHub repository search, and Hugging Face model/dataset searches did not reveal any ActDistill SIMPLER/CogACT checkpoint tied to the tracked numbers.",high,Independent subagent full-text/result audit verified: Google Robot / Fractal VM=74.08; Google Robot / Fractal VA=61.78,high,official-ish,ActDistill reports standard SimplerEnv Google Robot/Fractal VM and Google Robot/Fractal VA success rates.
124,Adversarial Attacks on Robotic Vision Language Action Models,2025,arXiv.org,n/a,n/a,n/a,2506.03350,2025-06-03,Semantic Scholar/OpenAlex arXiv publication-date metadata,10.48550/arXiv.2506.03350,Semantic Scholar citation graph,Semantic Scholar says this work cites the SIMPLER seed paper (arXiv 2405.05941 / CoRL-PMLR version).,indexed-citation,https://www.semanticscholar.org/paper/c8779507ec5e8c5c6812da756005eee4b920d65d; https://arxiv.org/abs/2506.03350; DOI 10.48550/arXiv.2506.03350,reports-results,simplerenv-result-unattributed,not reported,Reports attack success on SIMPLER images; no standard suite average.,,,,,,,,,,Subagent verified attack-success result and left suite cells blank.,high,number-associated weight available,https://huggingface.co/openvla/openvla-7b,"The tracked SimplerEnv result is an attack-success result on SIMPLER images rather than a standard policy average. The paper's Table 2 reports SIMPLER attack success for OpenVLA base, and the official robogcg config for the SIMPLER/pick-coke-can single-step run sets model_name to openvla/openvla-7b with a SIMPLER image. Because the result directly uses the public OpenVLA base checkpoint, and the attack does not require a new policy checkpoint, openvla/openvla-7b is the number-associated weight for this tracked result.",high,Subagent verified attack-success result and left suite cells blank.,high,otherwise,The adversarial-attack paper reports attack success on SIMPLER images rather than a standard SimplerEnv policy success-rate suite.
125,Anyprefer: An Agentic Framework for Preference Data Synthesis,2025,International Conference on Learning Representations,International Conference on Learning Representations (ICLR 2025),Subagent verified ICLR 2025 accepted venue metadata.,high,2504.19276,2025-04-27,Semantic Scholar/OpenAlex arXiv publication-date metadata,10.48550/arXiv.2504.19276,Semantic Scholar citation graph,Semantic Scholar says this work cites the SIMPLER seed paper (arXiv 2405.05941 / CoRL-PMLR version).,indexed-citation,https://www.semanticscholar.org/paper/40455a044a750e367e0c225cea74bf078ca73c95; https://arxiv.org/abs/2504.19276; DOI 10.48550/arXiv.2504.19276,reports-results,widowx-bridge,not reported,WidowX / Bridge=43.5,,,43.5,,,,,28.5,+Self Rewarding*,Independent subagent full-text/result audit verified: WidowX / Bridge=43.5,high,weight-but-not-for-number,,"The tracked WidowX/Bridge value 43.5 is the average of the +Anyprefer success rates in Table 13 for OpenVLA-SFT after preference fine-tuning on Anyprefer-generated visuo-motor preference data. The paper uses OpenVLA as the target model and compares against OpenVLA-SFT, but the reported +Anyprefer number requires the preference-fine-tuned policy. OpenReview/arXiv do not provide a checkpoint link, GitHub search found an aiming-lab/Anyprefer placeholder containing only a tiny README and no releases, and Hugging Face searches found only unrelated Anyprefer language-model artifacts, not the VMC/OpenVLA-SFT policy for the 43.5 number.",high,Independent subagent full-text/result audit verified: WidowX / Bridge=43.5,high,official-ish,Anyprefer reports a standard SimplerEnv WidowX/Bridge success-rate average.
126,"AOMGen: Photoreal, Physics-Consistent Demonstration Generation for Articulated Object Manipulation",2025,arXiv.org,n/a,n/a,n/a,2512.18396,2025-12-20,Semantic Scholar/OpenAlex arXiv publication-date metadata,10.48550/arXiv.2512.18396,Semantic Scholar citation graph,Semantic Scholar says this work cites the SIMPLER seed paper (arXiv 2405.05941 / CoRL-PMLR version).,indexed-citation,https://www.semanticscholar.org/paper/ef7efa45032fc560bedc55655ee580e00349d3ed; https://arxiv.org/abs/2512.18396; DOI 10.48550/arXiv.2512.18396,citation-only,n/a,n/a,n/a,,,,,,,,,,n/a,n/a,n/a,,n/a,n/a,Citation graph row; converted text did not contain SimplerEnv benchmark-use/result terms beyond the citation record.,high,,
127,"ArtVIP: Articulated Digital Assets of Visual Realism, Modular Interaction, and Physical Fidelity for Robot Learning",2025,arXiv.org,n/a,n/a,n/a,2506.04941,2025-06-05,Semantic Scholar/OpenAlex arXiv publication-date metadata,10.48550/arXiv.2506.04941,Semantic Scholar citation graph,Semantic Scholar says this work cites the SIMPLER seed paper (arXiv 2405.05941 / CoRL-PMLR version).,indexed-citation,https://www.semanticscholar.org/paper/5ccdfea6bc459a8013edf19c0e499e2f38408947; https://arxiv.org/abs/2506.04941; DOI 10.48550/arXiv.2506.04941,citation-only,n/a,n/a,n/a,,,,,,,,,,n/a,n/a,n/a,,n/a,n/a,Citation graph row; converted text did not contain SimplerEnv benchmark-use/result terms beyond the citation record.,high,,
128,AsyncVLA: Asynchronous Flow Matching for Vision-Language-Action Models,2025,arXiv.org,n/a,n/a,n/a,2511.14148,2025-11-18,Semantic Scholar/OpenAlex arXiv publication-date metadata,10.48550/arXiv.2511.14148,Semantic Scholar citation graph; OpenAlex term search: SIMPLER Google Robot Bridge; OpenAlex term search: SIMPLER WidowX; OpenAlex term search: SimplerEnv,Semantic Scholar says this work cites the SIMPLER seed paper (arXiv 2405.05941 / CoRL-PMLR version).,indexed-citation,https://www.semanticscholar.org/paper/71709e9859ccfada9509859fa67b577bcb078f31; https://arxiv.org/abs/2511.14148; DOI 10.48550/arXiv.2511.14148; https://openalex.org/W7106207536,reports-results,google-fractal-vm; google-fractal-va; widowx-bridge,not reported,Google Robot / Fractal VM=75.3; Google Robot / Fractal VA=64.3; WidowX / Bridge=70.8,75.3,64.3,70.8,71.4,pi0,57.5,Magma,62.5,UD-VLA,Independent subagent full-text/result audit verified: Google Robot / Fractal VM=75.3; Google Robot / Fractal VA=64.3; WidowX / Bridge=70.8,high,weight-but-not-for-number,,"The tracked numbers are AsyncVLA Google Robot/Fractal VM 75.3, VA 64.3, and WidowX/Bridge 70.8. The paper and official repository provide code/training and eval scripts for Bridge and Fractal, but the GitHub file tree and releases contain no trained AsyncVLA SimplerEnv checkpoint. Hugging Face search for AsyncVLA found NHirose navigation-model checkpoints for a different paper/title, not this asynchronous flow-matching manipulation paper. Related base/backbone weights are therefore not the reported-number weights.",high,Independent subagent full-text/result audit verified: Google Robot / Fractal VM=75.3; Google Robot / Fractal VA=64.3; WidowX / Bridge=70.8,high,official-ish,"AsyncVLA reports standard SimplerEnv Google Robot/Fractal VM, Google Robot/Fractal VA, and WidowX/Bridge success rates."
129,Augmented Reality for RObots (ARRO): Pointing Visuomotor Policies Towards Visual Robustness,2025,IEEE Robotics and Automation Letters,IEEE Robotics and Automation Letters,Subagent verified accepted venue metadata.,high,2505.08627,2025-05-13,Semantic Scholar/OpenAlex arXiv publication-date metadata,10.1109/LRA.2026.3665444,Semantic Scholar citation graph,Semantic Scholar says this work cites the SIMPLER seed paper (arXiv 2405.05941 / CoRL-PMLR version).,indexed-citation,https://www.semanticscholar.org/paper/cb10d59352b4f7d6557914ce770825a9c7103919; https://arxiv.org/abs/2505.08627; DOI 10.1109/LRA.2026.3665444,citation-only,n/a,n/a,n/a,,,,,,,,,,n/a,n/a,n/a,,n/a,n/a,Citation graph row; converted text did not contain SimplerEnv benchmark-use/result terms beyond the citation record.,high,,
130,AutoEval: Autonomous Evaluation of Generalist Robot Manipulation Policies in the Real World,2025,arXiv.org,n/a,n/a,n/a,2503.24278,2025-03-31,Semantic Scholar/OpenAlex arXiv publication-date metadata,10.48550/arXiv.2503.24278,Semantic Scholar citation graph,Semantic Scholar says this work cites the SIMPLER seed paper (arXiv 2405.05941 / CoRL-PMLR version).,indexed-citation,https://www.semanticscholar.org/paper/aa324482b5acc4ea66ef642d1c60039b2d5c2822; https://arxiv.org/abs/2503.24278; DOI 10.48550/arXiv.2503.24278,reports-results,simplerenv-result-unattributed,not reported,Reports drawer/sink SimplerEnv results; no standard suite average.,,,,,,,,,,Subagent verified drawer/sink SimplerEnv table and left suite cells blank.,high,number-associated weight available,https://github.com/zhouzypaul/auto_eval/tree/main/scripts/simpler_eval,"The tracked SimplerEnv result is the paper's drawer/sink SIMPLER evaluation table over existing generalist policies, not a new trained policy. The paper states that the evaluated policies are recently released community policies and that it evaluates publicly released checkpoints for all models. The official AutoEval repo provides the matching SimplerEnv drawer and sink scenes plus evaluation scripts that load public checkpoints such as openvla/openvla-7b, rail-berkeley/octo-small, Stanford-ILIAD MiniVLA HF checkpoints, and the public open-pi-zero Bridge-Beta checkpoint. Since these public policy checkpoints directly produced the tracked Table 3 drawer/sink SIMPLER numbers, the result-associated weights are available; large files were not downloaded.",high,Subagent verified drawer/sink SimplerEnv table and left suite cells blank.,high,otherwise,"AutoEval reports custom drawer/sink SimplerEnv results over existing policies, with no standard VM, VA, or WidowX/Bridge suite average."
131,Balancing Signal and Variance: Adaptive Offline RL Post-Training for VLA Flow Models,2025,AAAI Conference on Artificial Intelligence,Proceedings of the AAAI Conference on Artificial Intelligence,OpenAlex/AAAI DOI metadata verified AAAI proceedings version.,high,2509.04063,2025-09-04,Semantic Scholar/OpenAlex arXiv publication-date metadata,10.48550/arXiv.2509.04063,Semantic Scholar citation graph,Semantic Scholar says this work cites the SIMPLER seed paper (arXiv 2405.05941 / CoRL-PMLR version).,indexed-citation,https://www.semanticscholar.org/paper/8cc3498c93e6003bbc0203e761a67021bf8a988e; https://arxiv.org/abs/2509.04063; DOI 10.48550/arXiv.2509.04063,citation-only,n/a,n/a,n/a,,,,,,,,,,n/a,n/a,n/a,,n/a,n/a,Citation graph row; converted text did not contain SimplerEnv benchmark-use/result terms beyond the citation record.,high,,
132,Beyond Success: Refining Elegant Robot Manipulation from Mixed-Quality Data via Just-in-Time Intervention,2025,arXiv.org,n/a,n/a,n/a,2511.22555,2025-11-27,Semantic Scholar/OpenAlex arXiv publication-date metadata,10.48550/arXiv.2511.22555,Semantic Scholar citation graph,Semantic Scholar says this work cites the SIMPLER seed paper (arXiv 2405.05941 / CoRL-PMLR version).,indexed-citation,https://www.semanticscholar.org/paper/b96434e66b24bddd6ce028029581ee6ecc30d950; https://arxiv.org/abs/2511.22555; DOI 10.48550/arXiv.2511.22555,citation-only,n/a,n/a,n/a,,,,,,,,,,n/a,n/a,n/a,,n/a,n/a,Citation graph row; converted text did not contain SimplerEnv benchmark-use/result terms beyond the citation record.,high,,
133,BLURR: A Boosted Low-Resource Inference for Vision-Language-Action Models,2025,arXiv.org,n/a,n/a,n/a,2512.11769,2025-12-12,Semantic Scholar/OpenAlex arXiv publication-date metadata,10.48550/arXiv.2512.11769,Semantic Scholar citation graph; OpenAlex term search: SimplerEnv,Semantic Scholar says this work cites the SIMPLER seed paper (arXiv 2405.05941 / CoRL-PMLR version).,indexed-citation,https://www.semanticscholar.org/paper/c4daeee72edbe5ecd48d48ba25dd7139dbfd6d8d; https://arxiv.org/abs/2512.11769; DOI 10.48550/arXiv.2512.11769; https://openalex.org/W7115588535; https://openalex.org/W7115607929,reports-results,widowx-bridge,not reported,Table 3 reports Bridge task success probabilities; BLURR-Pi-0 average 71.0.,,,71.0,,,,,70.0,Interleave-Pi-0,Subagent verified Table 3 in local full text.,high,number-associated weight available,https://huggingface.co/allenzren/open-pi-zero/blob/main/bridge_beta_step19296_2024-12-26_22-30_42.pt,"The tracked WidowX/Bridge number is BLURR-Pi-0 average 71.0 in Table 3. BLURR is explicitly an inference wrapper that keeps the underlying checkpoints unchanged and does not retrain or alter model weights. The official BLURR repo reproduces Pi0 + SimplerEnv by passing a Bridge-Beta open-pi-zero checkpoint path, and the public open-pi-zero Hugging Face file listing contains that Bridge-Beta checkpoint. Therefore the unchanged public pi0/open-pi-zero checkpoint is the number-associated weight for the BLURR-Pi-0 result; the BLURR repo supplies the inference wrapper/code rather than a new checkpoint.",high,Subagent verified Table 3 in local full text.,high,official-ish,BLURR reports a SimplerEnv WidowX/Bridge success-rate average for the Bridge tasks.
134,Boosting Embodied AI Agents through Perception-Generation Disaggregation and Asynchronous Pipeline Execution,2025,arXiv.org,n/a,n/a,n/a,2509.09560,2025-09-11,Semantic Scholar/OpenAlex arXiv publication-date metadata,10.48550/arXiv.2509.09560,Semantic Scholar citation graph,Semantic Scholar says this work cites the SIMPLER seed paper (arXiv 2405.05941 / CoRL-PMLR version).,indexed-citation,https://www.semanticscholar.org/paper/615f1a22cd632792cdbbb410897a77dddf6f52a6; https://arxiv.org/abs/2509.09560; DOI 10.48550/arXiv.2509.09560,reports-results,simplerenv-result-unattributed,not reported,"Figure 10(a) plots success-rate/accuracy curves for OpenVLA on three Simpler scenarios: Pick-Coke-Can, Move-Near, and Open-Drawer. The text states OpenVLA is tested on Simpler with 756 tasks total and that Auras maintains 102.7% of sequential-execution success rate on average across six models, but the Simpler/OpenVLA panel values are plotted only and no standard suite average is tabulated.",,,,,,,,,,/tmp/simplerenv_audit/s2_texts/615f1a22cd632792cdbbb410897a77dddf6f52a6.txt lines 574-578 define Figure 10(a); lines 600-605 state OpenVLA is tested on Simpler with three scenarios and 756 tasks; lines 604-627 describe the accuracy result. Rendered page /tmp/simplerenv_reaudit/rendered/id134_p9.png shows plotted-only points.,medium,number-associated weight available,https://huggingface.co/openvla/openvla-7b,"The tracked Simpler result is the paper's OpenVLA-on-Simpler/Auras system evaluation, not a newly trained policy. The paper describes Auras as an inference framework, states OpenVLA is used in Simpler, and indicates the model weights are not fine-tuned for the result. The official OpenVLA 7B Hugging Face model is public and lists safetensors shards; no large weights were downloaded. Confidence is medium because the Auras paper does not pin an exact OpenVLA checkpoint revision.",medium,Local full text and rendered Figure 10 verify Simpler/OpenVLA evaluation and plotted success-rate results.,high,otherwise,"Auras plots Simpler/OpenVLA results for selected scenarios and relative pipeline performance, but no standard VM, VA, or WidowX/Bridge suite average."
135,Bridging Scale Discrepancies in Robotic Control via Language-Based Action Representations,2025,AAAI Conference on Artificial Intelligence,Proceedings of the AAAI Conference on Artificial Intelligence,OpenAlex/AAAI DOI metadata verified AAAI proceedings version.,high,2512.08548,2025-12-09,Semantic Scholar/OpenAlex arXiv publication-date metadata,10.48550/arXiv.2512.08548,Semantic Scholar citation graph; OpenAlex term search: SimplerEnv,Semantic Scholar says this work cites the SIMPLER seed paper (arXiv 2405.05941 / CoRL-PMLR version).,indexed-citation,https://www.semanticscholar.org/paper/fd234c11dda8f5fa65d3b812a2589455c3dd2e07; https://arxiv.org/abs/2512.08548; DOI 10.48550/arXiv.2512.08548; https://openalex.org/W7114820657,reports-results,widowx-bridge,not reported,Table 9 reports SimplerEnv Bridge v2 after-pretraining results; Ours 3B average 35.3.,,,35.3,,,,,26.7,Octo-Small,Subagent verified Table 9 in local full text.,high,not-found,,"The tracked 35.3 SimplerEnv Bridge v2 number is for the authors' fine-tuned/pretrained motion-representation model. The arXiv/AAAI pages and full text describe pretraining and Bridge V2 fine-tuning but provide no project page, code repository, Hugging Face/ModelScope/Drive link, release, or checkpoint download. Exact GitHub and Hugging Face searches did not find an official artifact.",high,Subagent verified Table 9 in local full text.,high,official-ish,"Reports a SimplerEnv WidowX/Bridge success-rate average, which matches a standard SimplerEnv evaluation suite."
136,Bridging simulation and reality in subsurface radar-based sensing: physics-guided hierarchical domain adaptation with deep adversarial learning,2025,preprint/unknown,n/a,n/a,n/a,2512.17831,2025-12-19,Semantic Scholar/OpenAlex arXiv publication-date metadata,,Semantic Scholar citation graph,Semantic Scholar says this work cites the SIMPLER seed paper (arXiv 2405.05941 / CoRL-PMLR version).,indexed-citation,https://www.semanticscholar.org/paper/1dff4e7a58e9849bdc53d978e0acefb32873c703; https://arxiv.org/abs/2512.17831,citation-only,n/a,n/a,n/a,,,,,,,,,,n/a,n/a,n/a,,n/a,n/a,Citation graph row; converted text did not contain SimplerEnv benchmark-use/result terms beyond the citation record.,high,,
137,Bring My Cup! Personalizing Vision-Language-Action Models with Visual Attentive Prompting,2025,arXiv.org,n/a,n/a,n/a,2512.20014,2025-12-23,Semantic Scholar/OpenAlex arXiv publication-date metadata,10.48550/arXiv.2512.20014,Semantic Scholar citation graph,Semantic Scholar says this work cites the SIMPLER seed paper (arXiv 2405.05941 / CoRL-PMLR version).,indexed-citation,https://www.semanticscholar.org/paper/c8702d791db3820d55cec32531fd2a043f24a762; https://arxiv.org/abs/2512.20014; DOI 10.48550/arXiv.2512.20014,reports-results,simplerenv-result-unattributed,not reported,Personalized-SIMPLER tables report Google Robot and WidowX VAP SR/CMR values; no official VM/VA/Bridge suite average.,,,,,,,,,,"Subagent verified Personalized-SIMPLER Tables 2, 3, and 10; suite cells left blank for derivative benchmark.",high,number-associated weight available,https://huggingface.co/allenzren/open-pi-zero,"The tracked Personalized-SIMPLER results are for VAP, a training-free adapter over frozen VLA policies. The official VAP repo tells users to download the exact Bridge and Fractal checkpoints used for Personalized-SIMPLER from allenzren/open-pi-zero, naming bridge_beta_step19296_2024-12-26_22-30_42.pt and fractal_beta_step29576_2024-12-29_13-10_42.pt. Hugging Face metadata lists those files in the public model repo, so the number-associated frozen policy weights are available.",high,"Subagent verified Personalized-SIMPLER Tables 2, 3, and 10; suite cells left blank for derivative benchmark.",high,otherwise,Reports Personalized-SIMPLER SR/CMR tables rather than a standard Google Robot VM/VA or WidowX/Bridge suite average.
138,"Bring the Apple, Not the Sofa: Impact of Irrelevant Context in Embodied AI Commands on VLA Models",2025,Proceedings of the 19th Conference of the European Chapter of the Association for Computational Linguistics (Volume 4: Student Research Workshop),Proceedings of the 19th Conference of the European Chapter of the Association for Computational Linguistics (Volume 4: Student Research Workshop),ACL Anthology page verified EACL 2026 Student Research Workshop metadata.,high,2510.07067,2025-10-08,Semantic Scholar/OpenAlex arXiv publication-date metadata,10.48550/arXiv.2510.07067,Semantic Scholar citation graph,Semantic Scholar says this work cites the SIMPLER seed paper (arXiv 2405.05941 / CoRL-PMLR version).,indexed-citation,https://www.semanticscholar.org/paper/83a136b0ac55eb6eda628703edc8dc8fdadde119; https://arxiv.org/abs/2510.07067; DOI 10.48550/arXiv.2510.07067,citation-only,n/a,n/a,n/a,,,,,,,,,,n/a,n/a,n/a,,n/a,n/a,Independent subagent full-text audit found no SimplerEnv benchmark result attributable to this work.,high,,
139,CAST: Component-Aligned 3D Scene Reconstruction from an RGB Image,2025,ACM Transactions on Graphics,ACM Transactions on Graphics,OpenAlex/DOI metadata verified ACM Transactions on Graphics published version.,high,2502.12894,2025-02-18,Semantic Scholar/OpenAlex arXiv publication-date metadata,10.1145/3730841,Semantic Scholar citation graph,Semantic Scholar says this work cites the SIMPLER seed paper (arXiv 2405.05941 / CoRL-PMLR version).,indexed-citation,https://www.semanticscholar.org/paper/1f7b8b462af062f7f80cbcda4bb80e097e3f8e1f; https://arxiv.org/abs/2502.12894; DOI 10.1145/3730841,citation-only,n/a,n/a,n/a,,,,,,,,,,n/a,n/a,n/a,,n/a,n/a,Citation graph row; converted text did not contain SimplerEnv benchmark-use/result terms beyond the citation record.,high,,
140,CollabVLA: Self-Reflective Vision-Language-Action Model Dreaming Together with Human,2025,arXiv.org,n/a,n/a,n/a,2509.14889,2025-09-18,Semantic Scholar/OpenAlex arXiv publication-date metadata,10.48550/arXiv.2509.14889,Semantic Scholar citation graph,Semantic Scholar says this work cites the SIMPLER seed paper (arXiv 2405.05941 / CoRL-PMLR version).,indexed-citation,https://www.semanticscholar.org/paper/3cfe9cd3cd754b4297f339c70e43a24c214a8bbd; https://arxiv.org/abs/2509.14889; DOI 10.48550/arXiv.2509.14889,reports-results,simplerenv-result-unattributed,not reported,Table II reports Simpler-Collab success rates for eight subtasks; no official VM/VA/WidowX suite average.,,,,,,,,,,Subagent verified Simpler-Collab Table II in local full text.,high,not-found,,"The tracked Simpler-Collab results are for a trained CollabVLA model with MoE/LoRA control and reflection experts plus a diffusion action expert. The arXiv record has no code/project/checkpoint comment, the full text describes the training recipe but does not provide a download, and exact GitHub/Hugging Face searches did not find an official CollabVLA repository or model checkpoint.",high,Subagent verified Simpler-Collab Table II in local full text.,high,otherwise,"Reports custom Simpler-Collab subtask success rates, not a comparable standard SimplerEnv suite evaluation."
141,ContextVLA: Vision-Language-Action Model with Amortized Multi-Frame Context,2025,arXiv.org,n/a,n/a,n/a,2510.04246,2025-10-05,Semantic Scholar/OpenAlex arXiv publication-date metadata,10.48550/arXiv.2510.04246,Semantic Scholar citation graph,Semantic Scholar says this work cites the SIMPLER seed paper (arXiv 2405.05941 / CoRL-PMLR version).,indexed-citation,https://www.semanticscholar.org/paper/55fdd698faac77a2a5cc50edce4dbefc63e7c284; https://arxiv.org/abs/2510.04246; DOI 10.48550/arXiv.2510.04246,reports-results,widowx-bridge,not reported,Table 2/Table 9 report Simpler-WidowX success rates; best pi0-FAST + ContextVLA average 70.7.,,,70.7,,,,,59.0,pi0-FAST,Independent subagent full-text/result audit verified: Table 2/Table 9 report Simpler-WidowX success rates; best pi0-FAST + ContextVLA average 70.7.,high,weight-but-not-for-number,,"A public ContextVLA checkpoint exists, but it is identified by the official repo as an OXE Magic Soup pretrained checkpoint. The tracked 70.7 Simpler-WidowX number is for pi0-FAST + ContextVLA after full fine-tuning on Bridge V2 for 60K iterations; the official repo's fine-tuning/evaluation sections do not release the Bridge/Simpler fine-tuned checkpoint and mark evaluation TODO. Therefore the available weight is related but not the one tied to the tracked number.",high,Independent subagent full-text/result audit verified: Table 2/Table 9 report Simpler-WidowX success rates; best pi0-FAST + ContextVLA average 70.7.,high,official-ish,Reports Simpler-WidowX success-rate averages under the standard WidowX/Bridge-style SimplerEnv evaluation.
142,Continuous alignment of multi-target preferences via instructed diffusion model,2025,Pattern Recognition,Pattern Recognition,OpenAlex/ScienceDirect metadata verified Pattern Recognition article; no open full text for usage audit.,high,,n/a,n/a,10.1016/j.patcog.2025.112987,Semantic Scholar citation graph,Semantic Scholar says this work cites the SIMPLER seed paper (arXiv 2405.05941 / CoRL-PMLR version).,indexed-citation,https://www.semanticscholar.org/paper/e1977ac68b788a5ca5aa57e5dc1aa41b67d05429; DOI 10.1016/j.patcog.2025.112987,unclear/full-text-unavailable,n/a,n/a,n/a,,,,,,,,,,n/a,n/a,n/a,,n/a,n/a,No local text was available; free sources did not provide full text sufficient to audit SimplerEnv use beyond citation metadata.,low,,
143,CORE: Full-Path Evaluation of LLM Agents Beyond Final State,2025,arXiv.org,n/a,n/a,n/a,2509.20998,2025-09-25,Semantic Scholar/OpenAlex arXiv publication-date metadata,10.48550/arXiv.2509.20998,Semantic Scholar citation graph,Semantic Scholar says this work cites the SIMPLER seed paper (arXiv 2405.05941 / CoRL-PMLR version).,indexed-citation,https://www.semanticscholar.org/paper/ec4ed8d8db9b303ee1d8257364da7dbd87648aed; https://arxiv.org/abs/2509.20998; DOI 10.48550/arXiv.2509.20998,citation-only,n/a,n/a,n/a,,,,,,,,,,n/a,n/a,n/a,,n/a,n/a,Citation graph row; converted text did not contain SimplerEnv benchmark-use/result terms beyond the citation record.,high,,
144,Cosmos-Surg-DVRK: World Foundation Model-Based Automated Online Evaluation of Surgical Robot Policy Learning,2025,IEEE Robotics and Automation Letters,IEEE Robotics and Automation Letters,OpenAlex DOI metadata verified IEEE Robotics and Automation Letters article.,high,2510.16240,2025-10-17,Semantic Scholar/OpenAlex arXiv publication-date metadata,10.1109/LRA.2026.3675962,Semantic Scholar citation graph,Semantic Scholar says this work cites the SIMPLER seed paper (arXiv 2405.05941 / CoRL-PMLR version).,indexed-citation,https://www.semanticscholar.org/paper/a181f98f8d6f15acf8edf32d6c105e22b8dd27ce; https://arxiv.org/abs/2510.16240; DOI 10.1109/LRA.2026.3675962,citation-only,n/a,n/a,n/a,,,,,,,,,,n/a,n/a,n/a,,n/a,n/a,Citation graph row; converted text did not contain SimplerEnv benchmark-use/result terms beyond the citation record.,high,,
145,CronusVLA: Towards Efficient and Robust Manipulation via Multi-Frame Vision-Language-Action Modeling,2025,preprint/unknown,Proceedings of the AAAI Conference on Artificial Intelligence,AAAI proceedings page and DOI metadata verified AAAI 40(22) article.,high,2506.19816,2025-06-24,Semantic Scholar/OpenAlex arXiv publication-date metadata,,Semantic Scholar citation graph; OpenAlex term search: SimplerEnv,Semantic Scholar says this work cites the SIMPLER seed paper (arXiv 2405.05941 / CoRL-PMLR version).,indexed-citation,https://www.semanticscholar.org/paper/3380771eb4514aa58a300bf76cf302fa892adcee; https://arxiv.org/abs/2506.19816; https://openalex.org/W4414684770,reports-results,google-fractal-vm; google-fractal-va; widowx-bridge,not reported,Table 1/Table 14-15 main CronusVLA 7B results: Google Robot VM=78.6; Google Robot VA=73.8; WidowX=60.4.,78.6,73.8,60.4,74.8,CogACT,61.3,CogACT,61.9,GR00T-N1.5,Subagent verified CronusVLA SimplerEnv tables in local full text.,high,number-associated weight available,https://huggingface.co/JeasLee/cronusvla_7B_bridge_rt_1,"The tracked CronusVLA 7B SimplerEnv numbers are VM 78.6, VA 73.8, and WidowX 60.4. The official repo releases cronusvla_7B_bridge_rt_1 as a post-trained Bridge V2 + RT-1 checkpoint for SimplerEnv evaluation. The Hugging Face metadata lists checkpoints/step-055000-epoch-04-loss=0.0286.pt and final_result_of_SimplerEnv.log; the log's Google matching average is 78.6, Google variant average is 73.8, and WidowX task average is 60.4, matching the tracked number.",high,Subagent verified CronusVLA SimplerEnv tables in local full text.,high,official-ish,"Reports standard SimplerEnv Google Robot VM, Google Robot VA, and WidowX/Bridge success-rate averages."
146,Ctrl-World: A Controllable Generative World Model for Robot Manipulation,2025,arXiv.org,n/a,n/a,n/a,2510.10125,2025-10-11,Semantic Scholar/OpenAlex arXiv publication-date metadata,10.48550/arXiv.2510.10125,Semantic Scholar citation graph,Semantic Scholar says this work cites the SIMPLER seed paper (arXiv 2405.05941 / CoRL-PMLR version).,indexed-citation,https://www.semanticscholar.org/paper/1c35e2d08c749bea8029a4802270c10c1acbddc0; https://arxiv.org/abs/2510.10125; DOI 10.48550/arXiv.2510.10125,citation-only,n/a,n/a,n/a,,,,,,,,,,n/a,n/a,n/a,,n/a,n/a,Citation graph row; converted text did not contain SimplerEnv benchmark-use/result terms beyond the citation record.,high,,
147,cVLA: Towards Efficient Camera-Space VLAs,2025,arXiv.org,n/a,n/a,n/a,2507.02190,2025-07-02,Semantic Scholar/OpenAlex arXiv publication-date metadata,10.48550/arXiv.2507.02190,Semantic Scholar citation graph,Semantic Scholar says this work cites the SIMPLER seed paper (arXiv 2405.05941 / CoRL-PMLR version).,indexed-citation,https://www.semanticscholar.org/paper/00719810936552f2b27d1c7317a62bb45a82a4ee; https://arxiv.org/abs/2507.02190; DOI 10.48550/arXiv.2507.02190,citation-only,n/a,n/a,n/a,,,,,,,,,,n/a,n/a,n/a,,n/a,n/a,Independent subagent full-text audit found no SimplerEnv benchmark result attributable to this work.,high,,
148,Deploying Foundation Model-Enabled Air and Ground Robots in the Field: Challenges and Opportunities,2025,arXiv.org,n/a,n/a,n/a,2505.09477,2025-05-14,Semantic Scholar/OpenAlex arXiv publication-date metadata,10.48550/arXiv.2505.09477,Semantic Scholar citation graph,Semantic Scholar says this work cites the SIMPLER seed paper (arXiv 2405.05941 / CoRL-PMLR version).,indexed-citation,https://www.semanticscholar.org/paper/f4e87ffc24e54b789c454ac574fc5feb837cd8d7; https://arxiv.org/abs/2505.09477; DOI 10.48550/arXiv.2505.09477,citation-only,n/a,n/a,n/a,,,,,,,,,,n/a,n/a,n/a,,n/a,n/a,Citation graph row; converted text did not contain SimplerEnv benchmark-use/result terms beyond the citation record.,high,,
149,DepthVLA: Enhancing Vision-Language-Action Models with Depth-Aware Spatial Reasoning,2025,arXiv.org,n/a,n/a,n/a,2510.13375,2025-10-15,Semantic Scholar/OpenAlex arXiv publication-date metadata,10.48550/arXiv.2510.13375,Semantic Scholar citation graph; OpenAlex term search: SIMPLER WidowX,Semantic Scholar says this work cites the SIMPLER seed paper (arXiv 2405.05941 / CoRL-PMLR version).,indexed-citation,https://www.semanticscholar.org/paper/eef7bc6a35551889c9fa0a604ff3e64b7432c167; https://arxiv.org/abs/2510.13375; DOI 10.48550/arXiv.2510.13375; https://openalex.org/W4415275817,reports-results,widowx-bridge,not reported,Table I reports Simpler WidowX average 74.8 for DepthVLA.,,,74.8,,,,,58.8,pi0 (re-implemented),Independent subagent full-text/result audit verified: Table I reports Simpler WidowX average 74.8 for DepthVLA.,high,not-found,,"The tracked 74.8 Simpler WidowX number is for a DepthVLA model trained on BridgeData V2 for 20k steps and evaluated zero-shot in Simpler. The paper says code will be made publicly available, but does not claim or link model weights. Exact GitHub and Hugging Face searches found no official DepthVLA repo/model, and the first author's publication page lists only the PDF for DepthVLA, while code links are present for other works.",high,Independent subagent full-text/result audit verified: Table I reports Simpler WidowX average 74.8 for DepthVLA.,high,official-ish,"Reports a SimplerEnv WidowX/Bridge success-rate average, which is comparable to the standard suite."
150,Developing Vision-Language-Action Model from Egocentric Videos,2025,arXiv.org,n/a,n/a,n/a,2509.21986,2025-09-26,Semantic Scholar/OpenAlex arXiv publication-date metadata,10.48550/arXiv.2509.21986,Semantic Scholar citation graph,Semantic Scholar says this work cites the SIMPLER seed paper (arXiv 2405.05941 / CoRL-PMLR version).,indexed-citation,https://www.semanticscholar.org/paper/be7ce298aa18d1f89ba699dfc7028cc9506e2273; https://arxiv.org/abs/2509.21986; DOI 10.48550/arXiv.2509.21986,reports-results,widowx-bridge,25 successful rollouts per task for simulator post-training,Fig. 5(b) reports SIMPLER average 27.0 for Ours + BridgeData V2; Table III reports 26.0 +/- 5.9 ablation.,,,27.0,,,,,23.0,Scratch,Independent subagent full-text/result audit verified: Fig. 5(b) reports SIMPLER average 27.0 for Ours + BridgeData V2; Table III reports 26.0 +/- 5.9 ablation.,high,weight-but-not-for-number,,"The tracked WidowX/Bridge number is for a pi0 policy pre-trained on the authors' egocentric-video-derived dataset and then post-trained on 25 BridgeData V2 rollouts per task. The paper states this differs from simply fine-tuning a public pi0 checkpoint, and I found no official release of the egocentric pretraining dataset-derived pi0 checkpoint or the BridgeData V2 post-trained SimplerEnv policy. Public pi0/openpi base checkpoints exist, but they are initialization/general weights rather than the reported Ours + BridgeData V2 result weights.",high,Independent subagent full-text/result audit verified: Fig. 5(b) reports SIMPLER average 27.0 for Ours + BridgeData V2; Table III reports 26.0 +/- 5.9 ablation.,high,official-ish,"Reports a SIMPLER WidowX/Bridge average success rate; the extra rollout demos are part of training, not a changed evaluation suite."
151,Dexbotic: Open-Source Vision-Language-Action Toolbox,2025,arXiv.org,n/a,n/a,n/a,2510.23511,2025-10-27,Semantic Scholar/OpenAlex arXiv publication-date metadata,10.48550/arXiv.2510.23511,Semantic Scholar citation graph,Semantic Scholar says this work cites the SIMPLER seed paper (arXiv 2405.05941 / CoRL-PMLR version).,indexed-citation,https://www.semanticscholar.org/paper/0b31ea9d35cefcd019c0221fa4570f123c55b10d; https://arxiv.org/abs/2510.23511; DOI 10.48550/arXiv.2510.23511,reports-results,widowx-bridge,not reported,Table 1 reports SimplerEnv-Bridge/WidowX DB-MemVLA average 84.4.,,,84.4,,,,,71.9,MemVLA,Independent subagent full-text/result audit verified: Table 1 reports SimplerEnv-Bridge/WidowX DB-MemVLA average 84.4.,high,number-associated weight available,https://huggingface.co/Dexmal/simpler-db-memvla,"The tracked number is SimplerEnv-Bridge/WidowX DB-MemVLA average 84.4. The official Dexbotic GitHub README reports the same DB-MemVLA 84.4 SimplerEnv table, and the official Hugging Face model card for Dexmal/simpler-db-memvla repeats the exact task breakdown and 84.4 average while exposing safetensors model files and norm stats. This is a public checkpoint tied directly to the tracked number.",high,Independent subagent full-text/result audit verified: Table 1 reports SimplerEnv-Bridge/WidowX DB-MemVLA average 84.4.,high,official-ish,Reports a SimplerEnv-Bridge/WidowX average success rate for DB-MemVLA under the standard suite.
152,Digital Twin Catalog: A Large-Scale Photorealistic 3D Object Digital Twin Dataset,2025,Computer Vision and Pattern Recognition,2025 IEEE/CVF Conference on Computer Vision and Pattern Recognition (CVPR),OpenAlex DOI metadata verified CVPR 2025 proceedings.,high,2504.08541,2025-04-11,Semantic Scholar/OpenAlex arXiv publication-date metadata,10.1109/CVPR52734.2025.00079,Semantic Scholar citation graph,Semantic Scholar says this work cites the SIMPLER seed paper (arXiv 2405.05941 / CoRL-PMLR version).,indexed-citation,https://www.semanticscholar.org/paper/4c96f88c28d7c6df2efd7fbecc69c9e86ceee5f2; https://arxiv.org/abs/2504.08541; DOI 10.1109/CVPR52734.2025.00079,citation-only,n/a,n/a,n/a,,,,,,,,,,n/a,n/a,n/a,,n/a,n/a,Independent subagent full-text audit found no SimplerEnv benchmark result attributable to this work.,high,,
153,Discrete Diffusion VLA: Bringing Discrete Diffusion to Action Decoding in Vision-Language-Action Policies,2025,arXiv.org,n/a,n/a,n/a,2508.20072,2025-08-27,Semantic Scholar/OpenAlex arXiv publication-date metadata,10.48550/arXiv.2508.20072,Semantic Scholar citation graph,Semantic Scholar says this work cites the SIMPLER seed paper (arXiv 2405.05941 / CoRL-PMLR version).,indexed-citation,https://www.semanticscholar.org/paper/59d62f070c3f4ddfb3974fa1cff9aeed258fa492; https://arxiv.org/abs/2508.20072; DOI 10.48550/arXiv.2508.20072,reports-results,google-fractal-vm; google-fractal-va; widowx-bridge,not reported,Tables 2-3 report Discrete Diffusion VLA: Google Robot VM=71.2; VA=56.9; WidowX full task success average=37.5. The paper also reports a mixed grasp+success overall average of 54.2 for WidowX.,71.2,56.9,37.5,63.0,OpenVLA-OFT,64.3,RT-2-X,36.5,GR00T-N1,"arXiv:2508.20072 Table 2 reports Google Robot VM Avg 71.2 and VA Avg 56.9. Table 3 reports WidowX final success values 29.2, 29.2, 20.8, and 70.8, averaging 37.5; its 54.2 overall average mixes grasp and success columns.",high,weight-but-not-for-number,,"The tracked numbers are the fine-tuned Discrete Diffusion VLA results on SimplerEnv-Fractal and SimplerEnv-Bridge. The paper says those SimplerEnv policies are fine-tuned on Fractal and BridgeData V2, respectively. The official repository currently provides LIBERO-focused implementation code and has no releases; the Hugging Face paper page reports zero linked models/datasets for the paper. Related OpenVLA/OpenVLA-OFT base weights are public, but I found no public fine-tuned Discrete Diffusion VLA checkpoint for the reported SimplerEnv numbers.",high,"arXiv:2508.20072 Tables 2-3 evaluate Discrete Diffusion VLA on SimplerEnv Google Robot and WidowX; the tracked WidowX column uses final task success, not the mixed grasp+success average.",high,official-ish,"Reports standard SimplerEnv Google Robot VM, Google Robot VA, and WidowX/Bridge final-success numbers despite also listing a mixed WidowX metric."
154,Distracted Robot: How Visual Clutter Undermine Robotic Manipulation,2025,arXiv.org,n/a,n/a,n/a,2511.22780,2025-11-27,Semantic Scholar/OpenAlex arXiv publication-date metadata,10.48550/arXiv.2511.22780,Semantic Scholar citation graph,Semantic Scholar says this work cites the SIMPLER seed paper (arXiv 2405.05941 / CoRL-PMLR version).,indexed-citation,https://www.semanticscholar.org/paper/4c5be63817f803fae1da25a9912361a5c4e60981; https://arxiv.org/abs/2511.22780; DOI 10.48550/arXiv.2511.22780,reports-results,simplerenv-result-unattributed,not reported,Table I reports average performance on cluttered SIMPLER scenarios; no clean official suite average.,,,,,,,,,,Subagent verified cluttered SIMPLER Table I metrics.,high,weight-but-not-for-number,,"The paper reports a custom cluttered-SIMPLER evaluation protocol over existing VLA policies and separately studies pi0 fine-tuning with newly collected distractor data. The arXiv record/full text and exact-title searches exposed no official project, code, scenario dataset, or paper-specific checkpoint release. Related public baseline weights exist for some underlying policies, but I found no public checkpoint tied to the paper's cluttered-SIMPLER table or the distractor-data-finetuned pi0 result.",high,Subagent verified cluttered SIMPLER Table I metrics.,high,otherwise,Reports cluttered-SIMPLER scenarios rather than the clean official Google Robot VM/VA or WidowX/Bridge suites.
155,Dita: Scaling Diffusion Transformer for Generalist Vision-Language-Action Policy,2025,IEEE International Conference on Computer Vision,2025 IEEE/CVF International Conference on Computer Vision (ICCV),CVF open-access page https://openaccess.thecvf.com/content/ICCV2025/html/Hou_Dita_Scaling_Diffusion_Transformer_for_Generalist_Vision-Language-Action_Policy_ICCV_2025_paper.html lines 18 and 29 list the paper in Proceedings of ICCV 2025; Crossref DOI 10.1109/ICCV51701.2025.00721 confirms the ICCV container.,high,2503.19757,2025-03-25,Semantic Scholar/OpenAlex arXiv publication-date metadata,10.1109/ICCV51701.2025.00721,Semantic Scholar citation graph,Semantic Scholar says this work cites the SIMPLER seed paper (arXiv 2405.05941 / CoRL-PMLR version).,indexed-citation,https://www.semanticscholar.org/paper/7aa2936c237c86f33ad413eeeabca6b123515c57; https://arxiv.org/abs/2503.19757; DOI 10.1109/ICCV51701.2025.00721,reports-results,google-fractal-vm; google-fractal-va,not reported,Google Robot / Fractal VM=68.7; Google Robot / Fractal VA=65.3,68.7,65.3,,49.4,RT-1-X,40.0,OpenVLA-7B,,,"Local full text /tmp/simplerenv_audit/s2_texts/7aa2936c237c86f33ad413eeeabca6b123515c57.txt lines 245-280: Table 1 reports Dita on SimplerEnv Google Robot visual matching and variant aggregation; averages computed from task values: VM=(83.7+76.0+46.3)/3=68.7, VA=(85.5+73.0+37.5)/3=65.3.",high,number-associated weight available,https://drive.google.com/file/d/1jaaoT0QGX4xwdzvTr_ki8OJ9-XkNOvub/view?usp=sharing,"The tracked Google Robot/Fractal numbers are the zero-shot SimplerEnv results for Dita pretrained on OXE. The official Dita repository lists a Google Drive checkpoint for the Dita Diffusion Transformer Policy, provides OXE pretraining instructions, states image augmentation benefits SimplerEnv, and reports the same SimplerEnv task table used to compute the tracked averages. The Drive landing page was checked by HEAD/metadata only; the large checkpoint was not downloaded.",high,Local full text lines 226-237 and 269-280 state that Dita is evaluated zero-shot on SimplerEnv with Google Robot tasks and follows the SimplerEnv protocol.,high,official-ish,Reports standard SimplerEnv Google Robot Fractal visual matching and visual variant aggregation success-rate averages.
156,Don't Blind Your VLA: Aligning Visual Representations for OOD Generalization,2025,arXiv.org,n/a,n/a,n/a,2510.25616,2025-10-29,Semantic Scholar/OpenAlex arXiv publication-date metadata,10.48550/arXiv.2510.25616,Semantic Scholar citation graph,Semantic Scholar says this work cites the SIMPLER seed paper (arXiv 2405.05941 / CoRL-PMLR version).,indexed-citation,https://www.semanticscholar.org/paper/5444dd08c9b57e0c4dc9d26464af5d2908aa92b6; https://arxiv.org/abs/2510.25616; DOI 10.48550/arXiv.2510.25616,reports-results,simplerenv-result-unattributed,not reported; training uses 1400 total expert trajectories with about 5 episodes per training variation,Custom Simpler/VL-Think OOD success rates are reported; no clean standard Google/WidowX suite average.,,,,,,,,,,Local full text /tmp/simplerenv_audit/s2_texts/5444dd08c9b57e0c4dc9d26464af5d2908aa92b6.txt lines 197-211 describe the VL-Think suite based on Simpler; lines 325-332 report Table 1 OOD results; lines 351-379 describe evaluation over 128 randomized seeds; lines 387-391 report 1400 expert trajectories.,high,weight-but-not-for-number,,"The tracked results are the final OpenVLA Align custom Simpler/VL-Think OOD success rates after LoRA fine-tuning with visual representation alignment. The official repository's completed release items are code, VL-Think, the training dataset, and a warm-up checkpoint; it then instructs users to run a 60k-step LoRA fine-tuning job from that warm-up checkpoint. The Hugging Face collection is explicitly described as the training dataset and warm-up checkpoint, and the listed safetensors adapter is the warm-up artifact, not a final checkpoint tied to the reported OOD table.",high,Local full text lines 351-355 state the approach is evaluated in robotics environments based on Simpler using the VL-Think suite and an adopted benchmark.,high,otherwise,Reports custom Simpler/VL-Think OOD success rates rather than a standard Google Robot or WidowX SimplerEnv suite average.
157,Dream-VL & Dream-VLA: Open Vision-Language and Vision-Language-Action Models with Diffusion Language Model Backbone,2025,arXiv.org,n/a,n/a,n/a,2512.22615,2025-12-27,Semantic Scholar/OpenAlex arXiv publication-date metadata,10.48550/arXiv.2512.22615,Semantic Scholar citation graph; OpenAlex term search: SimplerEnv,Semantic Scholar says this work cites the SIMPLER seed paper (arXiv 2405.05941 / CoRL-PMLR version).,indexed-citation,https://www.semanticscholar.org/paper/b80587bb894774a2a258245ab6fbc914f3e6873e; https://arxiv.org/abs/2512.22615; DOI 10.48550/arXiv.2512.22615; https://openalex.org/W7117677242; https://openalex.org/W7117850904,reports-results,google-fractal-vm; google-fractal-va; widowx-bridge,not reported,Google Robot / Fractal VM=66.5; Google Robot / Fractal VA=54.6; WidowX / Bridge=60.4 task-success average,66.5,54.6,60.4,71.2,Discrete Diffusion VLA,64.3,RT-2-X,55.5,LLaDA-VLA,Local full text /tmp/simplerenv_audit/s2_texts/b80587bb894774a2a258245ab6fbc914f3e6873e.txt lines 762-780: Table 7 reports Dream-VLA WidowX average task success 60.4 and overall combined score 71.4; lines 808-827: Table 8 reports Dream-VLA Google Robot VM Avg 66.5 and VA Avg 54.6.,high,number-associated weight available,https://huggingface.co/Dream-org/Dream-VLA-7B,"Official Dream-VLA sources report the same SimplerEnv-Bridge and SimplerEnv-Fractal results tracked for this row and state that Dream-VLA models/checkpoints are released. The official Hugging Face Dream-VLA-7B model is public, tagged to arXiv:2512.22615, and lists safetensors shards plus config/model code. No large weights were downloaded. This is a direct released checkpoint for the reported Dream-VLA SimplerEnv numbers.",high,Local full text lines 708-714 state that SimplerEnv covers Google Robot visual matching/variant aggregation and WidowX tasks; lines 724-737 describe SimplerEnv fine-tuning.,high,official-ish,Reports standard SimplerEnv Google Robot VM/VA and WidowX/Bridge task-success averages.
158,DualVLA: Building a Generalizable Embodied Agent via Partial Decoupling of Reasoning and Action,2025,arXiv.org,n/a,n/a,n/a,2511.22134,2025-11-27,Semantic Scholar/OpenAlex arXiv publication-date metadata,10.48550/arXiv.2511.22134,Semantic Scholar citation graph; OpenAlex term search: SimplerEnv,Semantic Scholar says this work cites the SIMPLER seed paper (arXiv 2405.05941 / CoRL-PMLR version).,indexed-citation,https://www.semanticscholar.org/paper/ebc8ac3cd95bf17978fbd86218b41340adf877d9; https://arxiv.org/abs/2511.22134; DOI 10.48550/arXiv.2511.22134; https://openalex.org/W4416943761,reports-results,google-fractal-vm; google-fractal-va; widowx-bridge,not reported,Google Robot / Fractal VM=72.7; Google Robot / Fractal VA=74.0; WidowX / Bridge=36.1,72.7,74.0,36.1,73.8,SpatialVLA,72.0,InstructVLA-G,34.8,ThinkACT,"Local full text /tmp/simplerenv_audit/s2_texts/ebc8ac3cd95bf17978fbd86218b41340adf877d9.txt lines 323-346 and PDF page 6 Table 2 report DualVLA task success on Google Robot VM/VA and WidowX; suite averages computed from table values: VM=(63.9+93.3+60.9)/3=72.7, VA=(64.0+82.7+75.3)/3=74.0, WidowX=(50.0+50.0+8.3)/3=36.1.",high,claimed-no-download-link,,"The tracked numbers are DualVLA's own SimplerEnv Google Robot VM/VA and WidowX results after its post-training/distillation recipe. The official project page advertises Paper, Code, Data, and Model buttons, but Code/Data/Model all link back to the same project page rather than to a repo, model hub, file listing, or release. Exact-title and model-hub searches did not reveal an official author-linked DualVLA checkpoint; unrelated or uncarded uploads are not tied to the tracked DualVLA numbers.",high,Local full text lines 361-375 state the authors evaluate on SimplerEnv and configure visual matching and variant aggregation.,high,official-ish,Reports standard SimplerEnv Google Robot VM/VA and WidowX/Bridge success-rate averages.
159,Efficient Evaluation of Multi-Task Robot Policies With Active Experiment Selection,2025,arXiv.org,n/a,n/a,n/a,2502.09829,2025-02-14,Semantic Scholar/OpenAlex arXiv publication-date metadata,10.48550/arXiv.2502.09829,Semantic Scholar citation graph,Semantic Scholar says this work cites the SIMPLER seed paper (arXiv 2405.05941 / CoRL-PMLR version).,indexed-citation,https://www.semanticscholar.org/paper/95a594aabfd8c225b8b1b9615df2383ee61ebe8e; https://arxiv.org/abs/2502.09829; DOI 10.48550/arXiv.2502.09829,citation-only,n/a,n/a,n/a,,,,,,,,,,n/a,n/a,n/a,,n/a,n/a,Citation graph row; converted text did not contain SimplerEnv benchmark-use/result terms beyond the citation record.,high,,
160,EfficientVLA: Training-Free Acceleration and Compression for Vision-Language-Action Models,2025,arXiv.org,n/a,n/a,n/a,2506.10100,2025-06-11,Semantic Scholar/OpenAlex arXiv publication-date metadata,10.48550/arXiv.2506.10100,Semantic Scholar citation graph,Semantic Scholar says this work cites the SIMPLER seed paper (arXiv 2405.05941 / CoRL-PMLR version).,indexed-citation,https://www.semanticscholar.org/paper/310b6b4048e36d5948de19fd26e112cbf05fa754; https://arxiv.org/abs/2506.10100; DOI 10.48550/arXiv.2506.10100,reports-results,google-fractal-vm; google-fractal-va,not reported,Google Robot / Fractal VM=76.4; Google Robot / Fractal VA=63.2 for the best reported EfficientVLA configuration,76.4,63.2,,74.8,CogACT,62.3,VLA-Cache,,,Local full text /tmp/simplerenv_audit/s2_texts/310b6b4048e36d5948de19fd26e112cbf05fa754.txt lines 555-579: Table 2 reports SIMPLER Google Robot visual matching and variant aggregation; best EfficientVLA rows give VM Avg 76.4 and VA Avg 63.2. Lines 611-621 define the SIMPLER VM/VA setup.,high,number-associated weight available,https://huggingface.co/CogACT/CogACT-Base/blob/main/checkpoints/CogACT-Base.pt,"EfficientVLA is described as a structured training-free inference acceleration/compression framework applied to CogACT on SIMPLER. The tracked values are EfficientVLA configurations on CogACT, so the number-producing learned weights are the public CogACT checkpoint, not a separate EfficientVLA checkpoint. The official CogACT repository releases CogACT-Base and documents SIMPLER evaluation with a checkpoint path; Hugging Face metadata lists checkpoints/CogACT-Base.pt. No large weights were downloaded.",high,Local full text lines 611-621 describe SIMPLER evaluation with Google Robot tasks under visual matching and variant aggregation.,high,official-ish,Reports standard SimplerEnv Google Robot visual matching and visual variant aggregation success-rate averages.
161,EgoVLA: Learning Vision-Language-Action Models from Egocentric Human Videos,2025,arXiv.org,n/a,n/a,n/a,2507.12440,2025-07-16,Semantic Scholar/OpenAlex arXiv publication-date metadata,10.48550/arXiv.2507.12440,Semantic Scholar citation graph,Semantic Scholar says this work cites the SIMPLER seed paper (arXiv 2405.05941 / CoRL-PMLR version).,indexed-citation,https://www.semanticscholar.org/paper/715a1b6849fdc3388f5267b9cc77f94f1e9f1ad0; https://arxiv.org/abs/2507.12440; DOI 10.48550/arXiv.2507.12440,citation-only,n/a,n/a,n/a,,,,,,,,,,n/a,n/a,n/a,,n/a,n/a,"Local full text /tmp/simplerenv_audit/s2_texts/715a1b6849fdc3388f5267b9cc77f94f1e9f1ad0.txt lines 304-333 only mention SimplerEnv as a related/similar controlled testbed; the reported demonstrations and results are for the paper's Ego Humanoid Manipulation Benchmark, not SimplerEnv.",high,,
162,Embodied AI Agents: Modeling the World,2025,arXiv.org,n/a,n/a,n/a,2506.22355,2025-06-27,Semantic Scholar/OpenAlex arXiv publication-date metadata,10.48550/arXiv.2506.22355,Semantic Scholar citation graph,Semantic Scholar says this work cites the SIMPLER seed paper (arXiv 2405.05941 / CoRL-PMLR version).,indexed-citation,https://www.semanticscholar.org/paper/121d34fe66a35ef11e408de4119477971ee6e2cc; https://arxiv.org/abs/2506.22355; DOI 10.48550/arXiv.2506.22355,citation-only,n/a,n/a,n/a,,,,,,,,,,n/a,n/a,n/a,,n/a,n/a,Citation graph row; converted text did not contain SimplerEnv benchmark-use/result terms beyond the citation record.,high,,
163,Embodied-R1: Reinforced Embodied Reasoning for General Robotic Manipulation,2025,arXiv.org,International Conference on Learning Representations (ICLR 2026),Local title page line 37 says Published as a conference paper at ICLR 2026; OpenReview https://openreview.net/forum?id=i5wlozMFsQ lines 11 and 17 list ICLR 2026 Poster and the SimplerEnv result.,high,2508.13998,2025-08-19,Semantic Scholar/OpenAlex arXiv publication-date metadata,10.48550/arXiv.2508.13998,Semantic Scholar citation graph; OpenAlex term search: SIMPLER WidowX; OpenAlex term search: SimplerEnv,Semantic Scholar says this work cites the SIMPLER seed paper (arXiv 2405.05941 / CoRL-PMLR version).,indexed-citation,https://www.semanticscholar.org/paper/bf5950355f8bec8175b5082340ab35cc81314fae; https://arxiv.org/abs/2508.13998; DOI 10.48550/arXiv.2508.13998; https://openalex.org/W4414537968,reports-results,widowx-bridge,not reported,WidowX / Bridge=56.2,,,56.2,,,,,53.8,Sofar,Local full text /tmp/simplerenv_audit/s2_texts/bf5950355f8bec8175b5082340ab35cc81314fae.txt lines 540-562: Table 4 SimplerEnv Evaluation on WidowX Robot reports Embodied-R1 average success 56.2; lines 609-619 describe the SimplerEnv WidowX experiment.,high,number-associated weight available,https://huggingface.co/IffYuan/Embodied-R1-3B-v1,"The tracked WidowX/SIMPLEREnv value is Embodied-R1 3B's 56.2 zero-shot success rate. The paper/OpenReview identify the evaluated model as Embodied-R1, a 3B VLM, and the official GitHub README says the Embodied-R1 3B v1 checkpoint was released. The linked Hugging Face model card is for the same arXiv/title and lists safetensors shards, so this checkpoint is tied to the tracked reported number.",high,Local full text lines 609-619 state experiments were conducted on the WidowX arm using SimplerEnv.,high,official-ish,Reports a standard SimplerEnv WidowX/Bridge success-rate average.
164,EmbodieDreamer: Advancing Real2Sim2Real Transfer for Policy Training via Embodied World Modeling,2025,arXiv.org,n/a,n/a,n/a,2507.05198,2025-07-07,Semantic Scholar/OpenAlex arXiv publication-date metadata,10.48550/arXiv.2507.05198,Semantic Scholar citation graph,Semantic Scholar says this work cites the SIMPLER seed paper (arXiv 2405.05941 / CoRL-PMLR version).,indexed-citation,https://www.semanticscholar.org/paper/7e89bb838e2a662b18672a15f7c2245638198a7d; https://arxiv.org/abs/2507.05198; DOI 10.48550/arXiv.2507.05198,reports-results,simplerenv-result-unattributed,not reported,"System-identification metrics are reported against a SimplerEnv baseline: trajectory error 0.2245, rotation error 0.1282, translation error 0.0963, time 12888.43; no standard SimplerEnv policy suite average.",,,,,,,,,,Local full text /tmp/simplerenv_audit/s2_texts/7e89bb838e2a662b18672a15f7c2245638198a7d.txt lines 433-455: Table 1 compares PhysAligner with SimplerEnv on system-identification tasks and reports numeric SimplerEnv errors/time. Lines 198-203 and 310-315 discuss SimplerEnv as a related simulator/system-ID method.,high,coming-soon-no-download-link,,"The tracked numbers are EmbodieDreamer/PhysAligner system-identification comparisons against SimplerEnv, not a standard manipulation policy suite average. The official project page says Code (Coming Soon) and states that code, model, and data will be publicly available, but the linked GitHub repository currently contains only README/assets and has no releases or model files. Hugging Face searches for EmbodieDreamer/PhysAligner found no public model listing, so no reported-number artifact is currently downloadable.",high,"Local full text lines 433-455 report numeric comparison with SimplerEnv, but not standard SimplerEnv manipulation success suites.",high,otherwise,Reports system-identification error/time metrics against SimplerEnv rather than standard SimplerEnv manipulation success rates.
165,Enhancing Generalization in Vision-Language-Action Models by Preserving Pretrained Representations,2025,arXiv.org,n/a,n/a,n/a,2509.11417,2025-09-14,Semantic Scholar/OpenAlex arXiv publication-date metadata,10.48550/arXiv.2509.11417,Semantic Scholar citation graph,Semantic Scholar says this work cites the SIMPLER seed paper (arXiv 2405.05941 / CoRL-PMLR version).,indexed-citation,https://www.semanticscholar.org/paper/272525654b60ab7f4366e58244feadcfd2675aaf; https://arxiv.org/abs/2509.11417; DOI 10.48550/arXiv.2509.11417,reports-results,google-fractal-vm; google-fractal-va,not reported,Google Robot / Fractal VM=78.46; Google Robot / Fractal VA=76.6 for OpenVLA+,78.46,76.6,,62.64,pi0 w/ Inst. Aug.,53.2,pi0 w/ Inst. Aug.,,,Local full text /tmp/simplerenv_audit/s2_texts/272525654b60ab7f4366e58244feadcfd2675aaf.txt lines 211-234: Table II visual matching reports OpenVLA+ average 78.46. Lines 243-248 say four tasks are evaluated over 300 episodes each. Lines 278-293: Table III visual variant aggregation reports OpenVLA+ average 76.6.,high,number-associated weight available,https://huggingface.co/shrg7/openvla-7b,"The tracked numbers are OpenVLA+ on SimplerEnv visual matching and visual variant aggregation. The official project and GitHub repository identify the OpenVLA+/pi0+ method and report SimplerEnv results; the GitHub README links a Hugging Face model under the first author's account. That model is public and lists safetensors shards. A separate public author-owned shrg7/vla_plus checkpoint also lists checkpoints/latest-checkpoint.pt and config metadata with co_training=true and rt_1 data matching the OpenVLA+ recipe. I count weights as available, but only at medium confidence because the project page still says code is coming soon and the HF model card itself does not restate the SimplerEnv numbers.",medium,Local full text lines 211-216 state SimplerEnv is used with visual matching and visual variant aggregation setups.,high,official-ish,Reports standard SimplerEnv Google Robot visual matching and visual variant aggregation success-rate averages.
166,EO-1: An Open Unified Embodied Foundation Model for General Robot Control,2025,preprint/unknown,n/a,n/a,n/a,2508.21112,2025-08-28,Semantic Scholar/OpenAlex arXiv publication-date metadata,,Semantic Scholar citation graph,Semantic Scholar says this work cites the SIMPLER seed paper (arXiv 2405.05941 / CoRL-PMLR version).,indexed-citation,https://www.semanticscholar.org/paper/6948c850513f82cb608bbf9198ddfd552a647565; https://arxiv.org/abs/2508.21112,reports-results,google-fractal-vm; google-fractal-va; widowx-bridge,not reported,Google Robot / Fractal VM=76.5; Google Robot / Fractal VA=63.0; WidowX / Bridge=72.7,76.5,63.0,72.7,71.4,pi0,57.5,Magma,69.2,pi0,"Local full text /tmp/simplerenv_audit/s2_texts/6948c850513f82cb608bbf9198ddfd552a647565.txt lines 949-966 summarize EO-1 scores on SimplerEnv Google-VM, Google-VA, and WidowX; lines 979-990 show the WidowX table with EO-1 overall 72.7; lines 991-1005 and 1006-1020 show Google Robot matching average 76.5 and aggregation average 63.0.",high,number-associated weight available,https://huggingface.co/IPEC-COMMUNITY/EO-1-3B,"The tracked EO-1 SimplerEnv numbers are Google VM 76.5, Google VA 63.0, and WidowX 72.7. The official EO-1 project and repository say EO-1 is open and link the EO-1 Hugging Face model; the EO-1 HF model card contains a Robot Control Benchmark table with the same Simpler @ Google VM/VA and WidowX values and lists public safetensors shards. This is a direct match to the tracked reported numbers.",high,Local full text lines 873-880 introduce the SimplerEnv robot-control benchmark with WidowX and Google settings.,high,official-ish,Reports standard SimplerEnv Google Robot VM/VA and WidowX/Bridge success-rate averages.
167,Evaluating Gemini Robotics Policies in a Veo World Simulator,2025,arXiv.org,n/a,n/a,n/a,2512.10675,2025-12-11,Semantic Scholar/OpenAlex arXiv publication-date metadata,10.48550/arXiv.2512.10675,Semantic Scholar citation graph,Semantic Scholar says this work cites the SIMPLER seed paper (arXiv 2405.05941 / CoRL-PMLR version).,indexed-citation,https://www.semanticscholar.org/paper/7631955f7d8a6b9f3ab1973a8dfd8504d9e6782b; https://arxiv.org/abs/2512.10675; DOI 10.48550/arXiv.2512.10675,citation-only,n/a,n/a,n/a,,,,,,,,,,n/a,n/a,n/a,,n/a,n/a,Citation graph row; converted text did not contain SimplerEnv benchmark-use/result terms beyond the citation record.,high,,
168,Evaluating Uncertainty and Quality of Visual Language Action-enabled Robots,2025,arXiv.org,n/a,n/a,n/a,2507.17049,2025-07-22,Semantic Scholar/OpenAlex arXiv publication-date metadata,10.48550/arXiv.2507.17049,Semantic Scholar citation graph,Semantic Scholar says this work cites the SIMPLER seed paper (arXiv 2405.05941 / CoRL-PMLR version).,indexed-citation,https://www.semanticscholar.org/paper/eadbab745f0e86b3a873d500aa79955f91ef078c; https://arxiv.org/abs/2507.17049; DOI 10.48550/arXiv.2507.17049,reports-results,simplerenv-result-unattributed,not reported,"Custom VLATest/SimplerEnv success rates are reported by task/model, e.g. SpatialVLA 38.2 on Pick Up and 20.8 on Move Near; pi0 14.4 on Put In and 18.6 on Put On. No clean standard suite average.",,,,,,,,,,"Local full text /tmp/simplerenv_audit/s2_texts/eadbab745f0e86b3a873d500aa79955f91ef078c.txt lines 494-501 describe using SimplerEnv; lines 528-530 state 4 tasks by 500 scenes; lines 615-624 summarize success rates; lines 651-666 show Table II counts/ratios for OpenVLA, pi0, and SpatialVLA.",high,number-associated weight available,https://github.com/pablovalle/VLA_UQ,"The tracked row is a custom VLATest/SimplerEnv evaluation of existing VLAs, not a newly trained model. The official replication repository instructs users to download the exact public checkpoints used for the experiments: openvla/openvla-7b, HaomingSong/lerobot-pi0-bridge, HaomingSong/lerobot-pi0-fractal, and IPEC-COMMUNITY/spatialvla-4b-mix-224-pt. Hugging Face metadata for those model ids lists public weight files, so the weights for the reported OpenVLA, pi0, and SpatialVLA success rates are available; Zenodo provides results, not model weights. Large files were not downloaded.",high,Local full text lines 494-501 state the experiment uses a SimplerEnv benchmark for VLA-enabled robots.,high,otherwise,Reports custom VLATest/SimplerEnv task and scene success rates without a comparable standard SimplerEnv suite average.
169,EVE: A Generator-Verifier System for Generative Policies,2025,arXiv.org,n/a,n/a,n/a,2512.21430,2025-12-24,Semantic Scholar/OpenAlex arXiv publication-date metadata,10.48550/arXiv.2512.21430,Semantic Scholar citation graph,Semantic Scholar says this work cites the SIMPLER seed paper (arXiv 2405.05941 / CoRL-PMLR version).,indexed-citation,https://www.semanticscholar.org/paper/9b85da2decf0eba897184264f8dce46dc2dc1e2c; https://arxiv.org/abs/2512.21430; DOI 10.48550/arXiv.2512.21430,reports-results,simplerenv-result-unattributed,not reported,Partial Google Robot visual-matching results only: best EVE steering on Close Drawer 76.30 vs 75.19 baseline; Move Near 78.70 vs 76.30 baseline. No full Google Robot VM suite average.,,,,,,,,,,Local full text /tmp/simplerenv_audit/s2_texts/9b85da2decf0eba897184264f8dce46dc2dc1e2c.txt lines 493-535 discuss Simpler-Env results; lines 784-793: Table 2 reports Close Drawer and Move Near success rates with pi0; lines 964-975 specify Google Robot visual matching and 540 rollouts across 60 seeds.,high,number-associated weight available,https://huggingface.co/allenzren/open-pi-zero/blob/main/fractal_beta_step29576_2024-12-29_13-10_42.pt,"EVE is a test-time generator-verifier wrapper around a frozen base policy and zero-shot VLM verifiers, with no additional policy training. For the tracked Simpler-Env pi0 results, the paper states it uses a pi0/open-pi-zero setup and Qwen-2.5-VL-72B verifier agents. The public open-pi-zero repository provides Fractal/Google-Robot checkpoints and Simpler evaluation instructions/results; the Hugging Face model listing includes the Fractal-Beta checkpoint file. Qwen2.5-VL-72B-Instruct is also publicly listed. No large weights were downloaded. Confidence is medium because the EVE paper does not name the exact open-pi-zero checkpoint filename.",medium,Local full text lines 299-307 and 964-975 state EVE is evaluated on Simpler-Env with pi0 in Google Robot visual matching.,high,otherwise,"Reports only two Google Robot visual-matching subtasks, not a comparable standard SimplerEnv Google Robot VM suite average."
170,Executable Analytic Concepts as the Missing Link Between VLM Insight and Precise Manipulation,2025,arXiv.org,n/a,n/a,n/a,2510.07975,2025-10-09,Semantic Scholar/OpenAlex arXiv publication-date metadata,10.48550/arXiv.2510.07975,Semantic Scholar citation graph,Semantic Scholar says this work cites the SIMPLER seed paper (arXiv 2405.05941 / CoRL-PMLR version).,indexed-citation,https://www.semanticscholar.org/paper/362fce54afeeba4ed5e589ab53afa7ce2b27e900; https://arxiv.org/abs/2510.07975; DOI 10.48550/arXiv.2510.07975,reports-results,google-fractal-vm; google-fractal-va; widowx-bridge,not reported,Google Robot / Fractal VM=90.3; Google Robot / Fractal VA=89.8; WidowX / Bridge=86.1,90.3,89.8,86.1,74.8,SoFar,67.5,SpatialVLA(FT),58.3,SoFar,Local full text /tmp/simplerenv_audit/s2_texts/362fce54afeeba4ed5e589ab53afa7ce2b27e900.txt lines 448-453 describe SimplerEnv Google Robot and WidowX tasks; lines 456-475: Table 1 reports GRACE(GPT-4o) WidowX average 86.1; lines 518-536: Table 2 reports Google Robot VA/VM task values. VM average=(90.3+91.7+88.9)/3=90.3 and VA average=(91.7+87.5+90.3)/3=89.8.,high,not-found,,"The tracked values are GRACE(GPT-4o) SimplerEnv numbers, not a generic GRACE/Qwen backend. The paper reports zero-shot GRACE but also describes fixed learned components such as a fine-tuned GroundingDINO segmenter and a Point-Transformer parameter estimator; no official GitHub/project/model hub/checkpoint download was found from arXiv, OpenReview, exact-title search, or code indexes. Public Qwen2.5-VL weights are only an alternate backend that trails GPT-4o and do not correspond to the tracked GPT-4o numbers; GPT-4o weights are not publicly downloadable.",high,Local full text lines 448-453 and 481-496 state the method is evaluated on SimplerEnv Google Robot and WidowX.,high,official-ish,"Reports standard SimplerEnv Google Robot VM, Google Robot VA, and WidowX/Bridge success-rate averages."
171,F1: A Vision-Language-Action Model Bridging Understanding and Generation to Actions,2025,arXiv.org,n/a,n/a,n/a,2509.06951,2025-09-08,Semantic Scholar/OpenAlex arXiv publication-date metadata,10.48550/arXiv.2509.06951,Semantic Scholar citation graph,Semantic Scholar says this work cites the SIMPLER seed paper (arXiv 2405.05941 / CoRL-PMLR version).,indexed-citation,https://www.semanticscholar.org/paper/5380fe9137f1ffec91b06fe4db60a083759a34fd; https://arxiv.org/abs/2509.06951; DOI 10.48550/arXiv.2509.06951,reports-results,widowx-bridge,not reported,WidowX / Bridge=59.4 average full task success; the paper also reports 72.9 as an overall score averaging grasp and task success.,,,59.4,,,,,42.7,SpatialVLA,"Local full text /tmp/simplerenv_audit/s2_texts/5380fe9137f1ffec91b06fe4db60a083759a34fd.txt lines 534-560: Table 3 reports SimplerEnv Bridge grasp and overall task success for four tasks. F1 pretrained success values are 70.8, 66.7, 50.0, 50.0, giving average full task success 59.4; line 559 says the paper's 72.9 overall score averages grasp and full task completion.",high,number-associated weight available,https://huggingface.co/InternRobotics/F1-VLA,"The tracked number is the F1 pretrained model's SimplerEnv Bridge result. The paper front matter links the official project, GitHub, and Hugging Face model; the paper's Table 3 reports the SimplerEnv Bridge results for the pretrained F1 row. The official GitHub README points STAGE2_CKPT_PATH/F1_pretrain to the Hugging Face model, and the Hugging Face file tree lists model.safetensors and config/training metadata. I checked metadata/file listings only and did not download the 9.67 GB checkpoint.",high,Local full text lines 487-489 and 534-560 state F1 is evaluated on SimplerEnv Bridge.,high,official-ish,Reports a standard SimplerEnv WidowX/Bridge full-task success-rate average; the extra grasp/overall score is separable.
172,FASTer: Toward Efficient Autoregressive Vision Language Action Modeling via Neural Action Tokenization,2025,arXiv.org,n/a,n/a,n/a,2512.04952,2025-12-04,Semantic Scholar/OpenAlex arXiv publication-date metadata,10.48550/arXiv.2512.04952,Semantic Scholar citation graph,Semantic Scholar says this work cites the SIMPLER seed paper (arXiv 2405.05941 / CoRL-PMLR version).,indexed-citation,https://www.semanticscholar.org/paper/17b6a14711297f33d86ba4cb741c596a601e706b; https://arxiv.org/abs/2512.04952; DOI 10.48550/arXiv.2512.04952,reports-results,widowx-bridge,not reported,WidowX / Bridge=87.9,,,87.9,,,,,76.5,pi0 FAST-D,"Local full text /tmp/simplerenv_audit/s2_texts/17b6a14711297f33d86ba4cb741c596a601e706b.txt lines 480-500: Table 1 reports FASTer on Simpler-Bridge with Spoon 91.7, Carrot 93.3, Block 67.5, Eggplant 99.2, Average 87.9; lines 1132-1136 describe Simpler-widow evaluation.",high,not-found,,"The tracked number is FASTerVLA's 87.9 Simpler-Bridge success rate. The arXiv paper says source code will be made public upon publication, but it does not provide a model/checkpoint link. The OpenReview and ICLR pages have no code, Hugging Face, release, or checkpoint link, and exact-title/GitHub/Hugging Face searches did not surface an official reported-number artifact. No public weight tied to the Simpler-Bridge result was found.",high,Local full text lines 480-500 and 1132-1136 identify Simpler-Bridge/Simpler-widow as the benchmark.,high,official-ish,Reports a standard SimplerEnv WidowX/Bridge success-rate average.
173,FlowDreamer: A RGB-D World Model With Flow-Based Motion Representations for Robot Manipulation,2025,IEEE Robotics and Automation Letters,IEEE Robotics and Automation Letters,Crossref API https://api.crossref.org/works/10.1109/LRA.2026.3653273 and DOI https://doi.org/10.1109/LRA.2026.3653273 list IEEE Robotics and Automation Letters as the container for the 2026 journal article.,high,2505.10075,2025-05-15,Semantic Scholar/OpenAlex arXiv publication-date metadata,10.1109/LRA.2026.3653273,Semantic Scholar citation graph; OpenAlex term search: SimplerEnv,Semantic Scholar says this work cites the SIMPLER seed paper (arXiv 2405.05941 / CoRL-PMLR version).,indexed-citation,https://www.semanticscholar.org/paper/2d1c66a1cdcd58e91b272b934f5b50c1566bbec0; https://arxiv.org/abs/2505.10075; DOI 10.1109/LRA.2026.3653273; https://openalex.org/W4415199343,reports-results,simplerenv-result-unattributed,"25,000 SimplerEnv RT-1 episodes used for video-prediction data; not reported per task","Video-prediction metrics are reported on SimplerEnv RT-1: FlowDreamer DINOv2 L2 10.9922, CLIP 0.9189, PSNR 21.7562, SSIM 0.8196, LPIPS 0.0993, FID 43.5807, FVD 268.3853. No standard policy suite average.",,,,,,,,,,"Local full text /tmp/simplerenv_audit/s2_texts/2d1c66a1cdcd58e91b272b934f5b50c1566bbec0.txt lines 283-292: Table 1 reports video prediction results on the SimplerEnv RT-1 benchmark; lines 324-330 say SimplerEnv is used as the RT-1 simulator; lines 895-908 list 25,000 RT-1 SimplerEnv episodes and 758,015 samples.",high,weight-but-not-for-number,,"The tracked SimpleEnv entry is FlowDreamer video-prediction metrics on RT-1 SimplerEnv, which require the trained FlowDreamer world-model checkpoint. The official project links a model hub and the GitHub README says it provides checkpoints for the depth-estimation module plus datasets, while the evaluation command still requires a user-supplied trained FlowDreamer checkpoint path. The Hugging Face file tree contains only depth_anything component weights such as rt1_simpler_vits.pth, not the full FlowDreamer checkpoint that produced the tracked video-prediction numbers.",high,Local full text lines 324-330 and 911-913 state RT-1 trajectories are collected from SimplerEnv tasks.,high,otherwise,"Reports SimplerEnv RT-1 video-prediction metrics rather than standard manipulation success rates for VM, VA, or WidowX/Bridge."
174,FLOWER: Democratizing Generalist Robot Policies with Efficient Vision-Language-Action Flow Policies,2025,arXiv.org,Conference on Robot Learning (CoRL 2025),"Local title page line 52 and OpenReview PDF https://openreview.net/pdf?id=JeppaebLRD line 34 state 9th Conference on Robot Learning (CoRL 2025), Seoul, Korea.",high,2509.04996,2025-09-05,Semantic Scholar/OpenAlex arXiv publication-date metadata,10.48550/arXiv.2509.04996,Semantic Scholar citation graph,Semantic Scholar says this work cites the SIMPLER seed paper (arXiv 2405.05941 / CoRL-PMLR version).,indexed-citation,https://www.semanticscholar.org/paper/1d8142ab42bfba12f42feee687f0c77555b5bab2; https://arxiv.org/abs/2509.04996; DOI 10.48550/arXiv.2509.04996,reports-results,widowx-bridge; simplerenv-result-unattributed,not reported,"WidowX / Bridge=45.0; Google Robot combined across visual matching and visual aggregation=31.9, not split into VM/VA suite columns.",,,45.0,,,,,30.0,CrossFormer,Local full text /tmp/simplerenv_audit/s2_texts/1d8142ab42bfba12f42feee687f0c77555b5bab2.txt lines 1170-1177: Table 11 reports FLOWER Bridge average 45; lines 1179-1188: Table 12 reports Google Robot average 31.9 across both visual matching and visual aggregation variants.,high,number-associated weight available,https://huggingface.co/mbreuss/flower_vla_pret,"The tracked numbers are FLOWER's SIMPLER Bridge average 45.0 and Google Robot combined 31.9. The official project page reports those SIMPLER tables and links Model Weights; the Hugging Face paper page says pretrained weights are available. The mbreuss/flower_vla_pret model card explicitly states that the checkpoint contains weights for the SIMPLER results reported in the paper, and the file tree lists 360000_model_weights.pt. This is a direct reported-number checkpoint.",high,Local full text lines 490-504 and 1164-1198 state FLOWER is evaluated on SIMPLER Bridge and Google Robot.,high,official-ish,"Reports a standard SimplerEnv WidowX/Bridge success-rate average, despite also giving an unsplit Google Robot aggregate."
175,FlowVLA: Visual Chain of Thought-based Motion Reasoning for Vision-Language-Action Models,2025,preprint/unknown,n/a,n/a,n/a,2508.18269,2025-08-25,Semantic Scholar/OpenAlex arXiv publication-date metadata,,Semantic Scholar citation graph,Semantic Scholar says this work cites the SIMPLER seed paper (arXiv 2405.05941 / CoRL-PMLR version).,indexed-citation,https://www.semanticscholar.org/paper/c471d4dcf4326d9bbdcab474c65d3fd5c55fd417; https://arxiv.org/abs/2508.18269,reports-results,widowx-bridge,not reported,WidowX / Bridge=74.0,,,74.0,,,,,65.6,UniVLA,Local full text /tmp/simplerenv_audit/s2_texts/c471d4dcf4326d9bbdcab474c65d3fd5c55fd417.txt lines 349-360 describe using SimplerEnv; lines 397-401 discuss SimplerEnv results; lines 451-469: Table 2 reports FlowVLA on the SimplerEnv-WidowX benchmark with average 74.0.,high,not-found,,"The tracked result is FlowVLA's 74.0 average on SimplerEnv-WidowX after pretraining and policy fine-tuning. The official project page links arXiv/Paper and says Code is coming soon, but it has no GitHub, Hugging Face, ModelScope, release, or checkpoint link. The arXiv page points back to that project page, and exact-title searches did not reveal an official model artifact. Since the only public promise is code coming soon and no weights/checkpoints are available, no reported-number weight was found.",high,Local full text lines 349-360 and 397-401 state SimplerEnv is used to assess robustness to domain shifts.,high,official-ish,Reports a standard SimplerEnv WidowX/Bridge success-rate average.
176,From Intention to Execution: Probing the Generalization Boundaries of Vision-Language-Action Models,2025,arXiv.org,n/a,n/a,n/a,2506.09930,2025-06-11,Semantic Scholar/OpenAlex arXiv publication-date metadata,10.48550/arXiv.2506.09930,Semantic Scholar citation graph,Semantic Scholar says this work cites the SIMPLER seed paper (arXiv 2405.05941 / CoRL-PMLR version).,indexed-citation,https://www.semanticscholar.org/paper/c3d3faba1e541fa2ca29a3a46754c4af86ce8e50; https://arxiv.org/abs/2506.09930; DOI 10.48550/arXiv.2506.09930,reports-results,simplerenv-result-unattributed,not reported,"Custom INT-ACT suite results are reported, including Table 1 average task success values: pi0 finetune 30.4, pi0 scratch 48.9, Magma 21.6, SpatialVLA 21.5, Octo Small 1.6, Octo Base 2.4. No standard suite average.",,,,,,,,,,"Local full text /tmp/simplerenv_audit/s2_texts/c3d3faba1e541fa2ca29a3a46754c4af86ce8e50.txt lines 136-152 state INT-ACT extends SimplerEnv from 4 tasks per dataset to 50 BridgeV2-tailored tasks; lines 277-284 describe 50 tasks, 24 episodes, and 3 seeds; lines 359-414: Table 1 reports intention, grasp, and success metrics by category.",high,number-associated weight available,https://huggingface.co/collections/ai4ce/intact-probing-suite-684e5601e9ed640fdd9b994b,"The tracked row is a custom INT-ACT/SimplerEnv-derived table rather than a single standard-suite average, but the official INT-ACT release is tied to the reported numbers: the README says all relevant model checkpoints were uploaded and its evaluation configs cover the same INT-ACT task list. The Hugging Face collection contains the authors' pi0 finetune, pi0 scratch, and pi0 finetune-rephrase checkpoints with model.safetensors files; the model cards state that these checkpoints were used for SimplerEnv and INT-ACT evaluation and reproduce the paper's per-task SimplerEnv comparison table. The same README links the baseline Magma, SpatialVLA, and Octo checkpoints used for the other reported INT-ACT rows. Large weights were not downloaded; this classification uses repo/model-card text and file listings.",high,"Local full text lines 145-152 state the probing suite extends SimplerEnv, and lines 281-291 define the SimplerEnv-based evaluation metrics.",high,otherwise,"Reports the custom INT-ACT suite that extends SimplerEnv to 50 BridgeV2-tailored tasks, not a standard WidowX/Bridge suite average."
177,From Seeing to Doing: Bridging Reasoning and Decision for Robotic Manipulation,2025,arXiv.org,International Conference on Learning Representations (ICLR),Subagent verified ICLR venue metadata.,high,2505.08548,2025-05-13,Semantic Scholar/OpenAlex arXiv publication-date metadata,10.48550/arXiv.2505.08548,Semantic Scholar citation graph,Semantic Scholar says this work cites the SIMPLER seed paper (arXiv 2405.05941 / CoRL-PMLR version).,indexed-citation,https://www.semanticscholar.org/paper/af7a092ffcf06772870cf67e37aa471d74f4e7bc; https://arxiv.org/abs/2505.08548; DOI 10.48550/arXiv.2505.08548,reports-results,widowx-bridge,not reported,WidowX / Bridge=40.6,,,40.6,,,,,48.3,pi0-fast,Independent subagent full-text/result audit verified: WidowX / Bridge=40.6,high,number-associated weight available,https://huggingface.co/collections/IffYuan/fsd,"The tracked value is FSD's 40.6% SimplerEnv WidowX average. The arXiv v3 abstract and official project page both state the 40.6% SimplerEnv result, and the project page/GitHub repository link the official FSD Hugging Face collection. That collection contains public FSD model repositories, and FSD-v1 exposes sharded PyTorch checkpoint files in the file tree. I did not download any weight shard.",medium,Independent subagent full-text/result audit verified: WidowX / Bridge=40.6,high,official-ish,Reports a standard SimplerEnv WidowX/Bridge success-rate average for FSD.
178,From Spatial to Actions: Grounding Vision-Language-Action Model in Spatial Foundation Priors,2025,arXiv.org,International Conference on Learning Representations (ICLR),Subagent verified ICLR venue metadata.,high,2510.17439,2025-10-20,Semantic Scholar/OpenAlex arXiv publication-date metadata,10.48550/arXiv.2510.17439,Semantic Scholar citation graph,Semantic Scholar says this work cites the SIMPLER seed paper (arXiv 2405.05941 / CoRL-PMLR version).,indexed-citation,https://www.semanticscholar.org/paper/9a7fcc41c5da78aa961eb8225a55f1df6539b649; https://arxiv.org/abs/2510.17439; DOI 10.48550/arXiv.2510.17439,reports-results,widowx-bridge; simplerenv-result-unattributed,not reported,"WidowX / Bridge=56.3; generic Google Robot average=62.9, not split into VM/VA suite columns.",,,56.3,,,,,42.7,SpatialVLA,arXiv:2510.17439 Table 2 reports FALCON WidowX / Bridge Avg 56.3; Table 3 reports a generic Google Robot Avg 62.9 without a VM/VA split.,high,number-associated weight available,https://huggingface.co/FALCON-VLA/FALCON-series/blob/main/falcon-esm-fc-simpler-bridge/ckpts/falcon_esm_fc_simpler_bridge.pt,"The tracked SimpleEnv/SimplerEnv number is FALCON's WidowX/Bridge result of 56.3. The official FALCON repository/model card says the Model Zoo provides paper weights and identifies FALCON-FC-SimplerEnv-Bridge as the checkpoint pretrained on OXE then finetuned on Bridge for Tab. 2, which is the Bridge-WidowX table. Hugging Face metadata lists the public falcon-esm-fc-simpler-bridge checkpoint file and associated logs/config metadata. The generic Google value in the paper has a separate Fractal/Google checkpoint, but the URL here is the Bridge checkpoint corresponding to the tracked WidowX/Bridge cell.",high,arXiv:2510.17439 Tables 2-3 evaluate FALCON on SimplerEnv WidowX and Google Robot; only the WidowX value is mapped to a sortable suite column.,high,official-ish,Reports a standard SimplerEnv WidowX/Bridge success-rate average; the generic unsplit Google Robot average is not needed for comparability.
179,Generalist Robot Manipulation beyond Action Labeled Data,2025,arXiv.org,Conference on Robot Learning (CoRL),Subagent verified CoRL venue metadata.,high,2509.19958,2025-09-24,Semantic Scholar/OpenAlex arXiv publication-date metadata,10.48550/arXiv.2509.19958,Semantic Scholar citation graph,Semantic Scholar says this work cites the SIMPLER seed paper (arXiv 2405.05941 / CoRL-PMLR version).,indexed-citation,https://www.semanticscholar.org/paper/6b712d7134329bf0eb50363ce73d73c0becad7c7; https://arxiv.org/abs/2509.19958; DOI 10.48550/arXiv.2509.19958,reports-results,widowx-bridge,not reported,WidowX / Bridge=68.2,,,68.2,,,,,56.8,pi0 (B),Independent subagent full-text/result audit verified: WidowX / Bridge=68.2,high,number-associated weight available,https://huggingface.co/aspiridonov/motovla/tree/main/motovla-d-256-b-1024-t-2025-04-22-13-11_checkpoint-000023070,"The tracked WidowX/Bridge value is MotoVLA (R+H) 68.2 on the SIMPLER in-domain table. The official project page reports that MotoVLA (R+H) achieves 68.2% average success in SIMPLER, and the official GitHub README says model weights, evaluation, and inference code are released. The repository's SimplerEnv eval config defaults to checkpoint/motovla-d-256-b-1024-t-2025-04-22-13-11_checkpoint-000023070, and Hugging Face metadata lists public checkpoint files under that same directory. Large files were not downloaded.",high,Independent subagent full-text/result audit verified: WidowX / Bridge=68.2,high,official-ish,Reports a WidowX / Bridge success-rate average (68.2) under the standard SimplerEnv WidowX-Bridge protocol.
180,GenManip: LLM-driven Simulation for Generalizable Instruction-Following Manipulation,2025,Computer Vision and Pattern Recognition,IEEE/CVF Conference on Computer Vision and Pattern Recognition (CVPR),Subagent verified CVPR venue metadata.,high,2506.10966,2025-06-10,Semantic Scholar/OpenAlex arXiv publication-date metadata,10.1109/CVPR52734.2025.01138,Semantic Scholar citation graph,Semantic Scholar says this work cites the SIMPLER seed paper (arXiv 2405.05941 / CoRL-PMLR version).,indexed-citation,https://www.semanticscholar.org/paper/d29c715b0cfa25fb5c34eb91a3af8de871efd901; https://arxiv.org/abs/2506.10966; DOI 10.1109/CVPR52734.2025.01138,citation-only,n/a,n/a,n/a,,,,,,,,,,n/a,n/a,n/a,,n/a,n/a,Independent subagent full-text audit found no SimplerEnv benchmark result attributable to this work.,high,,
181,GeoAware-VLA: Implicit Geometry Aware Vision-Language-Action Model,2025,arXiv.org,n/a,n/a,n/a,2509.14117,2025-09-17,Semantic Scholar/OpenAlex arXiv publication-date metadata,10.48550/arXiv.2509.14117,Semantic Scholar citation graph; OpenAlex term search: Real Robot Setups SIMPLER,Semantic Scholar says this work cites the SIMPLER seed paper (arXiv 2405.05941 / CoRL-PMLR version).,indexed-citation,https://www.semanticscholar.org/paper/de907b402c6005e74bc954b1f27ebe097e24cdf6; https://arxiv.org/abs/2509.14117; DOI 10.48550/arXiv.2509.14117; https://openalex.org/W4416255737,citation-only,n/a,n/a,n/a,,,,,,,,,,n/a,n/a,n/a,,n/a,n/a,Citation graph row; converted text did not contain SimplerEnv benchmark-use/result terms beyond the citation record.,high,,
182,GigaWorld-0: World Models as Data Engine to Empower Embodied AI,2025,arXiv.org,n/a,n/a,n/a,2511.19861,2025-11-25,Semantic Scholar/OpenAlex arXiv publication-date metadata,10.48550/arXiv.2511.19861,Semantic Scholar citation graph,Semantic Scholar says this work cites the SIMPLER seed paper (arXiv 2405.05941 / CoRL-PMLR version).,indexed-citation,https://www.semanticscholar.org/paper/078b530b3dd7b3dcd50b8764087453280fd7a2a6; https://arxiv.org/abs/2511.19861; DOI 10.48550/arXiv.2511.19861,citation-only,n/a,n/a,n/a,,,,,,,,,,n/a,n/a,n/a,,n/a,n/a,Citation graph row; converted text did not contain SimplerEnv benchmark-use/result terms beyond the citation record.,high,,
183,GSWorld: Closed-Loop Photo-Realistic Simulation Suite for Robotic Manipulation,2025,arXiv.org,IEEE International Conference on Robotics and Automation (ICRA),Subagent verified ICRA venue metadata.,high,2510.20813,2025-10-23,Semantic Scholar/OpenAlex arXiv publication-date metadata,10.48550/arXiv.2510.20813,Semantic Scholar citation graph,Semantic Scholar says this work cites the SIMPLER seed paper (arXiv 2405.05941 / CoRL-PMLR version).,indexed-citation,https://www.semanticscholar.org/paper/935a8586ea05ae1d59efaca83f537025b6111822; https://arxiv.org/abs/2510.20813; DOI 10.48550/arXiv.2510.20813,citation-only,n/a,n/a,n/a,,,,,,,,,,n/a,n/a,n/a,,n/a,n/a,Independent subagent full-text audit found no SimplerEnv benchmark result attributable to this work.,high,,
184,GWM: Towards Scalable Gaussian World Models for Robotic Manipulation,2025,IEEE International Conference on Computer Vision,IEEE International Conference on Computer Vision,Subagent verified ICCV venue metadata.,high,2508.17600,2025-08-25,Semantic Scholar/OpenAlex arXiv publication-date metadata,10.1109/ICCV51701.2025.00865,Semantic Scholar citation graph,Semantic Scholar says this work cites the SIMPLER seed paper (arXiv 2405.05941 / CoRL-PMLR version).,indexed-citation,https://www.semanticscholar.org/paper/d338e99f53dde228a10cd4754562d19b8c6e95f0; https://arxiv.org/abs/2508.17600; DOI 10.1109/ICCV51701.2025.00865,citation-only,n/a,n/a,n/a,,,,,,,,,,n/a,n/a,n/a,,n/a,n/a,Citation graph row; converted text did not contain SimplerEnv benchmark-use/result terms beyond the citation record.,high,,
185,HAMLET: Switch your Vision-Language-Action Model into a History-Aware Policy,2025,arXiv.org,International Conference on Learning Representations (ICLR),Subagent verified ICLR venue metadata.,high,2510.00695,2025-10-01,Semantic Scholar/OpenAlex arXiv publication-date metadata,10.48550/arXiv.2510.00695,Semantic Scholar citation graph,Semantic Scholar says this work cites the SIMPLER seed paper (arXiv 2405.05941 / CoRL-PMLR version).,indexed-citation,https://www.semanticscholar.org/paper/aa95daa91807ccd60dc0b7b928328069828af83e; https://arxiv.org/abs/2510.00695; DOI 10.48550/arXiv.2510.00695,reports-results,widowx-bridge,not reported,WidowX / Bridge=63.5,,,63.5,,,,,52.1,CogACT,Independent subagent full-text/result audit verified: WidowX / Bridge=63.5,high,weight-but-not-for-number,,"The tracked WidowX/Bridge number is +HAMLET (Ours) on CogACT with an average of 63.5, which requires the HAMLET-added moment tokens/memory module and fine-tuning setup. The paper lists public backbone checkpoints such as CogACT-Base, GR00T, pi0, and pi0-FAST, but those are baseline/initialization weights rather than the HAMLET-adapted CogACT policy that produced 63.5. The official HAMLET project page only links arXiv and marks code as soon; it provides no HAMLET SimplerEnv checkpoint or download. Hugging Face searches found some HAMLET/OpenVLA LIBERO artifacts and author GR00T/RoboCasa-style models, but no public CogACT/SimplerEnv HAMLET checkpoint tied to the tracked number.",high,Independent subagent full-text/result audit verified: WidowX / Bridge=63.5,high,official-ish,Reports a WidowX / Bridge success-rate average (63.5) under the standard SimplerEnv WidowX-Bridge protocol.
186,HAMSTER: Hierarchical Action Models For Open-World Robot Manipulation,2025,International Conference on Learning Representations,International Conference on Learning Representations (ICLR),Subagent verified ICLR venue metadata.,high,2502.05485,2025-02-08,Semantic Scholar/OpenAlex arXiv publication-date metadata,10.48550/arXiv.2502.05485,Semantic Scholar citation graph; OpenAlex term search: SIMPLER WidowX,Semantic Scholar says this work cites the SIMPLER seed paper (arXiv 2405.05941 / CoRL-PMLR version).,indexed-citation,https://www.semanticscholar.org/paper/f7fda04c653b44b043735cb4a3c108c84131e067; https://arxiv.org/abs/2502.05485; DOI 10.48550/arXiv.2502.05485; https://openalex.org/W4407384835,citation-only,n/a,n/a,n/a,,,,,,,,,,n/a,n/a,n/a,,n/a,n/a,Independent subagent full-text audit found no SimplerEnv benchmark result attributable to this work.,high,,
187,Hierarchical Vision Language Action Model Using Success and Failure Demonstrations,2025,arXiv.org,n/a,n/a,n/a,2512.03913,2025-12-03,Semantic Scholar/OpenAlex arXiv publication-date metadata,10.48550/arXiv.2512.03913,Semantic Scholar citation graph,Semantic Scholar says this work cites the SIMPLER seed paper (arXiv 2405.05941 / CoRL-PMLR version).,indexed-citation,https://www.semanticscholar.org/paper/d9c628227a7d39fd6efbd8f762de50e8f38713cc; https://arxiv.org/abs/2512.03913; DOI 10.48550/arXiv.2512.03913,reports-results,widowx-bridge,"eggplant 72, carrot 192, spoon 144, cube 192 trajectories",WidowX / Bridge=40.6,,,40.6,,,,,38.9,pi0 (Finetuned),Independent subagent full-text/result audit verified: WidowX / Bridge=40.6,high,weight-but-not-for-number,,"The tracked WidowX/Bridge value is VINE's SimplerEnv result after rolling out a BridgeV2-finetuned pi0 policy, collecting 600 additional trajectories, retraining with the failure-aware procedure, and merging adapted weights. The official project page has empty Code and Dataset buttons and no model link, and exact Hugging Face searches for VINE-VLA/2512.03913 returned no model artifact. Public base pi0/INT-ACT-style weights are related starting points, but they are not the VINE adapted policy/value-function weights that produced the tracked 40.6 result.",high,Independent subagent full-text/result audit verified: WidowX / Bridge=40.6,high,official-ish,Reports a WidowX / Bridge success-rate average (40.6) under the standard SimplerEnv WidowX-Bridge evaluation.
188,How Do VLAs Effectively Inherit from VLMs?,2025,arXiv.org,n/a,n/a,n/a,2511.06619,2025-11-10,Semantic Scholar/OpenAlex arXiv publication-date metadata,10.48550/arXiv.2511.06619,Semantic Scholar citation graph; OpenAlex term search: Real Robot Setups SIMPLER; OpenAlex term search: SIMPLER WidowX,Semantic Scholar says this work cites the SIMPLER seed paper (arXiv 2405.05941 / CoRL-PMLR version).,indexed-citation,https://www.semanticscholar.org/paper/36d038ad0b4fb8353529b50cc493bcd97297979c; https://arxiv.org/abs/2511.06619; DOI 10.48550/arXiv.2511.06619; https://openalex.org/W7105506859,reports-results,widowx-bridge,not reported,WidowX / Bridge=49.0; generic Google result was not assigned to VM/VA.,,,49.0,,,,,27,pi0,Independent subagent full-text/result audit verified: WidowX / Bridge=49.0; generic Google result was not assigned to VM/VA.,high,not-found,,"The tracked WidowX/Bridge value 49.0 is Appendix A's SIMPLER performance for the paper's controlled pi0-style baseline VLA after OXE pretraining/fine-tuning, not a generic base VLM or open-pi-zero implementation checkpoint. The paper says the GrinningFace code is provided on GitHub, but the official repository is currently only a placeholder saying the code release process is ongoing, and it has no release assets or checkpoint files. The first author's Hugging Face profile exposes only an unrelated llama2-alpaca model, and Hugging Face search for GrinningFace returned no model artifacts. No public reported-number checkpoint was found.",high,Independent subagent full-text/result audit verified: WidowX / Bridge=49.0; generic Google result was not assigned to VM/VA.,high,official-ish,"Reports a clean WidowX / Bridge success-rate average (49.0); the generic Google result is unassigned, but the Bridge number is standard-comparable."
189,Humanoid Everyday: A Comprehensive Robotic Dataset for Open-World Humanoid Manipulation,2025,arXiv.org,n/a,n/a,n/a,2510.08807,2025-10-09,Semantic Scholar/OpenAlex arXiv publication-date metadata,10.48550/arXiv.2510.08807,Semantic Scholar citation graph,Semantic Scholar says this work cites the SIMPLER seed paper (arXiv 2405.05941 / CoRL-PMLR version).,indexed-citation,https://www.semanticscholar.org/paper/355cdb7fde5ff6748dfa62f01e71e062b3a02227; https://arxiv.org/abs/2510.08807; DOI 10.48550/arXiv.2510.08807,citation-only,n/a,n/a,n/a,,,,,,,,,,n/a,n/a,n/a,,n/a,n/a,Citation graph row; converted text did not contain SimplerEnv benchmark-use/result terms beyond the citation record.,high,,
190,HumanoidGen: Data Generation for Bimanual Dexterous Manipulation via LLM Reasoning,2025,arXiv.org,Neural Information Processing Systems (NeurIPS),Subagent verified NeurIPS venue metadata.,high,2507.00833,2025-07-01,Semantic Scholar/OpenAlex arXiv publication-date metadata,10.48550/arXiv.2507.00833,Semantic Scholar citation graph,Semantic Scholar says this work cites the SIMPLER seed paper (arXiv 2405.05941 / CoRL-PMLR version).,indexed-citation,https://www.semanticscholar.org/paper/2513cec0a4c58cdc30cdf0b47f210da61ffb0fee; https://arxiv.org/abs/2507.00833; DOI 10.48550/arXiv.2507.00833,citation-only,n/a,n/a,n/a,,,,,,,,,,n/a,n/a,n/a,,n/a,n/a,Independent subagent full-text audit found no SimplerEnv benchmark result attributable to this work.,high,,
191,Hume: Introducing System-2 Thinking in Visual-Language-Action Model,2025,arXiv.org,n/a,n/a,n/a,2505.21432,2025-05-27,Semantic Scholar/OpenAlex arXiv publication-date metadata,10.48550/arXiv.2505.21432,Semantic Scholar citation graph,Semantic Scholar says this work cites the SIMPLER seed paper (arXiv 2405.05941 / CoRL-PMLR version).,indexed-citation,https://www.semanticscholar.org/paper/ed4d0cdac476d4514bd8a7f2b6b7101df423ae86; https://arxiv.org/abs/2505.21432; DOI 10.48550/arXiv.2505.21432,reports-results,google-fractal-vm; google-fractal-va; widowx-bridge,not reported,Google Robot / Fractal VM=78.7; Google Robot / Fractal VA=74.1; WidowX / Bridge=72.6,78.7,74.1,72.6,74.6,RT-1 (Converged),70.7,SpatialVLA,48.3,pi0-FAST,Independent subagent full-text/result audit verified: Google Robot / Fractal VM=78.7; Google Robot / Fractal VA=74.1; WidowX / Bridge=72.6,high,weight-but-not-for-number,,"Official Hume sources expose public Hume-System2 and LIBERO fine-tuned model files, but the tracked numbers are Google Robot/Fractal VM 78.7, Fractal VA 74.1, and WidowX/Bridge 72.6. HF metadata lists Hume-System2 plus LIBERO-Goal/Object/Spatial checkpoints tagged with LIBERO datasets, and the GitHub releases listing is empty; I found no public checkpoint or result log tied to the SimpleEnv/SimplerEnv VM/VA/WidowX evaluations.",high,Independent subagent full-text/result audit verified: Google Robot / Fractal VM=78.7; Google Robot / Fractal VA=74.1; WidowX / Bridge=72.6,high,official-ish,"Reports success-rate averages for all standard SimplerEnv suites: Google Robot Fractal VM, Google Robot Fractal VA, and WidowX / Bridge."
192,HyperVLA: Efficient Inference in Vision-Language-Action Models via Hypernetworks,2025,arXiv.org,n/a,n/a,n/a,2510.04898,2025-10-06,Semantic Scholar/OpenAlex arXiv publication-date metadata,10.48550/arXiv.2510.04898,Semantic Scholar citation graph; OpenAlex term search: SIMPLER Google Robot Bridge; OpenAlex term search: SIMPLER WidowX,Semantic Scholar says this work cites the SIMPLER seed paper (arXiv 2405.05941 / CoRL-PMLR version).,indexed-citation,https://www.semanticscholar.org/paper/48a0ad020041d271fc4af48ef0cc0e2e9033eea8; https://arxiv.org/abs/2510.04898; DOI 10.48550/arXiv.2510.04898; https://openalex.org/W4416374266,reports-results,widowx-bridge,detailed task-specific demonstrations reported in source text,WidowX / Bridge=40.0; additional SimplerEnv results were not suite averages.,,,40.0,,,,,36,OpenVLA,Independent subagent full-text/result audit verified: WidowX / Bridge=40.0; additional SimplerEnv results were not suite averages.,high,not-found,,"The official repository provides SIMPLER evaluation commands, but they require a local `your_model_path`/`your_pretrained_checkpoint_path`. GitHub releases are empty and HF model/dataset searches for HyperVLA returned no public model artifacts, so no public checkpoint is tied to the tracked WidowX/Bridge 40.0 number.",high,Independent subagent full-text/result audit verified: WidowX / Bridge=40.0; additional SimplerEnv results were not suite averages.,high,official-ish,Reports a clean WidowX / Bridge success-rate average (40.0); other task-level SimplerEnv results are extra and not used for the label.
193,IGen: Scalable Data Generation for Robot Learning from Open-World Images,2025,arXiv.org,n/a,n/a,n/a,2512.01773,2025-12-01,Semantic Scholar/OpenAlex arXiv publication-date metadata,10.48550/arXiv.2512.01773,Semantic Scholar citation graph,Semantic Scholar says this work cites the SIMPLER seed paper (arXiv 2405.05941 / CoRL-PMLR version).,indexed-citation,https://www.semanticscholar.org/paper/2ff9856abb65755461fa8246e31daefe1d886ac3; https://arxiv.org/abs/2512.01773; DOI 10.48550/arXiv.2512.01773,uses-data-no-results,n/a,n/a,n/a,,,,,,,,,,n/a,n/a,n/a,,n/a,n/a,Independent subagent full-text audit found no SimplerEnv benchmark result attributable to this work.,high,,
194,ImageInThat: Manipulating Images to Convey User Instructions to Robots,2025,IEEE/ACM International Conference on Human-Robot Interaction,IEEE/ACM International Conference on Human-Robot Interaction,Subagent verified HRI venue metadata.,high,2503.15500,2025-01-21,Semantic Scholar/OpenAlex arXiv publication-date metadata,10.1109/HRI61500.2025.10974179,Semantic Scholar citation graph,Semantic Scholar says this work cites the SIMPLER seed paper (arXiv 2405.05941 / CoRL-PMLR version).,indexed-citation,https://www.semanticscholar.org/paper/cdbbd742ccb8f15e7250f1f49cd36a0efdef771d; https://arxiv.org/abs/2503.15500; DOI 10.1109/HRI61500.2025.10974179,citation-only,n/a,n/a,n/a,,,,,,,,,,n/a,n/a,n/a,,n/a,n/a,Citation graph row; converted text did not contain SimplerEnv benchmark-use/result terms beyond the citation record.,high,,
195,Improving Robotic Manipulation Robustness via NICE Scene Surgery,2025,arXiv.org,n/a,n/a,n/a,2511.22777,2025-11-27,Semantic Scholar/OpenAlex arXiv publication-date metadata,10.48550/arXiv.2511.22777,Semantic Scholar citation graph,Semantic Scholar says this work cites the SIMPLER seed paper (arXiv 2405.05941 / CoRL-PMLR version).,indexed-citation,https://www.semanticscholar.org/paper/e2b0529c28b29998854b356af634b855498a98eb; https://arxiv.org/abs/2511.22777; DOI 10.48550/arXiv.2511.22777,citation-only,n/a,n/a,n/a,,,,,,,,,,n/a,n/a,n/a,,n/a,n/a,Citation graph row; converted text did not contain SimplerEnv benchmark-use/result terms beyond the citation record.,high,,
196,Incentivizing Multimodal Reasoning in Large Models for Direct Robot Manipulation,2025,arXiv.org,n/a,n/a,n/a,2505.12744,2025-05-19,Semantic Scholar/OpenAlex arXiv publication-date metadata,10.48550/arXiv.2505.12744,Semantic Scholar citation graph,Semantic Scholar says this work cites the SIMPLER seed paper (arXiv 2405.05941 / CoRL-PMLR version).,indexed-citation,https://www.semanticscholar.org/paper/895a55cfac289b2d17326db7d185307b161b469c; https://arxiv.org/abs/2505.12744; DOI 10.48550/arXiv.2505.12744,reports-results,simplerenv-result-unattributed,5-10 samples per task; 65 training samples total across 7 tasks,Reports custom SimplerEnv results; no standard suite average.,,,,,,,,,,Independent subagent full-text/result audit verified: Reports custom SimplerEnv results; no standard suite average.,high,not-found,,"The paper describes ReasonManip as a Qwen2.5-VL-7B-Instruct-based model trained with 65 Simpler samples, SFT, and GRPO in the SIMPLER simulator. Exact-title and ReasonManip GitHub/HF searches found no official repository or model files, and the paper text did not provide a checkpoint/download link. Thus no public artifact is tied to its custom SimplerEnv results.",high,Independent subagent full-text/result audit verified: Reports custom SimplerEnv results; no standard suite average.,high,otherwise,"Reports custom SimplerEnv results without a VM, VA, or WidowX-Bridge suite average, so the numbers are not comparable to the standard protocol."
197,Inference-Time Enhancement of Generative Robot Policies via Predictive World Modeling,2025,IEEE Robotics and Automation Letters,IEEE Robotics and Automation Letters,Subagent verified IEEE Robotics and Automation Letters venue metadata.,high,2502.00622,2025-02-02,Semantic Scholar/OpenAlex arXiv publication-date metadata,10.1109/LRA.2026.3673995,Semantic Scholar citation graph,Semantic Scholar says this work cites the SIMPLER seed paper (arXiv 2405.05941 / CoRL-PMLR version).,indexed-citation,https://www.semanticscholar.org/paper/36a59ec422a08bbdfa54a9f8e37b8155b93e72a4; https://arxiv.org/abs/2502.00622; DOI 10.1109/LRA.2026.3673995,citation-only,n/a,n/a,n/a,,,,,,,,,,n/a,n/a,n/a,,n/a,n/a,Citation graph row; converted text did not contain SimplerEnv benchmark-use/result terms beyond the citation record.,high,,
198,InstructVLA: Vision-Language-Action Instruction Tuning from Understanding to Manipulation,2025,arXiv.org,International Conference on Learning Representations (ICLR),Subagent verified ICLR venue metadata.,high,2507.17520,2025-07-23,Semantic Scholar/OpenAlex arXiv publication-date metadata,10.48550/arXiv.2507.17520,Semantic Scholar citation graph; OpenAlex term search: SimplerEnv,Semantic Scholar says this work cites the SIMPLER seed paper (arXiv 2405.05941 / CoRL-PMLR version).,indexed-citation,https://www.semanticscholar.org/paper/c0caf3a0f22f18d492265a4eb83424bc5794c534; https://arxiv.org/abs/2507.17520; DOI 10.48550/arXiv.2507.17520; https://openalex.org/W4414881418,reports-results,simplerenv-result-unattributed,not reported,Reports SimplerEnv result without a clean VM/VA/WidowX suite average.,,,,,,,,,,Subagent verified ICLR venue and cleared unsupported VA suite value.,high,number-associated weight available,https://huggingface.co/ShuaiYang03/instructvla_finetune_v2_xlora_freeze_head_instruction,"Official InstructVLA sources release SimpleEnv/SimplerEnv checkpoints rather than only generic base weights. The GitHub README lists Expert-Simpler and Generalist-Simpler HF checkpoints, the selected HF model exposes `checkpoints/step-013500-epoch-01-loss=0.1093.pt`, and the same repository contains `results_step-013500-epoch-01-loss=0.1093_simpler_*` final_result logs. These artifacts correspond to the paper's tracked SimplerEnv/SimplerEnv-Instruct reported results, even though the tracker row does not reduce them to a clean VM/VA/WidowX suite average.",high,Subagent verified ICLR venue and cleared unsupported VA suite value.,high,otherwise,"Reports SimplerEnv/SimplerEnv-Instruct results but no clean Google VM, Google VA, or WidowX-Bridge suite average, so the protocol is unattributed/non-comparable."
199,Intention-Conditioned Flow Occupancy Models,2025,arXiv.org,International Conference on Learning Representations (ICLR),Subagent verified ICLR venue metadata.,high,2506.08902,2025-06-10,Semantic Scholar/OpenAlex arXiv publication-date metadata,10.48550/arXiv.2506.08902,Semantic Scholar citation graph,Semantic Scholar says this work cites the SIMPLER seed paper (arXiv 2405.05941 / CoRL-PMLR version).,indexed-citation,https://www.semanticscholar.org/paper/ec02d759dce3aabb98209de64beacd74e5bbb93e; https://arxiv.org/abs/2506.08902; DOI 10.48550/arXiv.2506.08902,reports-results,simplerenv-result-unattributed,not reported,Reports a single-task SimplerEnv figure/result; no clean suite average.,,,,,,,,,,Subagent verified ICLR venue and single-task result; suite cells left blank.,high,not-found,,"The official InFOM repository provides code and dataset-generation/download commands for OGBench/ExORL-style runs, but no release assets or model/checkpoint downloads. HF exact-title/InFOM searches found no relevant model artifacts, so no public checkpoint is tied to the tracked single-task SimpleEnv/SimplerEnv result.",high,Subagent verified ICLR venue and single-task result; suite cells left blank.,high,otherwise,"Reports only a single-task SimplerEnv result rather than a standard suite average, so it is not comparable to VM/VA/WidowX-Bridge protocol."
200,Interleave-VLA: Enhancing Robot Manipulation with Interleaved Image-Text Instructions,2025,arXiv.org,n/a,n/a,n/a,2505.02152,2025-05-04,Semantic Scholar/OpenAlex arXiv publication-date metadata,10.48550/arXiv.2505.02152,Semantic Scholar citation graph,Semantic Scholar says this work cites the SIMPLER seed paper (arXiv 2405.05941 / CoRL-PMLR version).,indexed-citation,https://www.semanticscholar.org/paper/f763eb3d9e9a4c8010c6ac4f9b684fed96fd638b; https://arxiv.org/abs/2505.02152; DOI 10.48550/arXiv.2505.02152,reports-results,widowx-bridge,not reported,"Interleave-VLA (Full) reports In-Domain average 71.0, OOD Visual 73.4, Novel Object 55.7, Novel Category 53.0, and OOD Avg 60.7. Interleave-VLA (Partial) reports In-Domain 71.9 and OOD Avg 44.2; the pi0 Text-VLA baseline reports In-Domain 69.2 and OOD Avg 40.9.",,,71.0,,,,,69.2,pi0 Text-VLA,"Local full text /tmp/simplerenv_audit/s2_texts/f763eb3d9e9a4c8010c6ac4f9b684fed96fd638b.txt, lines 402-416 describe extending SimplerEnv with interleaved prompts and using four SimplerEnv-Bridge tasks plus ten new OOD tasks; lines 440-455 give Table 1 with In-Domain and OOD success rates.",high,number-associated weight available,https://huggingface.co/Interleave-VLA/interleave-pi0-bridge,"The tracked Table 1 SimplerEnv-Bridge numbers are for Interleave-VLA adapted from pi0, with Interleave-VLA Full reporting In-Domain 71.0 and OOD averages. The official repository links an Interleave-pi0 HF checkpoint, HF metadata lists `step34799.pt`, and the official SimplerEnv Bridge evaluation script comments `hf download Interleave-VLA/interleave-pi0-bridge --include ""step34799.pt""` before using that checkpoint path. I did not download the large `.pt` file.",high,"Local full text /tmp/simplerenv_audit/s2_texts/f763eb3d9e9a4c8010c6ac4f9b684fed96fd638b.txt, lines 402-416 and 440-455 directly state SimplerEnv evaluation and results.",high,official-ish,Reports an In-Domain average on the four SimplerEnv-Bridge WidowX tasks; custom OOD suites are extra and do not remove the standard-comparable number.
201,Invariance Co-training for Robot Visual Generalization,2025,arXiv.org,n/a,n/a,n/a,2512.05230,2025-12-04,Semantic Scholar/OpenAlex arXiv publication-date metadata,10.48550/arXiv.2512.05230,Semantic Scholar citation graph,Semantic Scholar says this work cites the SIMPLER seed paper (arXiv 2405.05941 / CoRL-PMLR version).,indexed-citation,https://www.semanticscholar.org/paper/e020ee2444cbff0a7aa5d5bdfa03856d52eb28b5; https://arxiv.org/abs/2512.05230; DOI 10.48550/arXiv.2512.05230,uses-data-no-results,n/a,n/a,n/a,,,,,,,,,,n/a,n/a,n/a,,n/a,n/a,"Local full text /tmp/simplerenv_audit/s2_texts/e020ee2444cbff0a7aa5d5bdfa03856d52eb28b5.txt, lines 269-275 say the authors collect a static dataset in LIBERO, Unreal Engine, and the Simpler Environment by freezing states and capturing viewpoints; lines 321-335 show reported figures are generalization/ablation results, not SimplerEnv benchmark suite results.",high,,
202,Is Your Imitation Learning Policy Better than Mine? Policy Comparison with Near-Optimal Stopping,2025,Robotics,Robotics: Science and Systems (RSS) 2025,Official RSS program/proceedings pages list Paper ID 77: https://roboticsconference.org/program/papers/77/ and https://www.roboticsproceedings.org/rss21/p077.html.,high,2503.10966,2025-03-14,Semantic Scholar/OpenAlex arXiv publication-date metadata,10.48550/arXiv.2503.10966,Semantic Scholar citation graph,Semantic Scholar says this work cites the SIMPLER seed paper (arXiv 2405.05941 / CoRL-PMLR version).,indexed-citation,https://www.semanticscholar.org/paper/2a917967c33f83bf4bf93163af0cb742254ec5bb; https://arxiv.org/abs/2503.10966; DOI 10.48550/arXiv.2503.10966,reports-results,simplerenv-result-unattributed,not reported,"Table I reports SimplerEnv terminal empirical success rates for three policy-comparison rows: SpoonOnTowel p0=8.4 and p1=38.6, EggplantInBasket p0=40.0 and p1=56.4, StackCube p0=0.0 and p1=3.0. The Multitask row reports N/A for p0/p1 and no suite average.",,,,,,,,,,"Local full text /tmp/simplerenv_audit/s2_texts/2a917967c33f83bf4bf93163af0cb742254ec5bb.txt, lines 464-490 give Table I and its caption; lines 493-511 state the SimplerEnv simulation comparison of Octo-Small and Octo-Base/OpenVLA on SpoonOnTowel, EggplantInBasket, and StackCube.",high,unclear,,"The tracked SimplerEnv numbers are empirical success rates for Octo-Small versus Octo-Base in the STEP paper. The paper explicitly names Octo-Small and Octo-Base, and official Octo public checkpoints exist on Hugging Face. However, the STEP paper and official STEP repository do not pin the exact Hugging Face repository/version/revision used for the Table I SimplerEnv rollouts; the repository is statistical-test code plus small evaluation artifacts, not a policy-weight release.",medium,"Local full text /tmp/simplerenv_audit/s2_texts/2a917967c33f83bf4bf93163af0cb742254ec5bb.txt, lines 493-511 directly describe the SimplerEnv simulation evaluation.",high,otherwise,"Reports terminal success rates for only three SimplerEnv policy-comparison tasks, with no standard WidowX/Bridge or Google Robot VM/VA suite average."
203,Large VLM-based Vision-Language-Action Models for Robotic Manipulation: A Survey,2025,arXiv.org,n/a,n/a,n/a,2508.13073,2025-08-18,Semantic Scholar/OpenAlex arXiv publication-date metadata,10.48550/arXiv.2508.13073,Semantic Scholar citation graph,Semantic Scholar says this work cites the SIMPLER seed paper (arXiv 2405.05941 / CoRL-PMLR version).,indexed-citation,https://www.semanticscholar.org/paper/dce821cddbf6a3eb435de04d9353681925aaaecf; https://arxiv.org/abs/2508.13073; DOI 10.48550/arXiv.2508.13073,citation-only,n/a,n/a,n/a,,,,,,,,,,n/a,n/a,n/a,,n/a,n/a,"Local full text /tmp/simplerenv_audit/s2_texts/dce821cddbf6a3eb435de04d9353681925aaaecf.txt, lines 1028-1032 mention SIMPLER as a realism-focused platform; lines 1521-1524 cite the SimplerEnv paper in the references. No original SimplerEnv evaluation is reported.",high,,
204,LatBot: Distilling Universal Latent Actions for Vision-Language-Action Models,2025,arXiv.org,n/a,n/a,n/a,2511.23034,2025-11-28,Semantic Scholar/OpenAlex arXiv publication-date metadata,10.48550/arXiv.2511.23034,Semantic Scholar citation graph,Semantic Scholar says this work cites the SIMPLER seed paper (arXiv 2405.05941 / CoRL-PMLR version).,indexed-citation,https://www.semanticscholar.org/paper/95b51257226450731c1917084dc798a6db754015; https://arxiv.org/abs/2511.23034; DOI 10.48550/arXiv.2511.23034,reports-results,google-fractal-vm; google-fractal-va; widowx-bridge,not reported,"LatBot/Ours reports Google Robot Visual Matching Avg 78.0, Google Robot Variant Aggregation Avg 70.1, and WidowX Visual Matching Avg 87.5.",78.0,70.1,87.5,77.2,MemoryVLA,67.7,MemoryVLA,71.9,MemoryVLA,"Local full text /tmp/simplerenv_audit/s2_texts/95b51257226450731c1917084dc798a6db754015.txt, lines 246-265 give Table 1 Google Robot VM/VA averages; lines 267-278 give Table 2 WidowX Visual Matching average; lines 342-353 describe SIMPLER evaluation.",high,coming-soon-no-download-link,,The tracked numbers are LatBot SIMPLER Google Robot VM/VA and WidowX averages after latent-action distillation into a VLA. The official project page linked from arXiv shows the SIMPLER results but only says 'Code Coming Soon' and 'Model Coming Soon'; I found no public LatBot checkpoint or download/file listing tied to the reported SIMPLER numbers.,high,"Local full text /tmp/simplerenv_audit/s2_texts/95b51257226450731c1917084dc798a6db754015.txt, lines 342-350 state the paper evaluates on SIMPLER Google Robot and WidowX settings.",high,official-ish,"Reports standard SimplerEnv Google Robot Visual Matching, Google Robot Variant Aggregation, and WidowX Visual Matching averages."
205,Latent Action Pretraining Through World Modeling,2025,arXiv.org,n/a,n/a,n/a,2509.18428,2025-09-22,Semantic Scholar/OpenAlex arXiv publication-date metadata,10.48550/arXiv.2509.18428,Semantic Scholar citation graph,Semantic Scholar says this work cites the SIMPLER seed paper (arXiv 2405.05941 / CoRL-PMLR version).,indexed-citation,https://www.semanticscholar.org/paper/14344fcc81202763b41297d2461cac0f7192a66e; https://arxiv.org/abs/2509.18428; DOI 10.48550/arXiv.2509.18428,citation-only,n/a,n/a,n/a,,,,,,,,,,n/a,n/a,n/a,,n/a,n/a,"Local full text /tmp/simplerenv_audit/s2_texts/14344fcc81202763b41297d2461cac0f7192a66e.txt, lines 145-157 mention villa-X performance on SIMPLER as related work; lines 306-321 show the paper's own reported benchmark table is LIBERO, not SimplerEnv.",high,,
206,Learning Video Generation for Robotic Manipulation with Collaborative Trajectory Control,2025,arXiv.org,International Conference on Learning Representations (ICLR) 2026,"Local full text /tmp/simplerenv_audit/s2_texts/7ea6ae8014015156dfd12f8c94d108b1f596bd66.txt, lines 1 and 591 state 'Published as a conference paper at ICLR 2026'.",high,2506.01943,2025-06-02,Semantic Scholar/OpenAlex arXiv publication-date metadata,10.48550/arXiv.2506.01943,Semantic Scholar citation graph,Semantic Scholar says this work cites the SIMPLER seed paper (arXiv 2405.05941 / CoRL-PMLR version).,indexed-citation,https://www.semanticscholar.org/paper/7ea6ae8014015156dfd12f8c94d108b1f596bd66; https://arxiv.org/abs/2506.01943; DOI 10.48550/arXiv.2506.01943,reports-results,simplerenv-result-unattributed,300 video-action samples per test task for inverse-dynamics training; 100 generated videos/evaluation trials per task,"Table 4 reports SIMPLER per-task success rates as fractions over 100 episodes. RoboMaster reports pick coke can 91.0, close drawer 63.0, move near 67.0, and pick object 81.0. Baselines include OpenVLA 59.0/41.0/53.0/59.0, TesserAct 85.0/56.0/62.0/79.0, and Tora 89.0/61.0/61.0/74.0.",,,,,,,,,,"Local full text /tmp/simplerenv_audit/s2_texts/7ea6ae8014015156dfd12f8c94d108b1f596bd66.txt, lines 572-587 describe four SIMPLER tasks and Google Robot morphology; lines 598-617 describe 300 samples per test task and 100 generated videos/evaluation trials; lines 626-635 give Table 4 per-task success rates.",high,weight-but-not-for-number,,"The official HF repository has RoboMaster video-generation checkpoints, including a post-trained transformer, but the tracked SIMPLER success rates are from the embodied action-planning pipeline: benchmark-specific adaptation, 300 video-action samples per test task for inverse-dynamics training, 100 generated videos/trials, and simulated action execution. The public repo/HF release provides video-generation ckpts and Bridge/video-quality evaluation assets, while the repo TODO still lists evaluation-code and training-code release work and does not provide the inverse-dynamics/policy artifact or SimplerEnv result-producing setup for Table 4.",high,"Local full text /tmp/simplerenv_audit/s2_texts/7ea6ae8014015156dfd12f8c94d108b1f596bd66.txt, lines 574-582 and 626-635 directly describe and report SIMPLER evaluation.",high,otherwise,"Reports a custom embodied action-planning setup on four SIMPLER tasks with per-task inverse-dynamics training and generated-video trials, not the standard Google Robot VM/VA protocol."
207,Leveraging OS-Level Primitives for Robotic Action Management,2025,arXiv.org,n/a,n/a,n/a,2508.10259,2025-08-14,Semantic Scholar/OpenAlex arXiv publication-date metadata,10.48550/arXiv.2508.10259,Semantic Scholar citation graph,Semantic Scholar says this work cites the SIMPLER seed paper (arXiv 2405.05941 / CoRL-PMLR version).,indexed-citation,https://www.semanticscholar.org/paper/ad6e4d858d8b7775cd8be96308e35742faf16715; https://arxiv.org/abs/2508.10259; DOI 10.48550/arXiv.2508.10259,reports-results,simplerenv-result-unattributed,not reported,"Figure 15 reports SimplerEnv simulation success rates for CogACT and Octo on picking spoons. The text states AMS achieves a 5 to 12x accuracy improvement over direct inference and a 2x improvement over VLA-Cache in simulation, but exact bar values or a suite average are not printed in the extracted text.",,,,,,,,,,"Local full text /tmp/simplerenv_audit/s2_texts/ad6e4d858d8b7775cd8be96308e35742faf16715.txt, lines 634-660 describe WidowX in SimplerEnv and success-rate metrics; lines 749-754 state the 5-12x and 2x improvements; lines 778-798 caption Figure 15 as success rates in the simulation scenario.",medium,not-found,,"The tracked result is AMS's SimplerEnv success-rate improvement around existing CogACT/Octo policies, not a newly released VLA checkpoint. The arXiv record has no code/model link, and the institution-hosted PDF describes AMS as an OS-level runtime/service with action context, exception handling, and replay, not a downloadable trained policy. Exact-title web searches, GitHub/Hugging Face searches, and author/institution pages did not reveal an official AMS repository, model listing, release asset, or checkpoint download.",high,"Local full text /tmp/simplerenv_audit/s2_texts/ad6e4d858d8b7775cd8be96308e35742faf16715.txt, lines 634-660 and 749-798 directly describe SimplerEnv evaluation and success-rate results.",high,otherwise,"Reports AMS success-rate improvements only for picking spoons in SimplerEnv simulation, a single custom diagnostic rather than a standard SimplerEnv suite."
208,LIBERO-Plus: In-depth Robustness Analysis of Vision-Language-Action Models,2025,arXiv.org,n/a,n/a,n/a,2510.13626,2025-10-15,Semantic Scholar/OpenAlex arXiv publication-date metadata,10.48550/arXiv.2510.13626,Semantic Scholar citation graph,Semantic Scholar says this work cites the SIMPLER seed paper (arXiv 2405.05941 / CoRL-PMLR version).,indexed-citation,https://www.semanticscholar.org/paper/dfa5ba43d6df553bb3a8cf3fc1cf2d1210cc10c3; https://arxiv.org/abs/2510.13626; DOI 10.48550/arXiv.2510.13626,citation-only,n/a,n/a,n/a,,,,,,,,,,n/a,n/a,n/a,,n/a,n/a,Citation graph row; converted text did not contain SimplerEnv benchmark-use/result terms beyond the citation record.,high,,
209,LIBERO-PRO: Towards Robust and Fair Evaluation of Vision-Language-Action Models Beyond Memorization,2025,arXiv.org,n/a,n/a,n/a,2510.03827,2025-10-04,Semantic Scholar/OpenAlex arXiv publication-date metadata,10.48550/arXiv.2510.03827,Semantic Scholar citation graph,Semantic Scholar says this work cites the SIMPLER seed paper (arXiv 2405.05941 / CoRL-PMLR version).,indexed-citation,https://www.semanticscholar.org/paper/c3a0ea8b0563c735d768fca1eb5920fa85511ac7; https://arxiv.org/abs/2510.03827; DOI 10.48550/arXiv.2510.03827,citation-only,n/a,n/a,n/a,,,,,,,,,,n/a,n/a,n/a,,n/a,n/a,Citation graph row; converted text did not contain SimplerEnv benchmark-use/result terms beyond the citation record.,high,,
210,LLaDA-VLA: Vision Language Diffusion Action Models,2025,arXiv.org,n/a,n/a,n/a,2509.06932,2025-09-08,Semantic Scholar/OpenAlex arXiv publication-date metadata,10.48550/arXiv.2509.06932,Semantic Scholar citation graph,Semantic Scholar says this work cites the SIMPLER seed paper (arXiv 2405.05941 / CoRL-PMLR version).,indexed-citation,https://www.semanticscholar.org/paper/02cb02e641725da96f29d9233382bdffb8591377; https://arxiv.org/abs/2509.06932; DOI 10.48550/arXiv.2509.06932,reports-results,widowx-bridge,not reported,"Table 1 reports LLaDA-VLA success rates on WidowX Visual Matching: Put Spoon on Towel 56.9, Put Carrot on Plate 76.3, Stack Green on Yellow 30.6, Put Eggplant in Basket 58.3, Average 55.5.",,,55.5,,,,,51.3,Cog-ACT,"Local full text /tmp/simplerenv_audit/s2_texts/02cb02e641725da96f29d9233382bdffb8591377.txt, lines 277-291 give Table 1; lines 330-340 describe SimplerEnv WidowX Visual Matching setup; lines 401-402 state the authors train and evaluate on SimplerEnv.",high,weight-but-not-for-number,,"The tracked number is the fine-tuned LLaDA-VLA policy on SimplerEnv WidowX Visual Matching. The paper states it uses open-source LLaDA-V pretrained weights and then fine-tunes for 3 epochs; the project page has only paper/BibTex and a GitHub button without a model link, and the public GitHub repository is just website assets with no releases or checkpoints. Thus only related/pretrained components are public, not the fine-tuned result-producing SimplerEnv policy.",high,"Local full text /tmp/simplerenv_audit/s2_texts/02cb02e641725da96f29d9233382bdffb8591377.txt, lines 330-340 and 401-402 directly state SimplerEnv evaluation.",high,official-ish,Reports the standard SimplerEnv WidowX/Bridge Visual Matching four-task average.
211,LoLA: Long Horizon Latent Action Learning for General Robot Manipulation,2025,arXiv.org,n/a,n/a,n/a,2512.20166,2025-12-23,Semantic Scholar/OpenAlex arXiv publication-date metadata,10.48550/arXiv.2512.20166,Semantic Scholar citation graph; OpenAlex term search: SIMPLER Google Robot Bridge; OpenAlex term search: SIMPLER WidowX,Semantic Scholar says this work cites the SIMPLER seed paper (arXiv 2405.05941 / CoRL-PMLR version).,indexed-citation,https://www.semanticscholar.org/paper/6c4c1f8bc8fbc871b520944448906ff0247f7d7b; https://arxiv.org/abs/2512.20166; DOI 10.48550/arXiv.2512.20166; https://openalex.org/W7117277596,reports-results,google-fractal-vm; google-fractal-va; widowx-bridge,not reported,"LoLA reports Google Robot Visual Matching Avg 61.5, Google Robot Variant Aggregation Avg 54.6, and WidowX Visual Matching Avg 71.9.",61.5,54.6,71.9,52.7,pi0,54.4,RT-2-X,51.3,CogACT,"Local full text /tmp/simplerenv_audit/s2_texts/6c4c1f8bc8fbc871b520944448906ff0247f7d7b.txt, lines 254-265 define the SIMPLER VM/VA settings; lines 346-363 give Table 1 Google Robot VM/VA averages; lines 368-380 give Table 2 WidowX average.",high,weight-but-not-for-number,,"The tracked numbers are LoLA's trained VLA results on SIMPLER Google Robot and WidowX settings. The paper says LoLA is trained end-to-end and initializes the vision-language backbone with Qwen2.5-VL-7B while adding SALR and an action expert. Public Qwen2.5-VL-7B weights exist, but those are initialization/backbone weights, not the trained LoLA policy that produced the SIMPLER numbers. The arXiv record, Microsoft Research publication page, author page, exact-title GitHub/Hugging Face searches, and Hugging Face paper page did not expose a LoLA checkpoint or code/model release.",high,"Local full text /tmp/simplerenv_audit/s2_texts/6c4c1f8bc8fbc871b520944448906ff0247f7d7b.txt, lines 254-265 and 346-380 directly describe and report SIMPLER results.",high,official-ish,Reports standard SimplerEnv Google Robot VM/VA averages and the WidowX/Bridge Visual Matching average.
212,Magma: A Foundation Model for Multimodal AI Agents,2025,Computer Vision and Pattern Recognition,IEEE/CVF Conference on Computer Vision and Pattern Recognition (CVPR) 2025,"CVF open-access proceedings page lists the paper in Proceedings of the IEEE/CVF Conference on Computer Vision and Pattern Recognition (CVPR), 2025, pp. 14203-14214: https://openaccess.thecvf.com/content/CVPR2025/html/Yang_Magma_A_Foundation_Model_for_Multimodal_AI_Agents_CVPR_2025_paper.html.",high,2502.13130,2025-02-18,Semantic Scholar/OpenAlex arXiv publication-date metadata,10.1109/CVPR52734.2025.01325,Semantic Scholar citation graph,Semantic Scholar says this work cites the SIMPLER seed paper (arXiv 2405.05941 / CoRL-PMLR version).,indexed-citation,https://www.semanticscholar.org/paper/512b311213c905087ab439b5c303db2e382a7518; https://arxiv.org/abs/2502.13130; DOI 10.1109/CVPR52734.2025.01325,reports-results,widowx-bridge,not reported,Magma-8B (Ours) reports SE-Google Robot 52.3 and SE-Bridge 35.4 in Table 2. Table 3 repeats the full SoM+ToM model with SE-Bridge 35.4 and SE-Google 52.3.,,,35.4,,,,,15.9,Octo,"Local full text /tmp/simplerenv_audit/s2_texts/512b311213c905087ab439b5c303db2e382a7518.txt, lines 504-517 describe reporting on SimplerEnv Bridge and Google Robot across 8 tasks and 172 VM/VA scenarios; lines 543-555 give Table 2 with SE-Google Robot 52.3 and SE-Bridge 35.4; lines 597-615 give the ablation table with the same values.",high,number-associated weight available,https://huggingface.co/microsoft/Magma-8B,The tracked SimpleEnv/SimplerEnv numbers are for Magma-8B zero-shot: SE-Google Robot 52.3 and SE-Bridge 35.4. The official project and model card both identify Magma-8B; the HF model card reports those exact SE values and the files tab lists the public safetensors shards for microsoft/Magma-8B. This is the same public pretrained Magma-8B checkpoint used for the zero-shot reported number.,high,"Local full text /tmp/simplerenv_audit/s2_texts/512b311213c905087ab439b5c303db2e382a7518.txt, lines 504-517 and 543-555 directly describe and report SimplerEnv results.",high,official-ish,"Reports SimplerEnv Bridge and Google Robot success rates over the standard benchmark embodiments, including a Bridge number comparable to WidowX/Bridge."
213,ManiAgent: An Agentic Framework for General Robotic Manipulation,2025,arXiv.org,n/a,n/a,n/a,2510.11660,2025-10-13,Semantic Scholar/OpenAlex arXiv publication-date metadata,10.48550/arXiv.2510.11660,Semantic Scholar citation graph; OpenAlex term search: SimplerEnv,Semantic Scholar says this work cites the SIMPLER seed paper (arXiv 2405.05941 / CoRL-PMLR version).,indexed-citation,https://www.semanticscholar.org/paper/a23f4a07811a6de25a4654a4528d124fbc06a89c; https://arxiv.org/abs/2510.11660; DOI 10.48550/arXiv.2510.11660; https://openalex.org/W4415272461,reports-results,widowx-bridge,not reported,"Table I reports ManiAgent-GPT-5 success rates of 87.5, 95.8, 91.7, and 72.2 across the four SimplerEnv tasks, with average 86.8. Baselines include CogACT average 51.3 and pi-0 average 55.7.",,,86.8,,,,,55.7,pi-0,"Local full text /tmp/simplerenv_audit/s2_texts/a23f4a07811a6de25a4654a4528d124fbc06a89c.txt, lines 266-284 describe SimplerEnv setup/tasks; lines 301-318 state no prompt fine-tuning and 24 attempts repeated 3 times; lines 322-330 give Table I results.",high,weight-but-not-for-number,,"The tracked number is ManiAgent-GPT-5 average success on SimplerEnv. The paper calls the framework training-free and uses GPT-5 for scene description/reasoning plus Florence-v2 for object detection; GPT-5 is not a public downloadable weight. The official GitHub repo provides code/prompts for controller, detector, grasper, and SimplerEnv deployment, but says the reasoner and other parts are still being organized, has no releases, and provides no downloadable checkpoint tied to the 86.8 result. Related detector/model components are not the result-producing ManiAgent-GPT-5 weights.",high,"Local full text /tmp/simplerenv_audit/s2_texts/a23f4a07811a6de25a4654a4528d124fbc06a89c.txt, lines 275-284 and 322-330 directly describe and report SimplerEnv results.",high,official-ish,Reports the four standard SimplerEnv BridgeTable/WidowX tasks with repeated 24-attempt success-rate evaluation and comparable baselines.
214,ManipBench: Benchmarking Vision-Language Models for Low-Level Robot Manipulation,2025,arXiv.org,n/a,n/a,n/a,2505.09698,2025-05-14,Semantic Scholar/OpenAlex arXiv publication-date metadata,10.48550/arXiv.2505.09698,Semantic Scholar citation graph,Semantic Scholar says this work cites the SIMPLER seed paper (arXiv 2405.05941 / CoRL-PMLR version).,indexed-citation,https://www.semanticscholar.org/paper/f4efa7928f4bfd0bcea6e422ac682f2d5994842b; https://arxiv.org/abs/2505.09698; DOI 10.48550/arXiv.2505.09698,uses-data-no-results,n/a,n/a,n/a,,,,,,,,,,n/a,n/a,n/a,,n/a,n/a,"Local full text /tmp/simplerenv_audit/s2_texts/f4efa7928f4bfd0bcea6e422ac682f2d5994842b.txt, lines 222-224 say environments from SimplerEnv are used for tasks (i) and (ii); lines 1257-1300 say SimplerEnv and pre-trained Octo/RT-1 policies generate demonstrations for Place Carrot and Close Drawer; lines 1331-1370 report question counts, not SimplerEnv success rates.",high,,
215,MAPS: Preserving Vision-Language Representations via Module-Wise Proximity Scheduling for Better Vision-Language-Action Generalization,2025,arXiv.org,n/a,n/a,n/a,2511.19878,2025-11-25,Semantic Scholar/OpenAlex arXiv publication-date metadata,10.48550/arXiv.2511.19878,Semantic Scholar citation graph; OpenAlex term search: SimplerEnv,Semantic Scholar says this work cites the SIMPLER seed paper (arXiv 2405.05941 / CoRL-PMLR version).,indexed-citation,https://www.semanticscholar.org/paper/a2ef704f26685d810f896ef1a4bcf5e34aae4af8; https://arxiv.org/abs/2511.19878; DOI 10.48550/arXiv.2511.19878; https://openalex.org/W7106801024; https://openalex.org/W7106861367,reports-results,widowx-bridge,not reported,Table 3 reports +MAPS results for three backbones. +MAPS MiniVLA-VQ reports Avg ID 42.5 and Avg OOD 34.4; +MAPS MiniVLA-OFT reports Avg ID 30.0 and Avg OOD 35.8; +MAPS OpenVLA-OFT reports Avg ID 23.0 and Avg OOD 17.1.,,,42.5,,,,,69.2,pi0,"Local full text /tmp/simplerenv_audit/s2_texts/a2ef704f26685d810f896ef1a4bcf5e34aae4af8.txt, lines 374-390 describe standard WidowX BridgeData V2 Visual Matching ID evaluation and custom OOD suites; lines 396-412 give Table 3 with ID and OOD averages.",high,not-found,,"The tracked SimpleEnv/SimplerEnv number is for +MAPS fine-tuned MiniVLA-VQ/OFT or OpenVLA-OFT checkpoints, not the generic base models. The arXiv record and author publication page expose only the paper/project text and no code, checkpoint, model hub, release, or artifact link. Exact-title and MAPS/MiniVLA/OpenVLA Hugging Face searches did not surface an official MAPS checkpoint, so no public artifact could be tied to the reported +MAPS benchmark number.",high,"Local full text /tmp/simplerenv_audit/s2_texts/a2ef704f26685d810f896ef1a4bcf5e34aae4af8.txt, lines 376-390 and 396-412 directly describe and report SimplerEnv results.",high,official-ish,"Reports the standard WidowX BridgeData V2 Visual Matching ID average, even though the same table also includes custom OOD suites."
216,MemoryVLA: Perceptual-Cognitive Memory in Vision-Language-Action Models for Robotic Manipulation,2025,arXiv.org,International Conference on Learning Representations (ICLR) 2026,"Local full text /tmp/simplerenv_audit/s2_texts/d2524df5ca1e08d990a65bcd077e5f8a31dfb918.txt, line 1 states 'Published as a conference paper at ICLR 2026'.",high,2508.19236,2025-08-26,Semantic Scholar/OpenAlex arXiv publication-date metadata,10.48550/arXiv.2508.19236,Semantic Scholar citation graph,Semantic Scholar says this work cites the SIMPLER seed paper (arXiv 2405.05941 / CoRL-PMLR version).,indexed-citation,https://www.semanticscholar.org/paper/d2524df5ca1e08d990a65bcd077e5f8a31dfb918; https://arxiv.org/abs/2508.19236; DOI 10.48550/arXiv.2508.19236,reports-results,google-fractal-vm; google-fractal-va; widowx-bridge,not reported,"MemoryVLA reports SimplerEnv-Bridge Avg Success 71.9. For SimplerEnv-Fractal, MemoryVLA reports Visual Matching Avg 77.7, Visual Aggregation Avg 67.7, and Overall 72.7.",77.7,67.7,71.9,74.8,CogACT,61.3,CogACT,68.4,pi0-Beta (open-pi-zero),"Local full text /tmp/simplerenv_audit/s2_texts/d2524df5ca1e08d990a65bcd077e5f8a31dfb918.txt, lines 472-489 describe Bridge/Fractal setup and summarize results; lines 509-530 give Table 1 Bridge; lines 531-550 give Table 2 Fractal VM/VA.",high,number-associated weight available,https://huggingface.co/collections/shihao1895/memoryvla,"The tracked SimplerEnv numbers are MemoryVLA Bridge average 71.9 and Fractal VM/VA averages 77.7/67.7. The official MemoryVLA README model zoo lists those exact Bridge and Fractal result rows and links them to CKPT & Logs entries for memvla-bridge and memvla-fractal. The Hugging Face repositories are public and list checkpoint files plus SimplerEnv evaluation logs for the corresponding Bridge and Fractal checkpoints, without requiring large downloads for verification.",high,"Local full text /tmp/simplerenv_audit/s2_texts/d2524df5ca1e08d990a65bcd077e5f8a31dfb918.txt, lines 472-489 and 509-550 directly describe and report SimplerEnv results.",high,official-ish,Reports standard SimplerEnv-Bridge and SimplerEnv-Fractal VM/VA success-rate averages.
217,mimic-video: Video-Action Models for Generalizable Robot Control Beyond VLAs,2025,arXiv.org,n/a,n/a,n/a,2512.15692,2025-12-17,Semantic Scholar/OpenAlex arXiv publication-date metadata,10.48550/arXiv.2512.15692,Semantic Scholar citation graph,Semantic Scholar says this work cites the SIMPLER seed paper (arXiv 2405.05941 / CoRL-PMLR version).,indexed-citation,https://www.semanticscholar.org/paper/718c8968f59b76700b58539a5c6a87f5e948357a; https://arxiv.org/abs/2512.15692; DOI 10.48550/arXiv.2512.15692,reports-results,widowx-bridge,not reported,"Table I reports SIMPLER-Bridge Average SR: mimic-video scratch 46.9 and mimic-video scratch with per-task tau_v tuning 56.3. Baselines include OpenVLA 14.6, Octo 16.0, ThinkAct 43.8, FLOWER 45.0, and pi0.5-style VLA scratch 35.4.",,,56.3,,,,,45.0,FLOWER,"Local full text /tmp/simplerenv_audit/s2_texts/718c8968f59b76700b58539a5c6a87f5e948357a.txt, lines 363-368 describe SIMPLER as a proxy using BridgeDataV2 WidowX and visual matching; lines 430-441 give Table I SIMPLER-Bridge scores; lines 445-454 discuss the mimic-video result and per-task tau_v tuning. The arXiv/project pages found no accepted venue beyond arXiv: https://arxiv.org/abs/2512.15692 and https://mimic-video.github.io/.",high,number-associated weight available,https://huggingface.co/jonpai/mimic-video,"The tracked SimpleEnv/SimplerEnv number is the SIMPLER-Bridge mimic-video result, including the reported scratch/per-task stop-step tuning variant. The official repository links the jonpai/mimic-video checkpoint repository, states that trained Bridge checkpoints are released, and provides SimplerEnv Bridge evaluation scripts that point to the same pretrained and Bridge-LoRA video-action model paths and sweep the stop-video-denoising step used for the tau_v style tuning. The Hugging Face file listing contains Bridge action decoder, Bridge video backbone, and Bridge dataset-statistics files, matching the benchmark artifact rather than only a generic base model.",high,"Local full text /tmp/simplerenv_audit/s2_texts/718c8968f59b76700b58539a5c6a87f5e948357a.txt, lines 363-368 and 430-441 directly describe and report SIMPLER-Bridge evaluation.",high,official-ish,Reports a standard SimplerEnv WidowX / Bridge success-rate average for SIMPLER-Bridge.
218,MolmoAct: Action Reasoning Models that can Reason in Space,2025,arXiv.org,n/a,n/a,n/a,2508.07917,2025-08-11,Semantic Scholar/OpenAlex arXiv publication-date metadata,10.48550/arXiv.2508.07917,Semantic Scholar citation graph; OpenAlex term search: SimplerEnv,Semantic Scholar says this work cites the SIMPLER seed paper (arXiv 2405.05941 / CoRL-PMLR version).,indexed-citation,https://www.semanticscholar.org/paper/12d4e00d470d50701dceae24eacf616608c22ecd; https://arxiv.org/abs/2508.07917; DOI 10.48550/arXiv.2508.07917; https://openalex.org/W4417080391,reports-results,google-fractal-vm; google-fractal-va,not reported,Table 1 reports MolmoAct zero-shot Google Robot Visual Matching Avg 70.5 and Variant Aggregation Avg 59.3; MolmoAct fine-tuned reports Visual Matching Avg 71.6 and Variant Aggregation Avg 72.1.,71.6,72.1,,70.0,SpatialVLA,65.8,SpatialVLA,,,"Local full text /tmp/simplerenv_audit/s2_texts/12d4e00d470d50701dceae24eacf616608c22ecd.txt, lines 504-526 give Table 1; lines 663-686 describe the visual-matching evaluation; lines 732-756 describe variant-aggregation evaluation and the 72.1 result.",high,number-associated weight available,https://huggingface.co/allenai/MolmoAct-7B-D-Pretrain-RT-1-0812,"The tracked SimplerEnv Google Robot/Fractal number is for the MolmoAct RT-1 fine-tuned checkpoint, not just the base MolmoAct model. The AllenAI Hugging Face model card for MolmoAct-7B-D-Pretrain-RT-1-0812 explicitly says it was fine-tuned on RT-1 and is intended to replicate the fine-tuned SimplerEnv Google Robot results. The official MolmoAct README model table gives the same repository as the checkpoint for replicating RT-1 fine-tuned SimplerEnv results, and the public model metadata lists the expected safetensors shards/config files.",high,"Local full text /tmp/simplerenv_audit/s2_texts/12d4e00d470d50701dceae24eacf616608c22ecd.txt, lines 663-686 and 732-756 directly describe SimplerEnv Google Robot evaluation.",high,official-ish,Reports standard SimplerEnv Google Robot / Fractal VM and VA success-rate averages.
219,More than A Point: Capturing Uncertainty with Adaptive Affordance Heatmaps for Spatial Grounding in Robotic Tasks,2025,arXiv.org,n/a,n/a,n/a,2510.10912,2025-10-13,Semantic Scholar/OpenAlex arXiv publication-date metadata,10.48550/arXiv.2510.10912,Semantic Scholar citation graph; OpenAlex term search: SIMPLER WidowX; OpenAlex term search: SimplerEnv,Semantic Scholar says this work cites the SIMPLER seed paper (arXiv 2405.05941 / CoRL-PMLR version).,indexed-citation,https://www.semanticscholar.org/paper/bec688797441fa64d4f0717b0f952fdf8bbcb9da; https://arxiv.org/abs/2510.10912; DOI 10.48550/arXiv.2510.10912; https://openalex.org/W4417100805,reports-results,widowx-bridge,not reported,"Table V reports zero-shot SimplerEnv WidowX success rates for RoboMAP: Spoon->Towel 66.0, Carrot->Plate 54.0, Green->Yellow 52.0, Eggplant->Basket 70.0, Success Rate 60.5.",,,60.5,,,,,56.2,Embodied-R1,"Local full text /tmp/simplerenv_audit/s2_texts/bec688797441fa64d4f0717b0f952fdf8bbcb9da.txt, lines 397-405 describe zero-shot SimplerEnv simulation evaluation; lines 462-487 give Table V with RoboMAP per-task and average success rates.",high,not-found,,"The tracked number is the RoboMAP zero-shot SimplerEnv WidowX result for a trained PaliGemma plus Adaptive Heatmap Decoder model. The official project page has disabled arXiv/code buttons marked coming soon and says code will be public upon acceptance, but it does not provide a model, checkpoint, or weight download. The arXiv paper describes the trained AHD/RoboMAP model and reports the 60.5 SimplerEnv success rate, but no code, checkpoint, model hub, release, or storage link was found. Hugging Face and exact-title searches did not surface an official RoboMAP checkpoint, and generic PaliGemma weights do not correspond to the reported RoboMAP number.",high,"Local full text /tmp/simplerenv_audit/s2_texts/bec688797441fa64d4f0717b0f952fdf8bbcb9da.txt, lines 397-405 and 462-487 directly describe and report SimplerEnv evaluation.",high,official-ish,Reports zero-shot success rates on the standard SimplerEnv WidowX / Bridge task suite.
220,NEBULA: Do We Evaluate Vision-Language-Action Agents Correctly?,2025,arXiv.org,n/a,n/a,n/a,2510.16263,2025-10-17,Semantic Scholar/OpenAlex arXiv publication-date metadata,10.48550/arXiv.2510.16263,Semantic Scholar citation graph,Semantic Scholar says this work cites the SIMPLER seed paper (arXiv 2405.05941 / CoRL-PMLR version).,indexed-citation,https://www.semanticscholar.org/paper/e132299c142efae5c0b2b89cb9bcdfcece99f81c; https://arxiv.org/abs/2510.16263; DOI 10.48550/arXiv.2510.16263,citation-only,n/a,n/a,n/a,,,,,,,,,,n/a,n/a,n/a,,n/a,n/a,"Local full text /tmp/simplerenv_audit/s2_texts/e132299c142efae5c0b2b89cb9bcdfcece99f81c.txt, lines 145-158 cite SIMPLER among realism-focused platforms; lines 202-215 state NEBULA collects data using a customized SAPIEN/ManiSkill3 platform; lines 1255-1274 compare NEBULA to other benchmarks without using SimplerEnv.",high,,
221,Neural Robot Dynamics,2025,arXiv.org,n/a,n/a,n/a,2508.15755,2025-08-21,Semantic Scholar/OpenAlex arXiv publication-date metadata,10.48550/arXiv.2508.15755,Semantic Scholar citation graph,Semantic Scholar says this work cites the SIMPLER seed paper (arXiv 2405.05941 / CoRL-PMLR version).,indexed-citation,https://www.semanticscholar.org/paper/e9e5412f7b4de0631a615ab3c28f01f2856998f5; https://arxiv.org/abs/2508.15755; DOI 10.48550/arXiv.2508.15755,citation-only,n/a,n/a,n/a,,,,,,,,,,n/a,n/a,n/a,,n/a,n/a,Citation graph row; converted text did not contain SimplerEnv benchmark-use/result terms beyond the citation record.,high,,
222,ORV: 4D Occupancy-centric Robot Video Generation,2025,arXiv.org,n/a,n/a,n/a,2506.03079,2025-06-03,Semantic Scholar/OpenAlex arXiv publication-date metadata,10.48550/arXiv.2506.03079,Semantic Scholar citation graph,Semantic Scholar says this work cites the SIMPLER seed paper (arXiv 2405.05941 / CoRL-PMLR version).,indexed-citation,https://www.semanticscholar.org/paper/9568e0d0033e2ebe5d5b5a57c37a199c5b7b1c61; https://arxiv.org/abs/2506.03079; DOI 10.48550/arXiv.2506.03079,reports-results,widowx-bridge,not reported,Table 3 reports SimplerEnv-WidowX success averages: RoboVLM+ORV 33.9 vs RoboVLM+Finetune 29.8; SpatialVLA+ORV 38.5 vs SpatialVLA+Finetune 36.2. Best reported +ORV suite average is 38.5.,,,38.5,,,,,36.2,SpatialVLA +Finetune,"/tmp/simplerenv_audit/s2_texts/9568e0d0033e2ebe5d5b5a57c37a199c5b7b1c61.txt lines 514-531 and 545-552, Table 3.",high,weight-but-not-for-number,,"The tracked SimpleEnv/SimplerEnv number is a downstream policy-learning result, specifically SpatialVLA/RoboVLM fine-tuned or augmented with ORV-generated data on SimplerEnv-WidowX. Public weights are available for the ORV robot video generation model, and the official GitHub README links the Hugging Face ORV generation checkpoint repository. However, the Hugging Face file listing contains ORV generator components such as transformer, VAE, and text encoder files for Bridge/RT-1 style generation, not the downstream SimplerEnv policy checkpoints or logs for the reported +ORV success-rate rows. No public SpatialVLA+ORV or RoboVLM+ORV policy checkpoint tied to the tracked number was found.",high,Local full text reports a SimplerEnv-WidowX policy-learning evaluation on BridgeData V2 as the test suite and gives task and average success rates in Table 3.,high,official-ish,Reports SimplerEnv-WidowX success-rate averages under the standard WidowX / Bridge-style evaluation.
223,"Parallels Between VLA Model Post-Training and Human Motor Learning: Progress, Challenges, and Trends",2025,arXiv.org,n/a,n/a,n/a,2506.20966,2025-06-26,Semantic Scholar/OpenAlex arXiv publication-date metadata,10.48550/arXiv.2506.20966,Semantic Scholar citation graph,Semantic Scholar says this work cites the SIMPLER seed paper (arXiv 2405.05941 / CoRL-PMLR version).,indexed-citation,https://www.semanticscholar.org/paper/d341989bb259c35dc723c386ab45636a78613046; https://arxiv.org/abs/2506.20966; DOI 10.48550/arXiv.2506.20966,citation-only,n/a,n/a,n/a,,,,,,,,,,n/a,n/a,n/a,,n/a,n/a,Local full text contains no exact SimplerEnv/SIMPLER benchmark-use or result context; the only lower-case 'simpler' hit is ordinary prose about simpler sub-tasks.,high,,
224,PhyBlock: A Progressive Benchmark for Physical Understanding and Planning via 3D Block Assembly,2025,arXiv.org,NeurIPS 2025 Datasets and Benchmarks Track,Local full text line 62 states 39th Conference on Neural Information Processing Systems (NeurIPS 2025) Track on Datasets and Benchmarks; OpenReview page confirms NeurIPS 2025 Datasets and Benchmarks Track poster: https://openreview.net/forum?id=z6WfQ43sHr.,high,2506.08708,2025-06-10,Semantic Scholar/OpenAlex arXiv publication-date metadata,10.48550/arXiv.2506.08708,Semantic Scholar citation graph,Semantic Scholar says this work cites the SIMPLER seed paper (arXiv 2405.05941 / CoRL-PMLR version).,indexed-citation,https://www.semanticscholar.org/paper/8d9dc4f89541ddced1cadc2331a601a12681a004; https://arxiv.org/abs/2506.08708; DOI 10.48550/arXiv.2506.08708,citation-only,n/a,n/a,n/a,,,,,,,,,,n/a,n/a,n/a,,n/a,n/a,Local full text is a PhyBlock benchmark paper and has no exact SimplerEnv/SIMPLER benchmark-use or result context; 'simpler' occurs only as ordinary adjective text.,high,,
225,PhysBrain: Human Egocentric Data as a Bridge from Vision Language Models to Physical Intelligence,2025,arXiv.org,n/a,n/a,n/a,2512.16793,2025-12-18,Semantic Scholar/OpenAlex arXiv publication-date metadata,10.48550/arXiv.2512.16793,Semantic Scholar citation graph,Semantic Scholar says this work cites the SIMPLER seed paper (arXiv 2405.05941 / CoRL-PMLR version).,indexed-citation,https://www.semanticscholar.org/paper/644e3a2b9a88f67bce781f889cbc323ea4df75a3; https://arxiv.org/abs/2512.16793; DOI 10.48550/arXiv.2512.16793,reports-results,widowx-bridge,not reported,"Table 2 reports SimplerEnv WidowX success averages: PhysBrain-4B 65.9 and PhysBrain-8B 67.4, with baselines including RoboBrain2.5-8B 67.6, pi0.5 57.1, and Isaac-GR00T-N1.6-Bridge 57.1.",,,67.4,,,,,67.6,RoboBrain2.5-8B,"/tmp/simplerenv_audit/s2_texts/644e3a2b9a88f67bce781f889cbc323ea4df75a3.txt lines 421-448, Table 2; lines 518-546 describe the SimplerEnv protocol/trials.",high,weight-but-not-for-number,,"The tracked SimpleEnv/SimplerEnv number is PhysBrain-8B on the Bridge/SimplerEnv setting, reported as 67.4. Public PhysBrainVLA SIMPLER Bridge and Fractal repositories do exist, but their configuration files identify the base VLM as Qwen3-VL-4B-Instruct, so they correspond to the 4B PhysBrainVLA setting rather than the tracked 8B number. Searches for PhysBrain-8B, PhysBrainVLA-8B, and related exact model names did not find a public 8B checkpoint tied to the reported 67.4 SimplerEnv number.",high,Paper explicitly evaluates VLA policies on four SimplerEnv WidowX tasks and reports mean success rates in Table 2.,high,official-ish,Reports SimplerEnv WidowX / Bridge success-rate averages for the standard four-task suite.
226,$\pi_\texttt{RL}$: Online RL Fine-tuning for Flow-based Vision-Language-Action Models,2025,preprint/unknown,n/a,n/a,n/a,2510.25889,2025-10-29,Semantic Scholar/OpenAlex arXiv publication-date metadata,,Semantic Scholar citation graph,Semantic Scholar says this work cites the SIMPLER seed paper (arXiv 2405.05941 / CoRL-PMLR version).,indexed-citation,https://www.semanticscholar.org/paper/32cd90861875efd3e778edaeecc547f302c8eba5; https://arxiv.org/abs/2510.25889,reports-results,widowx-bridge,144 demonstration episodes per task for the SFT stage,"Table 8 reports SIMPLER WidowX averages: pi0 SFT 67.2, pi0 +RL 86.7; pi0.5 SFT 59.2, pi0.5 +RL 79.1. The best reported average is 86.7.",,,86.7,,,,,67.2,pi0 SFT,"/tmp/simplerenv_audit/s2_texts/32cd90861875efd3e778edaeecc547f302c8eba5.txt lines 1212-1222, Table 8; lines 1323-1329 state the WidowX-250S setup and 144 demonstration episodes per task.",high,weight-but-not-for-number,,"The tracked number is the paper's SIMPLER WidowX result for RL-fine-tuned pi0/pi0.5 policies, with best average 86.7 for pi0 + RL. The official RLinf publication page and Hugging Face org release piRL SFT/RL checkpoints for LIBERO, ManiSkill3, MetaWorld, CALVIN, RoboCasa/RoboTwin/GSEnv-style tasks, but the public model list I inspected contains no SimpleEnv/SimplerEnv, WidowX, or Bridge piRL checkpoint tied to Table 8. Those public RLinf weights are related piRL artifacts, not the policy that produced the tracked WidowX number.",high,Paper evaluates pi0 and pi0.5 on the SIMPLER WidowX tasks and reports per-task and average success rates.,high,official-ish,Reports SIMPLER WidowX / Bridge per-task and average success rates for pi0 and pi0.5 policies.
227,PixelVLA: Advancing Pixel-level Understanding in Vision-Language-Action Model,2025,arXiv.org,International Conference on Learning Representations (ICLR 2026),Local full text header says Published as a conference paper at ICLR 2026; OpenReview page confirms ICLR 2026 Poster: https://openreview.net/forum?id=7M6ryCABIc.,high,2511.01571,2025-11-03,Semantic Scholar/OpenAlex arXiv publication-date metadata,10.48550/arXiv.2511.01571,Semantic Scholar citation graph; OpenAlex term search: SIMPLER Google Robot Bridge; OpenAlex term search: SIMPLER WidowX; OpenAlex term search: SimplerEnv,Semantic Scholar says this work cites the SIMPLER seed paper (arXiv 2405.05941 / CoRL-PMLR version).,indexed-citation,https://www.semanticscholar.org/paper/e7c33ea490ca5f1dc5a63012cad84076b886665d; https://arxiv.org/abs/2511.01571; DOI 10.48550/arXiv.2511.01571; https://openalex.org/W4416437503,reports-results,google-fractal-vm; google-fractal-va; widowx-bridge,not reported,"Table 1 reports Google Robot averages for PixelVLA-OpenVLA 61.4 VM and 50.1 VA, and PixelVLA-pi0 63.3 VM and 56.5 VA. Table 2 reports WidowX average task success for PixelVLA-pi0 33.8 and PixelVLA-OpenVLA 16.7.",63.3,56.5,33.8,71.9,SpatialVLA,68.8,SpatialVLA,34.4,SpatialVLA,"/tmp/simplerenv_audit/s2_texts/e7c33ea490ca5f1dc5a63012cad84076b886665d.txt lines 460-482, Table 1; lines 528-546, Table 2.",high,coming-soon-no-download-link,,"The tracked numbers are PixelVLA SimplerEnv Google Robot VM/VA and WidowX results. The official project page reports those SimplerEnv results and links the official GitHub, but the GitHub README only provides an OpenVLA-based reference environment and LoRA fine-tuning instructions. Its TODO explicitly lists release of training code, evaluation code, checkpoints, data processing scripts, and benchmark reproduction instructions; GitHub shows no releases. I found no Hugging Face model listing for PixelVLA, so there is no current checkpoint tied to the tracked results.",high,"Paper evaluates PixelVLA on SimplerEnv-Google Robot VM/VA and SimplerEnv-WidowX, reporting average success rates in Tables 1 and 2.",high,official-ish,"Reports standard SimplerEnv Google Robot VM, Google Robot VA, and WidowX / Bridge success-rate averages."
228,PolaRiS: Scalable Real-to-Sim Evaluations for Generalist Robot Policies,2025,arXiv.org,n/a,n/a,n/a,2512.16881,2025-12-18,Semantic Scholar/OpenAlex arXiv publication-date metadata,10.48550/arXiv.2512.16881,Semantic Scholar citation graph,Semantic Scholar says this work cites the SIMPLER seed paper (arXiv 2405.05941 / CoRL-PMLR version).,indexed-citation,https://www.semanticscholar.org/paper/ab6d4ed806c35228dee0d81e774dda8f998fc94a; https://arxiv.org/abs/2512.16881; DOI 10.48550/arXiv.2512.16881,citation-only,n/a,n/a,n/a,,,,,,,,,,n/a,n/a,n/a,,n/a,n/a,Local full text discusses SIMPLER only as prior real-to-sim evaluation work and as a limitation; it does not run SimplerEnv or report SimplerEnv numbers.,high,,
229,Policy Contrastive Decoding for Robotic Foundation Models,2025,arXiv.org,International Conference on Learning Representations (ICLR 2026),Local full text header says Published as a conference paper at ICLR 2026; OpenReview page confirms ICLR 2026 Poster: https://openreview.net/forum?id=P9PVdWyM3U.,high,2505.13255,2025-05-19,Semantic Scholar/OpenAlex arXiv publication-date metadata,10.48550/arXiv.2505.13255,Semantic Scholar citation graph; OpenAlex term search: SIMPLER WidowX,Semantic Scholar says this work cites the SIMPLER seed paper (arXiv 2405.05941 / CoRL-PMLR version).,indexed-citation,https://www.semanticscholar.org/paper/c94b1b689a6a3af7879f05f09fad56176c0b2df9; https://arxiv.org/abs/2505.13255; DOI 10.48550/arXiv.2505.13255; https://openalex.org/W4415320195,reports-results,simplerenv-result-unattributed,not reported,Table 1 reports 9-task SIMPLER average success over Google Robot plus WidowX: OpenVLA base 16.8 and +PCD best 25.3; Octo base 13.8 and +PCD best 17.9; pi0 base 63.9 and +PCD best 69.6. The table also reports per-task success rates with 95% confidence intervals over 300 trials.,,,,,,,,,,"/tmp/simplerenv_audit/s2_texts/c94b1b689a6a3af7879f05f09fad56176c0b2df9.txt lines 365-387, Table 1; lines 402-447 describe the SIMPLER setup and analysis.",high,number-associated weight available,https://huggingface.co/allenzren/open-pi-zero/tree/main,"The tracked best SIMPLER number is pi0 + PCD, average 69.6 over the nine Google Robot/WidowX tasks. PCD is explicitly training-free and does not fine-tune or create new policy weights. The official PCD default contrast script runs the pi0 policy on the same nine tasks with checkpoint=pretrained/open-pi-zero, and the PCD pi0 loader resolves that directory to the exact Bridge and Fractal beta checkpoint filenames used for WidowX and Google Robot evaluation. Hugging Face publicly lists those open-pi-zero checkpoint files, so the number-associated policy weights are available; only metadata/file listings were inspected.",high,Paper explicitly performs simulation experiments in SIMPLER across 5 Google Robot tasks and 4 WidowX tasks and reports numeric success rates.,high,otherwise,"Reports a mixed 9-task SIMPLER average over Google Robot plus WidowX without a clean VM, VA, or WidowX / Bridge suite value."
230,QDepth-VLA: Quantized Depth Prediction as Auxiliary Supervision for Vision-Language-Action Models,2025,arXiv.org,n/a,n/a,n/a,2510.14836,2025-10-16,Semantic Scholar/OpenAlex arXiv publication-date metadata,10.48550/arXiv.2510.14836,Semantic Scholar citation graph,Semantic Scholar says this work cites the SIMPLER seed paper (arXiv 2405.05941 / CoRL-PMLR version).,indexed-citation,https://www.semanticscholar.org/paper/e0dc4d5d19ed6ae44dfcc9bef247ea5f57052447; https://arxiv.org/abs/2510.14836; DOI 10.48550/arXiv.2510.14836,reports-results,google-fractal-vm; widowx-bridge,not reported,"Tables 3 and 4 report QDepth-VLA on Simpler visual matching: Google Robot average 75.1, and WidowX250 average 68.5. The paper does not report a Google Robot VA suite average.",75.1,,68.5,75.1,SpatialVLA finetuned,,,60.0,Open pi0,/tmp/simplerenv_audit/s2_texts/e0dc4d5d19ed6ae44dfcc9bef247ea5f57052447.txt lines 271-278 state the visual matching configuration; lines 345-364 show Tables 3 and 4.,high,number-associated weight available,https://www.modelscope.cn/models/liyixuan2026/QDepth-VLA,"The tracked numbers are QDepth-VLA on Simpler visual matching: Google Robot average 75.1 and WidowX250 average 68.5. The official QDepth-VLA README links a ModelScope model repository, says to download ckpts from that page, and its Simpler eval scripts use step19669.pt for Bridge/WidowX and step33273.pt for Fractal/Google Robot. ModelScope's public file listing contains bridge_open-pi-zero-qdepth_ckpts/best/step19669.pt and fractal_open-pi-zero_qdepth_ckpts/best/step33273.pt, matching the result-producing evaluation checkpoints, plus VQ-VAE ckpts. Metadata/file listings only were inspected.",high,"Paper evaluates QDepth-VLA in the Simpler simulation environment on Google Robot and WidowX250 tasks, using the visual matching configuration.",high,official-ish,Reports SimplerEnv Google Robot visual-matching and WidowX / Bridge success-rate averages.
231,ReAgent-V: A Reward-Driven Multi-Agent Framework for Video Understanding,2025,arXiv.org,n/a,n/a,n/a,2506.01300,2025-06-02,Semantic Scholar/OpenAlex arXiv publication-date metadata,10.48550/arXiv.2506.01300,Semantic Scholar citation graph,Semantic Scholar says this work cites the SIMPLER seed paper (arXiv 2405.05941 / CoRL-PMLR version).,indexed-citation,https://www.semanticscholar.org/paper/86bc04b8e8f8bd9180df7196e54490ab03c92c6b; https://arxiv.org/abs/2506.01300; DOI 10.48550/arXiv.2506.01300,reports-results,simplerenv-result-unattributed,5 rollouts per task for initial trajectory sampling; 20 best-vs-worst trajectory pairs per task for alignment data,"Main text reports ReAgent-V gives a 9.8 overall improvement over GRAPE on SIMPLER under the same setting and 9.0 on the original task. Figure 3 contains the SIMPLER comparison, but no clean suite average is reported.",,,,,,,,,,"/tmp/simplerenv_audit/s2_texts/86bc04b8e8f8bd9180df7196e54490ab03c92c6b.txt lines 325-332, 375-387, and 875-907.",high,weight-but-not-for-number,,"The tracked SIMPLER result is for a ReAgent-V-guided VLA alignment/TPO policy, not the base model. The official VLA-Alignment README says to start from the public OpenVLA-7B-SFT-Simpler base checkpoint, collect rollouts, train LoRA-TPO, merge the LoRA weights, and evaluate a local /path/to/merged_model. The public base SFT checkpoint is available, but I found no released ReAgent-V-aligned merged model, LoRA adapter, or checkpoint tied to the SIMPLER improvement; the GitHub repo has no releases and the Hugging Face paper page lists zero linked models.",high,Paper uses SIMPLER rollouts for VLA alignment and reports SIMPLER improvements for ReAgent-V compared with reward baselines.,high,otherwise,"Reports a derived VLA-alignment setup and relative SIMPLER improvements, not a clean standard-suite success-rate result."
232,Real-is-Sim: Bridging the Sim-to-Real Gap with a Dynamic Digital Twin,2025,preprint/unknown,n/a,n/a,n/a,2504.03597,2025-04-04,Semantic Scholar/OpenAlex arXiv publication-date metadata,,Semantic Scholar citation graph,Semantic Scholar says this work cites the SIMPLER seed paper (arXiv 2405.05941 / CoRL-PMLR version).,indexed-citation,https://www.semanticscholar.org/paper/7d87cf6fb8ac782e944159887f036f2905764cf6; https://arxiv.org/abs/2504.03597,citation-only,n/a,n/a,n/a,,,,,,,,,,n/a,n/a,n/a,,n/a,n/a,Local full text has no exact SIMPLER/SimplerEnv benchmark-use context; it does not run or report SimplerEnv results.,high,,
233,Real-to-Sim Robot Policy Evaluation with Gaussian Splatting Simulation of Soft-Body Interactions,2025,arXiv.org,n/a,n/a,n/a,2511.04665,2025-11-06,Semantic Scholar/OpenAlex arXiv publication-date metadata,10.48550/arXiv.2511.04665,Semantic Scholar citation graph,Semantic Scholar says this work cites the SIMPLER seed paper (arXiv 2405.05941 / CoRL-PMLR version).,indexed-citation,https://www.semanticscholar.org/paper/0f83ff5175d849d413343b10ace0347c5c17f8d2; https://arxiv.org/abs/2511.04665; DOI 10.48550/arXiv.2511.04665,citation-only,n/a,n/a,n/a,,,,,,,,,,n/a,n/a,n/a,,n/a,n/a,"Local full text mentions SIMPLER only as a prior comparator that uses green-screen compositing; the experiments are on toy packing, rope routing, and T-block pushing, not SimplerEnv.",high,,
234,REALM: A Real-to-Sim Validated Benchmark for Generalization in Robotic Manipulation,2025,arXiv.org,n/a,n/a,n/a,2512.19562,2025-12-22,Semantic Scholar/OpenAlex arXiv publication-date metadata,10.48550/arXiv.2512.19562,Semantic Scholar citation graph,Semantic Scholar says this work cites the SIMPLER seed paper (arXiv 2405.05941 / CoRL-PMLR version).,indexed-citation,https://www.semanticscholar.org/paper/dd290457b11b0a2675b5baf80b72327e173ee475; https://arxiv.org/abs/2512.19562; DOI 10.48550/arXiv.2512.19562,citation-only,n/a,n/a,n/a,,,,,,,,,,n/a,n/a,n/a,,n/a,n/a,"Local full text compares REALM to SIMPLER in benchmark feature tables and related work, and uses MMRV as a metric proposed in SIMPLER, but does not evaluate on SimplerEnv.",high,,
235,ReBot: Scaling Robot Learning with Real-to-Sim-to-Real Robotic Video Synthesis,2025,IEEE/RJS International Conference on Intelligent RObots and Systems,IEEE/RSJ International Conference on Intelligent Robots and Systems (IROS 2025),"Crossref DOI metadata for 10.1109/IROS60139.2025.11246305 lists container-title and event as 2025 IEEE/RSJ International Conference on Intelligent Robots and Systems (IROS), pages 11351-11358.",high,2503.14526,2025-03-15,Semantic Scholar/OpenAlex arXiv publication-date metadata,10.1109/IROS60139.2025.11246305,Semantic Scholar citation graph; OpenAlex term search: SimplerEnv,Semantic Scholar says this work cites the SIMPLER seed paper (arXiv 2405.05941 / CoRL-PMLR version).,indexed-citation,https://www.semanticscholar.org/paper/a6e2684b2e87e7738c9750c0f0e78396fdf8c2fd; https://arxiv.org/abs/2503.14526; DOI 10.1109/IROS60139.2025.11246305; https://openalex.org/W4414900844,reports-results,widowx-bridge,100 episodes per task for the SimplerEnv adaptation/scaling data,"Table I reports SimplerEnv WidowX average success: Octo 16.0, Octo+ReBot 23.2; OpenVLA 1.1, OpenVLA+ReBot 22.9. Best ReBot average is 23.2. Google Robot cross-embodiment pick-coke-can values are shown in Figure 7 but no clean Google suite average is reported.",,,23.2,,,,,16.0,Octo,"/tmp/simplerenv_audit/s2_texts/a6e2684b2e87e7738c9750c0f0e78396fdf8c2fd.txt lines 350-356 and 382-395, Table I; Crossref DOI metadata for venue.",high,weight-but-not-for-number,,"The tracked WidowX number is for Octo/OpenVLA policies after ReBot synthetic-video adaptation, with best average 23.2. The official project and repository release the real-to-sim, inpainting, synthesis, RLDS builder, and evaluation code, plus a dataset download link, but the VLA finetuning section directs users to official Octo/OpenVLA finetuning instructions and does not publish the ReBot-finetuned Octo/OpenVLA checkpoints. GitHub shows no releases. Public Octo/OpenVLA base weights are related but not the ReBot-adapted policies that produced Table I.",high,Paper evaluates Octo and OpenVLA variants on four SimplerEnv WidowX tasks and reports grasp/success rates and averages in Table I.,high,official-ish,Reports standard SimplerEnv WidowX/Bridge four-task success rates and an average for Octo/OpenVLA variants.
236,ReinboT: Amplifying Robot Visual-Language Manipulation with Reinforcement Learning,2025,International Conference on Machine Learning,International Conference on Machine Learning (ICML 2025),"Local full text states Proceedings of the 42nd International Conference on Machine Learning, PMLR 267, 2025; PMLR page confirms ICML proceedings: https://proceedings.mlr.press/v267/zhang25dr.html.",high,2505.07395,2025-05-12,Semantic Scholar/OpenAlex arXiv publication-date metadata,10.48550/arXiv.2505.07395,Semantic Scholar citation graph,Semantic Scholar says this work cites the SIMPLER seed paper (arXiv 2405.05941 / CoRL-PMLR version).,indexed-citation,https://www.semanticscholar.org/paper/05453204bd3c1614c6cda4b8222b8b1f3cb3148d; https://arxiv.org/abs/2505.07395; DOI 10.48550/arXiv.2505.07395,citation-only,n/a,n/a,n/a,,,,,,,,,,n/a,n/a,n/a,,n/a,n/a,Local full text did not contain SimplerEnv/SIMPLER benchmark-use or result terms beyond the citation-graph relationship.,high,,
237,Reinforcing Action Policies by Prophesying,2025,arXiv.org,n/a,n/a,n/a,2511.20633,2025-11-25,Semantic Scholar/OpenAlex arXiv publication-date metadata,10.48550/arXiv.2511.20633,Semantic Scholar citation graph,Semantic Scholar says this work cites the SIMPLER seed paper (arXiv 2405.05941 / CoRL-PMLR version).,indexed-citation,https://www.semanticscholar.org/paper/c0a16dde4dc556d443d6f1e048611d7137de9bea; https://arxiv.org/abs/2511.20633; DOI 10.48550/arXiv.2511.20633,reports-results,widowx-bridge,100 single-image snapshots per task for post-training; ablation also reports 10 images per task,"Table 5 reports SimplerEnv-WidowX overall average success after RL post-training on BRIDGE: VLA-Adapter+FA-GRPO&FlowScale 41.0, Pi0.5+FA-GRPO&FlowScale 51.0, OpenVLA-OFT+FA-GRPO&FlowScale 30.9. Best reported overall average is 51.0.",,,51.0,,,,,42.7,SpatialVLA (fine-tuning),"/tmp/simplerenv_audit/s2_texts/c0a16dde4dc556d443d6f1e048611d7137de9bea.txt lines 1268-1275 and 1306-1327, Table 5; lines 1388-1394 and 1425-1434 for the few-shot image ablation.",high,weight-but-not-for-number,,"The tracked number is the ProphRL SimplerEnv-WidowX post-training result, best 51.0 for Pi0.5 + FA-GRPO & FlowScale after SFT and RL inside Prophet. The project page reports those results and the GitHub repository describes Prophet and ProphRL, but the repository currently contains only README/docs resources, has no releases, and exposes no Prophet checkpoint, SFT policy checkpoint, or post-trained FA-GRPO/FlowScale policy checkpoint. Hugging Face search and the paper page show no linked models. Generic VLA backbones are related initialization weights, not the post-trained policy that produced the tracked 51.0.",high,Paper explicitly reports SimplerEnv-WidowX evaluation with RL post-training on BRIDGE in Table 5 and supporting ablations.,high,official-ish,Reports SimplerEnv-WidowX/Bridge overall success averages for standard policy evaluations after post-training.
238,Reliable and Scalable Robot Policy Evaluation with Imperfect Simulators,2025,arXiv.org,n/a,n/a,n/a,2510.04354,2025-10-05,Semantic Scholar/OpenAlex arXiv publication-date metadata,10.48550/arXiv.2510.04354,Semantic Scholar citation graph,Semantic Scholar says this work cites the SIMPLER seed paper (arXiv 2405.05941 / CoRL-PMLR version).,indexed-citation,https://www.semanticscholar.org/paper/75eea17c71215435210f467ea63974a180d102cd; https://arxiv.org/abs/2510.04354; DOI 10.48550/arXiv.2510.04354,citation-only,n/a,n/a,n/a,,,,,,,,,,n/a,n/a,n/a,,n/a,n/a,Local full text mentions SIMPLER in related work as an example simulation benchmark but performs SureSim experiments on its own real2sim setup rather than SimplerEnv.,high,,
239,Rethinking Progression of Memory State in Robotic Manipulation: An Object-Centric Perspective,2025,arXiv.org,n/a,n/a,n/a,2511.11478,2025-11-14,Semantic Scholar/OpenAlex arXiv publication-date metadata,10.48550/arXiv.2511.11478,Semantic Scholar citation graph,Semantic Scholar says this work cites the SIMPLER seed paper (arXiv 2405.05941 / CoRL-PMLR version).,indexed-citation,https://www.semanticscholar.org/paper/d5b686df9dad0fe5e77ccbacbf203beac5782e8c; https://arxiv.org/abs/2511.11478; DOI 10.48550/arXiv.2511.11478,citation-only,n/a,n/a,n/a,,,,,,,,,,n/a,n/a,n/a,,n/a,n/a,Citation graph row; converted text did not contain SimplerEnv benchmark-use/result terms beyond the citation record.,high,,
240,RL's Razor: Why Online Reinforcement Learning Forgets Less,2025,arXiv.org,n/a,n/a,n/a,2509.04259,2025-09-04,Semantic Scholar/OpenAlex arXiv publication-date metadata,10.48550/arXiv.2509.04259,Semantic Scholar citation graph,Semantic Scholar says this work cites the SIMPLER seed paper (arXiv 2405.05941 / CoRL-PMLR version).,indexed-citation,https://www.semanticscholar.org/paper/ad74032137b4129b54c5c06be208843d73792e7f; https://arxiv.org/abs/2509.04259; DOI 10.48550/arXiv.2509.04259,reports-results,simplerenv-result-unattributed,SFT uses 10 successful trajectories per 10x10 grid point; RL collects 5 trajectories per grid point; evaluation samples 100 random object locations,"Figure 2 includes a Robotics, Pick and Place panel reporting SimplerEnv new-task accuracy and prior-task score Pareto frontiers for RL vs SFT, but no exact table values or clean suite average are provided.",,,,,,,,,,/tmp/simplerenv_audit/s2_texts/ad74032137b4129b54c5c06be208843d73792e7f.txt lines 264-306 and 377-379 for the SimplerEnv robotics experiment; lines 1179-1224 for protocol/data collection.,medium,weight-but-not-for-number,,"The tracked SimplerEnv result is from RL/SFT fine-tuned OpenVLA-7B policies in the robotics experiment, including a sweep of many fine-tuned models. Public OpenVLA-7B base weights exist, but I found no public checkpoint for the RL's Razor fine-tuned SimplerEnv policies or the Figure 2 Pareto-frontier models. The official project page links only the paper, GitHub search found only an unrelated MNIST replication repo, and Hugging Face search for the paper ID returned no models.",high,Paper trains/evaluates OpenVLA-7B in SimplerEnv pick-and-place and open/close drawer tasks and plots numeric performance/forgetting frontiers.,high,otherwise,"Uses SimplerEnv for a custom OpenVLA forgetting/new-task Pareto experiment, not a standard VM/VA or WidowX/Bridge benchmark score."
241,RLVR-World: Training World Models with Reinforcement Learning,2025,arXiv.org,NeurIPS 2025,Local full text line 60 states 39th Conference on Neural Information Processing Systems (NeurIPS 2025); OpenReview page confirms NeurIPS 2025 poster: https://openreview.net/forum?id=jpiSagi8aV.,high,2505.13934,2025-05-20,Semantic Scholar/OpenAlex arXiv publication-date metadata,10.48550/arXiv.2505.13934,Semantic Scholar citation graph; OpenAlex term search: Real Robot Setups SIMPLER; OpenAlex term search: SIMPLER Google Robot Bridge,Semantic Scholar says this work cites the SIMPLER seed paper (arXiv 2405.05941 / CoRL-PMLR version).,indexed-citation,https://www.semanticscholar.org/paper/78169fd4729b3da0f5cf72f57bd968515a5ed646; https://arxiv.org/abs/2505.13934; DOI 10.48550/arXiv.2505.13934; https://openalex.org/W4417298688,reports-results,simplerenv-result-unattributed,30 trajectories per task for six open/close drawer tasks,"Table 13 reports real2sim policy-evaluation success rates for Google Robot drawer tasks. RLVR-World Open Drawer: RT-1 Begin 3.3, RT-1-X 33.3, RT-1 15% 62.2, RT-1 Converged 62.2. RLVR-World Close Drawer: 18.9, 71.1, 78.9, 88.9. SIMPLER-VA and SIMPLER-VM baselines are also reported, but no full Google Robot VM/VA suite average is given.",,,,,,,,,,"/tmp/simplerenv_audit/s2_texts/78169fd4729b3da0f5cf72f57bd968515a5ed646.txt lines 571-584 and 1466-1528, Table 13.",high,number-associated weight available,https://huggingface.co/thuml/rt1-world-model-multi-step-rlvr,The tracked Table 13 real2sim policy-evaluation numbers use RLVR-World video world models for Google Robot drawer tasks. The official project links code and Hugging Face models; the public thuml/rt1-world-model-multi-step-rlvr model is tagged with arXiv:2505.13934 and exposes model.safetensors. The official repo's vid_wm README includes the downstream Real2Sim policy evaluation instructions. I verified metadata/HEAD-style listings only and did not download the large model file.,high,"Paper follows SIMPLER, compares against SIMPLER-VM and SIMPLER-VA, and reports Google Robot drawer-task success rates for real2sim policy evaluation.",high,otherwise,"Reports real2sim world-model policy-evaluation drawer-task success with human judgment, not standard SimplerEnv rollout success."
242,RoboArena: Distributed Real-World Evaluation of Generalist Robot Policies,2025,arXiv.org,Conference on Robot Learning (CoRL 2025),"OpenReview lists RoboArena as a CoRL 2025 Oral: https://openreview.net/forum?id=cpmwi3Xwcr; local PDF title page also states '9th Conference on Robot Learning (CoRL 2025), Seoul, Korea'.",high,2506.18123,2025-06-22,Semantic Scholar/OpenAlex arXiv publication-date metadata,10.48550/arXiv.2506.18123,Semantic Scholar citation graph,Semantic Scholar says this work cites the SIMPLER seed paper (arXiv 2405.05941 / CoRL-PMLR version).,indexed-citation,https://www.semanticscholar.org/paper/c03aab7c575d7c2218e4da7a12e13bfb03aa160a; https://arxiv.org/abs/2506.18123; DOI 10.48550/arXiv.2506.18123,citation-only,n/a,n/a,n/a,,,,,,,,,,n/a,n/a,n/a,,n/a,n/a,"Local full text cites the SimplerEnv seed in related benchmark context/reference only; no SimplerEnv data, tasks, or results are used.",high,,
243,RoboChallenge: Large-scale Real-robot Evaluation of Embodied Policies,2025,arXiv.org,n/a,n/a,n/a,2510.17950,2025-10-20,Semantic Scholar/OpenAlex arXiv publication-date metadata,10.48550/arXiv.2510.17950,Semantic Scholar citation graph,Semantic Scholar says this work cites the SIMPLER seed paper (arXiv 2405.05941 / CoRL-PMLR version).,indexed-citation,https://www.semanticscholar.org/paper/5c57d23a305f998c34528902e0305bef288a7c3d; https://arxiv.org/abs/2510.17950; DOI 10.48550/arXiv.2510.17950,citation-only,n/a,n/a,n/a,,,,,,,,,,n/a,n/a,n/a,,n/a,n/a,Citation graph row; converted text did not contain SimplerEnv benchmark-use/result terms beyond the citation record.,high,,
244,RoboEval: Where Robotic Manipulation Meets Structured and Scalable Evaluation,2025,arXiv.org,n/a,n/a,n/a,2507.00435,2025-07-01,Semantic Scholar/OpenAlex arXiv publication-date metadata,10.48550/arXiv.2507.00435,Semantic Scholar citation graph,Semantic Scholar says this work cites the SIMPLER seed paper (arXiv 2405.05941 / CoRL-PMLR version).,indexed-citation,https://www.semanticscholar.org/paper/fe25c6ceaabf4d9a6f87372841c7cf10f00acb3d; https://arxiv.org/abs/2507.00435; DOI 10.48550/arXiv.2507.00435,citation-only,n/a,n/a,n/a,,,,,,,,,,n/a,n/a,n/a,,n/a,n/a,Citation graph row; converted text did not contain SimplerEnv benchmark-use/result terms beyond the citation record.,high,,
245,RoboMonkey: Scaling Test-Time Sampling and Verification for Vision-Language-Action Models,2025,arXiv.org,Conference on Robot Learning (CoRL 2025),OpenReview lists RoboMonkey as CoRL 2025 Poster: https://openreview.net/forum?id=QPTZfaxATs.,high,2506.17811,2025-06-21,Semantic Scholar/OpenAlex arXiv publication-date metadata,10.48550/arXiv.2506.17811,Semantic Scholar citation graph,Semantic Scholar says this work cites the SIMPLER seed paper (arXiv 2405.05941 / CoRL-PMLR version).,indexed-citation,https://www.semanticscholar.org/paper/530dc0a093ef172954a7e369dc6adc777432cad6; https://arxiv.org/abs/2506.17811; DOI 10.48550/arXiv.2506.17811,reports-results,widowx-bridge,not reported,"RoboMonkey reports an average success rate of 47.5% on four SIMPLER WidowX tasks, outperforming OpenVLA by 9 points on average.",,,47.5,,,,,38.5,OpenVLA,Local full text /tmp/simplerenv_audit/s2_texts/530dc0a093ef172954a7e369dc6adc777432cad6.txt:380-387 states the SIMPLER WidowX four-task evaluation and the 47.5% average; lines 824-827 describe simulation reporting setup.,high,number-associated weight available,https://huggingface.co/robomonkey-vla/monkey-verifier-7b,"The tracked 47.5 WidowX/Bridge average is the RoboMonkey SIMPLER evaluation over four tasks. The official RoboMonkey repo's SIMPLER table reports the same per-task averages and mean, and its run instructions use the action verifier plus OpenVLA serving engine. The public monkey-verifier-7b Hugging Face repository contains the verifier SFT model files, LoRA adapter, and reward head used by the method. I used hub metadata/listings only, not large downloads.",high,Local full text lines 381-385 explicitly evaluates RoboMonkey in SIMPLER on four WidowX tasks.,high,official-ish,Reports an average success rate on the standard four SIMPLER WidowX tasks.
246,Robot Control Stack: A Lean Ecosystem for Robot Learning at Scale,2025,arXiv.org,IEEE International Conference on Robotics and Automation (ICRA 2026),RCS project/documentation BibTeX lists Proc. of IEEE ICRA and note 'Accepted for publication': https://robotcontrolstack.org/ and https://robotcontrolstack.github.io/.,high,2509.14932,2025-09-18,Semantic Scholar/OpenAlex arXiv publication-date metadata,10.48550/arXiv.2509.14932,Semantic Scholar citation graph,Semantic Scholar says this work cites the SIMPLER seed paper (arXiv 2405.05941 / CoRL-PMLR version).,indexed-citation,https://www.semanticscholar.org/paper/a9d38ba76f49db7ac5773cc72a1afeae9453e073; https://arxiv.org/abs/2509.14932; DOI 10.48550/arXiv.2509.14932,citation-only,n/a,n/a,n/a,,,,,,,,,,n/a,n/a,n/a,,n/a,n/a,The paper invokes SIMPLER as methodological context only and evaluates an RCS FR3/MuJoCo setup; no SimplerEnv tasks or data are used.,high,,
247,Robot Learning from a Physical World Model,2025,arXiv.org,n/a,n/a,n/a,2511.07416,2025-11-10,Semantic Scholar/OpenAlex arXiv publication-date metadata,10.48550/arXiv.2511.07416,Semantic Scholar citation graph,Semantic Scholar says this work cites the SIMPLER seed paper (arXiv 2405.05941 / CoRL-PMLR version).,indexed-citation,https://www.semanticscholar.org/paper/ff46a46dc583bfc8956e744bc01b613429a000ae; https://arxiv.org/abs/2511.07416; DOI 10.48550/arXiv.2511.07416,citation-only,n/a,n/a,n/a,,,,,,,,,,n/a,n/a,n/a,,n/a,n/a,Citation graph row; converted text did not contain SimplerEnv benchmark-use/result terms beyond the citation record.,high,,
248,Robot Learning from Any Images,2025,arXiv.org,Conference on Robot Learning (CoRL 2025),OpenReview lists Robot Learning from Any Images as CoRL 2025 Poster: https://openreview.net/forum?id=FCHl2ybdAm; local PDF title page also states CoRL 2025.,high,2509.22970,2025-09-26,Semantic Scholar/OpenAlex arXiv publication-date metadata,10.48550/arXiv.2509.22970,Semantic Scholar citation graph,Semantic Scholar says this work cites the SIMPLER seed paper (arXiv 2405.05941 / CoRL-PMLR version).,indexed-citation,https://www.semanticscholar.org/paper/33f63aa619e9e2dd212ca6bcf0281fcd255b8d6f; https://arxiv.org/abs/2509.22970; DOI 10.48550/arXiv.2509.22970,reports-results,simplerenv-result-unattributed,not reported,"Table 3 reports custom SimplerEnv-setting task scores over 10 trials, with examples including 6.5/10 and 10/10; Table 6 reports banana scene results of 10/10 and 7.5/10.",,,,,,,,,,Local full text /tmp/simplerenv_audit/s2_texts/33f63aa619e9e2dd212ca6bcf0281fcd255b8d6f.txt:352-354 and 413-416 describe custom SimplerEnv-setting evaluation over 10 trials; lines 858-862 report Table 6 results.,high,not-found,,"The tracked custom SimplerEnv-setting results are from a VLA trained on RoLA-generated data. The official page links only the RoLA/OpenReal2Sim code/toolbox, and the official README describes the real-to-sim toolbox rather than a trained policy checkpoint. Repository tree searches, exact-title searches, and Hugging Face searches for the title, RoLA/OpenReal2Sim, author, and arXiv ID did not find a public VLA checkpoint corresponding to Table 3 or Table 6.",high,Local full text lines 413-416 says the authors designed 10 evaluation tasks under the SimplerEnv setting.,high,otherwise,Designs custom tasks under a SimplerEnv setting with 10-trial scores rather than using an official SimplerEnv suite protocol.
249,Robot Policy Evaluation for Sim-to-Real Transfer: A Benchmarking Perspective,2025,arXiv.org,n/a,n/a,n/a,2508.11117,2025-08-14,Semantic Scholar/OpenAlex arXiv publication-date metadata,10.48550/arXiv.2508.11117,Semantic Scholar citation graph,Semantic Scholar says this work cites the SIMPLER seed paper (arXiv 2405.05941 / CoRL-PMLR version).,indexed-citation,https://www.semanticscholar.org/paper/1d2f0e99cd09dedbd6567ab7ea93950bb2e79906; https://arxiv.org/abs/2508.11117; DOI 10.48550/arXiv.2508.11117,citation-only,n/a,n/a,n/a,,,,,,,,,,n/a,n/a,n/a,,n/a,n/a,Citation graph row; converted text did not contain SimplerEnv benchmark-use/result terms beyond the citation record.,high,,
250,RobotArena ∞: Scalable Robot Benchmarking via Real-to-Sim Translation,2025,arXiv.org,International Conference on Learning Representations (ICLR 2026),OpenReview lists RobotArena Infinity as ICLR 2026 Poster: https://openreview.net/forum?id=OutljIofvS.,high,2510.23571,2025-10-27,Semantic Scholar/OpenAlex arXiv publication-date metadata,10.48550/arXiv.2510.23571,Semantic Scholar citation graph,Semantic Scholar says this work cites the SIMPLER seed paper (arXiv 2405.05941 / CoRL-PMLR version).,indexed-citation,https://www.semanticscholar.org/paper/6b5cbef0ff7a62a2cee1fac8211774a37bd94ba2; https://arxiv.org/abs/2510.23571; DOI 10.48550/arXiv.2510.23571,reports-results,simplerenv-result-unattributed,not reported,"Figure 9 compares VLA task-progression scores on a reproduction of four SIMPLER Bridge-style environments versus BridgeSim; visually read SIMPLER bars include Octo 45.42, SpatialVLA 40.00, RoboVLM 78.33, CogACT 59.58, OpenPIZero 67.92, and X-VLA 47.92.",,,,,,,,,,Local full text /tmp/simplerenv_audit/s2_texts/6b5cbef0ff7a62a2cee1fac8211774a37bd94ba2.txt:560-569 describes Figure 9; values were read from local rendered figure /tmp/simplerenv_reaudit/figures/row250_page9-09.png.,high,number-associated weight available,https://github.com/offjangir/RobotArena,"The tracked Figure 9 numbers are RobotArena evaluations of existing public VLA policies on reproduced SIMPLER Bridge-style environments, not a newly trained RobotArena policy. The official project page links the benchmark code, and the official repository lists supported policies and the policy-server/model paths used for evaluation: RoboVLM bridge post-train files, Octo, SpatialVLA, CogACT, open-pi-zero Bridge/Fractal checkpoints, and X-VLA-WidowX. The referenced Hugging Face/GitHub file listings expose the corresponding public checkpoint artifacts. I checked metadata/file trees only and did not download large weights.",medium,Local full text lines 562-564 says the authors compare multiple VLAs on their reproduction of four environments from the SIMPLER benchmark.,high,otherwise,"Evaluates on RobotArena's reproduction of SIMPLER Bridge-style environments with task-progression scores, not the official SimplerEnv protocol."
251,"Robotic Manipulation via Imitation Learning: Taxonomy, Evolution, Benchmark, and Challenges",2025,arXiv.org,n/a,n/a,n/a,2508.17449,2025-08-24,Semantic Scholar/OpenAlex arXiv publication-date metadata,10.48550/arXiv.2508.17449,Semantic Scholar citation graph,Semantic Scholar says this work cites the SIMPLER seed paper (arXiv 2405.05941 / CoRL-PMLR version).,indexed-citation,https://www.semanticscholar.org/paper/af2b6dd81d76c58775f06587ceb60d12a9421113; https://arxiv.org/abs/2508.17449; DOI 10.48550/arXiv.2508.17449,reports-results,simplerenv-result-unattributed,not reported,"Survey Table VII compiles SimplerEnv-Google Robot results, e.g. SoFar VM Avg 74.9 and VA Avg 67.6; CogACT 74.8/61.3; VLACache 74.4/62.3; SpatialVLA 71.9/68.8.",,,,,,,,,,Local full text /tmp/simplerenv_audit/s2_texts/af2b6dd81d76c58775f06587ceb60d12a9421113.txt:722-729 describes SimplerEnv VM/VA; lines 926-935 show Table VII compiled success rates.,high,weight-but-not-for-number,,"The tracked SimpleEnv/SimplerEnv numbers are a survey Table VII compilation of other papers' SimplerEnv-Google Robot results, not results produced by a survey-owned model. Public weights exist for some cited methods/components, such as CogACT, SpatialVLA, and SoFar's PointSO component, but those are primary-method artifacts and are not a single survey checkpoint tied to the survey row's compiled table. Exact-title GitHub and Hugging Face searches for the survey/arXiv ID found no survey code or model repository.",high,"Local full text Table VII reports SimplerEnv-Google Robot benchmark numbers, but as a survey compilation rather than a new method result.",high,official-ish,Compiles standard SimplerEnv-Google Robot Visual Matching and Variant Aggregation success-rate averages from prior work.
252,Robotic Visual Instruction,2025,Computer Vision and Pattern Recognition,IEEE/CVF Conference on Computer Vision and Pattern Recognition (CVPR 2025),"CVF open-access page lists Robotic Visual Instruction in Proceedings of CVPR 2025, pp. 12155-12165: https://openaccess.thecvf.com/content/CVPR2025/html/Li_Robotic_Visual_Instruction_CVPR_2025_paper.html.",high,2505.00693,2025-05-01,Semantic Scholar/OpenAlex arXiv publication-date metadata,10.1109/CVPR52734.2025.01135,Semantic Scholar citation graph,Semantic Scholar says this work cites the SIMPLER seed paper (arXiv 2405.05941 / CoRL-PMLR version).,indexed-citation,https://www.semanticscholar.org/paper/d9fea4f3e7ba850a1b710c1b5f80c7d0a16e7b53; https://arxiv.org/abs/2505.00693; DOI 10.1109/CVPR52734.2025.01135,reports-results,simplerenv-result-unattributed,not reported,"Table 1 reports simulator success rates on three custom tasks: VIEW* achieves 70, 60, and 100, average 76.6; baselines include RT-1-X average 20, Octo-goal-image average 13.3, and Octo-language average 3.",,,,,,,,,,Local full text /tmp/simplerenv_audit/s2_texts/d9fea4f3e7ba850a1b710c1b5f80c7d0a16e7b53.txt:265-276 reports Table 1 simulator results; lines 290-292 and 339-348 identify SIMPLER/SAPIEN as the simulator base.,high,not-found,,"The tracked simulator numbers are for VIEW/RoVI on custom SIMPLER/SAPIEN tasks. The paper describes a VIEW pipeline with VLM understanding, a trained keypoint module, and a low-level policy, but I found no public trained VIEW, LLaVA, YOLO/keypoint, or policy checkpoint corresponding to Table 1. The official project says code and datasets would be released, and the linked public GitHub/Hugging Face artifacts are RoVI-Book dataset files only. The Hugging Face paper page lists zero models citing the paper and one dataset.",high,Local full text lines 290-292 labels Figure 6 as SIMPLER tasks and lines 339-348 says the authors use SAPIEN and SIMPLER as the base environment.,high,otherwise,Reports custom simulator tasks built on SIMPLER/SAPIEN rather than standard Google Robot VM/VA or WidowX/Bridge evaluations.
253,"RoboVerse: Towards a Unified Platform, Dataset and Benchmark for Scalable and Generalizable Robot Learning",2025,arXiv.org,Robotics: Science and Systems (RSS 2025),RoboVerse GitHub README news says 'RoboVerse gets accepted by RSS 2025': https://github.com/RoboVerseOrg/RoboVerse; author pages also list RSS 2025.,high,2504.18904,2025-04-26,Semantic Scholar/OpenAlex arXiv publication-date metadata,10.48550/arXiv.2504.18904,Semantic Scholar citation graph,Semantic Scholar says this work cites the SIMPLER seed paper (arXiv 2405.05941 / CoRL-PMLR version).,indexed-citation,https://www.semanticscholar.org/paper/36b457f4a4cbdb4c74a2713e06ea9b5753122b41; https://arxiv.org/abs/2504.18904; DOI 10.48550/arXiv.2504.18904,uses-data-no-results,n/a,n/a,n/a,,,,,,,,,,n/a,n/a,n/a,,n/a,n/a,"Local full text lines 321, 465, and 1512-1525 show RoboVerse integrates/migrates SimplerEnv tasks/assets/data.",high,,
254,SAFE: Multitask Failure Detection for Vision-Language-Action Models,2025,arXiv.org,Neural Information Processing Systems (NeurIPS 2025),OpenReview lists SAFE as NeurIPS 2025 poster: https://openreview.net/forum?id=XPyAukgsFf; local title page also states NeurIPS 2025.,high,2506.09937,2025-06-11,Semantic Scholar/OpenAlex arXiv publication-date metadata,10.48550/arXiv.2506.09937,Semantic Scholar citation graph,Semantic Scholar says this work cites the SIMPLER seed paper (arXiv 2405.05941 / CoRL-PMLR version).,indexed-citation,https://www.semanticscholar.org/paper/8165f26c174bd327506242ee898cf18a3abe61cf; https://arxiv.org/abs/2506.09937; DOI 10.48550/arXiv.2506.09937,reports-results,simplerenv-result-unattributed,not reported,"SAFE reports pi0* SimplerEnv task success rates for failure-detection data: Google Robot tasks 77, 50, 80, 40 and WidowX tasks 44, 88, 79, 43. Table 1/Table 8 report SimplerEnv failure-detection ROC-AUC, e.g. SAFE-MLP pi0* SimplerEnv 89.50 seen and 84.82 unseen.",,,,,,,,,,Local full text /tmp/simplerenv_audit/s2_texts/8165f26c174bd327506242ee898cf18a3abe61cf.txt:382-388 describes SimplerEnv embodiments/tasks; lines 1090-1099 list task success rates; lines 1448-1471 give ROC-AUC means/stds.,high,weight-but-not-for-number,,"The tracked SimpleEnv/SimplerEnv number is the SAFE failure-detector ROC-AUC on pi0* SimplerEnv rollouts, not generic VLA policy availability. The paper says SimplerEnv uses pretrained pi0* reproduction checkpoints, then trains SAFE-MLP/SAFE-LSTM failure detectors from generated successful and failed rollouts. The official README links adapted rollout-generation repositories, two real-world rollout Google Drive files, and scripts to train/evaluate SAFE and pull WandB metrics for Table 1; it does not list public SAFE-MLP/SAFE-LSTM detector checkpoints for the SimplerEnv Table 1/Table 8 numbers. Related pi0*/OpenVLA/OpenPI policy weights or rollout code are therefore not the reported-number failure-detector weights.",high,Local full text lines 382-388 states SAFE trains/evaluates failure detectors on Google Robot and WidowX embodiments in SimplerEnv.,high,otherwise,"Uses selected SimplerEnv tasks for failure-detection data and ROC-AUC evaluation, with excluded/subset tasks rather than a comparable official suite score."
255,Scalable Policy Evaluation with Video World Models,2025,arXiv.org,n/a,n/a,n/a,2511.11520,2025-11-14,Semantic Scholar/OpenAlex arXiv publication-date metadata,10.48550/arXiv.2511.11520,Semantic Scholar citation graph,Semantic Scholar says this work cites the SIMPLER seed paper (arXiv 2405.05941 / CoRL-PMLR version).,indexed-citation,https://www.semanticscholar.org/paper/4c56a86a94f5cd971ab541f3ee028665677c8b07; https://arxiv.org/abs/2511.11520; DOI 10.48550/arXiv.2511.11520,uses-data-no-results,n/a,n/a,n/a,,,,,,,,,,n/a,n/a,n/a,,n/a,n/a,"The paper uses SIMPLER's MMRV/Pearson policy-evaluation metrics and follows the Bridge setup, but does not run/report SimplerEnv suite results.",high,,
256,Sceniris: A Fast Procedural Scene Generation Framework,2025,arXiv.org,n/a,n/a,n/a,2512.16896,2025-12-18,Semantic Scholar/OpenAlex arXiv publication-date metadata,10.48550/arXiv.2512.16896,Semantic Scholar citation graph,Semantic Scholar says this work cites the SIMPLER seed paper (arXiv 2405.05941 / CoRL-PMLR version).,indexed-citation,https://www.semanticscholar.org/paper/e3f00c549dc46225cc182cf8131e2528fe6e6fe5; https://arxiv.org/abs/2512.16896; DOI 10.48550/arXiv.2512.16896,citation-only,n/a,n/a,n/a,,,,,,,,,,n/a,n/a,n/a,,n/a,n/a,Citation graph row; converted text did not contain SimplerEnv benchmark-use/result terms beyond the citation record.,high,,
257,SCIZOR: A Self-Supervised Approach to Data Curation for Large-Scale Imitation Learning,2025,arXiv.org,CoRL 2025 Robot Data Workshop,OpenReview lists SCIZOR as CoRL 2025 Robot Data Workshop: https://openreview.net/forum?id=Wo8eEdFUDF.,high,2505.22626,2025-05-28,Semantic Scholar/OpenAlex arXiv publication-date metadata,10.48550/arXiv.2505.22626,Semantic Scholar citation graph,Semantic Scholar says this work cites the SIMPLER seed paper (arXiv 2405.05941 / CoRL-PMLR version).,indexed-citation,https://www.semanticscholar.org/paper/1a601961be1a3facbacc68205b9279216e802c5c; https://arxiv.org/abs/2505.22626; DOI 10.48550/arXiv.2505.22626,reports-results,simplerenv-result-unattributed,not reported,SCIZOR reports OXE Magic Soup success rates 20.0/21.2/28.1 and OXE RT-X 27.8/31.3 in Figure 3; text summarizes an 8.1 point gain on OXE Magic Soup. Evaluation uses Pick Coke Can and Move Near in the SIMPLER Visual-Matching setting.,,,,,,,,,,"Local full text /tmp/simplerenv_audit/s2_texts/1a601961be1a3facbacc68205b9279216e802c5c.txt:303-311 describes Simpler/OXE setup; lines 332-335 summarize gains; lines 345-360 show Figure 3 values; lines 867-874 specify Visual-Matching, tasks, and trial counts.",high,weight-but-not-for-number,,"The tracked number is the Octo-Small policy trained on SCIZOR-curated OXE data and evaluated in SIMPLER Visual Matching. The paper reports selecting the best of the last saved checkpoints across seeds, and the official repo provides commands to train curation models and train Octo with `--config.save_dir <PATH_TO_SAVE_CKPT>`. It references the public `rail-berkeley/octo-small-1.5` checkpoint only as the starting pretrained Octo model; no SCIZOR-trained Octo policy checkpoint, release, tag, Hugging Face model, or download path was found for the Figure 3/Table 9 SimplerEnv numbers.",high,Local full text lines 308-311 and 867-874 explicitly evaluate Octo on Pick Coke Can and Move Near in SIMPLER Visual-Matching.,high,otherwise,"Reports only Pick Coke Can and Move Near Visual-Matching task results, not a standard Google Robot VM/VA or WidowX/Bridge suite average."
258,"Score the Steps, Not Just the Goal: VLM-Based Subgoal Evaluation for Robotic Manipulation",2025,arXiv.org,Conference on Robot Learning (CoRL 2025),"Local full text /tmp/simplerenv_audit/s2_texts/8ee238fecd12b2fb6704105ff59eee949964a937.txt:57 states '9th Conference on Robot Learning (CoRL 2025), Seoul, Korea'.",high,2509.19524,2025-09-23,Semantic Scholar/OpenAlex arXiv publication-date metadata,10.48550/arXiv.2509.19524,Semantic Scholar citation graph,Semantic Scholar says this work cites the SIMPLER seed paper (arXiv 2405.05941 / CoRL-PMLR version).,indexed-citation,https://www.semanticscholar.org/paper/8ee238fecd12b2fb6704105ff59eee949964a937; https://arxiv.org/abs/2509.19524; DOI 10.48550/arXiv.2509.19524,citation-only,n/a,n/a,n/a,,,,,,,,,,n/a,n/a,n/a,,n/a,n/a,"Local full text cites the seed paper only in references; no SimplerEnv task, data, or result appears in the body.",high,,
259,Self-Improving Vision-Language-Action Models with Data Generation via Residual RL,2025,arXiv.org,International Conference on Learning Representations (ICLR 2026),OpenReview lists Self-Improving Vision-Language-Action Models with Data Generation via Residual RL as ICLR 2026 Poster: https://openreview.net/forum?id=eUGoqrZ6Ea.,high,2511.00091,2025-10-30,Semantic Scholar/OpenAlex arXiv publication-date metadata,10.48550/arXiv.2511.00091,Semantic Scholar citation graph; OpenAlex term search: SimplerEnv,Semantic Scholar says this work cites the SIMPLER seed paper (arXiv 2405.05941 / CoRL-PMLR version).,indexed-citation,https://www.semanticscholar.org/paper/14c584af2fda0b9b5851b1e8573c4e2dd2c8fd0b; https://arxiv.org/abs/2511.00091; DOI 10.48550/arXiv.2511.00091; https://openalex.org/W4415935455,reports-results,simplerenv-result-unattributed,not reported,"PLD on SimplerEnv Table 2: Octo-SFT scores 65.5, 43.3, 92.5, 85.7, Avg 71.8; w/ ours scores 97.8, 93.9, 99.3, 95.5, Avg 96.6 across two WidowX and two Google tasks.",,,,,,,,,,Local full text /tmp/simplerenv_audit/s2_texts/14c584af2fda0b9b5851b1e8573c4e2dd2c8fd0b.txt:396-401 says 50 episodes per task and mean success per suite/benchmark; lines 412-417 report Table 2 mixed SimplerEnv results.,high,weight-but-not-for-number,,"The tracked SimplerEnv number is the PLD-improved policy after residual-RL data generation and supervised fine-tuning, reported as the `w/ ours` row in Table 2. The paper says official checkpoints are leveraged for model fine-tuning as baselines, then PLD collects data with residual specialists and distills it back into the generalist. The official project page exposes paper/arXiv/Twitter links but no code repository, release, Hugging Face/Drive checkpoint, or final PLD-finetuned policy download. Any public base VLA/Octo/pi0/OpenVLA checkpoints are initialization or baselines, not the reported PLD Table 2 weights.",high,Local full text lines 412-417 directly reports PLD evaluation on SimplerEnv.,high,otherwise,"Reports a mixed subset of two WidowX and two Google SimplerEnv tasks, without a clean standard VM, VA, or WidowX/Bridge suite value."
260,Shortcut Learning in Generalist Robot Policies: The Role of Dataset Diversity and Fragmentation,2025,arXiv.org,Conference on Robot Learning (CoRL 2025),OpenReview lists Shortcut Learning as CoRL 2025 Poster: https://openreview.net/forum?id=PTJopl2uaU; local title page also states CoRL 2025.,high,2508.06426,2025-08-08,Semantic Scholar/OpenAlex arXiv publication-date metadata,10.48550/arXiv.2508.06426,Semantic Scholar citation graph,Semantic Scholar says this work cites the SIMPLER seed paper (arXiv 2405.05941 / CoRL-PMLR version).,indexed-citation,https://www.semanticscholar.org/paper/1eedd1e4195ab179194b3fc31a9edc98145e2e50; https://arxiv.org/abs/2508.06426; DOI 10.48550/arXiv.2508.06426,reports-results,simplerenv-result-unattributed,not reported per task; 242 total successful trajectories,"Table 2 reports shortcut degree: pi0 SIMPLER 1.0 and real-world 0.8; pi0+augmentation SIMPLER 0.68 and real-world 0.25. Appendix says 242 successful SIMPLER trajectories were collected, 116 RT-1 and 126 Bridge.",,,,,,,,,,Local full text /tmp/simplerenv_audit/s2_texts/1eedd1e4195ab179194b3fc31a9edc98145e2e50.txt:602-617 describes SIMPLER validation; lines 618-625 report Table 2 shortcut degree; lines 1508-1509 report trajectory counts.,high,weight-but-not-for-number,,"The tracked number is Table 2 shortcut degree for pi0 and pi0+augmentation in SIMPLER after fine-tuning on a SIMPLER offline dataset and object augmentation. The paper says the SIMPLER dataset has 242 successful trajectories and the model is fine-tuned from pretrained pi0 checkpoints. The official repository releases dataset-generation and training/evaluation code, and its README downloads MiniVLA backbone/action-tokenizer assets and writes trained checkpoints under local logs; it does not release the pi0 or pi0+aug SIMPLER fine-tuned policy checkpoint that produced Table 2. The available base/backbone/tokenizer artifacts are related but not the reported-number policy weights.",high,Local full text lines 602-617 explicitly validates the augmentation approach in the SIMPLER simulation environment.,high,otherwise,Reports shortcut-degree diagnostics in SIMPLER rather than standard SimplerEnv suite success-rate results.
261,SITCOM: Scaling Inference-Time COMpute for VLAs,2025,arXiv.org,NeurIPS 2025 SpaVLE Workshop,OpenReview SpaVLE submissions list SITCOM as SpaVLE Poster: https://openreview.net/submissions?page=2&venue=NeurIPS.cc%2F2025%2FWorkshop%2FSpaVLE.,high,2510.04041,2025-10-05,Semantic Scholar/OpenAlex arXiv publication-date metadata,10.48550/arXiv.2510.04041,Semantic Scholar citation graph,Semantic Scholar says this work cites the SIMPLER seed paper (arXiv 2405.05941 / CoRL-PMLR version).,indexed-citation,https://www.semanticscholar.org/paper/1b0eb3d4f4bffe85a7ce370c78dcf879d37b4b0b; https://arxiv.org/abs/2510.04041; DOI 10.48550/arXiv.2510.04041,reports-results,widowx-bridge,not reported,"Table 2 reports SIMPLER Bridge-task success rates: SITCOM World Model 0.66, 0.83, 0.62, 0.79 with Overall Avg 0.72; SITCOM EnvSim oracle variant has Overall Avg 0.76; OpenVLA-SFT baseline Avg 0.48.",,,72.0,,,,,48.0,OpenVLA-SFT,Local full text /tmp/simplerenv_audit/s2_texts/1b0eb3d4f4bffe85a7ce370c78dcf879d37b4b0b.txt:263-269 describes SIMPLER evaluation/fine-tuning; lines 280-286 report Table 2; lines 302-315 interpret 76% EnvSim and 72% World Model.,high,weight-but-not-for-number,,"The tracked number is SITCOM World Model/EnvSim success on SIMPLER Bridge/WidowX tasks, which depends on an OpenVLA-SFT policy fine-tuned on 100 curated SIMPLER trajectories plus a trained dynamics/world model and reward-based selection. The paper states pretrained OpenVLA is used because it is open source, then OpenVLA is fine-tuned on in-domain simulated trajectories; no official code page, checkpoint release, model-card collection, or downloadable OpenVLA-SFT/world-model artifact was found. Public OpenVLA-7B is only a baseline/initialization and does not correspond to the reported SITCOM Table 2 number.",high,Local full text lines 263-269 and 280-286 directly evaluate SITCOM in the SIMPLER environment on four Bridge/WidowX-style tasks.,high,official-ish,Reports a standard SimplerEnv WidowX/Bridge four-task success-rate average.
262,SoFar: Language-Grounded Orientation Bridges Spatial Reasoning and Object Manipulation,2025,arXiv.org,Neural Information Processing Systems (NeurIPS 2025),OpenReview lists SoFar as NeurIPS 2025 spotlight: https://openreview.net/forum?id=kmv7yg6QXv; project page also states NeurIPS 2025 Spotlight: https://qizekun.github.io/sofar/.,high,2502.13143,2025-02-18,Semantic Scholar/OpenAlex arXiv publication-date metadata,10.48550/arXiv.2502.13143,Semantic Scholar citation graph,Semantic Scholar says this work cites the SIMPLER seed paper (arXiv 2405.05941 / CoRL-PMLR version).,indexed-citation,https://www.semanticscholar.org/paper/3564562b1fd9ed8abf9aaeef0afd1d759c5e0d55; https://arxiv.org/abs/2502.13143; DOI 10.48550/arXiv.2502.13143,reports-results,google-fractal-vm; google-fractal-va; widowx-bridge,0 (zero-shot; no SimplerEnv demonstrations),"SoFar reports Google Robot Visual Matching average 0.749, Variant Aggregation average 0.676, and WidowX+Bridge average 0.583.",74.9,67.6,58.3,60.6,RT-2-X,66.1,RT-2-X,42.7,SpatialVLA (Bridge),Local full text /tmp/simplerenv_audit/s2_texts/3564562b1fd9ed8abf9aaeef0afd1d759c5e0d55.txt:426-445 reports Google Robot VM/VA averages; lines 448-465 report WidowX+Bridge average; lines 481-491 and 1279-1281 describe SIMPLER evaluation/configs.,high,number-associated weight available,https://huggingface.co/qizekun/PointSO,"The tracked numbers are SoFar zero-shot SimplerEnv results for Google Robot Visual Matching/Variant Aggregation and WidowX+Bridge. The official SoFar README reports those SimplerEnv averages, links the SimplerEnv-SOFAR evaluation code, and gives checkpoint download commands for PointSO (`small.pth` and `base_finetune.pth`). The SimplerEnv-SOFAR code imports SoFar and calls `get_pointofm_model()`, while SoFar `serve/pointso.py` defaults to `checkpoints/small.pth`; Hugging Face metadata lists `small.pth` and `base_finetune.pth` as public files. I used metadata/listing only and did not download the weights. Because SoFar's reported SimplerEnv pipeline directly uses the released PointSO checkpoint with public/hosted VLM components and no SimplerEnv fine-tuning, this is a number-associated public weight artifact.",high,Local full text Section 4.4 and Tables 4-5 directly evaluate SoFar on SIMPLER Google Robot and WidowX tasks.,high,official-ish,"Reports standard SimplerEnv Google Robot VM, Google Robot VA, and WidowX/Bridge success-rate suite averages."
263,SP-VLA: A Joint Model Scheduling and Token Pruning Approach for VLA Model Acceleration,2025,arXiv.org,International Conference on Learning Representations (ICLR 2026),OpenReview lists SP-VLA as ICLR 2026 Poster: https://openreview.net/forum?id=RwdGIIjPlC.,high,2506.12723,2025-06-15,Semantic Scholar/OpenAlex arXiv publication-date metadata,10.48550/arXiv.2506.12723,Semantic Scholar citation graph; OpenAlex term search: SimplerEnv,Semantic Scholar says this work cites the SIMPLER seed paper (arXiv 2405.05941 / CoRL-PMLR version).,indexed-citation,https://www.semanticscholar.org/paper/0d282d3d1b0fffb5e89225807c52d3c7a01c1da0; https://arxiv.org/abs/2506.12723; DOI 10.48550/arXiv.2506.12723; https://openalex.org/W4417536563,reports-results,google-fractal-vm; google-fractal-va; widowx-bridge,not reported,"Table 2 reports SP-VLA/Ours averages on SimplerEnv: Visual Matching 75.05, Visual Aggregation 65.16, and WindowX/WidowX 57.29.",75.05,65.16,57.29,74.8,CogACT,62.3,VLA-Cache,51.3,CogACT,"Local full text /tmp/simplerenv_audit/s2_texts/0d282d3d1b0fffb5e89225807c52d3c7a01c1da0.txt:464-470 defines Google-VM, Google-VA, and Bridge-VM settings; lines 492-518 report Table 2 averages for Ours.",high,unclear,,"The tracked Table 2 result is SP-VLA/Ours applied to CogACT on Google-VM, Google-VA, and Bridge-VM. The paper states that the backbone models and checkpoints are public/open-source, and public CogACT checkpoints exist. However, the paper does not pin the exact CogACT checkpoint scale/revision used for Table 2, and the official SP-VLA repository is OpenVLA-oriented code that accepts a local --pretrained_checkpoint path, has no release assets, and does not expose a CogACT SimplerEnv result checkpoint or exact CogACT table path. This is too weak to identify a public checkpoint as the tracked reported-number weight.",medium,"Local full text lines 464-470 explicitly evaluates in SimplerEnv settings, averaged over three random seeds.",high,official-ish,"Reports standard SimplerEnv Google Robot VM, Google Robot VA, and WidowX/Bridge success-rate suite averages."
264,Spatial Forcing: Implicit Spatial Representation Alignment for Vision-language-action Model,2025,arXiv.org,International Conference on Learning Representations (ICLR 2026),Project page states ICLR 2026: https://spatial-forcing.github.io/; OpenReview/PDF search result lists Published as a conference paper at ICLR 2026.,high,2510.12276,2025-10-14,Semantic Scholar/OpenAlex arXiv publication-date metadata,10.48550/arXiv.2510.12276,Semantic Scholar citation graph; OpenAlex term search: SIMPLER Google Robot Bridge; OpenAlex term search: SIMPLER WidowX; OpenAlex term search: SimplerEnv,Semantic Scholar says this work cites the SIMPLER seed paper (arXiv 2405.05941 / CoRL-PMLR version).,indexed-citation,https://www.semanticscholar.org/paper/263896525561a4c4299dcf1bf80815088d00e509; https://arxiv.org/abs/2510.12276; DOI 10.48550/arXiv.2510.12276; https://openalex.org/W4415269881,citation-only,n/a,n/a,n/a,,,,,,,,,,n/a,n/a,n/a,,n/a,n/a,"SimplerEnv appears only in related-work discussion of TraceVLA; the paper's own evaluations are LIBERO/RoboTwin and real-world, not SimplerEnv.",high,,
265,Spatial Traces: Enhancing VLA Models with Spatial-Temporal Understanding,2025,Optical Memory and Neural Networks,Optical Memory and Neural Networks,"CoLab/Springer metadata lists Optical Memory and Neural Networks (Information Optics), vol. 34, issue S1, pp. S72-S82, DOI 10.3103/S1060992X25601654: https://colab.ws/articles/10.3103%2Fs1060992x25601654.",high,2508.09032,2025-08-12,Semantic Scholar/OpenAlex arXiv publication-date metadata,10.3103/S1060992X25601654,Semantic Scholar citation graph; OpenAlex term search: SimplerEnv,Semantic Scholar says this work cites the SIMPLER seed paper (arXiv 2405.05941 / CoRL-PMLR version).,indexed-citation,https://www.semanticscholar.org/paper/db4212ce0142153f6e36211f9262de11e22b7e71; https://arxiv.org/abs/2508.09032; DOI 10.3103/S1060992X25601654; https://openalex.org/W4416868015,reports-results,widowx-bridge,not reported per task; 52 total Bridge training trajectories,"ST-VLA reports SimplerEnv Bridge-task SRs: Put spoon 36.4, Put carrot 25.0, Stack blocks 36.4, Put eggplant 54.5; mean SR 38.1. Mean GCS is 64.8.",,,38.1,,,,,34.1,SpatialVLA,Local full text /tmp/simplerenv_audit/s2_texts/db4212ce0142153f6e36211f9262de11e22b7e71.txt:202-206 reports 52 Bridge training trajectories; lines 223-230 define four SimplerEnv Bridge tasks; lines 264-280 report Table I and mean SR.,high,not-found,,"The tracked number is ST-VLA's SimplerEnv WidowX/Bridge mean SR 38.1 from the four Bridge tasks. The arXiv/project sources report the result, but the official project page exposes no code, model, checkpoint, or release link and only says more details are coming soon. Exact-title, ST-VLA, GitHub, and Hugging Face searches did not find a public ST-VLA checkpoint, so no artifact can be tied to the 38.1 number.",high,Local full text lines 223-230 explicitly uses SimplerEnv testing environment for four Bridge tasks.,high,official-ish,Reports success rates and a mean success rate for the standard four SimplerEnv WidowX/Bridge tasks.
266,SpatialVLA: Exploring Spatial Representations for Visual-Language-Action Model,2025,Robotics,Robotics: Science and Systems,Official project/GitHub metadata lists RSS 2025; local arXiv text has no venue line.,high,2501.15830,2025-01-27,Semantic Scholar/OpenAlex arXiv publication-date metadata,10.48550/arXiv.2501.15830,Semantic Scholar citation graph; OpenAlex term search: SIMPLER Google Robot Bridge; OpenAlex term search: SIMPLER WidowX; OpenAlex term search: SimplerEnv,Semantic Scholar says this work cites the SIMPLER seed paper (arXiv 2405.05941 / CoRL-PMLR version).,indexed-citation,https://www.semanticscholar.org/paper/10301766e5686bda76722ef2af1362213b934cc0; https://arxiv.org/abs/2501.15830; DOI 10.48550/arXiv.2501.15830; https://openalex.org/W4406884719,reports-results,google-fractal-vm; google-fractal-va; widowx-bridge,not reported,"Table I: SpatialVLA fine-tuning Google Robot VM average 75.1, VA average 70.7; zero-shot VM 71.9, VA 68.8. Table II: SpatialVLA fine-tuning WidowX overall average 42.7; zero-shot 34.4.",75.1,70.7,42.7,74.6,RT-1 (Converged),64.3,RT-2-X,31.3,RoboVLM (fine-tuning),Local text Table I lines 354-372 and Table II lines 375-387; discussion lines 392-404.,high,number-associated weight available,https://huggingface.co/IPEC-COMMUNITY/spatialvla-4b-224-sft-fractal; https://huggingface.co/IPEC-COMMUNITY/spatialvla-4b-224-sft-bridge,"The tracked numbers are SpatialVLA fine-tuned results: Google Robot VM 75.1, Google Robot VA 70.7, and WidowX/Bridge 42.7. The official model zoo maps spatialvla-4b-224-sft-fractal to SimpleEnv Google Robot and spatialvla-4b-224-sft-bridge to SimpleEnv WidowX. Both Hugging Face repos have safetensors checkpoint shards, and their simplerenv.md result files contain the corresponding per-task metrics for the reported SimpleEnv/SimplerEnv evaluations, so these are number-associated weights.",high,Section IV/A evaluates SimplerEnv Google Robot and WidowX setups with VM/VA and overall success-rate tables.,high,official-ish,"Reports standard SimplerEnv Google Robot VM, Google Robot VA, and WidowX/Bridge success-rate suite averages."
267,SPEAR-1: Scaling Beyond Robot Demonstrations via 3D Understanding,2025,arXiv.org,n/a,n/a,n/a,2511.17411,2025-11-21,Semantic Scholar/OpenAlex arXiv publication-date metadata,10.48550/arXiv.2511.17411,Semantic Scholar citation graph,Semantic Scholar says this work cites the SIMPLER seed paper (arXiv 2405.05941 / CoRL-PMLR version).,indexed-citation,https://www.semanticscholar.org/paper/fc065621ad96b6f8d31e2b7e3708dca066004304; https://arxiv.org/abs/2511.17411; DOI 10.48550/arXiv.2511.17411,reports-results,widowx-bridge,not reported,"Table 3: SIMPLER WidowX simulation evaluations report SPEAR-1 average success rate 57.3, with per-task success rates 58.3, 62.5, 62.5, and 45.82.",,,57.3,,,,,42.7,SpatialVLA,"Local text lines 459-475, Table 3.",high,weight-but-not-for-number,,"The tracked number is SPEAR-1's SIMPLER WidowX/Bridge average success rate 57.3. The paper says model weights are public, but the official Hugging Face collection/author listing exposes only spear1-franka. That model card says it is fine-tuned for a Franka setup, while the paper distinguishes the SIMPLER/WidowX Bridge fine-tune from the Franka/DROID setup. No public SPEAR-1 Bridge/WidowX checkpoint was found, so the released weight is related to SPEAR-1 but not the result-producing weight for the tracked number.",high,Paper evaluates SPEAR-1 on SIMPLER WidowX environments and compares against OpenVLA and SpatialVLA.,high,official-ish,Reports a standard SimplerEnv WidowX/Bridge success-rate average with per-task success rates.
268,SpecPrune-VLA: Accelerating Vision-Language-Action Models via Action-Aware Self-Speculative Pruning,2025,arXiv.org,n/a,n/a,n/a,2509.05614,2025-09-06,Semantic Scholar/OpenAlex arXiv publication-date metadata,10.48550/arXiv.2509.05614,Semantic Scholar citation graph,Semantic Scholar says this work cites the SIMPLER seed paper (arXiv 2405.05941 / CoRL-PMLR version).,indexed-citation,https://www.semanticscholar.org/paper/e5e4c5f50fef44a34d1235659e2cdb6cf3db5a6b; https://arxiv.org/abs/2509.05614; DOI 10.48550/arXiv.2509.05614,uses-data-no-results,n/a,n/a,n/a,,,,,,,,,,n/a,n/a,n/a,,n/a,n/a,Local text only uses UniVLA within SimplerEnv to validate action-mode recognition/speed-profile generality; no SimplerEnv benchmark success table is reported.,high,,
269,STARE-VLA: Progressive Stage-Aware Reinforcement for Fine-Tuning Vision-Language-Action Models,2025,arXiv.org,n/a,n/a,n/a,2512.05107,2025-12-04,Semantic Scholar/OpenAlex arXiv publication-date metadata,10.48550/arXiv.2512.05107,Semantic Scholar citation graph; OpenAlex term search: SIMPLER WidowX; OpenAlex term search: SimplerEnv,Semantic Scholar says this work cites the SIMPLER seed paper (arXiv 2405.05941 / CoRL-PMLR version).,indexed-citation,https://www.semanticscholar.org/paper/0df9124fcf22c3c62769a7cd20fc5cbb45e5c843; https://arxiv.org/abs/2512.05107; DOI 10.48550/arXiv.2512.05107; https://openalex.org/W4417087241,reports-results,widowx-bridge,not reported,"Table 1: SimplerEnv-WidowX final success rates; OpenVLA-7B IPI (StARe) average success 98.0, Pi0.5 IPI average success 91.5. Appendix protocol says SimplerEnv uses 300 trials per task.",,,98.0,,,,,92.5,RL4VLA,Local text Table 1 lines 573-602; evaluation protocol lines 1071-1082.,high,weight-but-not-for-number,,"The tracked number is the StARe fine-tuned OpenVLA-7B IPI result on SimplerEnv-WidowX, average success 98.0. The official STARE-VLA repository currently contains only a README with website/arXiv/Hugging Face badges, no code, release, or checkpoint tree, and the stare-vla Hugging Face author namespace had no public models or datasets. A related OpenVLA-7B base checkpoint is public, but that is not the StARe fine-tuned policy that produced the tracked 98.0 result.",high,Paper evaluates four canonical SimplerEnv-WidowX tasks and reports final success rates.,high,official-ish,Reports final success rates on the standard four SimplerEnv WidowX/Bridge tasks.
270,Stop Looking for Important Tokens in Multimodal Language Models: Duplication Matters More,2025,Conference on Empirical Methods in Natural Language Processing,Conference on Empirical Methods in Natural Language Processing,ACL Anthology / EMNLP 2025 main metadata.,high,2502.11494,2025-02-17,Semantic Scholar/OpenAlex arXiv publication-date metadata,10.48550/arXiv.2502.11494,Semantic Scholar citation graph,Semantic Scholar says this work cites the SIMPLER seed paper (arXiv 2405.05941 / CoRL-PMLR version).,indexed-citation,https://www.semanticscholar.org/paper/6567c0e4f7bfb009e05b29bdc4e5b4ef94b40469; https://arxiv.org/abs/2502.11494; DOI 10.48550/arXiv.2502.11494,reports-results,google-fractal-vm; google-fractal-va,not reported,Table 11: DART on CogACT in SIMPLER Google Robot reports Visual Matching average 75.2 and Variant Aggregation average 64.4; baseline CogACT averages are 74.8 and 61.3.,75.2,64.4,,74.8,CogACT,62.3,VLA-Cache,,,Local text Appendix B.2/Table 11 lines 1020-1074.,high,number-associated weight available,https://huggingface.co/CogACT/CogACT-Base,"The tracked Table 11 numbers are DART applied to CogACT in SIMPLER Google Robot VM/VA, with DART averages 75.2 and 64.4. The arXiv/EMNLP paper and official DART repository describe DART as a plug-and-play, training-free token reduction method, so the learned policy weight is the CogACT backbone rather than a separate DART checkpoint. The Table 11 dense CogACT baseline values match the public CogACT-Base/DiT-Base SIMPLER results, and Hugging Face metadata lists checkpoints/CogACT-Base.pt. No large checkpoint was downloaded.",medium,Appendix B.2 explicitly evaluates DART in SIMPLER with Visual Matching and Variant Aggregation configurations.,high,official-ish,Reports standard SimplerEnv Google Robot Visual Matching and Variant Aggregation averages for DART on CogACT.
271,STORM: Search-Guided Generative World Models for Robotic Manipulation,2025,arXiv.org,n/a,n/a,n/a,2512.18477,2025-12-20,Semantic Scholar/OpenAlex arXiv publication-date metadata,10.48550/arXiv.2512.18477,Semantic Scholar citation graph; OpenAlex term search: SimplerEnv,Semantic Scholar says this work cites the SIMPLER seed paper (arXiv 2405.05941 / CoRL-PMLR version).,indexed-citation,https://www.semanticscholar.org/paper/2eb4f5d6dc6d8797cde8b13357760627246e0cb3; https://arxiv.org/abs/2512.18477; DOI 10.48550/arXiv.2512.18477; https://openalex.org/W7117102118; https://openalex.org/W7117173757,reports-results,widowx-bridge,not reported,"Table I: STORM reports SimplerEnv WidowX task success rates 79.2, 50.0, 12.5, 62.5 and average 51.0; CogACT baseline average 47.9.",,,51.0,,,,,47.9,CogACT,Local text lines 251-303 and Table I lines 340-350.,high,weight-but-not-for-number,,"The tracked number is STORM's SimplerEnv WidowX average success rate 51.0, not the CogACT baseline average 47.9. The paper states STORM uses a pretrained CogACT-Base VLA module, but the reported STORM result also depends on the search-guided generative world model/planner. Exact-title GitHub and Hugging Face searches found no STORM repository, release, or checkpoint. Public CogACT weights are related base weights and do not by themselves correspond to the STORM 51.0 result.",high,Paper evaluates four SimplerEnv manipulation tasks using a WidowX arm and reports average success over 24 variations per task.,high,official-ish,Reports a standard SimplerEnv WidowX/Bridge four-task success-rate average over 24 variations per task.
272,Survey of Vision-Language-Action Models for Embodied Manipulation,2025,arXiv.org,Acta Automatica Sinica,Local text title block/citation lines 16-18 and 35-46 include DOI 10.16383/j.aas.c250394 and accepted date.,high,2508.15201,2025-08-21,Semantic Scholar/OpenAlex arXiv publication-date metadata,10.48550/arXiv.2508.15201,Semantic Scholar citation graph; OpenAlex term search: SimplerEnv,Semantic Scholar says this work cites the SIMPLER seed paper (arXiv 2405.05941 / CoRL-PMLR version).,indexed-citation,https://www.semanticscholar.org/paper/4f157904d3f624c018d09dec7d9e95278a2e6f9e; https://arxiv.org/abs/2508.15201; DOI 10.48550/arXiv.2508.15201; https://openalex.org/W4416222632,reports-results,simplerenv-result-unattributed,not reported,"Table 7 lists per-task success rates for multiple VLA models in SimplerEnv on Google Robot and WidowX Robot, but it does not report clean suite averages for the three sortable columns.",,,,,,,,,,Local text Table 7 lines 1453-1473.,high,not-found,,"This row is a survey table row, not a primary method checkpoint: it reproduces SimplerEnv per-task numbers for multiple VLA models and does not report a clean aggregate for the tracked sortable columns. Exact-title GitHub and Hugging Face searches found no survey-owned model artifact. Underlying model-family weights would need to be audited in their primary papers and do not correspond to this survey/unattributed row.",high,Survey reproduces a SimplerEnv performance table but not a clean VM/VA/WidowX overall average for a proposed method.,high,otherwise,Survey table reproduces per-task SimplerEnv numbers for multiple models without a clean attributable VM/VA/WidowX suite average.
273,"The Reality Gap in Robotics: Challenges, Solutions, and Best Practices",2025,Annual Review of Control Robotics and Autonomous Systems,"Annual Review of Control, Robotics, and Autonomous Systems","Local text lines 29-31 says preprint to appear in 2026 Annual Review; Annual Reviews page confirms Volume 9, 2026.",high,2510.20808,2025-10-23,Semantic Scholar/OpenAlex arXiv publication-date metadata,10.48550/arXiv.2510.20808,Semantic Scholar citation graph,Semantic Scholar says this work cites the SIMPLER seed paper (arXiv 2405.05941 / CoRL-PMLR version).,indexed-citation,https://www.semanticscholar.org/paper/11eeeda552c6e6c7fe4bde5374737a5ede33a103; https://arxiv.org/abs/2510.20808; DOI 10.48550/arXiv.2510.20808,citation-only,n/a,n/a,n/a,,,,,,,,,,n/a,n/a,n/a,,n/a,n/a,"Local full text contains the SIMPLER seed only in references, not a SimplerEnv experiment or result.",high,,
274,The Safety Challenge of World Models for Embodied AI Agents: A Review,2025,arXiv.org,n/a,n/a,n/a,2510.05865,2025-10-07,Semantic Scholar/OpenAlex arXiv publication-date metadata,10.48550/arXiv.2510.05865,Semantic Scholar citation graph; OpenAlex term search: SimplerEnv,Semantic Scholar says this work cites the SIMPLER seed paper (arXiv 2405.05941 / CoRL-PMLR version).,indexed-citation,https://www.semanticscholar.org/paper/687ffb3842518bc1a8a6790e70758ae36aef4a0c; https://arxiv.org/abs/2510.05865; DOI 10.48550/arXiv.2510.05865; https://openalex.org/W4414979685,uses-data-no-results,n/a,n/a,n/a,,,,,,,,,,n/a,n/a,n/a,,n/a,n/a,"Local text discusses Bridge-v2/SimplerEnv example tasks and uses SimplerEnv functions for a world-model pathology analysis, but does not report SimplerEnv benchmark success rates.",high,,
275,ThinkAct: Vision-Language-Action Reasoning via Reinforced Visual Latent Planning,2025,arXiv.org,Neural Information Processing Systems,NeurIPS 2025 poster page for the paper.,high,2507.16815,2025-07-22,Semantic Scholar/OpenAlex arXiv publication-date metadata,10.48550/arXiv.2507.16815,Semantic Scholar citation graph,Semantic Scholar says this work cites the SIMPLER seed paper (arXiv 2405.05941 / CoRL-PMLR version).,indexed-citation,https://www.semanticscholar.org/paper/996f5d92e6c6a6b88a98657e7a664bcc29cb5c14; https://arxiv.org/abs/2507.16815; DOI 10.48550/arXiv.2507.16815,reports-results,google-fractal-vm; google-fractal-va; widowx-bridge,not reported,"Table 1: ThinkAct reports Simpler-Google VM overall 71.5, Simpler-Google VA overall 65.1, and Simpler-Bridge VM overall 43.8. Appendix says N=15 interactions per reasoning step for SimplerEnv, not demos.",71.5,65.1,43.8,68.4,Magma,62.6,Magma,35.4,Magma,Local text Table 1 lines 386-411 and explanation lines 421-432; appendix lines 732-738 and 814-819.,high,weight-but-not-for-number,,"The tracked SimpleEnv/SimplerEnv numbers are ThinkAct's Simpler-Google VM 71.5, Simpler-Google VA 65.1, and Simpler-Bridge VM 43.8. The paper says the system initializes the reasoning MLLM from Qwen2.5-VL-7B, applies cold-start and GRPO training, and trains a 432M DiT-based action policy/state encoder/latent projector on OXE and target robot data; those trained ThinkAct components are the result-producing weights. The official project page exposes only a self-linked 'Code' button marked with an hourglass, and Hugging Face's paper page plus exact HF model searches show no ThinkAct-linked model. Public Qwen2.5-VL weights are related initialization only, not the trained ThinkAct policy for the tracked benchmark number.",high,"Paper explicitly evaluates Google-VM, Google-VA, and Bridge-VM setups in SimplerEnv.",high,official-ish,"Reports standard SimplerEnv Google VM, Google VA, and Bridge/WidowX overall success rates."
276,Towards High-Consistency Embodied World Model with Multi-View Trajectory Videos,2025,arXiv.org,n/a,n/a,n/a,2511.12882,2025-11-17,Semantic Scholar/OpenAlex arXiv publication-date metadata,10.48550/arXiv.2511.12882,Semantic Scholar citation graph,Semantic Scholar says this work cites the SIMPLER seed paper (arXiv 2405.05941 / CoRL-PMLR version).,indexed-citation,https://www.semanticscholar.org/paper/45fd6d04f82203eba5473790ba14b81b3d1c4c5b; https://arxiv.org/abs/2511.12882; DOI 10.48550/arXiv.2511.12882,citation-only,n/a,n/a,n/a,,,,,,,,,,n/a,n/a,n/a,,n/a,n/a,Citation graph row; converted text did not contain SimplerEnv benchmark-use/result terms beyond the citation record.,high,,
277,Towards Humanoid Robot Autonomy: A Dynamic Architecture Integrating Continuous thought Machines (CTM) and Model Context Protocol (MCP),2025,arXiv.org,n/a,n/a,n/a,2505.19339,2025-05-25,Semantic Scholar/OpenAlex arXiv publication-date metadata,10.48550/arXiv.2505.19339,Semantic Scholar citation graph,Semantic Scholar says this work cites the SIMPLER seed paper (arXiv 2405.05941 / CoRL-PMLR version).,indexed-citation,https://www.semanticscholar.org/paper/65e9d868acf9b571fab904cd4a97841b2661a84e; https://arxiv.org/abs/2505.19339; DOI 10.48550/arXiv.2505.19339,citation-only,n/a,n/a,n/a,,,,,,,,,,n/a,n/a,n/a,,n/a,n/a,Citation graph row; converted text did not contain SimplerEnv benchmark-use/result terms beyond the citation record.,high,,
278,TTF-VLA: Temporal Token Fusion via Pixel-Attention Integration for Vision-Language-Action Models,2025,AAAI Conference on Artificial Intelligence,AAAI Conference on Artificial Intelligence,AAAI proceedings page and local PDF copyright/AAAI-26 header.,high,2508.19257,2025-08-15,Semantic Scholar/OpenAlex arXiv publication-date metadata,10.48550/arXiv.2508.19257,Semantic Scholar citation graph,Semantic Scholar says this work cites the SIMPLER seed paper (arXiv 2405.05941 / CoRL-PMLR version).,indexed-citation,https://www.semanticscholar.org/paper/02462f0f53d1b48867e35eae8901d75996e5a662; https://arxiv.org/abs/2508.19257; DOI 10.48550/arXiv.2508.19257,reports-results,simplerenv-result-unattributed,not reported,"Table 2: SimplerEnv cross-environment validation reports OpenVLA+TTF success rates Move Near 52.1, Pick Coke 18.7, Drawer 33.8, average 34.9 versus OpenVLA average 33.2. This is a partial-task average, not a clean Google VM/VA suite average.",,,,,,,,,,Local text Table 2 lines 369-381; setup lines 288-294.,high,number-associated weight available,https://huggingface.co/openvla/openvla-7b,"The tracked number is OpenVLA+TTF on the SimplerEnv three-task validation average 34.9. The paper explicitly says TTF is training-free and that the SimplerEnv experiment uses the base OpenVLA-7B model without task-specific fine-tuning; no TTF checkpoint is required. The official TTF-VLA repository provides inference code, and the OpenVLA Hugging Face model has public safetensors metadata for openvla-7b. Counted as available because the exact weight-bearing model used for the training-free tracked number is public; large files were not downloaded.",high,"Paper reports SimplerEnv numeric results, but only across three representative tasks without a clean suite attribution.",high,otherwise,"Reports only a three-task partial SimplerEnv validation average, not a clean standard Google VM/VA or WidowX/Bridge suite result."
279,TwinAligner: Visual-Dynamic Alignment Empowers Physics-aware Real2Sim2Real for Robotic Manipulation,2025,arXiv.org,n/a,n/a,n/a,2512.19390,2025-12-22,Semantic Scholar/OpenAlex arXiv publication-date metadata,10.48550/arXiv.2512.19390,Semantic Scholar citation graph,Semantic Scholar says this work cites the SIMPLER seed paper (arXiv 2405.05941 / CoRL-PMLR version).,indexed-citation,https://www.semanticscholar.org/paper/2e9d8e28791bc0833424f6b8562e5e35d1a604f8; https://arxiv.org/abs/2512.19390; DOI 10.48550/arXiv.2512.19390,citation-only,n/a,n/a,n/a,,,,,,,,,,n/a,n/a,n/a,,n/a,n/a,Citation graph row; converted text did not contain SimplerEnv benchmark-use/result terms beyond the citation record.,high,,
280,Uncertainty Comes for Free: Human-in-the-Loop Policies with Diffusion Models,2025,arXiv.org,n/a,n/a,n/a,2503.01876,2025-02-26,Semantic Scholar/OpenAlex arXiv publication-date metadata,10.48550/arXiv.2503.01876,Semantic Scholar citation graph,Semantic Scholar says this work cites the SIMPLER seed paper (arXiv 2405.05941 / CoRL-PMLR version).,indexed-citation,https://www.semanticscholar.org/paper/95da947734f064da1be1f44b2903b0f3152ff214; https://arxiv.org/abs/2503.01876; DOI 10.48550/arXiv.2503.01876,citation-only,n/a,n/a,n/a,,,,,,,,,,n/a,n/a,n/a,,n/a,n/a,Citation graph row; converted text did not contain SimplerEnv benchmark-use/result terms beyond the citation record.,high,,
281,Unified Diffusion VLA: Vision-Language-Action Model via Joint Discrete Denoising Diffusion Process,2025,arXiv.org,International Conference on Learning Representations,Local text line 1 says published as a conference paper at ICLR 2026.,high,2511.01718,2025-11-03,Semantic Scholar/OpenAlex arXiv publication-date metadata,10.48550/arXiv.2511.01718,Semantic Scholar citation graph; OpenAlex term search: SimplerEnv,Semantic Scholar says this work cites the SIMPLER seed paper (arXiv 2405.05941 / CoRL-PMLR version).,indexed-citation,https://www.semanticscholar.org/paper/929d7ee38bba5c9ef272e41a145ed21050400fba; https://arxiv.org/abs/2511.01718; DOI 10.48550/arXiv.2511.01718; https://openalex.org/W4415945872,reports-results,widowx-bridge,not reported,"Table 4 reports UD-VLA (ours) on SimplerEnv-WidowX: 58.3, 62.5, 54.1, 75.0, overall average 62.5. The nearby prose says 59.4, which matches the F1 baseline row, not UD-VLA.",,,62.5,,,,,59.4,F1,arXiv:2511.01718 Table 4 reports UD-VLA (ours) overall 62.5 on SimplerEnv-WidowX; the 59.4 value belongs to the F1 baseline row and appears to be repeated in prose.,medium,weight-but-not-for-number,,"The tracked number is UD-VLA (ours) on SimplerEnv-WidowX with overall average 62.5. Official sources release UD-VLA code and Hugging Face checkpoints, but the linked model is labeled for CALVIN ABCD->D; the GitHub README and model card describe CALVIN evaluation/checkpoint usage, and the author model listing shows CALVIN/LIBERO UD-VLA models but no SimplerEnv/WidowX checkpoint. These are related UD-VLA artifacts, not the result-producing SimplerEnv-WidowX checkpoint for the tracked number.",high,Paper evaluates SimplerEnv-WidowX and Table 4 reports UD-VLA (ours) per-task and overall success rates.,high,official-ish,Reports a standard SimplerEnv-WidowX per-task and overall success-rate average for UD-VLA.
282,Unified Vision-Language-Action Model,2025,arXiv.org,n/a,n/a,n/a,2506.19850,2025-06-24,Semantic Scholar/OpenAlex arXiv publication-date metadata,10.48550/arXiv.2506.19850,Semantic Scholar citation graph,Semantic Scholar says this work cites the SIMPLER seed paper (arXiv 2405.05941 / CoRL-PMLR version).,indexed-citation,https://www.semanticscholar.org/paper/0655b5ee4f6d007dc5fba905e17e9c90440c6f58; https://arxiv.org/abs/2506.19850; DOI 10.48550/arXiv.2506.19850,reports-results,widowx-bridge,not reported,"Main Table 3: UniVLA reports SimplerEnv-WidowX overall success 69.8, with task success rates 83.3, 66.7, 33.3, and 95.8. Table 4 also reports SimplerEnv-WidowX 64.6 for the world-model post-training strategy.",,,69.8,,,,,42.7,SpatialVLA,Local text Table 3 lines 396-411 and Table 4 lines 432-440.,high,number-associated weight available,https://huggingface.co/Yuqi1997/UniVLA/tree/main/UNIVLA_SIMPLER_BRIDGE_VIDEO_BS128_20K,"The tracked number is UniVLA's SimplerEnv-WidowX overall success 69.8. The official project/Hugging Face card has a SimplerEnv Benchmark row with UniVLA Bridge(WidowX) video SFT task scores 83.3, 66.7, 33.3, 95.8 and AVG 69.8, and its CKPT link resolves to the UNIVLA_SIMPLER_BRIDGE_VIDEO_BS128_20K folder. The HF API/file listing exposes sharded safetensors and model index files in that folder; large files were not downloaded.",high,Paper evaluates the Bridge-WidowX SimplerEnv setup and reports a clean overall success rate.,high,official-ish,Reports a clean standard SimplerEnv-WidowX overall success rate with the four task success rates.
283,Unifying Perception and Action: A Hybrid-Modality Pipeline with Implicit Visual Chain-of-Thought for Robotic Action Generation,2025,arXiv.org,n/a,n/a,n/a,2511.19859,2025-11-25,Semantic Scholar/OpenAlex arXiv publication-date metadata,10.48550/arXiv.2511.19859,Semantic Scholar citation graph; OpenAlex term search: SimplerEnv,Semantic Scholar says this work cites the SIMPLER seed paper (arXiv 2405.05941 / CoRL-PMLR version).,indexed-citation,https://www.semanticscholar.org/paper/269422e60f757c1fe58ec4eb5e962dee080f43d1; https://arxiv.org/abs/2511.19859; DOI 10.48550/arXiv.2511.19859; https://openalex.org/W7106819507; https://openalex.org/W7106861214,reports-results,google-fractal-vm; widowx-bridge,not reported,Table 3: VITA reports SimplerEnv-GoogleRobot visual matching average 57.4. Table 4: VITA reports SimplerEnv-WidowX average 71.5.,57.4,,71.5,51.2,DeFI,,,69.8,UniVLA,Local text Table 3 lines 499-506 and Table 4 lines 448-456; setup lines 831-841.,high,weight-but-not-for-number,,"The tracked numbers are VITA's SimplerEnv-GoogleRobot visual-matching average 57.4 and SimplerEnv-WidowX average 71.5. The paper and project page describe a trained VITA system initialized from PaliGemma/SigLIP/Gemma-style components, then continuing VLM/action-decoder training and fine-tuning on robot/video-action data; those trained VITA weights are what correspond to the reported numbers. The official project page has paper/arXiv links while the code link is commented out, and the Hugging Face paper page plus exact HF model searches show no linked VITA checkpoint. Public PaliGemma-style base weights are related initialization only, not the VITA benchmark policy.",high,"Paper evaluates SimplerEnv under Google Robot and WidowX settings, with Google table explicitly labeled visual matching.",high,official-ish,Reports standard SimplerEnv Google Robot visual matching and WidowX average success rates.
284,UniVLA: Learning to Act Anywhere with Task-centric Latent Actions,2025,Robotics,Robotics: Science and Systems,Official GitHub/project metadata lists RSS 2025.,high,2505.06111,2025-05-09,Semantic Scholar/OpenAlex arXiv publication-date metadata,10.48550/arXiv.2505.06111,Semantic Scholar citation graph,Semantic Scholar says this work cites the SIMPLER seed paper (arXiv 2405.05941 / CoRL-PMLR version).,indexed-citation,https://www.semanticscholar.org/paper/23ec5b0184fe48558f14401247a411d2a48bd75f; https://arxiv.org/abs/2505.06111; DOI 10.48550/arXiv.2505.06111,reports-results,widowx-bridge,not reported,"Table A-III: UniVLA reports SimplerEnv-Bridge overall average 47.9, with task success rates 52.8, 55.6, 2.8, and 80.6. Each task is assessed over 24 trials.",,,47.9,,,,,31.3,RoboVLM,Local text Table A-III lines 1065-1081; setup lines 1091-1096.,high,number-associated weight available,https://huggingface.co/qwbu/univla-7b-224-sft-simpler-bridge,"The tracked number is UniVLA's SimplerEnv-Bridge/WidowX overall average 47.9. The official GitHub model zoo lists univla-bridge as 'univla-7b-224-sft-simpler-bridge', fine-tuned on BridgeV2/OXE, and its SimplerEnv evaluation section uses ckpt_path and action_decoder_path from that same checkpoint. The README performance table reports the same 47.9 overall average, and the Hugging Face model card is explicitly 'UniVLA-7b for SimplerEnv-Bridge' with an action_decoder.pt plus sharded safetensors in the file listing. Large files were not downloaded.",high,Paper evaluates the SimplerEnv-Bridge/WidowX setup and reports a clean overall task success average.,high,official-ish,Reports a standard SimplerEnv-Bridge/WidowX overall average over the four benchmark tasks.
285,Verifier-free Test-Time Sampling for Vision Language Action Models,2025,arXiv.org,n/a,n/a,n/a,2510.05681,2025-10-07,Semantic Scholar/OpenAlex arXiv publication-date metadata,10.48550/arXiv.2510.05681,Semantic Scholar citation graph; OpenAlex term search: SIMPLER WidowX,Semantic Scholar says this work cites the SIMPLER seed paper (arXiv 2405.05941 / CoRL-PMLR version).,indexed-citation,https://www.semanticscholar.org/paper/cea0ee673209f2ad7350edfa3f5ed073530cdcd4; https://arxiv.org/abs/2510.05681; DOI 10.48550/arXiv.2510.05681; https://openalex.org/W4414977975,reports-results,widowx-bridge,not reported,Table 2: MG-Select on SIMPLER-WidowX reports average success 50.3 versus pi0-FAST baseline 46.9; Table 9 gives detailed grasp/success rates over 24 trials per task.,,,50.3,,,,,46.9,π0-FAST†,Local text setup/results lines 337-342 and 358-402; Table 9 lines 872-887.,high,weight-but-not-for-number,,"The tracked number is MG-Select* on SIMPLER-WidowX average success 50.3, not the reproduced pi0-FAST baseline 46.9. The appendix marks the star as additional joint training before test-time scaling and says pi0-FAST is fully fine-tuned from the public OpenPI pi0-FAST pre-trained checkpoint, with condition-masking data for SIMPLER-WidowX. Public OpenPI pi0/pi0-FAST base and unrelated expert checkpoints exist, but no MG-Select joint-trained SIMPLER-WidowX checkpoint, code repository, or model-card artifact was found; the Hugging Face paper page lists zero linked models.",high,Paper evaluates SIMPLER-WidowX over four pick-and-place tasks and reports average success rates.,high,official-ish,Reports a standard SIMPLER-WidowX four-task average success rate with 24 trials per task.
286,Vid2Sim: Realistic and Interactive Simulation from Video for Urban Navigation,2025,Computer Vision and Pattern Recognition,Computer Vision and Pattern Recognition,CVPR 2025 official poster/open-access page.,high,2501.06693,2025-01-12,Semantic Scholar/OpenAlex arXiv publication-date metadata,10.1109/CVPR52734.2025.00155,Semantic Scholar citation graph,Semantic Scholar says this work cites the SIMPLER seed paper (arXiv 2405.05941 / CoRL-PMLR version).,indexed-citation,https://www.semanticscholar.org/paper/dbbaa829ff7d09d03eae44bf912b7be90ae83056; https://arxiv.org/abs/2501.06693; DOI 10.1109/CVPR52734.2025.00155,citation-only,n/a,n/a,n/a,,,,,,,,,,n/a,n/a,n/a,,n/a,n/a,Local text is an urban navigation paper; SimplerEnv seed appears only as a related-work/reference item for robot manipulation policies.,high,,
287,Vid2World: Crafting Video Diffusion Models to Interactive World Models,2025,arXiv.org,n/a,n/a,n/a,2505.14357,2025-05-20,Semantic Scholar/OpenAlex arXiv publication-date metadata,10.48550/arXiv.2505.14357,Semantic Scholar citation graph,Semantic Scholar says this work cites the SIMPLER seed paper (arXiv 2405.05941 / CoRL-PMLR version).,indexed-citation,https://www.semanticscholar.org/paper/9e3fd420cd59b6a30e90e6dc6b4ceaf41ea1c227; https://arxiv.org/abs/2505.14357; DOI 10.48550/arXiv.2505.14357,uses-data-no-results,n/a,n/a,n/a,,,,,,,,,,n/a,n/a,n/a,,n/a,n/a,"Local text follows SIMPLER/Real2Sim policy-evaluation procedure in an RT-1 environment, but reports world-model/policy-estimation outputs rather than SimplerEnv suite success rates.",high,,
288,VideoVLA: Video Generators Can Be Generalizable Robot Manipulators,2025,arXiv.org,n/a,n/a,n/a,2512.06963,2025-12-07,Semantic Scholar/OpenAlex arXiv publication-date metadata,10.48550/arXiv.2512.06963,Semantic Scholar citation graph,Semantic Scholar says this work cites the SIMPLER seed paper (arXiv 2405.05941 / CoRL-PMLR version).,indexed-citation,https://www.semanticscholar.org/paper/11507c407dea79d4f887065bbd6e520bf09336fe; https://arxiv.org/abs/2512.06963; DOI 10.48550/arXiv.2512.06963,reports-results,google-fractal-vm; google-fractal-va; widowx-bridge,not reported,"Table 1: VideoVLA reports WidowX Robot VM average 53.1, Google Robot VM average 73.1, Google Robot VA average 62.8, and all-task average 63.0. Table 11 lists trial counts for VM/VA/WidowX settings.",73.1,62.8,53.1,75.2,CogACT,61.4,CogACT,53.1,pi0,Local text Table 1 lines 308-328; protocol discussion lines 354-366; trial counts lines 844-873.,high,number-associated weight available,https://huggingface.co/VideoVLA/VideoVLA_Cogvideobase_Pretrained,"The tracked VideoVLA numbers are the Table 1 SIMPLER Google Robot VM/VA and WidowX averages. The official project page links paper, code, and a Hugging Face Model entry; the official GitHub repository describes inference with a trained model checkpoint; and Hugging Face metadata for the linked model repository lists pretrain_ckpt_light.pt. The model card does not restate the Table 1 scores, so the association is official but not exact-high-confidence. No large checkpoint was downloaded.",medium,Paper explicitly evaluates SIMPLER VM/VA on Google Robot and VM on WidowX Robot.,high,official-ish,"Reports standard SimplerEnv success-rate averages for Google Robot/Fractal VM, Google Robot/Fractal VA, and WidowX/Bridge."
289,villa-X: Enhancing Latent Action Modeling in Vision-Language-Action Models,2025,arXiv.org,n/a,n/a,n/a,2507.23682,2025-07-31,Semantic Scholar/OpenAlex arXiv publication-date metadata,10.48550/arXiv.2507.23682,Semantic Scholar citation graph,Semantic Scholar says this work cites the SIMPLER seed paper (arXiv 2405.05941 / CoRL-PMLR version).,indexed-citation,https://www.semanticscholar.org/paper/0b58f071387f9f67df640ec852d1a55b8798537c; https://arxiv.org/abs/2507.23682; DOI 10.48550/arXiv.2507.23682,reports-results,google-fractal-vm; widowx-bridge,not reported,"Table 2 reports villa-X/Ours SIMPLER success rates: Google Robot Pick 98.7, Move 75.0, Drawer 59.3, Avg 77.7; WidowX Carrot 46.3, Eggplant 64.6, Spoon 77.9, Cube 61.3, Avg 62.5. Table 1 also reports a visual-matching ablation with Ours Avg 58.5 on Google Robot and 40.8 on WidowX.",77.7,,62.5,63.0,OpenVLA-OFT,,,62.0,GR00T-N1.5,"Local full text /tmp/simplerenv_audit/s2_texts/0b58f071387f9f67df640ec852d1a55b8798537c.txt, Table 2 lines 400-425; Table 1 lines 295-323 states visual matching ablation.",high,weight-but-not-for-number,,"The tracked SimplerEnv numbers are for the full villa-X actor/policy on Google Robot and WidowX. The official repository's release plan marks the Latent Action Model as released but the Actor Model as not released, and the public Hugging Face repository contains only lam/model.safetensors plus LAM config files. Those LAM weights are related pretraining/latent-action artifacts, not the ACT/robot-action policy checkpoint that produced the tracked SimplerEnv success rates.",high,Section 4.4 and Table 2 compare villa-X on SIMPLER; Table 1 explicitly says SIMPLER visual matching on Google Robot and WidowX.,high,official-ish,Reports SimplerEnv success-rate averages for the standard Google Robot/Fractal VM and WidowX/Bridge task suites.
290,ViPRA: Video Prediction for Robot Actions,2025,arXiv.org,International Conference on Learning Representations (ICLR 2026),Local full text first page states published as a conference paper at ICLR 2026.,high,2511.07732,2025-11-11,Semantic Scholar/OpenAlex arXiv publication-date metadata,10.48550/arXiv.2511.07732,Semantic Scholar citation graph,Semantic Scholar says this work cites the SIMPLER seed paper (arXiv 2405.05941 / CoRL-PMLR version).,indexed-citation,https://www.semanticscholar.org/paper/ac1f74664ccc884c8116a73639dfba9cbeb34463; https://arxiv.org/abs/2511.07732; DOI 10.48550/arXiv.2511.07732,reports-results,widowx-bridge,100 diverse multi-task trajectories total; per-task count not reported,Table 1 reports SIMPLER Bridge/WidowX success rates; ViPRA-FM AVG success rate is 62.5 and ViPRA-AR AVG is 69.8. Sortable WidowX / Bridge keeps the continuous ViPRA-FM average already tracked: 62.5.,,,62.5,,,,,42.7,UniVLA,"Local full text /tmp/simplerenv_audit/s2_texts/ac1f74664ccc884c8116a73639dfba9cbeb34463.txt, lines 399-404 for protocol/data and lines 428-442 for Table 1.",high,weight-but-not-for-number,,"The tracked number is the SimplerEnv-WidowX/Bridge ViPRA result after downstream robot-policy finetuning with limited action-labeled trajectories. The official repository and Hugging Face organization release vipra-7b-pretrained, cotrain-dynamics14, and a VQGAN vision cache, and the README instructs users to finetune task-specific policies after downloading the pretrained checkpoint. I found no public ViPRA-FM or ViPRA-AR Bridge/SimplerEnv finetuned checkpoint tied to the reported 62.5/69.8 table values.",high,Section 5.1 says ViPRA is benchmarked in SIMPLER on four Bridge tasks with a 7-DoF WidowX arm; Table 1 reports success rates.,high,official-ish,Reports standard SimplerEnv WidowX/Bridge task success rates with an average for ViPRA.
291,Vision-Language-Action Models for Robotics: A Review Towards Real-World Applications,2025,IEEE Access,IEEE Access,Crossref DOI 10.1109/ACCESS.2025.3609980 lists IEEE Access.,high,2510.07077,2025-10-08,Semantic Scholar/OpenAlex arXiv publication-date metadata,10.1109/ACCESS.2025.3609980,Semantic Scholar citation graph; OpenAlex term search: SIMPLER Google Robot Bridge; OpenAlex term search: SIMPLER WidowX,Semantic Scholar says this work cites the SIMPLER seed paper (arXiv 2405.05941 / CoRL-PMLR version).,indexed-citation,https://www.semanticscholar.org/paper/58b30fe15c8fe3603f3f032ed28de6df606aabe8; https://arxiv.org/abs/2510.07077; DOI 10.1109/ACCESS.2025.3609980; https://openalex.org/W4414198610,uses-data-no-results,n/a,n/a,n/a,,,,,,,,,,n/a,n/a,n/a,,n/a,n/a,"Local full text lists SIMPLER in a benchmark table and describes it as enabling evaluation of policies trained on real-world data in simulation, but reports no original SIMPLER numeric results.",high,,
292,VLA-Arena: An Open-Source Framework for Benchmarking Vision-Language-Action Models,2025,arXiv.org,n/a,n/a,n/a,2512.22539,2025-12-27,Semantic Scholar/OpenAlex arXiv publication-date metadata,10.48550/arXiv.2512.22539,Semantic Scholar citation graph,Semantic Scholar says this work cites the SIMPLER seed paper (arXiv 2405.05941 / CoRL-PMLR version).,indexed-citation,https://www.semanticscholar.org/paper/7988ea35a13c6b9f7e49f6122a80e162ea350e79; https://arxiv.org/abs/2512.22539; DOI 10.48550/arXiv.2512.22539,citation-only,n/a,n/a,n/a,,,,,,,,,,n/a,n/a,n/a,,n/a,n/a,Citation graph row; converted text did not contain SimplerEnv benchmark-use/result terms beyond the citation record.,high,,
293,VLA-Cache: Efficient Vision-Language-Action Manipulation via Adaptive Token Caching,2025,preprint/unknown,Conference on Neural Information Processing Systems (NeurIPS 2025),Local full text first page states 39th Conference on Neural Information Processing Systems (NeurIPS 2025).,high,2502.02175,2025-02-04,Semantic Scholar/OpenAlex arXiv publication-date metadata,,Semantic Scholar citation graph; OpenAlex term search: SIMPLER Google Robot Bridge,Semantic Scholar says this work cites the SIMPLER seed paper (arXiv 2405.05941 / CoRL-PMLR version).,indexed-citation,https://www.semanticscholar.org/paper/0909365e230474cc372abd04ca5206f6478377b3; https://arxiv.org/abs/2502.02175; https://openalex.org/W4407185791,reports-results,google-fractal-vm; google-fractal-va,not reported,"Table 3 reports VLA-Cache within CogACT on SIMPLER Google Robot: Matching PickCan 92.0, MoveNear 83.3, Drawer 70.5, DrawerApple 51.6, Average 74.4; Aggregation PickCan 91.7, MoveNear 79.3, Drawer 32.5, DrawerApple 45.8, Average 62.3.",74.4,62.3,,74.8,CogACT,61.3,CogACT,,,"Local full text /tmp/simplerenv_audit/s2_texts/0909365e230474cc372abd04ca5206f6478377b3.txt, Table 3 lines 467-476.",high,number-associated weight available,https://huggingface.co/CogACT/CogACT-Base,"The tracked Table 2/Table 3 numbers are VLA-Cache applied to CogACT in SIMPLER Google Robot VM/VA, with averages 74.4 and 62.3. The paper and official project page describe VLA-Cache as training-free, and the official repository provides code rather than a learned VLA-Cache checkpoint. The SIMPLER table uses CogACT as the baseline/backbone; public CogACT-Base metadata lists checkpoints/CogACT-Base.pt. No large checkpoint was downloaded.",medium,Section 5.2 says SIMPLER is evaluated on Google Robot visual matching and variant aggregation; Table 3 gives success rates.,high,official-ish,Reports official-style SimplerEnv Google Robot/Fractal VM and VA success-rate averages using the standard task settings.
294,VLA-Pruner: Temporal-Aware Dual-Level Visual Token Pruning for Efficient Vision-Language-Action Inference,2025,arXiv.org,n/a,n/a,n/a,2511.16449,2025-11-20,Semantic Scholar/OpenAlex arXiv publication-date metadata,10.48550/arXiv.2511.16449,Semantic Scholar citation graph,Semantic Scholar says this work cites the SIMPLER seed paper (arXiv 2405.05941 / CoRL-PMLR version).,indexed-citation,https://www.semanticscholar.org/paper/9a4bed05749a66fc2662fab37d9edbab8e5c3017; https://arxiv.org/abs/2511.16449; DOI 10.48550/arXiv.2511.16449,reports-results,simplerenv-result-unattributed,not reported,"Table 2 reports mixed SIMPLER task-setting results at 75% token pruning: VLA-Pruner Move Near 52.4, Pick Coke Can 50.1, Open/Close Drawer 48.8, Overall 50.4, with preservation ratios. The paper states Pick Coke Can is VA, Open/Close Drawer is VM, and Move Near is one selected task-setting pair; it does not provide full VM or VA suite averages.",,,,,,,,,,"Local full text /tmp/simplerenv_audit/s2_texts/9a4bed05749a66fc2662fab37d9edbab8e5c3017.txt, Table 2 lines 510-529 and SIMPLER description lines 520-529.",high,number-associated weight available,https://huggingface.co/openvla/openvla-7b,"The tracked number is the mixed SIMPLER subset result for VLA-Pruner at 75% pruning on OpenVLA. The arXiv abstract and official repository describe VLA-Pruner as a plug-and-play/training-free token-pruning method, so no learned VLA-Pruner checkpoint is expected for the reported run. The official repository's evaluation instructions use OpenVLA checkpoints, and the public OpenVLA Hugging Face repository exposes safetensors shards for openvla/openvla-7b. No large checkpoint was downloaded.",medium,"Full text reports SIMPLER numeric task results, but only for a mixed subset of Google Robot task/settings.",high,otherwise,"Reports a mixed subset of selected SimplerEnv task-setting pairs rather than a full comparable VM, VA, or WidowX/Bridge suite average."
295,VLA-Reasoner: Empowering Vision-Language-Action Models with Reasoning via Online Monte Carlo Tree Search,2025,arXiv.org,n/a,n/a,n/a,2509.22643,2025-09-26,Semantic Scholar/OpenAlex arXiv publication-date metadata,10.48550/arXiv.2509.22643,Semantic Scholar citation graph,Semantic Scholar says this work cites the SIMPLER seed paper (arXiv 2405.05941 / CoRL-PMLR version).,indexed-citation,https://www.semanticscholar.org/paper/cf403503b4200ffc4af8e95077735445d7baa214; https://arxiv.org/abs/2509.22643; DOI 10.48550/arXiv.2509.22643,reports-results,widowx-bridge,not reported,"Table I reports SimplerEnv WidowX success rates. +VLA-Reasoner on Octo-Small: Block 13, Spoon 50, Carrot 32, Eggplant 54, Average 37.3. +VLA-Reasoner on SpatialVLA: Block 29, Spoon 35, Carrot 28, Eggplant 75, Average 41.8.",,,41.8,,,,,34.0,SpatialVLA,"Local full text /tmp/simplerenv_audit/s2_texts/cf403503b4200ffc4af8e95077735445d7baa214.txt, Table I lines 307-325.",high,weight-but-not-for-number,,"The tracked number is +VLA-Reasoner on Octo-Small/SpatialVLA in SimplerEnv WidowX, not the vanilla public VLA checkpoints. The paper describes VLA-Reasoner as using a finetuned action-aware world model, a KDE prior over offline data, and a trained ResNet-34-plus-MLP value estimator; it says components other than the world model are trained on the same dataset used to finetune the VLA and the world model is additionally finetuned on failure demonstrations. The official GitHub repository currently contains only a README saying the implementation will be released later, and I found no public VLA-Reasoner world/value/model checkpoint. Public SpatialVLA/Octo weights are related backbones, but they are not enough to reproduce the +VLA-Reasoner reported number.",high,Section IV and Table I report 100-episode SimplerEnv WidowX evaluations.,high,official-ish,Reports SimplerEnv WidowX/Bridge success rates across the standard four task categories with an average.
296,Vlaser: Vision-Language-Action Model with Synergistic Embodied Reasoning,2025,arXiv.org,International Conference on Learning Representations (ICLR 2026),Local full text first page states published as a conference paper at ICLR 2026.,high,2510.11027,2025-10-13,Semantic Scholar/OpenAlex arXiv publication-date metadata,10.48550/arXiv.2510.11027,Semantic Scholar citation graph,Semantic Scholar says this work cites the SIMPLER seed paper (arXiv 2405.05941 / CoRL-PMLR version).,indexed-citation,https://www.semanticscholar.org/paper/ac3967e50c764f0f1dd791f511ce5afdb9ac8ade; https://arxiv.org/abs/2510.11027; DOI 10.48550/arXiv.2510.11027,reports-results,google-fractal-vm; google-fractal-va; widowx-bridge,not reported,"Table 3 reports Vlaser-All Google Robot Visual Matching Avg 76.2 and Variant Aggregation Avg 59.0. Table 2 reports Vlaser-All WidowX Avg 65.1 with Carrot 52.5, Eggplant 87.9, Spoon 76.6, Stack Cube 43.3.",76.2,59.0,65.1,68.4,Magma,62.6,Magma,54.9,pi0,"Local full text /tmp/simplerenv_audit/s2_texts/ac3967e50c764f0f1dd791f511ce5afdb9ac8ade.txt, Table 2 lines 459-477 and Table 3 lines 526-550.",high,number-associated weight available,https://huggingface.co/OpenGVLab/Vlaser-2B-VLA,"The tracked numbers are Vlaser SimplerEnv Google Robot Fractal VM/VA and WidowX/Bridge success rates. The official Vlaser README says the Vlaser-2B-VLA model for end-to-end robot control in SimplerEnv (WidowX and Google Robot) has been released, and the Simpler evaluation README instructs users to download Vlaser-2B-VLA and run Bridge and Fractal evaluation scripts. Hugging Face metadata lists public Bridge.ckpt and Fractal.ckpt files, and HEAD-only checks confirmed both checkpoint files resolve publicly without downloading them.",high,Section 3.2 evaluates Vlaser on SimplerEnv Google Robot and WidowX tasks with tabulated success rates.,high,official-ish,"Reports standard SimplerEnv Google Robot/Fractal VM, Google Robot/Fractal VA, and WidowX/Bridge success-rate averages."
297,VOTE: Vision-Language-Action Optimization with Trajectory Ensemble Voting,2025,arXiv.org,n/a,n/a,n/a,2507.05116,2025-07-07,Semantic Scholar/OpenAlex arXiv publication-date metadata,10.48550/arXiv.2507.05116,Semantic Scholar citation graph,Semantic Scholar says this work cites the SIMPLER seed paper (arXiv 2405.05941 / CoRL-PMLR version).,indexed-citation,https://www.semanticscholar.org/paper/f70458d1c8f28f673b83b4044b1dc0438a8cd5ac; https://arxiv.org/abs/2507.05116; DOI 10.48550/arXiv.2507.05116,reports-results,google-fractal-vm; google-fractal-va; widowx-bridge,not reported,"Table 1 reports VOTE/Ours on SimplerEnv WidowX: Put Spoon 58.3, Put Carrot 29.2, Stack Block 50.0, Put Eggplant 95.8, Avg 58.3. Table 8 reports Google Robot VM Avg=74.9 and VA Avg=60.2.",74.9,60.2,58.3,82.7,CogACT,67.5,SpatialVLA (fine-tuned),51.3,CogACT,"arXiv:2507.05116 Table 1 reports VOTE/Ours WidowX Avg 58.3. Table 8 reports Google Robot Visual Matching task rates 89.0, 78.8, 56.9 with Avg 74.9, and Variant Aggregation task rates 84.3, 82.5, 13.8 with Avg 60.2.",high,weight-but-not-for-number,,"The tracked numbers are VOTE Table 1 SimplerEnv WidowX Avg 58.3 and Table 8 Google Robot VM/VA averages 74.9/60.2. The official GitHub README publishes the SimplerEnv table and links to the VOTE Hugging Face collection, but the public VOTE collection and juyil author listing expose LIBERO/task-family checkpoints such as spatial, long, goal, and libero_object variants, not SimplerEnv/Google/WidowX checkpoints tied to the tracked tables. Related VOTE weights exist, but I did not find public checkpoints for the reported SimplerEnv numbers.",high,Section 5 evaluates VOTE on LIBERO and SimplerEnv; Table 1 reports WidowX and Appendix Table 8 reports Google Robot VM/VA success rates.,high,official-ish,Reports SimplerEnv WidowX/Bridge and Google Robot/Fractal VM and VA success-rate averages in the standard benchmark settings.
298,What Can RL Bring to VLA Generalization? An Empirical Study,2025,arXiv.org,n/a,n/a,n/a,2505.19789,2025-05-26,Semantic Scholar/OpenAlex arXiv publication-date metadata,10.48550/arXiv.2505.19789,Semantic Scholar citation graph,Semantic Scholar says this work cites the SIMPLER seed paper (arXiv 2405.05941 / CoRL-PMLR version).,indexed-citation,https://www.semanticscholar.org/paper/1d92c345ff78631aa5509c84e6ff91d446e2c712; https://arxiv.org/abs/2505.19789; DOI 10.48550/arXiv.2505.19789,citation-only,n/a,n/a,n/a,,,,,,,,,,n/a,n/a,n/a,,n/a,n/a,Citation graph row; converted text did not contain SimplerEnv benchmark-use/result terms beyond the citation record.,high,,
299,WorldEval: World Model as Real-World Robot Policies Evaluator,2025,arXiv.org,n/a,n/a,n/a,2505.19017,2025-05-25,Semantic Scholar/OpenAlex arXiv publication-date metadata,10.48550/arXiv.2505.19017,Semantic Scholar citation graph,Semantic Scholar says this work cites the SIMPLER seed paper (arXiv 2405.05941 / CoRL-PMLR version).,indexed-citation,https://www.semanticscholar.org/paper/0ac6e9af7417a3a33f2c6cee90fcf26284eff654; https://arxiv.org/abs/2505.19017; DOI 10.48550/arXiv.2505.19017,uses-data-no-results,n/a,n/a,n/a,,,,,,,,,,n/a,n/a,n/a,,n/a,n/a,"Section 4.2 says direct comparison with SIMPLER was not feasible, but the authors apply real-to-sim techniques proposed by SIMPLER to reduce visual discrepancies; no SIMPLER suite success rates are reported.",high,,
300,WorldGym: World Model as An Environment for Policy Evaluation,2025,preprint/unknown,n/a,n/a,n/a,2506.00613,2025-05-31,Semantic Scholar/OpenAlex arXiv publication-date metadata,,Semantic Scholar citation graph,Semantic Scholar says this work cites the SIMPLER seed paper (arXiv 2405.05941 / CoRL-PMLR version).,indexed-citation,https://www.semanticscholar.org/paper/8dac59d54f3d268c3467c29fd8ac32d1770404a0; https://arxiv.org/abs/2506.00613,citation-only,n/a,n/a,n/a,,,,,,,,,,n/a,n/a,n/a,,n/a,n/a,"Local full text mentions SIMPLER only in related-work comparison, saying SIMPLER constructs software simulators and is hard for OOD language/image inputs; WorldGym evaluates Bridge/Google Robot world-model rollouts, not SimplerEnv suites.",high,,
301,X-VLA: Soft-Prompted Transformer as Scalable Cross-Embodiment Vision-Language-Action Model,2025,arXiv.org,n/a,n/a,n/a,2510.10274,2025-10-11,Semantic Scholar/OpenAlex arXiv publication-date metadata,10.48550/arXiv.2510.10274,Semantic Scholar citation graph,Semantic Scholar says this work cites the SIMPLER seed paper (arXiv 2405.05941 / CoRL-PMLR version).,indexed-citation,https://www.semanticscholar.org/paper/9855c60d2ecdcf7edc4622ecd004f0db147fc22b; https://arxiv.org/abs/2510.10274; DOI 10.48550/arXiv.2510.10274,reports-results,google-fractal-vm; google-fractal-va; widowx-bridge,not reported,"Table 2 reports X-VLA/Ours simulation benchmark results: Simpler VM 80.4, VA 75.7, WidowX 95.8.",80.4,75.7,95.8,78.0,FPC-VLA,72.7,MemoryVLA,71.9,MemoryVLA,"Local full text /tmp/simplerenv_audit/s2_texts/9855c60d2ecdcf7edc4622ecd004f0db147fc22b.txt, Table 2 lines 438-467.",high,number-associated weight available,https://huggingface.co/collections/2toINF/x-vla,"The tracked paper Table 2 reports X-VLA/Ours on Simpler VM 80.4, VA 75.7, and WidowX 95.8. The official project page states code, models, and datasets are open source; the official GitHub README lists dedicated Simpler checkpoints for Google Robot and WidowX; the WidowX model card reports the exact 95.8 average; and HF metadata for both Google Robot and WidowX model repos lists model.safetensors. The Google Robot release table reports 83.5/76.4 rather than the tracked 80.4/75.7, so the association is medium rather than high. No large checkpoint was downloaded.",medium,"Table 2 includes Simpler VM, VA, and WidowX columns for X-VLA and baselines.",high,official-ish,"Reports standard SimplerEnv VM, VA, and WidowX success-rate averages for X-VLA and baselines."
302,A Survey on Sim-to-Real Transfer Methods for Robotic Manipulation,2024,Symposium on Intelligent Systems and Informatics,2024 IEEE 22nd Jubilee International Symposium on Intelligent Systems and Informatics (SISY),"Crossref DOI 10.1109/SISY62279.2024.10737545 lists the SISY 2024 proceedings, pages 000259-000266.",high,,n/a,n/a,10.1109/SISY62279.2024.10737545,Semantic Scholar citation graph,Semantic Scholar says this work cites the SIMPLER seed paper (arXiv 2405.05941 / CoRL-PMLR version).,indexed-citation,https://www.semanticscholar.org/paper/a511eace5171da7dffb1bf6f2bfc8a0cd90e907f; DOI 10.1109/SISY62279.2024.10737545,unclear/full-text-unavailable,n/a,n/a,n/a,,,,,,,,,,n/a,n/a,n/a,,n/a,n/a,No open full text/PDF was converted in the audit cache; citation graph confirms the citation only.,low,,
303,A Survey on Vision-Language-Action Models for Embodied AI,2024,arXiv.org,IEEE Transactions on Neural Networks and Learning Systems,Local full text header and DOI line identify IEEE Transactions on Neural Networks and Learning Systems; Crossref DOI 10.1109/TNNLS.2025.3650584 confirms the venue.,high,2405.14093,2024-05-23,Semantic Scholar/OpenAlex arXiv publication-date metadata,10.1109/TNNLS.2025.3650584,Semantic Scholar citation graph; OpenAlex term search: SIMPLER WidowX; OpenAlex term search: SimplerEnv,Semantic Scholar says this work cites the SIMPLER seed paper (arXiv 2405.05941 / CoRL-PMLR version).,indexed-citation,https://www.semanticscholar.org/paper/ae9a2bcd460354c706aaea8797b1c2c15841a6b6; https://arxiv.org/abs/2405.14093; DOI 10.1109/TNNLS.2025.3650584; https://openalex.org/W4398796510,uses-data-no-results,n/a,n/a,n/a,,,,,,,,,,n/a,n/a,n/a,,n/a,n/a,Local full text lists SimplerEnv in VLA-model comparison tables and benchmark/dataset discussion but does not report original SimplerEnv suite results.,high,,
304,Active Fine-Tuning of Multi-Task Policies,2024,International Conference on Machine Learning,International Conference on Machine Learning,"Local full text first page states Proceedings of the 42nd International Conference on Machine Learning, PMLR 267, 2025.",high,2410.05026,2024-10-07,Semantic Scholar/OpenAlex arXiv publication-date metadata,,Semantic Scholar citation graph; OpenAlex term search: SIMPLER WidowX,Semantic Scholar says this work cites the SIMPLER seed paper (arXiv 2405.05941 / CoRL-PMLR version).,indexed-citation,https://www.semanticscholar.org/paper/0144cc5c520a83af763267fc813b689ed8e20186; https://arxiv.org/abs/2410.05026; https://openalex.org/W4403324002,reports-results,simplerenv-result-unattributed,2 demonstrations per round for 5 iterations; initial successful-rollout pool size not reported,"Appendix F reports Figure 10 multi-task success-rate curves for AMF-NN, uniform with adaptive prior, and uniform on life-like WidowX tasks using rollouts from a pre-trained Octo agent; exact numeric success rates are plotted but not tabulated.",,,,,,,,,,"Local full text /tmp/simplerenv_audit/s2_texts/0144cc5c520a83af763267fc813b689ed8e20186.txt, Appendix F lines 1856-1882.",high,weight-but-not-for-number,,"The tracked SimpleEnv/SimplerEnv result is Appendix F/Figure 10, showing AMF-NN and baselines after active fine-tuning of a pre-trained Octo agent on life-like WidowX tasks. OpenReview links the official AMF code repo, but that repo provides implementation and dataset-generation instructions only and shows no public releases/checkpoints for the Simpler fine-tuned policies. Public Octo base weights exist, but they are only the starting policy, not the AMF fine-tuned policies that produced the tracked curves.",high,Appendix F states a recently proposed evaluation suite correlating with real-world results is used for simulated Octo rollouts on WidowX tasks and reports Figure 10 results.,high,otherwise,"Reports active-fine-tuning curves on life-like WidowX/SimplerEnv-derived tasks, but no comparable standard WidowX/Bridge suite number."
305,CogACT: A Foundational Vision-Language-Action Model for Synergizing Cognition and Action in Robotic Manipulation,2024,arXiv.org,n/a,n/a,n/a,2411.19650,2024-11-29,Semantic Scholar/OpenAlex arXiv publication-date metadata,10.48550/arXiv.2411.19650,Semantic Scholar citation graph,Semantic Scholar says this work cites the SIMPLER seed paper (arXiv 2405.05941 / CoRL-PMLR version).,indexed-citation,https://www.semanticscholar.org/paper/54caf5927a6d656bb84d2a16e16fa2b0c5d6f522; https://arxiv.org/abs/2411.19650; DOI 10.48550/arXiv.2411.19650,reports-results,google-fractal-vm; google-fractal-va; widowx-bridge,not reported,"Table 1 reports CogACT/Ours Google Robot Visual Matching Avg 74.8 and Variant Aggregation Avg 61.3. Table 2 reports WidowX Visual Matching Ours Avg 51.3 with Spoon 71.7, Carrot 50.8, Stack 15.0, Eggplant 67.5.",74.8,61.3,51.3,52.4,RT-1,54.4,RT-2-X,26.7,Octo-Small,"Local full text /tmp/simplerenv_audit/s2_texts/54caf5927a6d656bb84d2a16e16fa2b0c5d6f522.txt, Table 1 lines 377-394 and Table 2 lines 396-408.",high,number-associated weight available,https://huggingface.co/CogACT/CogACT-Base,"The tracked numbers are CogACT/Ours with Google Robot VM 74.8, VA 61.3, and WidowX VM 51.3. The paper states the default action model is DiT-Base, and the official GitHub README releases three public CogACT model sizes, using CogACT/CogACT-Base as the minimal inference and SimplerEnv evaluation example. Hugging Face metadata confirms CogACT/CogACT-Base is public and contains checkpoints/CogACT-Base.pt plus configs. This is the default model corresponding to the tracked Tables 1-2 rather than only a generic family checkpoint.",high,Section 4.1 and Tables 1-2 directly evaluate CogACT in the SIMPLER environment on Google Robot and WidowX settings.,high,official-ish,"Reports standard SimplerEnv Google Robot/Fractal VM, Google Robot/Fractal VA, and WidowX/Bridge success-rate averages."
306,Contrast Sets for Evaluating Language-Guided Robot Policies,2024,Conference on Robot Learning,Conference on Robot Learning,"Local full text first page states 8th Conference on Robot Learning (CoRL 2024), Munich, Germany.",high,2406.13636,2024-06-19,Semantic Scholar/OpenAlex arXiv publication-date metadata,10.48550/arXiv.2406.13636,Semantic Scholar citation graph,Semantic Scholar says this work cites the SIMPLER seed paper (arXiv 2405.05941 / CoRL-PMLR version).,indexed-citation,https://www.semanticscholar.org/paper/291edae6aed9c0d7c5c38b1f0c17ccdc70fa593b; https://arxiv.org/abs/2406.13636; DOI 10.48550/arXiv.2406.13636,citation-only,n/a,n/a,n/a,,,,,,,,,,n/a,n/a,n/a,,n/a,n/a,Citation graph row; converted text did not contain SimplerEnv benchmark-use/result terms beyond the citation record.,high,,
307,Deep Reinforcement Learning for Robotics: A Survey of Real-World Successes,2024,AAAI Conference on Artificial Intelligence,Proceedings of the AAAI Conference on Artificial Intelligence,Crossref DOI 10.1609/aaai.v39i27.35095 lists the AAAI proceedings for this title; Annual Reviews also has a journal version under DOI 10.1146/annurev-control-030323-022510.,high,2408.03539,2024-08-07,Semantic Scholar/OpenAlex arXiv publication-date metadata,10.48550/arXiv.2408.03539,Semantic Scholar citation graph,Semantic Scholar says this work cites the SIMPLER seed paper (arXiv 2405.05941 / CoRL-PMLR version).,indexed-citation,https://www.semanticscholar.org/paper/4f5aa34d2e6758f78dc4a731cc2eed26f83de3b4; https://arxiv.org/abs/2408.03539; DOI 10.48550/arXiv.2408.03539,citation-only,n/a,n/a,n/a,,,,,,,,,,n/a,n/a,n/a,,n/a,n/a,Local full text contains the SIMPLER seed only in the literature cited entry and does not discuss or report SimplerEnv benchmark use.,high,,
308,Design of a Service Robot System Based on a Multimodal Large Model,2024,2024 6th International Symposium on Robotics & Intelligent Manufacturing Technology (ISRIMT),2024 6th International Symposium on Robotics & Intelligent Manufacturing Technology (ISRIMT),"Crossref DOI 10.1109/isrimt63979.2024.10875274 lists ISRIMT 2024 proceedings, pages 81-86.",high,,n/a,n/a,10.1109/isrimt63979.2024.10875274,Semantic Scholar citation graph,Semantic Scholar says this work cites the SIMPLER seed paper (arXiv 2405.05941 / CoRL-PMLR version).,indexed-citation,https://www.semanticscholar.org/paper/c028cd1c0a362338851b35844bac83f925ad6671; DOI 10.1109/isrimt63979.2024.10875274,unclear/full-text-unavailable,n/a,n/a,n/a,,,,,,,,,,n/a,n/a,n/a,,n/a,n/a,No open full text/PDF was converted in the audit cache; citation graph confirms the citation only.,low,,
309,Diffusion Transformer Policy,2024,arXiv.org,n/a,n/a,n/a,2410.15959,2024-10-21,Semantic Scholar/OpenAlex arXiv publication-date metadata,10.48550/arXiv.2410.15959,Semantic Scholar citation graph; OpenAlex term search: SimplerEnv,Semantic Scholar says this work cites the SIMPLER seed paper (arXiv 2405.05941 / CoRL-PMLR version).,indexed-citation,https://www.semanticscholar.org/paper/d1d15a14e3c07a5add8e93c5d9a7350fede51c35; https://arxiv.org/abs/2410.15959; DOI 10.48550/arXiv.2410.15959; https://openalex.org/W4404089072,reports-results,simplerenv-result-unattributed,not reported,Table 1 reports Google Robot SimplerEnv task success rates for DiT Policy/Ours: coke can match 72.7 and variant 60.0; move near match 56.7 and variant 57.5; drawer match 46.3 and variant 37.5. The paper does not tabulate an overall Google Robot average and reports no WidowX result.,,,,,,,,,,"Local full text /tmp/simplerenv_audit/s2_texts/d1d15a14e3c07a5add8e93c5d9a7350fede51c35.txt, Table 1 lines 299-312 and Section 4.2 lines 340-350.",high,weight-but-not-for-number,,"The tracked row uses older Diffusion Transformer Policy SimplerEnv task numbers: coke can 72.7/60.0, move near 56.7/57.5, and drawer 46.3/37.5. The current official Dita/RoboDita repository provides Google Drive checkpoint links including dit_policy_checkpoint.pth, and its README includes a SimplerEnv table. That public table reports Dita values 0.837/0.855, 0.760/0.730, and 0.463/0.375, which do not match the tracked older paper values except for drawer. The public checkpoint is therefore a related Dita checkpoint, but public evidence does not tie it to the tracked reported numbers. No large checkpoint was downloaded.",medium,Section 4.2 evaluates on Google Robot SimplerEnv with matching and variant task results; no clean suite average is provided.,high,official-ish,"Reports Google Robot/Fractal matching and variant task-level success rates under the SimplerEnv evaluation setup, though no suite average is tabulated."
310,Diorama: Unleashing Zero-Shot Single-View 3D Indoor Scene Modeling,2024,IEEE International Conference on Computer Vision,IEEE/CVF International Conference on Computer Vision (ICCV 2025),"CVF Open Access ICCV 2025 page for 'Diorama: Unleashing Zero-shot Single-view 3D Indoor Scene Modeling' lists it in Proceedings of the IEEE/CVF International Conference on Computer Vision (ICCV), 2025, pp. 8896-8907, with matching BibTeX.",high,2411.19492,2024-11-29,Semantic Scholar/OpenAlex arXiv publication-date metadata,10.1109/ICCV51701.2025.00832,Semantic Scholar citation graph,Semantic Scholar says this work cites the SIMPLER seed paper (arXiv 2405.05941 / CoRL-PMLR version).,indexed-citation,https://www.semanticscholar.org/paper/61d161e19a693b0fb6d3b80559aedfd0d30ceeb4; https://arxiv.org/abs/2411.19492; DOI 10.1109/ICCV51701.2025.00832,citation-only,n/a,n/a,n/a,,,,,,,,,,n/a,n/a,n/a,,n/a,n/a,Citation graph row; converted text did not contain SimplerEnv benchmark-use/result terms beyond the citation record.,high,,
311,Dream to Manipulate: Compositional World Models Empowering Robot Imitation Learning with Imagination,2024,International Conference on Learning Representations,International Conference on Learning Representations,OpenReview/ICLR 2025 listing for Dream to Manipulate.,high,2412.14957,2024-12-19,Semantic Scholar/OpenAlex arXiv publication-date metadata,10.48550/arXiv.2412.14957,Semantic Scholar citation graph,Semantic Scholar says this work cites the SIMPLER seed paper (arXiv 2405.05941 / CoRL-PMLR version).,indexed-citation,https://www.semanticscholar.org/paper/ae4777da2f510f459e6e87c174d86d2564024d35; https://arxiv.org/abs/2412.14957; DOI 10.48550/arXiv.2412.14957,citation-only,n/a,n/a,n/a,,,,,,,,,,n/a,n/a,n/a,,n/a,n/a,"Local text has the SIMPLER seed only in references (Li et al., arXiv:2405.05941) and does not use the SimplerEnv benchmark; the phrase 'simpler demonstrations' is generic, not the benchmark.",high,,
312,Effective Tuning Strategies for Generalist Robot Manipulation Policies,2024,IEEE International Conference on Robotics and Automation,IEEE International Conference on Robotics and Automation,IEEE DOI 10.1109/ICRA55743.2025.11127492 indicates ICRA 2025.,high,2410.01220,2024-10-02,Semantic Scholar/OpenAlex arXiv publication-date metadata,10.1109/ICRA55743.2025.11127492,Semantic Scholar citation graph,Semantic Scholar says this work cites the SIMPLER seed paper (arXiv 2405.05941 / CoRL-PMLR version).,indexed-citation,https://www.semanticscholar.org/paper/72cd26d8ae3877cba7f83a8bd99d48a1939d2f04; https://arxiv.org/abs/2410.01220; DOI 10.1109/ICRA55743.2025.11127492,citation-only,n/a,n/a,n/a,,,,,,,,,,n/a,n/a,n/a,,n/a,n/a,Paper cites/mentions SIMPLER as motivation but explicitly says SIMPLER does not support their study because it lacks a training dataset; experiments are on RLBench.,high,,
313,Efficient Diffusion Transformer Policies with Mixture of Expert Denoisers for Multitask Learning,2024,International Conference on Learning Representations,International Conference on Learning Representations,OpenReview/ICLR 2025 listing for Efficient Diffusion Transformer Policies with Mixture of Expert Denoisers.,high,2412.12953,2024-12-17,Semantic Scholar/OpenAlex arXiv publication-date metadata,10.48550/arXiv.2412.12953,Semantic Scholar citation graph; OpenAlex term search: SIMPLER Google Robot Bridge,Semantic Scholar says this work cites the SIMPLER seed paper (arXiv 2405.05941 / CoRL-PMLR version).,indexed-citation,https://www.semanticscholar.org/paper/f9c20da09df84344f06159b0133306ec95e84d37; https://arxiv.org/abs/2412.12953; DOI 10.48550/arXiv.2412.12953; https://openalex.org/W4405562544,reports-results,simplerenv-result-unattributed,not reported,"Table 6 reports SIMPLER average success/rank across all tasks: OpenVLA 23.70% / 1.95, Octo-Base 17.75% / 2.1, MoDE 26.30% / 1.65; 2952 evaluations.",,,,,,,,,,"Local text Appendix A.2.1/Table 6, lines 1300-1325.",high,number-associated weight available,https://huggingface.co/mbreuss/MoDE_Pretrained,"The tracked number is Table 6 SIMPLER average success rate 26.30 for MoDE after 300k-step pretraining on the small OXE subset. The paper text ties the SIMPLER evaluation to the pretrained MoDE variant, and the official repository states that the authors provide the pretrained checkpoint after 300k steps on that same OXE subset. The Hugging Face model card for mbreuss/MoDE_Pretrained repeats the 300k-step OXE pretraining description, is linked from the project page as Weights, and metadata confirms a public model_cleaned.safetensors file. This is the reported-number checkpoint.",high,"Paper evaluates MoDE on SIMPLER real2sim variants of BridgeV2 and Google Fractal, but reports a combined all-task average rather than clean per-suite averages.",high,official-ish,"Reports success rates on the standard Google Robot and WidowX/Bridge SIMPLER tasks, although the headline average mixes all tasks."
314,Human-Centric Framework for Robotic Assembly for Industry of the Future,2024,International Journal of Precision Engineering and Manufacturing,International Journal of Precision Engineering and Manufacturing,"Springer DOI page for 10.1007/s12541-024-01176-4, International Journal of Precision Engineering and Manufacturing.",high,,n/a,n/a,10.1007/s12541-024-01176-4,Semantic Scholar citation graph,Semantic Scholar says this work cites the SIMPLER seed paper (arXiv 2405.05941 / CoRL-PMLR version).,indexed-citation,https://www.semanticscholar.org/paper/1084638cd9ee41a3d3327ebefd6cb3b79883e554; DOI 10.1007/s12541-024-01176-4,unclear/full-text-unavailable,n/a,n/a,n/a,,,,,,,,,,n/a,n/a,n/a,,n/a,n/a,"No local full text was available; free search found only metadata/abstract pages, not a source sufficient to audit SimplerEnv usage beyond citation-graph provenance.",low,,
315,IGOR: Image-GOal Representations are the Atomic Control Units for Foundation Models in Embodied AI,2024,preprint/unknown,n/a,n/a,n/a,2411.00785,2024-10-17,Semantic Scholar/OpenAlex arXiv publication-date metadata,,Semantic Scholar citation graph,Semantic Scholar says this work cites the SIMPLER seed paper (arXiv 2405.05941 / CoRL-PMLR version).,indexed-citation,https://www.semanticscholar.org/paper/3ff668d77e5584b66e96b617fcda6c400b56195f; https://arxiv.org/abs/2411.00785,reports-results,simplerenv-result-unattributed,not reported,"Figure 6 reports success rates for IGOR vs. scratch on SIMPLER Google Robot tasks (Pick Coke Can, Move Near, Open/Close Drawer) after fine-tuning on 1% of RT-1; exact values are figure-only in converted text.",,,,,,,,,,"Local text Section 3.4.1/Figure 6, lines 407-435.",high,not-found,,"The tracked result is the Figure 6 SIMPLER Google Robot low-data policy-learning comparison after fine-tuning on 1% of RT-1. The official Microsoft Research project page links only the paper and media; it describes the SIMPLER result but provides no code, model, checkpoint, or download link. The arXiv page has no associated code/data link, exact-title searches did not find an official code or model release, and Hugging Face searches/listings for the apparent Microsoft/author organization did not reveal IGOR weights. No public artifact was found for the fine-tuned low-level policy that produced the tracked figure.",high,"Paper evaluates IGOR on Google Robot tasks in the SIMPLER simulator, but does not provide a clean text-extracted VM or VA suite average.",high,official-ish,"Reports SIMPLER Google Robot task success rates for Pick Coke Can, Move Near, and Open/Close Drawer, but only as figure-level task results."
316,Investigating the Role of Instruction Variety and Task Difficulty in Robotic Manipulation Tasks,2024,Conference on Empirical Methods in Natural Language Processing,Conference on Empirical Methods in Natural Language Processing (EMNLP 2024),"ACL Anthology page for 'Investigating the Role of Instruction Variety and Task Difficulty in Robotic Manipulation Tasks' lists it in Proceedings of the 2024 Conference on Empirical Methods in Natural Language Processing, pages 19389-19424, Miami, Florida, USA, Association for Computational Linguistics, DOI 10.18653/v1/2024.emnlp-main.1080.",high,2407.03967,2024-07-04,Semantic Scholar/OpenAlex arXiv publication-date metadata,10.48550/arXiv.2407.03967,Semantic Scholar citation graph,Semantic Scholar says this work cites the SIMPLER seed paper (arXiv 2405.05941 / CoRL-PMLR version).,indexed-citation,https://www.semanticscholar.org/paper/f970e9ff0c07e639a96772c644a2b464afd01141; https://arxiv.org/abs/2407.03967; DOI 10.48550/arXiv.2407.03967,citation-only,n/a,n/a,n/a,,,,,,,,,,n/a,n/a,n/a,,n/a,n/a,Citation graph row; converted text did not contain SimplerEnv benchmark-use/result terms beyond the citation record.,high,,
317,IRASim: A Fine-Grained World Model for Robot Manipulation,2024,IEEE International Conference on Computer Vision,IEEE/CVF International Conference on Computer Vision (ICCV 2025),"CVF Open Access ICCV 2025 page for 'IRASim: A Fine-Grained World Model for Robot Manipulation' lists it in Proceedings of the IEEE/CVF International Conference on Computer Vision (ICCV), 2025, pp. 9834-9844, with matching BibTeX.",high,2406.14540,2024-06-20,Semantic Scholar/OpenAlex arXiv publication-date metadata,10.1109/ICCV51701.2025.00917,Semantic Scholar citation graph,Semantic Scholar says this work cites the SIMPLER seed paper (arXiv 2405.05941 / CoRL-PMLR version).,indexed-citation,https://www.semanticscholar.org/paper/280f2ea5ac05cab2d5a85c74f0a23257c7947690; https://arxiv.org/abs/2406.14540; DOI 10.1109/ICCV51701.2025.00917,citation-only,n/a,n/a,n/a,,,,,,,,,,n/a,n/a,n/a,,n/a,n/a,Citation graph row; converted text did not contain SimplerEnv benchmark-use/result terms beyond the citation record.,high,,
318,LADEV: A Language-Driven Testing and Evaluation Platform for Vision-Language-Action Models in Robotic Manipulation,2024,arXiv.org,n/a,n/a,n/a,2410.05191,2024-10-07,Semantic Scholar/OpenAlex arXiv publication-date metadata,10.48550/arXiv.2410.05191,Semantic Scholar citation graph; OpenAlex term search: SimplerEnv,Semantic Scholar says this work cites the SIMPLER seed paper (arXiv 2405.05941 / CoRL-PMLR version).,indexed-citation,https://www.semanticscholar.org/paper/d55089f2882b37fac1a617dc6d08fb00645e96f5; https://arxiv.org/abs/2410.05191; DOI 10.48550/arXiv.2410.05191; https://openalex.org/W4403324124,reports-results,simplerenv-result-unattributed,not reported,"Tables I-IV report LADEV/SimplerEnv-based VLA success rates across generated Pick Up, Move Near, Put On, and Put In tests; e.g., Table I averages include RT-1-400k Pick Up 35.0%, OpenVLA-7b Move Near 12.6%, and low Put On/Put In rates.",,,,,,,,,,"Local text Section IV-C/Tables I-IV, lines 300-380.",high,weight-but-not-for-number,,"The tracked LADEV row is an evaluation-platform paper reporting success rates for seven existing VLA models under LADEV/SimplerEnv-generated tests, not a LADEV-trained policy checkpoint. The paper says code will be made available soon, the official supplementary site's replication package page currently says Code Coming Soon, and exact-title GitHub search plus Hugging Face model search found no public LADEV code/model/checkpoint artifact. Public RT-1/RT-X, Octo, and OpenVLA weights or setup paths exist through their own projects, but those are related evaluated-policy weights, not a LADEV reported-number artifact or pinned rollout/checkpoint release. No large checkpoint was downloaded.",medium,"Paper builds LADEV on SimplerEnv and reports VLA success rates under generated object, instruction, object-source, lighting, and camera-condition tests; these are not one of the three canonical sortable suites.",high,otherwise,"Reports LADEV-generated SimplerEnv-based tests with generated objects, instructions, lighting, and camera conditions rather than a standard VM, VA, or WidowX/Bridge suite."
319,Latent Action Pretraining from Videos,2024,International Conference on Learning Representations,International Conference on Learning Representations,Local text line 1070: published as a conference paper at ICLR 2025.,high,2410.11758,2024-10-15,Semantic Scholar/OpenAlex arXiv publication-date metadata,10.48550/arXiv.2410.11758,Semantic Scholar citation graph,Semantic Scholar says this work cites the SIMPLER seed paper (arXiv 2405.05941 / CoRL-PMLR version).,indexed-citation,https://www.semanticscholar.org/paper/5e25c253b0c3fb159c9581131e22b6e9f615619c; https://arxiv.org/abs/2410.11758; DOI 10.48550/arXiv.2410.11758,reports-results,widowx-bridge,25 successful trajectories per task for fine-tuning; 24 evaluation rollouts per task,SIMPLER WidowX/Bridge four-task results: Table 11 LAPA average success 57.3% after BridgeV2 pretraining; Table 12 LAPA average success 52.1% after Something-Something v2 pretraining.,,,57.3,,,,,51.0,VPT,Local text SIMPLER setup lines 1057-1077; Table 11 lines 1366-1377; Table 12 lines 1409-1419.,high,weight-but-not-for-number,,"The tracked WidowX/Bridge number is the SIMPLER policy result after LAPA pretraining and then action fine-tuning on SIMPLER rollouts, with Table 11 LAPA BridgeV2 average 57.3 and Table 12 SthV2 average 52.1. The official repo releases LAPA code, OpenX/BridgeV2/SthV2-style model files, and a `finetune_simpler.sh` recipe, but the README states that latent-action output still needs fine-tuning to map to the real action space. The Hugging Face org lists LAPA-7B-openx plus LAPA-7B-Bridgev2 and LAPA-7B-Sthv2 files, but I found no public final SIMPLER-fine-tuned policy checkpoint or evaluation artifact for the tracked 57.3/52.1 numbers.",high,"Paper evaluates on four SIMPLER tasks using the 7-DoF WidowX arm and reports detailed success, grasping, and moving rates.",high,official-ish,Reports standard SimplerEnv WidowX/Bridge four-task success-rate averages with the stated 24-rollout-per-task evaluation.
320,Learning to Manipulate Anywhere: A Visual Generalizable Framework For Reinforcement Learning,2024,Conference on Robot Learning,Conference on Robot Learning (CoRL 2024),"OpenReview forum for 'Learning to Manipulate Anywhere: A Visual Generalizable Framework For Reinforcement Learning' lists Published 05 Sept 2024, Last Modified 08 Nov 2024, CoRL 2024; the OpenReview PDF header states '8th Conference on Robot Learning (CoRL 2024), Munich, Germany'.",high,2407.15815,2024-07-22,Semantic Scholar/OpenAlex arXiv publication-date metadata,10.48550/arXiv.2407.15815,Semantic Scholar citation graph,Semantic Scholar says this work cites the SIMPLER seed paper (arXiv 2405.05941 / CoRL-PMLR version).,indexed-citation,https://www.semanticscholar.org/paper/6d32eb3a43594c723e1435dcbdad9cf4a5c78a61; https://arxiv.org/abs/2407.15815; DOI 10.48550/arXiv.2407.15815,citation-only,n/a,n/a,n/a,,,,,,,,,,n/a,n/a,n/a,,n/a,n/a,Citation graph row; converted text did not contain SimplerEnv benchmark-use/result terms beyond the citation record.,high,,
321,Manipulation Facing Threats: Evaluating Physical Vulnerabilities in End-to-End Vision Language Action Models,2024,arXiv.org,n/a,n/a,n/a,2409.13174,2024-09-20,Semantic Scholar/OpenAlex arXiv publication-date metadata,10.48550/arXiv.2409.13174,Semantic Scholar citation graph; OpenAlex term search: SimplerEnv,Semantic Scholar says this work cites the SIMPLER seed paper (arXiv 2405.05941 / CoRL-PMLR version).,indexed-citation,https://www.semanticscholar.org/paper/9ed316c0e8e6e6901ada47d6bb8fe47a016e8c80; https://arxiv.org/abs/2409.13174; DOI 10.48550/arXiv.2409.13174; https://openalex.org/W4403755050,reports-results,simplerenv-result-unattributed,not reported,"Table II reports OpenVLA failure rates (%) on six SimplerEnv tasks under physical attacks; clean average failure rate is 40.8%, Blur 87.5%, Gaussian Noise 39.2%, BC(B) 45.8%, BC(D) 35.8%, and WB adversarial patch 100.0%.",,,,,,,,,,"Local text Section IV/Table II, lines 218-236 and 310-326.",high,number-associated weight available,https://huggingface.co/openvla/openvla-7b,"The tracked SimplerEnv number is an OpenVLA failure-rate evaluation under clean and attack conditions. The paper states that OpenVLA is the victim model evaluated in SimplerEnv, and the public OpenVLA-7B Hugging Face repository is ungated and lists safetensors shards and model/config files. I found no separate PVEP learned-policy checkpoint, but no separate learned policy is needed for the tracked OpenVLA victim-model result.",high,"Paper evaluates OpenVLA in the SimplerEnv simulator across six predefined tasks, but reports attack failure rates rather than a canonical suite success average.",high,otherwise,"Reports failure rates under physical attacks on a selected six-task SimplerEnv subset, not a standard VM, VA, or WidowX/Bridge success-rate suite."
322,ManiSkill3: GPU Parallelized Robotics Simulation and Rendering for Generalizable Embodied AI,2024,arXiv.org,n/a,n/a,n/a,2410.00425,2024-10-01,Semantic Scholar/OpenAlex arXiv publication-date metadata,10.48550/arXiv.2410.00425,Semantic Scholar citation graph,Semantic Scholar says this work cites the SIMPLER seed paper (arXiv 2405.05941 / CoRL-PMLR version).,indexed-citation,https://www.semanticscholar.org/paper/6116f4ce4ec1b3cda988e7b289eda6daea75f479; https://arxiv.org/abs/2410.00425; DOI 10.48550/arXiv.2410.00425,reports-results,simplerenv-result-unattributed,not reported,"ManiSkill3 ports/GPU-parallelizes four SIMPLER real2sim tasks and reports correlation with real-world success rates of 0.9284 and MMRV 0.0147, close to original SIMPLER values; no clean text-extracted suite average is reported.",,,,,,,,,,"Local text Section III-E and Appendix VII-K/Figure 25, lines 371-377 and 1019-1027.",high,weight-but-not-for-number,,"The tracked result is the ManiSkill3 real2sim correlation/MMRV for its GPU-parallelized SIMPLER port, evaluated with existing Octo and RT-1X policies. The official ManiSkill/SimplerEnv sources provide code and instructions for Octo/RT-1/RT-1X inference, and Octo checkpoints are public, but I found no ManiSkill3 checkpoint or released result artifact tied to the paper's Figure 25 correlation/MMRV. The public policy weights are related evaluated backbones rather than a ManiSkill3 reported-number release.",medium,"Paper evaluates Octo and RT-1X on a GPU-parallelized port of four SIMPLER tasks, but the converted text provides correlation/MMRV rather than a clean WidowX/Bridge average.",high,otherwise,Reports a ManiSkill3 GPU-parallelized port of SimplerEnv using correlation/MMRV metrics rather than standard SimplerEnv suite success rates.
323,Moto: Latent Motion Token as the Bridging Language for Learning Robot Manipulation from Videos,2024,IEEE International Conference on Computer Vision,IEEE International Conference on Computer Vision,IEEE DOI 10.1109/ICCV51701.2025.01837 indicates ICCV 2025.,high,2412.04445,2024-12-05,Semantic Scholar/OpenAlex arXiv publication-date metadata,10.1109/ICCV51701.2025.01837,Semantic Scholar citation graph,Semantic Scholar says this work cites the SIMPLER seed paper (arXiv 2405.05941 / CoRL-PMLR version).,indexed-citation,https://www.semanticscholar.org/paper/94fb3041f7fa85d889950c5f98848795a2b90cd6; https://arxiv.org/abs/2412.04445; DOI 10.1109/ICCV51701.2025.01837,reports-results,simplerenv-result-unattributed,not reported,"Table 2 reports SIMPLER Google Everyday Robot success rates; Moto overall average is 0.614 (61.4%), with Pick Coke Can average 0.740, Move Near 0.604, and Open/Close Drawer average 0.431.",,,,,,,,,,"Local text Table 2, lines 399-411; setup details lines 747-758 and 793-806.",high,number-associated weight available,https://huggingface.co/TencentARC/Moto/tree/main/moto_gpt_finetuned_on_rt1,"The tracked number is Moto's SIMPLER Google Everyday Robot result, with Table 2 reporting Moto overall average 0.614 after Moto-GPT is fine-tuned for robot control. The paper says the SIMPLER setup fine-tunes using RT-1 Robot Action data, and the official repository releases SIMPLER evaluation code. The evaluation script sets `MOTO_GPT_PATH` to `moto_gpt/checkpoints/moto_gpt_finetuned_on_rt1`, and the public TencentARC/Moto Hugging Face metadata lists `moto_gpt_finetuned_on_rt1/config.yaml` and `moto_gpt_finetuned_on_rt1/pytorch_model.bin`. This is the public fine-tuned policy checkpoint used for the tracked SIMPLER evaluation; large files were not downloaded.",high,"Paper reports SIMPLER Google Everyday Robot results, but it does not label them as the canonical VM or VA suite.",high,official-ish,"Reports a clean SIMPLER Google Robot success-rate average over the standard Pick Coke Can, Move Near, and Open/Close Drawer task categories, though VM/VA attribution is not explicit."
324,PIVOT-R: Primitive-Driven Waypoint-Aware World Model for Robotic Manipulation,2024,Neural Information Processing Systems,Neural Information Processing Systems,NeurIPS/OpenReview metadata for PIVOT-R.,high,2410.10394,2024-10-14,Semantic Scholar/OpenAlex arXiv publication-date metadata,10.48550/arXiv.2410.10394,Semantic Scholar citation graph,Semantic Scholar says this work cites the SIMPLER seed paper (arXiv 2405.05941 / CoRL-PMLR version).,indexed-citation,https://www.semanticscholar.org/paper/d5735d672391c0c73660db7a80179541855e33f8; https://arxiv.org/abs/2410.10394; DOI 10.48550/arXiv.2410.10394,reports-results,widowx-bridge,not reported,"Table 10 reports SIMPLER/Bridgedata four-task success rates: RT-1-X mean 0.011, Octo-Base 0.160, Octo-Small 0.295, PIVOT-R 0.393.",,,39.3,,,,,29.5,Octo-Small,"Local text Appendix D/Table 10, lines 987-1003.",high,weight-but-not-for-number,,"The tracked WidowX/Bridge number is the paper's Appendix Table 10 SIMPLER/Bridgedata PIVOT-R mean success rate of 0.393. The official project/GitHub release code and a Google Drive checkpoint named `last.pt`, but the README evaluation flow is for the provided simulator/test dataset and `src/tester.py`, and the repository tree/README do not expose a SIMPLER/Bridge evaluation script, result log, or checkpoint specifically tied to Table 10. The Drive checkpoint is therefore a related PIVOT-R checkpoint, not a public reported-number checkpoint for the tracked SimplerEnv result.",high,Paper evaluates PIVOT-R on SIMPLER tasks selected from Bridgedata and reports a clean mean success rate.,high,official-ish,Reports a standard SimplerEnv WidowX/Bridge four-task mean success rate for the BridgeData task suite.
325,Re-Mix: Optimizing Data Mixtures for Large Scale Imitation Learning,2024,Conference on Robot Learning,Conference on Robot Learning,OpenReview/CoRL 2024 listing for Re-Mix.,high,2408.14037,2024-08-26,Semantic Scholar/OpenAlex arXiv publication-date metadata,10.48550/arXiv.2408.14037,Semantic Scholar citation graph; OpenAlex term search: SIMPLER WidowX,Semantic Scholar says this work cites the SIMPLER seed paper (arXiv 2405.05941 / CoRL-PMLR version).,indexed-citation,https://www.semanticscholar.org/paper/de3dfd3075597c5f46d423d2c7f1bb95b456d0f8; https://arxiv.org/abs/2408.14037; DOI 10.48550/arXiv.2408.14037; https://openalex.org/W4402701972,citation-only,n/a,n/a,n/a,,,,,,,,,,n/a,n/a,n/a,,n/a,n/a,Local text discusses Bridge V2/WidowX and cites simulation environments only as future work; no SIMPLER/SimplerEnv benchmark-use or result context was found.,high,,
326,ReVLA: Reverting Visual Domain Limitation of Robotic Foundation Models,2024,IEEE International Conference on Robotics and Automation,IEEE International Conference on Robotics and Automation,IEEE DOI 10.1109/ICRA55743.2025.11128823 indicates ICRA 2025.,high,2409.15250,2024-09-23,Semantic Scholar/OpenAlex arXiv publication-date metadata,10.1109/ICRA55743.2025.11128823,Semantic Scholar citation graph,Semantic Scholar says this work cites the SIMPLER seed paper (arXiv 2405.05941 / CoRL-PMLR version).,indexed-citation,https://www.semanticscholar.org/paper/c2bf72ced0bc679727a7aeb935f4537d10f0adab; https://arxiv.org/abs/2409.15250; DOI 10.1109/ICRA55743.2025.11128823,reports-results,google-fractal-vm; google-fractal-va,not reported,"Table II reports in-domain SIMPLER averages for Variant Aggregation and Visual Matching. Best ReVLA values: VA ReVLA (gradual) average 0.521; VM ReVLA (gradual) average 0.600. Table III also reports OOD success, best total 0.287.",60.0,52.1,,85.7,RT-1,89.7,RT-1,,,"Local text Table II, lines 268-294; protocol description lines 295-307; OOD Table III lines 337-350.",high,number-associated weight available,https://huggingface.co/INSAIT-Institute/ReVLA-Fractal,"The tracked numbers are ReVLA's SIMPLER Visual Matching and Variant Aggregation results for Fractal-trained Google Robot policies, with Table II reporting ReVLA (gradual) averages of 0.600 VM and 0.521 VA. The paper states that rollouts and model weights are available on the ReVLA page, and the official project page links `ReVLA-Fractal`. The public ReVLA-Fractal Hugging Face metadata lists OpenVLA architecture/config files, `base_model:openvla/openvla-7b`, the Fractal dataset tag, and three safetensors shards, so it is the Fractal-trained ReVLA checkpoint corresponding to the tracked SIMPLER numbers, not merely the base OpenVLA model.",high,"Paper evaluates ReVLA on both SIMPLER Visual Matching and Variant Aggregation protocols, using Fractal-trained models.",high,official-ish,Reports standard SimplerEnv Google Robot/Fractal Visual Matching and Variant Aggregation success-rate averages.
327,RoboMIND: Benchmark on Multi-embodiment Intelligence Normative Data for Robot Manipulation,2024,Robotics,Robotics: Science and Systems,Official RSS 2025 proceedings/DOI 10.15607/RSS.2025.XXI.152.,high,2412.13877,2024-12-18,Semantic Scholar/OpenAlex arXiv publication-date metadata,10.15607/RSS.2025.XXI.152,Semantic Scholar citation graph,Semantic Scholar says this work cites the SIMPLER seed paper (arXiv 2405.05941 / CoRL-PMLR version).,indexed-citation,https://www.semanticscholar.org/paper/a4af09dfbb5a302d22408628ea4ac1ca5dc7993c; https://arxiv.org/abs/2412.13877; DOI 10.15607/RSS.2025.XXI.152,citation-only,n/a,n/a,n/a,,,,,,,,,,n/a,n/a,n/a,,n/a,n/a,Local text only includes lowercase generic 'simpler tasks' and the SIMPLER seed in references; no SimplerEnv benchmark-use or result context appears.,high,,
328,Robot Learning with Super-Linear Scaling,2024,Robotics,Robotics: Science and Systems,Official RSS 2025 proceedings page/PDF for paper p025.,high,2412.01770,2024-12-02,Semantic Scholar/OpenAlex arXiv publication-date metadata,10.48550/arXiv.2412.01770,Semantic Scholar citation graph,Semantic Scholar says this work cites the SIMPLER seed paper (arXiv 2405.05941 / CoRL-PMLR version).,indexed-citation,https://www.semanticscholar.org/paper/d0e66f776536bebd2d60986438a853dc4de9d29c; https://arxiv.org/abs/2412.01770; DOI 10.48550/arXiv.2412.01770,citation-only,n/a,n/a,n/a,,,,,,,,,,n/a,n/a,n/a,,n/a,n/a,"Local text contains no SIMPLER/SimplerEnv benchmark-use contexts; the paper cites robotics/simulation work but reports CASHER experiments, not SimplerEnv results.",high,,
329,Robotic Control via Embodied Chain-of-Thought Reasoning,2024,Conference on Robot Learning,Conference on Robot Learning (CoRL 2024),"OpenReview forum for 'Robotic Control via Embodied Chain-of-Thought Reasoning' lists Published 05 Sept 2024, Last Modified 08 Nov 2024, CoRL 2024; the OpenReview PDF is the CoRL 2024 accepted paper.",high,2407.08693,2024-07-11,Semantic Scholar/OpenAlex arXiv publication-date metadata,10.48550/arXiv.2407.08693,Semantic Scholar citation graph; OpenAlex term search: SIMPLER Google Robot Bridge; OpenAlex term search: SIMPLER WidowX,Semantic Scholar says this work cites the SIMPLER seed paper (arXiv 2405.05941 / CoRL-PMLR version).,indexed-citation,https://www.semanticscholar.org/paper/56b545002ebb897de167a2de1603f06ab8f6bb0a; https://arxiv.org/abs/2407.08693; DOI 10.48550/arXiv.2407.08693; https://openalex.org/W4400612090,uses-data-no-results,n/a,n/a,n/a,,,,,,,,,,n/a,n/a,n/a,,n/a,n/a,"Local full text /tmp/simplerenv_audit/s2_texts/56b545002ebb897de167a2de1603f06ab8f6bb0a.txt, Sec. 4.3/Table 5 discussion: evaluates ECoT in SIMPLER real-to-sim Google Robot tasks qualitatively and states no improvement under the sim gap; no SimplerEnv numeric results are reported.",high,,
330,Scaling Proprioceptive-Visual Learning with Heterogeneous Pre-trained Transformers,2024,Neural Information Processing Systems,Neural Information Processing Systems (NeurIPS 2024),"Official NeurIPS proceedings page lists the paper in Advances in Neural Information Processing Systems 37 (NeurIPS 2024), Main Conference Track, with DOI 10.52202/079017-3952.",high,2409.20537,2024-09-30,Semantic Scholar/OpenAlex arXiv publication-date metadata,10.48550/arXiv.2409.20537,Semantic Scholar citation graph,Semantic Scholar says this work cites the SIMPLER seed paper (arXiv 2405.05941 / CoRL-PMLR version).,indexed-citation,https://www.semanticscholar.org/paper/35700b2794a8c221aff817cd1d7d01a36539df28; https://arxiv.org/abs/2409.20537; DOI 10.48550/arXiv.2409.20537,reports-results,simplerenv-result-unattributed,not reported,"Figure 10(a) reports HPT on the Simpler Benchmark for Close Drawer, Move Near, and Pick Coke Can against Octo/RT-1-X/RT-2-X; the local text does not expose clean suite averages for the tracker columns.",,,,,,,,,,"Local full text /tmp/simplerenv_audit/s2_texts/35700b2794a8c221aff817cd1d7d01a36539df28.txt, Sec. 5.3 and Fig. 10(a): Simpler Benchmark on Google EDR visual matching with 218 episodes and three tasks.",high,weight-but-not-for-number,,"The tracked Simpler Benchmark result is for HPT after transfer/fine-tuning on simulator tasks. The official HPT project/GitHub/Hugging Face release only pretrained HPT trunk checkpoints such as hpt-base/xlarge; the README instructs users to train policies on each environment and set train.pretrained_dir to load the pretrained trunk. I found no public SimplerEnv/Google Robot/WidowX fine-tuned policy checkpoint tied to Fig. 10(a), so the available weights are related pretraining weights, not the reported-number policy.",high,"Local full text Sec. 5.3/Fig. 10(a) directly reports Simpler Benchmark results, but not as clean VM/VA/WidowX suite averages.",high,official-ish,"Reports Simpler Benchmark Google Robot visual-matching task success rates, though only task-level/subset attribution is exposed."
331,Scaling Robot Policy Learning via Zero-Shot Labeling with Foundation Models,2024,Conference on Robot Learning,Conference on Robot Learning (CoRL 2024),OpenReview paper page for the exact title lists Published 05 Sept 2024 and venue CoRL 2024.,high,2410.17772,2024-10-23,Semantic Scholar/OpenAlex arXiv publication-date metadata,10.48550/arXiv.2410.17772,Semantic Scholar citation graph,Semantic Scholar says this work cites the SIMPLER seed paper (arXiv 2405.05941 / CoRL-PMLR version).,indexed-citation,https://www.semanticscholar.org/paper/80b4025d866b165bcb023c79a1964b594afd5598; https://arxiv.org/abs/2410.17772; DOI 10.48550/arXiv.2410.17772,reports-results,google-fractal-vm; google-fractal-va; widowx-bridge,not reported,Appendix Tables 8-9 report NILS on Bridge V2/SIMPLER and Fractal/SIMPLER. Bridge V2 Full average is 2.8; Fractal VM task values average 6.5; Fractal VAR/VA task values average 1.4; the table also lists a combined Fractal average of 3.1.,6.5,1.4,2.8,4.3,GT,0.9,GT,4.2,GT,"Local full text /tmp/simplerenv_audit/s2_texts/80b4025d866b165bcb023c79a1964b594afd5598.txt, Appendix F.2-F.3, Tables 8-9.",high,number-associated weight available,https://huggingface.co/holgerson/bridge_fractal_nils_new/resolve/main/300000/default/checkpoint,"The paper says its SimplerEnv Bridge/Fractal policy experiments train Octo variants for 300k steps on NILS-labeled BridgeV2 and Fractal data. The author Hugging Face account has a public bridge_fractal_nils_new Octo-format repository with a 300000/default/checkpoint path, and its config lists Bridge NILS and fractal20220817_data_NILS datasets. The model card does not restate the exact Table 8/9 values, so the mapping is by paper training description plus author-owned repo name/config.",medium,Appendix F reports SimplerEnv Bridge V2 and Fractal numeric success rates.,high,official-ish,Reports SimplerEnv Bridge/WidowX and Fractal Google Robot VM/VA success rates in appendix tables.
332,Steering Your Generalists: Improving Robotic Foundation Models via Value Guidance,2024,Conference on Robot Learning,Conference on Robot Learning (CoRL 2024),OpenReview paper page for the exact title lists Published 05 Sept 2024 and venue CoRL 2024.,high,2410.13816,2024-10-17,Semantic Scholar/OpenAlex arXiv publication-date metadata,10.48550/arXiv.2410.13816,Semantic Scholar citation graph,Semantic Scholar says this work cites the SIMPLER seed paper (arXiv 2405.05941 / CoRL-PMLR version).,indexed-citation,https://www.semanticscholar.org/paper/5cde475c3b572cf81d9b14c4fd1163c1c2c19568; https://arxiv.org/abs/2410.13816; DOI 10.48550/arXiv.2410.13816,reports-results,simplerenv-result-unattributed,not reported,Table 2 reports V-GPS improvements on SIMPLER for four WidowX tasks and two Google Robot tasks across multiple frozen base policies; no single proposed-policy VM/VA/WidowX suite average is cleanly attributable.,,,,,,,,,,"Local full text /tmp/simplerenv_audit/s2_texts/5cde475c3b572cf81d9b14c4fd1163c1c2c19568.txt, Sec. 4/Table 2.",high,number-associated weight available,https://drive.google.com/drive/folders/1foztWQeKX7xH-Tc89Lu7JNlhE_eOE-aG,Table 2 reports V-GPS on SIMPLER using a single learned value function to steer several frozen base policies. The official V-GPS README says the repo includes SIMPLER evaluation code and provides a value-function checkpoint pretrained on WidowX/Bridge and Google Robot/Fractal so evaluation can be run without training. The public Google Drive listing exposes checkpoint_500000 with checkpoint and metadata files. The base policies are public/frozen; the released V-GPS value checkpoint is the learned artifact associated with the tracked SIMPLER result.,high,Sec. 4 says experiments use SIMPLER; Table 2 reports task success rates for base policies with value guidance.,high,official-ish,Reports SIMPLER success rates on standard WidowX and Google Robot tasks for multiple base policies with value guidance.
333,The duality of generative AI and reinforcement learning in robotics: A review,2024,Information Fusion,Information Fusion,"ScienceDirect article page and Crossref DOI metadata list the exact title in Information Fusion, Volume 129, May 2026, article 104003, DOI 10.1016/j.inffus.2025.104003.",high,2410.16411,2024-10-21,Semantic Scholar/OpenAlex arXiv publication-date metadata,10.1016/j.inffus.2025.104003,Semantic Scholar citation graph,Semantic Scholar says this work cites the SIMPLER seed paper (arXiv 2405.05941 / CoRL-PMLR version).,indexed-citation,https://www.semanticscholar.org/paper/e576d27a2b61b69f8da3d2943ea53a71d4673b87; https://arxiv.org/abs/2410.16411; DOI 10.1016/j.inffus.2025.104003,citation-only,n/a,n/a,n/a,,,,,,,,,,n/a,n/a,n/a,,n/a,n/a,"Local full text /tmp/simplerenv_audit/s2_texts/e576d27a2b61b69f8da3d2943ea53a71d4673b87.txt is a review/taxonomy paper; SimplerEnv appears only as a cited benchmark/reference, with no experiments or reported results.",high,,
334,Towards Generalist Robot Learning from Internet Video: A Survey,2024,Journal of Artificial Intelligence Research,Journal of Artificial Intelligence Research,"Crossref DOI metadata from AI Access Foundation lists the exact title in Journal of Artificial Intelligence Research, volume 83, published online 21 July 2025, DOI 10.1613/jair.1.17400; DBLP mirrors the same JAIR 83 journal-article venue.",high,2404.19664,2024-04-30,Semantic Scholar/OpenAlex arXiv publication-date metadata,10.1613/jair.1.17400,Semantic Scholar citation graph; OpenAlex term search: Real Robot Setups SIMPLER,Semantic Scholar says this work cites the SIMPLER seed paper (arXiv 2405.05941 / CoRL-PMLR version).,indexed-citation,https://www.semanticscholar.org/paper/79226d4525fd88264b78a9e2fc2061c081824ff0; https://arxiv.org/abs/2404.19664; DOI 10.1613/jair.1.17400; https://openalex.org/W4396600885,citation-only,n/a,n/a,n/a,,,,,,,,,,n/a,n/a,n/a,,n/a,n/a,Local full text /tmp/simplerenv_audit/s2_texts/79226d4525fd88264b78a9e2fc2061c081824ff0.txt is a survey; it cites the SIMPLER paper but does not evaluate on SimplerEnv.,high,,
335,Towards Testing and Evaluating Vision-Language-Action Models for Robotic Manipulation: An Empirical Study,2024,arXiv.org,n/a,n/a,n/a,2409.12894,2024-09-19,Semantic Scholar/OpenAlex arXiv publication-date metadata,10.48550/arXiv.2409.12894,Semantic Scholar citation graph,Semantic Scholar says this work cites the SIMPLER seed paper (arXiv 2405.05941 / CoRL-PMLR version).,indexed-citation,https://www.semanticscholar.org/paper/124ce88b5888cc25ad1242785030b78c46b0a51b; DOI 10.48550/arXiv.2409.12894,citation-only,n/a,n/a,n/a,,,,,,,,,,n/a,n/a,n/a,,n/a,n/a,Citation graph row; converted text did not contain SimplerEnv benchmark-use/result terms beyond the citation record.,high,,
336,TypeScore: A Text Fidelity Metric for Text-to-Image Generative Models,2024,arXiv.org,n/a,n/a,n/a,2411.02437,2024-11-02,Semantic Scholar/OpenAlex arXiv publication-date metadata,10.48550/arXiv.2411.02437,Semantic Scholar citation graph,Semantic Scholar says this work cites the SIMPLER seed paper (arXiv 2405.05941 / CoRL-PMLR version).,indexed-citation,https://www.semanticscholar.org/paper/624ec6f47dc048cc406e01073c93ccf3754e47eb; https://arxiv.org/abs/2411.02437; DOI 10.48550/arXiv.2411.02437,citation-only,n/a,n/a,n/a,,,,,,,,,,n/a,n/a,n/a,,n/a,n/a,Citation graph row; converted text did not contain SimplerEnv benchmark-use/result terms beyond the citation record.,high,,
337,VLABench: A Large-Scale Benchmark for Language-Conditioned Robotics Manipulation with Long-Horizon Reasoning Tasks,2024,IEEE International Conference on Computer Vision,IEEE/CVF International Conference on Computer Vision (ICCV 2025),"CVF Open Access page lists the exact title in Proceedings of the IEEE/CVF International Conference on Computer Vision (ICCV), 2025, pages 11142-11152; DOI resolves to IEEE Xplore document 11444456.",high,2412.18194,2024-12-24,Semantic Scholar/OpenAlex arXiv publication-date metadata,10.1109/ICCV51701.2025.01037,Semantic Scholar citation graph,Semantic Scholar says this work cites the SIMPLER seed paper (arXiv 2405.05941 / CoRL-PMLR version).,indexed-citation,https://www.semanticscholar.org/paper/93657d550dd636b5bc284d9803b20646aafc37bf; https://arxiv.org/abs/2412.18194; DOI 10.1109/ICCV51701.2025.01037,citation-only,n/a,n/a,n/a,,,,,,,,,,n/a,n/a,n/a,,n/a,n/a,Citation graph row; converted text did not contain SimplerEnv benchmark-use/result terms beyond the citation record.,high,,
338,What matters in building vision–language–action models for generalist robots,2024,Nature Machine Intelligence,Nature Machine Intelligence,"Nature article page lists the exact title in Nature Machine Intelligence, volume 8, pages 158-172, published 11 February 2026, DOI 10.1038/s42256-025-01168-7; Crossref metadata agrees.",high,2412.14058,2024-12-18,Semantic Scholar/OpenAlex arXiv publication-date metadata,10.1038/s42256-025-01168-7,Semantic Scholar citation graph,Semantic Scholar says this work cites the SIMPLER seed paper (arXiv 2405.05941 / CoRL-PMLR version).,indexed-citation,https://www.semanticscholar.org/paper/7d638461965faa79cfd28d5f0a6fbb12fca41c9f; https://arxiv.org/abs/2412.14058; DOI 10.1038/s42256-025-01168-7,reports-results,widowx-bridge,not reported,"Extended Table 3(a) reports RoboVLMs on SimplerEnv WidowX/Bridge tasks: 45.8, 41.7, 16.7, and 95.8 final success rates, averaging 50.0. Extended Table 3(b) reports Google Robot task values, but they are not attributed to VM or VA.",,,50.0,,,,,29.5,Octo-Small,"Local full text /tmp/simplerenv_audit/s2_texts/7d638461965faa79cfd28d5f0a6fbb12fca41c9f.txt, SimplerEnv metric definition and Extended Table 3(a)-(b).",high,number-associated weight available,https://huggingface.co/robovlms/RoboVLMs/resolve/main/checkpoints/kosmos_ph_bridge-post-train.pt,"Extended Table 3(a) reports the tracked SimplerEnv-WidowX/Bridge final success rates for RoboVLMs, and the cross-embodiment table identifies the corresponding Post Train setting. The official project says model weights are open-sourced, and the RoboVLMs Hugging Face repo lists kosmos_ph_bridge-post-train.pt plus its config; a metadata HEAD check confirmed the large checkpoint exists without downloading it. This Bridge post-train checkpoint is tied to the tracked WidowX/Bridge SimplerEnv number.",high,Full text defines SimplerEnv success rate and reports task-level WidowX/Bridge and Google Robot results.,high,official-ish,Reports SimplerEnv WidowX/Bridge task success rates with a suite average comparable to the standard protocol.
339,Bridging Language and Action: A Survey of Language-Conditioned Robot Manipulation,2023,preprint/unknown,n/a,n/a,n/a,2312.10807,2023-12-17,Semantic Scholar/OpenAlex arXiv publication-date metadata,,Semantic Scholar citation graph,Semantic Scholar says this work cites the SIMPLER seed paper (arXiv 2405.05941 / CoRL-PMLR version).,indexed-citation,https://www.semanticscholar.org/paper/7f6cdece764b56262e910a801f8c133e6c27b7ab; https://arxiv.org/abs/2312.10807,citation-only,n/a,n/a,n/a,,,,,,,,,,n/a,n/a,n/a,,n/a,n/a,Citation graph row; converted text did not contain SimplerEnv benchmark-use/result terms beyond the citation record.,high,,
344,Steering Diffusion Policies with Value-Guided Denoising,,preprint/unknown,NeurIPS 2025 Workshop on Embodied World Models for Decision Making,OpenReview PDF for id dtMBW9W5jo states Presented at NeurIPS 2025 Workshop on Embodied World Models for Decision Making.,high,,n/a,n/a,,Semantic Scholar citation graph,Semantic Scholar says this work cites the SIMPLER seed paper (arXiv 2405.05941 / CoRL-PMLR version).,indexed-citation,https://www.semanticscholar.org/paper/739bf64f86987f4a138589fa5a43cb49e76a3ab9,citation-only,n/a,n/a,n/a,,,,,,,,,,n/a,n/a,n/a,,n/a,n/a,OpenReview/NeurIPS workshop PDF reports experiments on Robomimic benchmarks only; SimplerEnv appears only through cited related work on nuisance shifts.,high,,
345,Disentangled Robot Learning via Separate Forward and Inverse Dynamics Pretraining,2026,OpenAlex term-search result,International Conference on Learning Representations,Local full text first page states Published as a conference paper at ICLR 2026.,high,2604.16391,2026-03-27,Semantic Scholar/OpenAlex arXiv publication-date metadata,10.48550/arXiv.2604.16391,OpenAlex term search: SimplerEnv,"manual full-text/term audit found the SIMPLER seed title, arXiv ID, PMLR URL, or author-year citation.",manual-citation,https://openalex.org/W7155247029; https://arxiv.org/abs/2604.16391,reports-results,google-fractal-vm; google-fractal-va,not reported,Table 2 reports DeFI on SimplerEnv-Fractal / Google Robot: Visual Matching Avg=51.2 and Variant Aggregation Avg=45.4; Figure 1 and abstract also report 51.2% success on the SimplerEnv-Fractal benchmark versus OpenVLA 27.7.,51.2,45.4,,42.0,TraceVLA,45.0,TraceVLA,,,"arXiv:2604.16391, Table 2 reports Google Robot SimplerEnv-Fractal Visual Matching Avg 51.2 and Variant Aggregation Avg 45.4; Figure 1/abstract report 51.2.",high,weight-but-not-for-number,,"The tracked numbers are DeFI SimplerEnv-Fractal / Google Robot results: VM 51.2 and VA 45.4. The official DeFI README links a Hugging Face model whose metadata lists step1_gfdm, step2_gidm.ckpt, and step3_defi.pt, but the same README says the released original version includes pre-training and evaluation on CALVIN and has TODO items to add more benchmarks. Its train/eval commands are CALVIN-only, and I found no SimplerEnv-Fractal evaluation checkpoint or file mapping the public DeFI files to the tracked 51.2/45.4 numbers.",high,Local full text directly reports SimplerEnv-Fractal / Google Robot VM and VA numeric success rates.,high,official-ish,Reports SimplerEnv-Fractal Google Robot Visual Matching and Variant Aggregation average success rates.
346,HBVLA: Pushing 1-Bit Post-Training Quantization for Vision-Language-Action Models,2026,OpenAlex term-search result,n/a,n/a,n/a,2602.13710,2026-02-14,Semantic Scholar/OpenAlex arXiv publication-date metadata,,OpenAlex term search: SimplerEnv,"manual full-text/term audit found the SIMPLER seed title, arXiv ID, PMLR URL, or author-year citation.",manual-citation,https://openalex.org/W7130236798; https://arxiv.org/abs/2602.13710,reports-results,google-fractal-vm; google-fractal-va,not reported,Table 1 reports HBVLA on CogACT in SIMPLER: Visual Matching average 70.0 and Variant Aggregation average 51.0. The abstract also states quantized CogACT retains 93.6% of full precision on SimplerEnv.,70.0,51.0,,62.3,HBLLM,47.9,HBLLM,,,"Local full text /tmp/simplerenv_audit/texts/W7130236798.txt, Table 1 and SIMPLER setup.",high,weight-but-not-for-number,,"The tracked numbers are HBVLA's 1.08-bit quantized CogACT results in SIMPLER, not full-precision CogACT. Public CogACT full-precision weights are available, but they are the source/backbone model and do not contain the HBVLA binarized weights that produced the tracked 70.0 VM and 51.0 VA averages. Exact-title/arXiv GitHub and Hugging Face searches found no HBVLA code or quantized CogACT checkpoint.",high,Local full text reports Google Robot Visual Matching and Variant Aggregation success rates in SIMPLER.,high,official-ish,Reports SIMPLER Google Robot/Fractal Visual Matching and Variant Aggregation average success rates for CogACT quantization.
347,OA-WAM: Object-Addressable World Action Model for Robust Robot Manipulation,2026,OpenAlex term-search result,n/a,n/a,n/a,2605.06481,2026-05-07,Semantic Scholar/OpenAlex arXiv publication-date metadata,10.48550/arxiv.2605.06481,OpenAlex term search: SimplerEnv,"manual full-text/term audit found the SIMPLER seed title, arXiv ID, PMLR URL, or author-year citation.",manual-citation,https://openalex.org/W7160621105; https://arxiv.org/abs/2605.06481,reports-results,widowx-bridge,not reported,"Table 1 reports OA-WAM on SimplerEnv WidowX Visual Matching: Spoon 83.0, Carrot 71.1, Stack 65.0, Eggplant 98.2, average 79.3.",,,79.3,,,,,76.0,CoWVLA,"Local full text /tmp/simplerenv_audit/texts/W7160621105.txt, Table 1 and Appendix H protocol notes.",high,claimed-no-download-link,,"The arXiv paper reports OA-WAM's SimplerEnv WidowX 79.3 result and the appendix text says OA-WAM was run from a released checkpoint under the official visual-matching protocol. However, the arXiv record has no project/code/model link, and exact OA-WAM/arXiv-ID searches in Hugging Face and public web search did not reveal an official checkpoint, project page, repository, or model listing. I found a claim of a released checkpoint but no public download path.",medium,Local full text reports official SimplerEnv WidowX/Bridge visual-matching evaluation.,high,official-ish,Reports official-style SimplerEnv WidowX/Bridge visual-matching task success rates and average.
348,OFlow: Injecting Object-Aware Temporal Flow Matching for Robust Robotic Manipulation,2026,OpenAlex term-search result,n/a,n/a,n/a,2604.17876,2026-04-20,Semantic Scholar/OpenAlex arXiv publication-date metadata,,OpenAlex term search: SIMPLER WidowX; OpenAlex term search: SimplerEnv,"manual full-text/term audit found the SIMPLER seed title, arXiv ID, PMLR URL, or author-year citation.",manual-citation,https://openalex.org/W7155247192; https://arxiv.org/abs/2604.17876,reports-results,widowx-bridge,not reported,"Table 2 reports OFlow on SimplerEnv: SpoonTowel 76.8, CarrotPlate 62.7, EBasket 56.6, Stack 72.4, average 67.1.",,,67.1,,,,,59.8,GR00T-N1.5,"Local full text /tmp/simplerenv_audit/texts/W7155247192.txt, Sec. 4.1-4.2 and Table 2.",high,not-found,,"The tracked number is OFlow's SimplerEnv WidowX average 67.1 from Table 2. The arXiv paper reports the benchmark result but I found no official project page, code repository, release, Hugging Face model, or checkpoint listing for OFlow. Exact-title, arXiv-ID, and author/title searches only surfaced the arXiv/paper-index pages and unrelated repositories using the generic name OFlow; generic pretrained encoders or unrelated OFlow repositories are not the result-producing policy checkpoint.",high,Local full text reports WidowX/Bridge SimplerEnv benchmark success rates.,high,official-ish,Reports SimplerEnv WidowX/Bridge benchmark task success rates and average.
349,PRTS: A Primitive Reasoning and Tasking System via Contrastive Representations,2026,OpenAlex term-search result,n/a,n/a,n/a,2604.27472,2026-04-30,Semantic Scholar/OpenAlex arXiv publication-date metadata,,OpenAlex term search: SimplerEnv,"manual full-text/term audit found the SIMPLER seed title, arXiv ID, PMLR URL, or author-year citation.",manual-citation,https://openalex.org/W7159890922; https://arxiv.org/abs/2604.27472,reports-results,widowx-bridge,not reported,"Table 5 reports PRTS on SimplerEnv WidowX Visual Matching: Put Spoon 83.3, Put Carrot 66.6, Stack Green Block 58.3, Put Eggplant 100.0, average 77.1.",,,77.1,,,,,61.9,GR00T-N1.5,"Local full text /tmp/simplerenv_audit/texts/W7159890922.txt, Sec. 6.2.4 and Table 5.",high,coming-soon-no-download-link,,"The tracked number is the PRTS SimplerEnv WidowX visual-matching average 77.1, which the paper describes as a post-trained checkpoint on BridgeData V2. The official PRTS-4B Hugging Face model is public, but its model card says it is the pre-trained checkpoint, not the SimplerEnv post-trained policy. The official GitHub release plan lists PRTS-4B post-trained checkpoints for LIBERO / SimplerEnv WidowX, described as the exact checkpoints behind the paper tables, as an upcoming item. Therefore the available PRTS-4B weights are related but not the reported-number checkpoint, and the exact SimplerEnv checkpoint is explicitly coming later.",high,Local full text states SimplerEnv (WidowX) is the BridgeData V2/WidowX track and reports visual-matching success rates.,high,official-ish,Reports SimplerEnv WidowX visual-matching task success rates and average.
350,ReFineVLA: Multimodal Reasoning-Aware Generalist Robotic Policies via Teacher-Guided Fine-Tuning,2026,OpenAlex term-search result,n/a,n/a,n/a,2604.17800,2026-04-20,Semantic Scholar/OpenAlex arXiv publication-date metadata,10.48550/arXiv.2604.17800,OpenAlex term search: SIMPLER Google Robot Bridge; OpenAlex term search: SimplerEnv; duplicate/version merge with arXiv:2505.19080,"manual full-text/term audit found the SIMPLER seed title, arXiv ID, PMLR URL, or author-year citation.",manual-citation,https://openalex.org/W7155245999; https://arxiv.org/abs/2604.17800; previous overlapping version merged from row 356: https://arxiv.org/abs/2505.19080. arXiv:2604.17800 has an admin note reporting substantial text overlap with arXiv:2505.19080.,reports-results,google-fractal-vm; google-fractal-va; widowx-bridge,not reported,ReFineVLA (latest arXiv:2604.17800): Google Robot / Fractal VM=76.6; Google Robot / Fractal VA=68.8; WidowX / Bridge=47.7.,76.6,68.8,47.7,74.3,SpatialVLA (fine-tuning),65.3,SpatialVLA (fine-tuning),42.7,SpatialVLA (fine-tuning),"arXiv:2604.17800 Tables 1-2 report ReFineVLA WidowX Avg 47.7, Google Robot Visual Matching Avg 76.6, and Variant Aggregation Avg 68.8; arXiv page notes substantial text overlap with earlier arXiv:2505.19080, merged here.",high,number-associated weight available,https://huggingface.co/anonymous08041999/ReFineVLA_CoT_Fractal; https://huggingface.co/anonymous08041999/ReFineVLA_CoT_BrigeV2,"The tracked ReFineVLA values are from the merged/latest SimplerEnv tables for Fractal/Google Robot and Bridge/WidowX. The later official arXiv/OpenReview materials say source code, models, and datasets were released anonymously; the resource block maps ReFineVLA_CoT_Fractal to Google Robot and ReFineVLA_CoT_BrigeV2 to WidowX. Both Hugging Face repositories are public and list safetensors checkpoint shards and SpatialVLA configuration files. Confidence is medium because the model pages do not themselves restate the exact table values.",medium,arXiv:2604.17800 evaluates ReFineVLA on SimplerEnv with WidowX and Google Robot tasks; earlier overlapping arXiv:2505.19080 is merged into this row.,high,official-ish,"Reports standard SimplerEnv success-rate averages for Google Robot/Fractal VM, Google Robot/Fractal VA, and WidowX/Bridge."
351,RLDX-1 Technical Report,2026,OpenAlex term-search result,n/a,n/a,n/a,2605.03269,2026-05-05,Semantic Scholar/OpenAlex arXiv publication-date metadata,,OpenAlex term search: Real Robot Setups SIMPLER; OpenAlex term search: SIMPLER Google Robot Bridge; OpenAlex term search: SIMPLER WidowX,"manual full-text/term audit found the SIMPLER seed title, arXiv ID, PMLR URL, or author-year citation.",manual-citation,https://openalex.org/W7160670960; https://arxiv.org/abs/2605.03269,reports-results,google-fractal-vm; google-fractal-va; widowx-bridge,not reported,RLDX-1 (Ours): Google Robot / Fractal VM=81.5; Google Robot / Fractal VA=77.4; WidowX / Bridge=71.9.,81.5,77.4,71.9,76.1,GR00T N1.6,68.4,pi0.5,62.0,GR00T N1.5,"arXiv:2605.03269, Table 1 reports SIMPLER success rates; Table 12 gives full SIMPLER task results with averages 81.5, 77.4, and 71.9.",high,number-associated weight available,https://huggingface.co/RLWRLD/RLDX-1-FT-SIMPLER-GOOGLE; https://huggingface.co/RLWRLD/RLDX-1-FT-SIMPLER-WIDOWX,"The tracked numbers are RLDX-1 SIMPLER Google-VM 81.5, Google-VA 77.4, and WidowX 71.9. The official RLDX-1 GitHub README reports exactly those SIMPLER numbers and its reproducibility table maps SimplerEnv Google to RLDX-1-FT-SIMPLER-GOOGLE and SimplerEnv WidowX to RLDX-1-FT-SIMPLER-WIDOWX. Hugging Face metadata for both repos is public/ungated and lists model safetensors shards, so these are benchmark-specific fine-tuned checkpoints for the tracked numbers.",high,Section 6 simulation results evaluates SIMPLER Google-VM/VA and WidowX and reports success rates in Tables 1 and 12.,high,official-ish,"Reports standard SIMPLER success-rate averages for Google Robot VM, Google Robot VA, and WidowX/Bridge."
352,SG-VLA: Learning Spatially-Grounded Vision-Language-Action Models for Mobile Manipulation,2026,OpenAlex term-search result,n/a,n/a,n/a,2603.22760,2026-03-24,Semantic Scholar/OpenAlex arXiv publication-date metadata,,OpenAlex term search: Real Robot Setups SIMPLER; OpenAlex term search: SimplerEnv; OpenAlex term search: Simulated Manipulation Policy Evaluation,"manual full-text/term audit found the SIMPLER seed title, arXiv ID, PMLR URL, or author-year citation.",manual-citation,https://openalex.org/W7140953343; https://arxiv.org/abs/2603.22760,citation-only,n/a,n/a,n/a,,,,,,,,,,n/a,n/a,n/a,,n/a,n/a,arXiv:2603.22760 evaluates ManiSkill-HAB; SimplerEnv appears only in reference [18] to the benchmark paper.,high,,
353,ST4VLA: Spatially Guided Training for Vision-Language-Action Models,2026,OpenAlex term-search result,ICLR 2026,arXiv:2602.10109 metadata comment says accepted by ICLR 2026; PDF header says published as a conference paper at ICLR 2026.,high,2602.10109,2026-02-10,Semantic Scholar/OpenAlex arXiv publication-date metadata,,OpenAlex term search: SimplerEnv,"manual full-text/term audit found the SIMPLER seed title, arXiv ID, PMLR URL, or author-year citation.",manual-citation,https://openalex.org/W7128648799; https://arxiv.org/abs/2602.10109,reports-results,google-fractal-vm; google-fractal-va; widowx-bridge,not reported,ST4VLA: Google Robot / Fractal VM=84.6; Google Robot / Fractal VA=75.9; WidowX / Bridge=73.2.,84.6,75.9,73.2,75.1,SpatialVLA,70.7,SpatialVLA,61.9,GR00T N1.5,"arXiv:2602.10109, Table 2 reports ST4VLA Google-Robot Visual Matching Avg 84.6 and Variant Aggregation Avg 75.9; Table 3 reports WidowX Avg 73.2.",high,weight-but-not-for-number,,"The tracked ST4VLA numbers are 84.6/75.9/73.2. The arXiv paper says code, data, and models are released through InternRobotics, but the official GitHub/model zoo currently exposes InternVLA-M1 and related LIBERO/Pretrain checkpoints, not a ST4VLA-specific SimplerEnv checkpoint. The SimplerEnv reproduction README maps the available InternVLA-M1-Pretrain-RT-1-Bridge checkpoint to InternVLA-M1 results 80.7/76.0/71.7, which do not match the tracked ST4VLA values. The InternRobotics Hugging Face author listing also has no ST4VLA model.",medium,"Section 3.2 evaluates ST4VLA on SimplerEnv using Google Robot-VM, Google Robot-VA, and WidowX-VM.",high,official-ish,Reports official-style SimplerEnv Google Robot VM/VA and WidowX/Bridge success-rate averages.
354,BadVLA: Towards Backdoor Attacks on Vision-Language-Action Models via Objective-Decoupled Optimization,2025,OpenAlex term-search result,n/a,n/a,n/a,2505.16640,2025-05-22,Semantic Scholar/OpenAlex arXiv publication-date metadata,10.48550/arxiv.2505.16640,OpenAlex term search: SimplerEnv,"manual full-text/term audit found the SIMPLER seed title, arXiv ID, PMLR URL, or author-year citation.",manual-citation,https://openalex.org/W4416452624; https://arxiv.org/abs/2505.16640,reports-results,simplerenv-result-unattributed,not reported,"Table 2 reports SpatialVLA on SimplerEnv tasks: google_robot_pick_coke_can baseline SR w/o/w=80.0/70.0, BadVLA SR w/o/w=70.0/0.0, ASR=87.5; google_robot_pick_object baseline=70.0/70.0, BadVLA=70.0/0.0, ASR=100.0; google_robot_move_near baseline=70.0/70.0, BadVLA=70.0/0.0, ASR=100.0.",,,,,,,,,,"arXiv:2505.16640, Section 4.1 and Table 2 evaluate SpatialVLA in SimplerEnv according to its original setup, but only per-task backdoor results are reported.",high,weight-but-not-for-number,,"The tracked SimplerEnv result is the Table 2 BadVLA attack on SpatialVLA, including clean/triggered success and ASR for Google Robot tasks. The official project page links paper, code, and a dataset; the GitHub README says v1.0 includes code, evaluation tools, and pretrained triggers, with commands that train local trigger_model checkpoints. GitHub shows no releases, and the linked Hugging Face dataset contains trigger/dataset tar files and scripts, not BadVLA/SpatialVLA model checkpoints. Public SpatialVLA base weights are related, but they are not the backdoored BadVLA checkpoint that produced Table 2.",high,The paper evaluates SpatialVLA in SimplerEnv and reports clean/triggered success and ASR for three Google Robot tasks.,high,otherwise,"Reports selected Google Robot backdoor-attack task results and ASR diagnostics, not a comparable standard VM, VA, or WidowX/Bridge suite score."
355,InternVLA-M1: A Spatially Guided Vision-Language-Action Framework for Generalist Robot Policy,2025,OpenAlex term-search result,n/a,n/a,n/a,2510.13778,2025-10-15,Semantic Scholar/OpenAlex arXiv publication-date metadata,10.48550/arxiv.2510.13778,OpenAlex term search: SIMPLER Google Robot Bridge; OpenAlex term search: SIMPLER WidowX; OpenAlex term search: SimplerEnv,"manual full-text/term audit found the SIMPLER seed title, arXiv ID, PMLR URL, or author-year citation.",manual-citation,https://openalex.org/W4415277511; https://arxiv.org/abs/2510.13778,reports-results,google-fractal-vm; google-fractal-va; widowx-bridge,not reported,InternVLA-M1: Google Robot / Fractal VM=80.7; Google Robot / Fractal VA=76.0; WidowX / Bridge=71.7.,80.7,76.0,71.7,74.8,CogACT,70.7,SpatialVLA,61.9,GR00T N1.5,"arXiv:2510.13778, Table 1 reports InternVLA-M1 Google-Robot VM Avg 80.7 and VA Avg 76.0; Table 2 reports WidowX Avg 71.7.",high,number-associated weight available,https://huggingface.co/InternRobotics/InternVLA-M1-Pretrain-RT-1-Bridge,"The tracked InternVLA-M1 numbers are Google-VM 80.7, Google-VA 76.0, and WidowX 71.7. The official InternVLA-M1 SimplerEnv reproduction README reports exactly those three values and instructs users to download checkpoints from InternVLA-M1-Pretrain-RT-1-Bridge. Hugging Face metadata lists the public checkpoint file checkpoints/steps_50000_pytorch_model.pt, so this is the checkpoint tied to reproducing the tracked SimplerEnv result.",high,Section 4.1.1 states all evaluations are conducted within SimplerEnv using its official evaluation protocol.,high,official-ish,"Reports standard SimplerEnv Google Robot VM, Google Robot VA, and WidowX/Bridge success-rate averages."
357,Steering Vision-Language-Action Models as Anti-Exploration: A Test-Time Scaling Approach,2025,OpenAlex term-search result,n/a,n/a,n/a,2512.02834,2025-12-02,Semantic Scholar/OpenAlex arXiv publication-date metadata,10.48550/arxiv.2512.02834,OpenAlex term search: SimplerEnv,"manual full-text/term audit found the SIMPLER seed title, arXiv ID, PMLR URL, or author-year citation.",manual-citation,https://openalex.org/W4417009998; https://arxiv.org/abs/2512.02834,reports-results,widowx-bridge,not reported,pi0 + TACO (Ours) on Simpler-WidowX: Spoon on Towel=52.0; Carrot on Plate=52.0; Stack Cubes=30.0; Eggplant in Basket=88.0; Average=55.5.,,,55.5,,,,,48.0,pi0,"arXiv:2512.02834, Table 2 reports success rate (%) evaluated on Simpler-WidowX and gives pi0 + TACO Average 55.5.",high,weight-but-not-for-number,,"The tracked result is pi0 + TACO on Simpler-WidowX with average 55.5. TACO is a test-time method that uses the base VLA plus a lightweight CFN verifier. The official project and GitHub README report the Simpler-WidowX 55.5 result, but the public Hugging Face TACO collection contains pi0.5 Robotwin2, pi0.5 LIBERO, and OpenVLA LIBERO checkpoints/CFNs; the author model listing found no Simpler-WidowX or pi0 TACO CFN artifact. Thus related TACO weights are public, but not the artifact needed for the tracked SimplerEnv number.",high,Section 5.1.1 says the work evaluates on Simpler and primarily uses the WidowX tasks; Table 2 reports numeric Simpler-WidowX results.,high,official-ish,Reports Simpler-WidowX success rates across the standard four WidowX/Bridge task categories with an average.
358,Embodied Red Teaming for Auditing Robotic Foundation Models,2024,OpenAlex term-search result,n/a,n/a,n/a,2411.18676,2024-11-27,Semantic Scholar/OpenAlex arXiv publication-date metadata,10.48550/arxiv.2411.18676,OpenAlex term search: SimplerEnv,"manual full-text/term audit found the SIMPLER seed title, arXiv ID, PMLR URL, or author-year citation.",manual-citation,https://openalex.org/W4405029466; https://arxiv.org/abs/2411.18676,reports-results,simplerenv-result-unattributed,not reported,Table II reports OpenVLA on the original SimplerEnv pick-Coke-can instruction: 76.0 success rate; ERT-generated instructions: 30.8 +/- 3.80 success rate.,,,,,,,,,,"arXiv:2411.18676, Section IV-B and Table II evaluate OpenVLA in SimplerEnv on the pick-Coke-can task and report success rates for benchmark vs ERT instructions.",high,number-associated weight available,https://huggingface.co/openvla/openvla-7b,"The tracked SimplerEnv number is an evaluation of OpenVLA on the original pick-Coke-can instruction (76.0) and ERT-generated instructions (30.8 +/- 3.80), not a newly trained ERT policy. The paper says it selected OpenVLA for state-of-the-art performance and open-source availability and evaluated that 7B model in SimplerEnv. OpenVLA's official Hugging Face repository is public/ungated and lists safetensors shards for openvla-7b, so the learned policy weights used for the tracked evaluation are available; the ERT repository has generation code and no separate model release, which is expected because no ERT-specific policy checkpoint is required.",high,The paper evaluates OpenVLA in SimplerEnv because the model accepts a single image; Table II gives numeric success rates.,high,otherwise,"Reports only pick-Coke-can red-team instruction results in SimplerEnv, not a standard VM, VA, or WidowX/Bridge suite evaluation."
359,GRAPE: Generalizing Robot Policy via Preference Alignment,2024,OpenAlex term-search result,ICLR 2025 Workshop on Reasoning and Planning for LLMs,OpenReview submission/PDF is marked Published at ICLR 2025 Workshop on Reasoning and Planning for LLMs.,high,2411.19309,2024-11-28,Semantic Scholar/OpenAlex arXiv publication-date metadata,10.48550/arxiv.2411.19309,OpenAlex term search: Real Robot Setups SIMPLER; OpenAlex term search: SIMPLER WidowX; OpenAlex term search: Simulated Manipulation Policy Evaluation,"manual full-text/term audit found the SIMPLER seed title, arXiv ID, PMLR URL, or author-year citation.",manual-citation,https://openalex.org/W4405030195; https://arxiv.org/abs/2411.19309,reports-results,widowx-bridge,not reported,GRAPE Simpler-Env WidowX in-domain success: Iter-3=45.5 in Table 3; Table 5 also reports GRAPE in-domain average success 43.0 and total average success 43.11 across custom generalization categories.,,,45.5,,,,,32.0,OpenVLA-DPO,"arXiv:2411.19309, Appendix C.2 defines the Simpler-Env in-domain tasks as the four WidowX tasks; Table 3 reports Iter-3 in-domain Success 45.50%; Table 5 reports per-task WidowX results and averages.",high,number-associated weight available,https://huggingface.co/ZijianZhang/OpenVLA-7B-GRAPE-Simpler,"The tracked number is GRAPE Iter-3 Simpler-Env WidowX in-domain success 45.50 percent from Table 3. The official project page links its Model button directly to ZijianZhang/OpenVLA-7B-GRAPE-Simpler, and the official GRAPE README links the HF Models badge to the same model while documenting Simpler-Env evaluation for a TPO model path. The Hugging Face model is public, nongated, tagged with arXiv:2411.19309, and its API file listing includes four safetensors shards plus model index/config files. A separate OpenVLA-7B-SFT-Simpler checkpoint exists for the SFT baseline, so the GRAPE-Simpler checkpoint is the public GRAPE Simpler artifact rather than the generic/base/SFT model. I did not download weight files. Confidence remains medium because the model card cites the paper but does not explicitly restate the 45.50 Table 3 value or iteration.",medium,Section 3.5 and Appendix C.2 evaluate GRAPE in Simpler-Env on WidowX in-domain and generalization tasks with numeric success rates.,high,official-ish,Reports GRAPE success on the standard four SimplerEnv WidowX/Bridge in-domain tasks with an average.
360,TraceVLA: Visual Trace Prompting Enhances Spatial-Temporal Awareness for Generalist Robotic Policies,2024,OpenAlex term-search result,ICLR 2025,arXiv:2412.10345 PDF header says published as a conference paper at ICLR 2025.,high,2412.10345,2024-12-13,Semantic Scholar/OpenAlex arXiv publication-date metadata,10.48550/arxiv.2412.10345,OpenAlex term search: SIMPLER WidowX; OpenAlex term search: SimplerEnv,"manual full-text/term audit found the SIMPLER seed title, arXiv ID, PMLR URL, or author-year citation.",manual-citation,https://openalex.org/W4405434146; https://arxiv.org/abs/2412.10345,reports-results,simplerenv-result-unattributed,not reported,"TraceVLA Table 1 reports Google Robot task success rates: VM Move Near=53.7, Pick Coke Can=28.0, Open/Close Drawer=57.0; VA Move Near=56.4, Pick Coke Can=60.0, Open/Close Drawer=31.0; Overall Performance=47.7.",,,,,,,,,,"arXiv:2412.10345, Table 1 reports per-task Visual Matching and Variant Aggregation results and one overall average across all six Google Robot entries.",high,number-associated weight available,https://huggingface.co/furonghuang-lab/tracevla_7b,"The tracked number is the full-scale 7B TraceVLA Table 1 SimplerEnv Google Robot overall performance 47.7 percent, with per-task visual matching and variant aggregation entries. The official project page links Code and Models; the Models link leads to the Furong Huang Lab TraceVLA collection containing tracevla_7b. The official repository's zero-shot pretrained checkpoint instructions load model_path = furonghuang-lab/tracevla_7b for the TraceVLA SimplerEnv policy wrapper. The Hugging Face model card describes TraceVLA-7B as OpenVLA finetuned with visual trace prompting, cites arXiv:2412.10345, includes SimplerEnv result tables, and the public API file listing includes three safetensors shards plus config/tokenizer/processor files. I did not download weight files. Confidence remains medium because the card reports a related TraceVLA-7B SimplerEnv Fractal/Bridge breakdown rather than exactly restating the paper's six-entry Table 1 average of 47.7.",medium,Section 4.1 evaluates TraceVLA in SimplerEnv Google Robot visual matching and variant aggregation settings.,high,official-ish,"Reports SimplerEnv Google Robot visual matching and variant aggregation success rates in the standard task settings, with an overall average."
361,DA-PTQ: Drift-Aware Post-Training Quantization for Efficient Vision-Language-Action Models,2026,arXiv.org,n/a,n/a,n/a,2604.11572,2026-04-13,arXiv abstract page for 2604.11572 lists submitted on 13 Apr 2026 and DOI 10.48550/arXiv.2604.11572.,10.48550/arXiv.2604.11572,OpenAlex term search: SIMPLER Google Robot Bridge; OpenAlex term search: SIMPLER WidowX; OpenAlex term search: SimplerEnv; manual full-text result audit,Manual full-text audit found explicit SimplerEnv benchmark results; citation graph did not expose this row.,manual-citation,https://openalex.org/W7154540607; https://arxiv.org/abs/2604.11572,reports-results,google-fractal-vm; google-fractal-va; widowx-bridge,not reported,DA-PTQ (Ours): WidowX / Bridge=48.9; Google Robot / Fractal VM=68.5; Google Robot / Fractal VA=51.7.,68.5,51.7,48.9,74.8,CogACT (FP),62.3,VLA-Cache,51.3,CogACT (FP),"arXiv:2604.11572, Table 2 reports DA-PTQ WidowX average success 48.9; Table 3 reports Google Robot Visual Matching average 68.5 and Variant Aggregation average 51.7.",high,weight-but-not-for-number,,"The tracked numbers are for DA-PTQ, a W4A8 post-training quantized CogACT model on SimplerEnv: WidowX 48.9, Google Robot VM 68.5, and Google Robot VA 51.7. The DA-PTQ arXiv paper provides the algorithm and reports Tables 2 and 3 but does not expose an official code, project, or model-weight link on the paper page. Exact-title and author searches plus Hugging Face model searches found no DA-PTQ checkpoint or quantized CogACT artifact. Public CogACT/CogACT-Base weights do exist, and the DA-PTQ paper states it applies DA-PTQ to CogACT, but those are the full-precision/base CogACT weights, not the calibrated quantized weights that produced the tracked DA-PTQ numbers.",high,Section 4.1 states DA-PTQ is evaluated on SimplerEnv with WidowX and Google Robot; Tables 2 and 3 report success rates.,high,official-ish,"Reports standard SimplerEnv WidowX/Bridge, Google Robot/Fractal VM, and Google Robot/Fractal VA success-rate averages."
362,Green-VLA: Staged Vision-Language-Action Model for Generalist Robots,2026,arXiv.org,n/a,n/a,n/a,2602.00919,2026-01-31,arXiv abstract page for 2602.00919 lists first submission on 31 Jan 2026.,10.48550/arXiv.2602.00919,OpenAlex term search: SIMPLER WidowX; manual full-text result audit,Manual full-text audit found explicit SimplerEnv benchmark results; citation graph did not expose this row.,manual-citation,https://openalex.org/W7127334644; https://arxiv.org/abs/2602.00919,reports-results,google-fractal-vm; google-fractal-va; widowx-bridge,not reported,Green-VLA: Google Robot / Fractal VM=77.0 and Google Robot / Fractal VA=66.7 for Green-VLA (Qwen3-VL-4B-Instruct) R1 in Table 3; WidowX / Bridge=80.5 for Green-VLA (Qwen3-VL-4B-Instruct) R2 in Table 4.,77.0,66.7,80.5,76.5,EO-1,63.0,EO-1,73.2,DB-MemVLA,"arXiv:2602.00919, Table 3 reports Google Robot AVG VM 77.0 and AVG VA 66.7; Table 4 reports WidowX AVG Success 80.5.",high,number-associated weight available,https://huggingface.co/SberRoboticsCenter/GreenVLA-5b-stride-4-R1-fractal; https://huggingface.co/SberRoboticsCenter/GreenVLA-5b-stride-1-R2-bridge,"The tracked Google Robot numbers, VM 77.0 and VA 66.7, correspond to GreenVLA-5b-stride-4-R1-fractal; the tracked WidowX / Bridge number, 80.5, corresponds to GreenVLA-5b-stride-1-R2-bridge. The official project page and GitHub README link the Hugging Face Models collection and benchmark tables directly to those checkpoints. The two Hugging Face model cards and model-index metadata report the exact matching SimplerEnv metrics and list public pretrained_model/model.safetensors files with normalization stats. These are direct reported-number checkpoints; large model files were not downloaded.",high,"Section 5.1 Simpler subsection evaluates Green-VLA on Simpler Google Robot and WidowX, using default horizons and mean results aggregated across 7 evaluations.",high,official-ish,Reports standard SimplerEnv Google Robot/Fractal VM and VA success averages plus WidowX/Bridge success in the tracked protocol columns.
363,Beyond Attention Magnitude: Leveraging Inter-layer Rank Consistency for Efficient Vision-Language-Action Models,2026,arXiv.org,n/a,n/a,n/a,2603.24941,2026-03-26,arXiv abstract page for 2603.24941 lists Date: Thu Mar 26 02:13:03 2026.,10.48550/arXiv.2603.24941,OpenAlex citation graph; arXiv full-text/term search,"Full text references the SIMPLER seed paper, arXiv:2405.05941 / Evaluating real-world robot manipulation policies in simulation.",manual-citation,https://arxiv.org/abs/2603.24941; https://www.semanticscholar.org/paper/5ba10a02c36b5c9fd9be2211464c6ede25f428fe,reports-results,google-fractal-vm; google-fractal-va,not reported,TIES on CogACT+SIMPLER: Hard-TIES reports Google Robot Visual Matching Avg=78.1; Soft-TIES reports Google Robot Variant Aggregation Avg=67.6. Table 2 also reports OpenVLA TIES VM=28.31 and VA=39.44.,78.1,67.6,,75.5,EfficientVLA,62.6,EfficientVLA,,,arXiv:2603.24941 Sec. 4.1/Table 1 reports CogACT+SIMPLER Google Robot VM/VA averages; references include arXiv:2405.05941.,high,weight-but-not-for-number,,"The tracked TIES numbers are inference-time token-selection results on CogACT/OpenVLA rather than standalone released policy checkpoints. The paper uses public backbone models, but no number-specific TIES checkpoint or artifact URL was verified in this audit.",medium,Full text describes SIMPLER evaluation on Google Robot with Visual Matching and Variant Aggregation and reports Table 1 success rates.,high,official-ish,"Reports SimplerEnv Google Robot/Fractal VM and VA success averages, which match the benchmark's standard evaluation protocols."
364,HybridVLA: Collaborative Diffusion and Autoregression in a Unified Vision-Language-Action Model,2026,OpenReview / ICLR 2026 Poster,International Conference on Learning Representations (ICLR 2026),OpenReview lists HybridVLA as ICLR 2026 Poster: https://openreview.net/forum?id=H1KDMNOKQn.,high,2503.10631,2025-03-13,arXiv abstract page for 2503.10631 lists Date: Thu Mar 13 17:59:52 2025.,10.48550/arXiv.2503.10631,OpenReview full-text search; arXiv version bridge,"OpenReview camera-ready PDF references the SIMPLER seed paper, arXiv:2405.05941 / Evaluating real-world robot manipulation policies in simulation.",manual-citation,"https://openreview.net/forum?id=H1KDMNOKQn; https://arxiv.org/abs/2503.10631; arXiv version checked during audit did not contain the SimplerEnv appendix, but the OpenReview camera-ready does.",reports-results,google-fractal-va,not reported,"Appendix C.1/Table 9 reports HybridVLA (7B), Google Robot variant aggregation, Fractal finetuned: Pick Coke Can 0.84, Move Near 0.64, Open/Close Drawer 0.40, Open Top Drawer and Place 0.48, Mean S.R.=0.59.",,59.0,,,,49.0,pi0 (2.6B),,,OpenReview PDF Appendix C.1/Table 9 reports the official SimplerEnv Google Robot variant aggregation setting and mean S.R. 0.59.,high,weight-but-not-for-number,,"The tracked number is a HybridVLA 7B Fractal-finetuned SimplerEnv result from OpenReview Appendix C.1. The public hitfx/HybridVLA Hugging Face repository now lists our_pretrain and simulation_fintuned checkpoints, but the simulation_fintuned config uses data_mix: rlbench and does not tie the checkpoint to the Fractal-finetuned Google Robot / Fractal VA SimplerEnv value of 59.0. Therefore related HybridVLA weights exist, but not the exact reported-number checkpoint.",medium,OpenReview camera-ready Appendix C.1 states evaluation on SimplerEnv using Google Robot variant aggregation and reports Table 9 mean success.,high,official-ish,Reports the official-style SimplerEnv Google Robot variant aggregation success-rate evaluation with a mean success rate.
365,NORA-1.5: A Vision-Language-Action Model Trained using World Model- and Action-based Preference Rewards,2025,arXiv.org,n/a,n/a,n/a,2511.14659,2025-11-18,"Hugging Face paper page and arXiv metadata for 2511.14659 list publication/submission on Nov 18, 2025.",10.48550/arXiv.2511.14659,arXiv full-text/term search; web sweep,"Full text references the SIMPLER seed paper, arXiv:2405.05941 / Evaluating real-world robot manipulation policies in simulation.",manual-citation,https://arxiv.org/abs/2511.14659; https://declare-lab.github.io/nora-1.5,reports-results,google-fractal-vm; google-fractal-va,not reported,Table 1 reports NORA-1.5 (DPO) on Google Robot SimplerEnv: Visual Matching Avg=82.8 and Variant Aggregation Avg=71.9; non-DPO NORA-1.5 rows are also reported.,82.8,71.9,,73.7,SpatialVLA (fine-tuned),72.1,MolmoAct (fine-tuned),,,"arXiv:2511.14659 Table 1 reports NORA-1.5 (DPO) SimplerEnv Google Robot averages, with VM and VA columns.",high,claimed-no-download-link,,"The tracked numbers are NORA-1.5 (DPO) SimplerEnv results. The project page/GitHub surfaced during audit identify the NORA-1.5 project, but this pass did not verify a public exact checkpoint for the DPO row.",medium,Paper evaluates NORA-1.5 on SimplerEnv and reports Google Robot Visual Matching and Variant Aggregation success averages in Table 1.,high,official-ish,Reports standard SimplerEnv Google Robot visual matching and variant aggregation success averages in Table 1.
366,Split Decisions: VLM-Guided Action Sampling for Efficient RL Exploration,2025,OpenReview / ICLR 2026 submission,n/a,n/a,n/a,,n/a,n/a,,OpenReview full-text search,"OpenReview PDF references the SIMPLER seed paper, arXiv:2405.05941 / Evaluating real-world robot manipulation policies in simulation.",manual-citation,"https://openreview.net/forum?id=N2EMiobEBi; OpenReview page says submitted to ICLR 2026, not accepted as of audit.",reports-results,widowx-bridge; simplerenv-result-unattributed,not reported,"Table 1 offline RL on BridgeData simulation reports Split Decisions average grasp=78.8% and success=55.0% after fine-tuning OpenVLA. Appendix Table 4 also reports Average SimplerEnv success 68.8% and Average Google Robot success 79.6%; nearby prose says 81.3% and 74.1%, and main Table 2 reports drawer-task average 74.1%.",,,55.0,,,,,27.5,GRAPE,"OpenReview PDF Table 1 reports four BridgeData/SimplerEnv tasks and average success 55%. Appendix Table 4 reports Average (SimplerEnv) success 68.8% and Average (Google Robot) success 79.6%, while nearby prose says 81.3% and 74.1%; main Table 2 reports the drawer-task average 74.1%.",medium,not-found,,The tracked number is a fine-tuned OpenVLA policy result produced from Split Decisions-guided offline data collection. The OpenReview submission describes the method and results but no exact public result checkpoint URL was verified.,medium,OpenReview PDF Sec. 5.1 describes SimplerEnv/BridgeData and Google Robot simulation benchmarks; Table 1 reports BridgeData simulation success rates and Appendix Table 4 reports additional generic SimplerEnv/Google Robot averages.,high,official-ish,"Reports a SimplerEnv/BridgeData WidowX/Bridge success-rate result, although extra SimplerEnv and Google Robot aggregates are inconsistent or unattributed."
367,Controlling Vision-Language-Action Policies through Sparse Latent Directions,2025,OpenReview / NeurIPS 2025 workshop poster,Mechanistic Interpretability Workshop at NeurIPS 2025,OpenReview lists the paper as Mech Interp Workshop (NeurIPS 2025) Poster: https://openreview.net/forum?id=wtf3ww1EOL.,high,,n/a,n/a,,OpenReview full-text search,"OpenReview PDF reference [9] is the SIMPLER seed paper, arXiv:2405.05941 / Evaluating real-world robot manipulation policies in simulation.",manual-citation,https://openreview.net/forum?id=wtf3ww1EOL,uses-data-no-results,n/a,n/a,n/a,,,,,,,,,,n/a,n/a,n/a,,n/a,n/a,OpenReview abstract and Sec. 4 describe a Magma-style VLA case study in the SimplerEnv simulator; no standard benchmark success-rate table is reported.,high,,
368,"OmniSAT: Compact Action Token, Faster Auto Regression",2025,arXiv.org / ICLR 2026 withdrawn submission,n/a,n/a,n/a,2510.09667,2025-10-08,arXiv abstract page for 2510.09667 lists Date: Wed Oct 8 03:55:24 2025.,10.48550/arXiv.2510.09667,OpenReview full-text search; arXiv full-text search,Full text cites the SIMPLER seed paper as Li et al. 2024b / arXiv:2405.05941.,manual-citation,https://arxiv.org/abs/2510.09667; https://openreview.net/forum?id=CuzTXLB7Jz; OpenReview page lists ICLR 2026 Conference Withdrawn Submission.,reports-results,widowx-bridge,not reported,"Table 3 reports SimplerEnv-WidowX/Bridge OmniSAT overall success=55.2 across four tasks; paper prose elsewhere says 69.8%, which appears inconsistent with the table success average.",,,55.2,,,,,42.7,SpatialVLA,"arXiv:2510.09667 Table 3 lists OmniSAT per-task SimplerEnv success values 58.3, 37.5, 29.2, and 95.8, with the table overall success shown as 55.2.",medium,claimed-no-download-link,,"The tracked number is OmniSAT SimplerEnv-WidowX Table 3. The paper/OpenReview materials mention release intentions/project materials, but no exact public checkpoint URL for the reported OmniSAT result was verified.",medium,Full text includes SimplerEnv-WidowX results in Table 3 and discusses SimplerEnv as a simulation benchmark.,high,official-ish,"Reports SimplerEnv-WidowX/Bridge per-task and overall success rates, despite an inconsistent prose number elsewhere."
369,UniCoD: Enhancing Robot Policy via Unified Continuous and Discrete Representation Learning,2025,arXiv.org / ICLR 2026 withdrawn submission,n/a,n/a,n/a,2510.10642,2025-10-12,arXiv abstract page for 2510.10642 lists Date: Sun Oct 12 14:54:19 2025.,10.48550/arXiv.2510.10642,arXiv full-text/term search; OpenReview search,"Mentions/uses SimplerEnv and reports SimplerEnv results, but the audited arXiv reference list does not include the SIMPLER seed paper arXiv:2405.05941; not counted as a seed citation.",term-only,"https://arxiv.org/abs/2510.10642; https://openreview.net/forum?id=8wcLQlfWdz; reports SimplerEnv-WidowX visual matching Avg=71.0 and Google Robot visual matching Avg=78.4, but kept non-countable because the seed citation was not present in the audited reference list.",term-only-not-counted,n/a,n/a,n/a,,,,,,,,,,n/a,n/a,n/a,,n/a,n/a,"arXiv:2510.10642 Sec. 4.2/Table 1 and Table 3 report SimplerEnv-WidowX and Google Robot visual matching results, but the reference list lacks the seed paper.",high,,
370,Free Your Hands: Human-Demonstration-Free Diffusion Policy Adaptation for Robotic Manipulation,2026,IEEE Transactions on Circuits and Systems for Video Technology,IEEE Transactions on Circuits and Systems for Video Technology,Crossref metadata confirms DOI 10.1109/TCSVT.2026.3686290 for Free Your Hands: Human-Demonstration-Free Diffusion Policy Adaptation for Robotic Manipulation in IEEE Transactions on Circuits and Systems for Video Technology; EurekaMag metadata agrees.,high,,n/a,n/a,10.1109/TCSVT.2026.3686290,web/DOI metadata search,"Secondary metadata says the paper validates Real2Sim on SimplerEnv, but accessible metadata did not verify a seed citation; not counted pending full-text audit.",term-only,"https://eurekamag.com/research/105/908/105908428.php; DOI 10.1109/TCSVT.2026.3686290; accessible abstract says Real2Sim (SimplerEnv), but full text/citation and numeric protocol values were not verified.",term-only-not-counted,n/a,n/a,n/a,,,,,,,,,,n/a,n/a,n/a,,n/a,n/a,EurekaMag abstract metadata states evaluation includes Real2Sim (SimplerEnv); citation and full numeric evidence were not accessible in this pass.,medium,,
371,Data-Driven Robotics in Practice,2025,Apress book chapter,AI for Robotics: Toward Embodied and General Intelligence in the Physical World,"Springer/OReilly metadata list chapter 11, Data-Driven Robotics in Practice, in AI for Robotics, DOI 10.1007/979-8-8688-0989-7_11.",high,,n/a,n/a,10.1007/979-8-8688-0989-7_11,Crossref DOI references; OpenAlex/web metadata search,"Crossref chapter reference metadata includes the SIMPLER seed paper, arXiv:2405.05941 / Evaluating real-world robot manipulation policies in simulation.",manual-citation,https://doi.org/10.1007/979-8-8688-0989-7_11; chapter 11 of AI for Robotics: Toward Embodied and General Intelligence in the Physical World.,citation-only,n/a,n/a,n/a,,,,,,,,,,n/a,n/a,n/a,,n/a,n/a,Crossref/OpenAlex metadata confirm the seed reference; accessible chapter preview did not expose SimplerEnv benchmark-result usage.,medium,,
372,Beyond performance: Explaining generalisation failures of Robotic Foundation Models in industrial simulation,2025,Biomimetic Intelligence and Robotics,Biomimetic Intelligence and Robotics,"ResearchGate/Peeref/Crossref metadata list DOI 10.1016/j.birob.2025.100249 in Biomimetic Intelligence and Robotics 5(4), article 100249.",high,,n/a,n/a,10.1016/j.birob.2025.100249,OpenAlex/Crossref DOI references; web metadata search,"Crossref/OpenAlex reference metadata includes the SIMPLER seed paper, arXiv:2405.05941 / Evaluating real-world robot manipulation policies in simulation.",manual-citation,"https://doi.org/10.1016/j.birob.2025.100249; accessible abstract studies Octo generalisation failures in industrial simulation, not a confirmed official SimplerEnv protocol result.",citation-only,n/a,n/a,n/a,,,,,,,,,,n/a,n/a,n/a,,n/a,n/a,Crossref/OpenAlex metadata confirm the seed reference; accessible abstract describes Octo in synthetic industrial simulation and does not confirm official SimplerEnv benchmark results.,medium,,
373,RoboInter: A Holistic Intermediate Representation Suite Towards Robotic Manipulation,2026,arXiv.org / ICLR 2026 Poster,International Conference on Learning Representations (ICLR 2026),OpenReview lists RoboInter as ICLR 2026 Poster: https://openreview.net/forum?id=PGUC3mmMoi; arXiv comments say Published to ICLR 2026.,high,2602.09973,2026-02-10,"arXiv abstract page for 2602.09973 lists v1 Tue, 10 Feb 2026 17:01:54 UTC.",10.48550/arXiv.2602.09973,second-pass web/arXiv/OpenReview audit,"Full text reference list cites the SIMPLER seed paper, arXiv:2405.05941 / Evaluating real-world robot manipulation policies in simulation.",manual-citation,https://arxiv.org/abs/2602.09973; https://openreview.net/forum?id=PGUC3mmMoi; https://github.com/InternRobotics/RoboInter,reports-results,google-fractal-vm; google-fractal-va; widowx-bridge,not reported,"Table 19 reports RoboInter-IC-E2E (3B) on SimplerEnv: Google Robot Visual Matching Avg=75.9, Variant Aggregation Avg=71.3, WidowX Robot Avg=50.0, and overall Avg=65.7.",75.9,71.3,50.0,74.8,CogACT (7B),61.3,CogACT (7B),55.2,CogACT (7B),"arXiv:2602.09973 Appendix A.3.2/Table 19 reports closed-loop SimplerEnv results across Google Robot VM/VA and WidowX; RoboInter-IC-E2E row gives VM Avg 75.9, VA Avg 71.3, WidowX Avg 50.0, and overall Avg 65.7.",high,coming-soon-no-download-link,,"The tracked numbers require the RoboInter-IC-E2E VLA/executor policy. The official GitHub lists a RoboInterVLA component, but RoboInterVLA/README.md says code will be released soon, and the top-level TODO includes releasing the RoboInterVLA model. Hugging Face currently exposes RoboInter-VLM planner checkpoints and datasets, but no public result-producing RoboInter-IC-E2E VLA checkpoint was verified.",high,Appendix A.3.2 describes closed-loop evaluation within SimplerEnv across WidowX and Google Robot; Table 19 reports success rates.,high,official-ish,"Reports closed-loop SimplerEnv success rates for Google Robot VM, Google Robot VA, and WidowX/Bridge standard protocol groups."
374,Point Cloud Matters: Rethinking the Impact of Different Observation Spaces on Robot Learning,2024,arXiv.org,Neural Information Processing Systems (NeurIPS 2024) Track on Datasets and Benchmarks,arXiv comments list the paper in the 38th Conference on Neural Information Processing Systems (NeurIPS 2024) Track on Datasets and Benchmarks.,high,2402.02500,2024-02-04,"arXiv abstract page for 2402.02500 lists v1 Sun, 4 Feb 2024 14:18:45 UTC.",10.48550/arXiv.2402.02500,second-pass arXiv full-text citation audit,"Full text reference list cites the SIMPLER seed paper, arXiv:2405.05941 / Evaluating real-world robot manipulation policies in simulation.",manual-citation,https://arxiv.org/abs/2402.02500,citation-only,n/a,n/a,n/a,,,,,,,,,,n/a,n/a,n/a,,n/a,n/a,arXiv:2402.02500 reference [46] cites the SIMPLER seed; the paper introduces OBSBench with ManiSkill2/RLBench tasks and does not report SimplerEnv results.,high,,
375,Scaling Laws for Pre-training Agents and World Models,2024,arXiv.org,n/a,n/a,n/a,2411.04434,2024-11-07,"arXiv abstract page for 2411.04434 lists v1 Thu, 7 Nov 2024 04:57:40 UTC.",10.48550/arXiv.2411.04434,second-pass arXiv full-text citation audit,"Full text reference list cites the SIMPLER seed paper, arXiv:2405.05941 / Evaluating real-world robot manipulation policies in simulation.",manual-citation,https://arxiv.org/abs/2411.04434,citation-only,n/a,n/a,n/a,,,,,,,,,,n/a,n/a,n/a,,n/a,n/a,"arXiv:2411.04434 reference list cites the SIMPLER seed; the paper studies scaling laws for world models and behavior cloning pre-training loss, not SimplerEnv benchmark results.",high,,
376,HapticVLA: Contact-Rich Manipulation via Vision-Language-Action Model without Inference-Time Tactile Sensing,2026,arXiv.org,n/a,n/a,n/a,2603.15257,2026-03-16,"arXiv abstract page for 2603.15257 lists v1 Mon, 16 Mar 2026 13:24:58 UTC.",10.48550/arXiv.2603.15257,second-pass arXiv full-text citation audit,Full text references the SIMPLER seed arXiv:2405.05941 in benchmark context.,manual-citation,https://arxiv.org/abs/2603.15257,citation-only,n/a,n/a,n/a,,,,,,,,,,n/a,n/a,n/a,,n/a,n/a,"arXiv:2603.15257 cites the SIMPLER seed as reference [25] and mentions SIMPLER/CALVIN as benchmark context; its reported experiments are real-world contact-rich tasks, not SimplerEnv results.",high,,
377,"Think Twice, Act Once: Token-Aware Compression and Action Reuse for Efficient Inference in Vision-Language-Action Models",2025,arXiv.org,n/a,n/a,n/a,2505.21200,2025-05-27,"arXiv abstract page for 2505.21200 lists v1 Tue, 27 May 2025 13:47:18 UTC.",10.48550/arXiv.2505.21200,second-pass arXiv full-text citation audit,"Full text reference list cites the SIMPLER seed paper, arXiv:2405.05941 / Evaluating real-world robot manipulation policies in simulation.",manual-citation,https://arxiv.org/abs/2505.21200,citation-only,n/a,n/a,n/a,,,,,,,,,,n/a,n/a,n/a,,n/a,n/a,"arXiv:2505.21200 reference list cites the SIMPLER seed; experiments are on LIBERO and VLABench, not SimplerEnv.",high,,
