benchmark,track,paper_name,source_csv,source_line,current_column,previous_sota_column,current_score,previous_sota_score,reported_delta,score_unit,previous_sota_scaled_count,current_scaled_count,previous_sota_count,current_count,previous_sota_rounding_residual,current_rounding_residual,count_rounding_method,count_delta,T,S,R,alpha,z_critical,necessary_count_delta,sufficient_count_delta,necessary_score_delta,sufficient_score_delta,category,notes
LIBERO,spatial,Depth Helps: Improving Pre-trained RGB-based Policy with Depth Information Injection,leaderboards/stat_significance_sam_export_20260522T233929/sam_libero_official_prev_sota.csv,5,libero_spatial,libero_spatial_prev_sota,71.2,69.6,1.6,percent,348,356,348,356,0,5.684341886e-14,python_round_nearest_even_matches_significance_cutoffs,8,10,50,1,0.05,1.644853627,3,28,0.6,5.6,indeterminate,Per-suite binary success rate over 10 tasks x 50 official trials.
LIBERO,spatial,Diffusion Transformer Policy,leaderboards/stat_significance_sam_export_20260522T233929/sam_libero_official_prev_sota.csv,6,libero_spatial,libero_spatial_prev_sota,84.2,84.9,-0.7,percent,424.5,421,425,421,-0.5,5.684341886e-14,python_round_nearest_even_matches_significance_cutoffs,-4,10,50,1,0.05,1.644853627,3,19,0.6,3.8,no_improvement,Per-suite binary success rate over 10 tasks x 50 official trials.
LIBERO,spatial,GRAPE: Generalizing Robot Policy via Preference Alignment,leaderboards/stat_significance_sam_export_20260522T233929/sam_libero_official_prev_sota.csv,9,libero_spatial,libero_spatial_prev_sota,85,84.2,0.8,percent,421,425,421,425,5.684341886e-14,0,python_round_nearest_even_matches_significance_cutoffs,4,10,50,1,0.05,1.644853627,3,20,0.6,4,indeterminate,Per-suite binary success rate over 10 tasks x 50 official trials.
LIBERO,spatial,MaIL: Improving Imitation Learning with Mamba,leaderboards/stat_significance_sam_export_20260522T233929/sam_libero_official_prev_sota.csv,10,libero_spatial,libero_spatial_prev_sota,53.8,47.3,6.5,percent,236.5,269,236,269,0.5,-5.684341886e-14,python_round_nearest_even_matches_significance_cutoffs,33,10,50,1,0.05,1.644853627,3,37,0.6,7.4,indeterminate,Per-suite binary success rate over 10 tasks x 50 official trials.
LIBERO,spatial,Multimodal Diffusion Transformer: Learning Versatile Behavior from Multimodal Goals,leaderboards/stat_significance_sam_export_20260522T233929/sam_libero_official_prev_sota.csv,11,libero_spatial,libero_spatial_prev_sota,78.5,71.8,6.7,percent,359,392.5,359,392,0,0.5,python_round_nearest_even_matches_significance_cutoffs,33,10,50,1,0.05,1.644853627,3,27,0.6,5.4,provably_significant,Per-suite binary success rate over 10 tasks x 50 official trials.
LIBERO,spatial,OpenVLA: An Open-Source Vision-Language-Action Model,leaderboards/stat_significance_sam_export_20260522T233929/sam_libero_official_prev_sota.csv,12,libero_spatial,libero_spatial_prev_sota,84.7,78.9,5.8,percent,394.5,423.5,394,424,0.5,-0.5,python_round_nearest_even_matches_significance_cutoffs,30,10,50,1,0.05,1.644853627,3,23,0.6,4.6,provably_significant,Per-suite binary success rate over 10 tasks x 50 official trials.
LIBERO,spatial,Quantization-Aware Imitation-Learning for Resource-Efficient Robotic Control,leaderboards/stat_significance_sam_export_20260522T233929/sam_libero_official_prev_sota.csv,14,libero_spatial,libero_spatial_prev_sota,84.4,83.6,0.8,percent,418,422,418,422,0,5.684341886e-14,python_round_nearest_even_matches_significance_cutoffs,4,10,50,1,0.05,1.644853627,3,20,0.6,4,indeterminate,Per-suite binary success rate over 10 tasks x 50 official trials.
LIBERO,spatial,Robo-MUTUAL: Robotic Multimodal Task Specification via Unimodal Learning,leaderboards/stat_significance_sam_export_20260522T233929/sam_libero_official_prev_sota.csv,16,libero_spatial,libero_spatial_prev_sota,72,44.1,27.9,percent,220.5,360,220,360,0.5,0,python_round_nearest_even_matches_significance_cutoffs,140,10,50,1,0.05,1.644853627,3,37,0.6,7.4,provably_significant,Per-suite binary success rate over 10 tasks x 50 official trials.
LIBERO,spatial,Task-agnostic Lifelong Robot Learning with Retrieval-based Weighted Local Adaptation,leaderboards/stat_significance_sam_export_20260522T233929/sam_libero_official_prev_sota.csv,17,libero_spatial,libero_spatial_prev_sota,39.83,15.67,24.16,percent,78.35,199.15,78,199,0.35,0.15,python_round_nearest_even_matches_significance_cutoffs,121,10,50,1,0.05,1.644853627,3,23,0.6,4.6,provably_significant,Per-suite binary success rate over 10 tasks x 50 official trials.
LIBERO,spatial,TraceVLA: Visual Trace Prompting Enhances Spatial-Temporal Awareness for Generalist Robotic Policies,leaderboards/stat_significance_sam_export_20260522T233929/sam_libero_official_prev_sota.csv,18,libero_spatial,libero_spatial_prev_sota,84.6,82.6,2,percent,413,423,413,423,0,0,python_round_nearest_even_matches_significance_cutoffs,10,10,50,1,0.05,1.644853627,3,21,0.6,4.2,indeterminate,Per-suite binary success rate over 10 tasks x 50 official trials.
LIBERO,spatial,3D Dynamics-Aware Manipulation: Endowing Manipulation Policies with 3D Foresight,leaderboards/stat_significance_sam_export_20260522T233929/sam_libero_official_prev_sota.csv,19,libero_spatial,libero_spatial_prev_sota,96.4,94,2.4,percent,470,482,470,482,0,5.684341886e-14,python_round_nearest_even_matches_significance_cutoffs,12,10,50,1,0.05,1.644853627,3,12,0.6,2.4,provably_significant,Per-suite binary success rate over 10 tasks x 50 official trials.
LIBERO,spatial,4D-VLA: Spatiotemporal Vision-Language-Action Pretraining with Cross-Scene Calibration,leaderboards/stat_significance_sam_export_20260522T233929/sam_libero_official_prev_sota.csv,20,libero_spatial,libero_spatial_prev_sota,88.9,88.2,0.7,percent,441,444.5,441,444,0,0.5,python_round_nearest_even_matches_significance_cutoffs,3,10,50,1,0.05,1.644853627,3,17,0.6,3.4,indeterminate,Per-suite binary success rate over 10 tasks x 50 official trials.
LIBERO,spatial,ActDistill: General Action-Guided Self-Derived Distillation for Efficient Vision-Language-Action Models,leaderboards/stat_significance_sam_export_20260522T233929/sam_libero_official_prev_sota.csv,21,libero_spatial,libero_spatial_prev_sota,81.8,84.4,-2.6,percent,422,409,422,409,5.684341886e-14,0,python_round_nearest_even_matches_significance_cutoffs,-13,10,50,1,0.05,1.644853627,3,20,0.6,4,no_improvement,Per-suite binary success rate over 10 tasks x 50 official trials.
LIBERO,spatial,Action-aware Dynamic Pruning for Efficient Vision-Language-Action Manipulation,leaderboards/stat_significance_sam_export_20260522T233929/sam_libero_official_prev_sota.csv,22,libero_spatial,libero_spatial_prev_sota,99.4,98.6,0.8,percent,493,497,493,497,0,5.684341886e-14,python_round_nearest_even_matches_significance_cutoffs,4,10,50,1,0.05,1.644853627,3,5,0.6,1,indeterminate,Per-suite binary success rate over 10 tasks x 50 official trials.
LIBERO,spatial,ActionSink: Toward Precise Robot Manipulation with Dynamic Integration of Action Flow,leaderboards/stat_significance_sam_export_20260522T233929/sam_libero_official_prev_sota.csv,23,libero_spatial,libero_spatial_prev_sota,72.83,69.17,3.66,percent,345.85,364.15,346,364,-0.15,0.15,python_round_nearest_even_matches_significance_cutoffs,18,10,50,1,0.05,1.644853627,3,28,0.6,5.6,indeterminate,Per-suite binary success rate over 10 tasks x 50 official trials.
LIBERO,spatial,AsyncVLA: Asynchronous Flow Matching for Vision-Language-Action Models,leaderboards/stat_significance_sam_export_20260522T233929/sam_libero_official_prev_sota.csv,24,libero_spatial,libero_spatial_prev_sota,98.4,98.8,-0.4,percent,494,492,494,492,0,5.684341886e-14,python_round_nearest_even_matches_significance_cutoffs,-2,10,50,1,0.05,1.644853627,3,5,0.6,1,no_improvement,Per-suite binary success rate over 10 tasks x 50 official trials.
LIBERO,spatial,Audio-VLA: Adding Contact Audio Perception to Vision-Language-Action Model for Robotic Manipulation,leaderboards/stat_significance_sam_export_20260522T233929/sam_libero_official_prev_sota.csv,26,libero_spatial,libero_spatial_prev_sota,98.3,97.6,0.7,percent,488,491.5,488,492,0,-0.5,python_round_nearest_even_matches_significance_cutoffs,4,10,50,1,0.05,1.644853627,3,7,0.6,1.4,indeterminate,Per-suite binary success rate over 10 tasks x 50 official trials.
LIBERO,spatial,BadVLA: Towards Backdoor Attacks on Vision-Language-Action Models via Objective-Decoupled Optimization,leaderboards/stat_significance_sam_export_20260522T233929/sam_libero_official_prev_sota.csv,27,libero_spatial,libero_spatial_prev_sota,96.7,95,1.7,percent,475,483.5,475,484,0,-0.5,python_round_nearest_even_matches_significance_cutoffs,9,10,50,1,0.05,1.644853627,3,11,0.6,2.2,indeterminate,Per-suite binary success rate over 10 tasks x 50 official trials.
LIBERO,spatial,Balancing Signal and Variance: Adaptive Offline RL Post-Training for VLA Flow Models,leaderboards/stat_significance_sam_export_20260522T233929/sam_libero_official_prev_sota.csv,28,libero_spatial,libero_spatial_prev_sota,95.8,95.6,0.2,percent,478,479,478,479,0,0,python_round_nearest_even_matches_significance_cutoffs,1,10,50,1,0.05,1.644853627,3,10,0.6,2,provably_not_significant,Per-suite binary success rate over 10 tasks x 50 official trials.
LIBERO,spatial,Beyond Human Demonstrations: Diffusion-Based Reinforcement Learning to Generate Data for VLA Training,leaderboards/stat_significance_sam_export_20260522T233929/sam_libero_official_prev_sota.csv,29,libero_spatial,libero_spatial_prev_sota,83.4,80.4,3,percent,402,417,402,417,0,5.684341886e-14,python_round_nearest_even_matches_significance_cutoffs,15,10,50,1,0.05,1.644853627,3,22,0.6,4.4,indeterminate,Per-suite binary success rate over 10 tasks x 50 official trials.
LIBERO,spatial,BitVLA: 1-bit Vision-Language-Action Models for Robotics Manipulation,leaderboards/stat_significance_sam_export_20260522T233929/sam_libero_official_prev_sota.csv,30,libero_spatial,libero_spatial_prev_sota,96.6,97.6,-1,percent,488,483,488,483,0,0,python_round_nearest_even_matches_significance_cutoffs,-5,10,50,1,0.05,1.644853627,3,7,0.6,1.4,no_improvement,Per-suite binary success rate over 10 tasks x 50 official trials.
LIBERO,spatial,Bridging Scale Discrepancies in Robotic Control via Language-Based Action Representations,leaderboards/stat_significance_sam_export_20260522T233929/sam_libero_official_prev_sota.csv,31,libero_spatial,libero_spatial_prev_sota,84.8,84.7,0.1,percent,423.5,424,424,424,-0.5,0,python_round_nearest_even_matches_significance_cutoffs,0,10,50,1,0.05,1.644853627,3,20,0.6,4,provably_not_significant,Per-suite binary success rate over 10 tasks x 50 official trials.
LIBERO,spatial,CLIP-RT: Learning Language-Conditioned Robotic Policies from Natural Language Supervision,leaderboards/stat_significance_sam_export_20260522T233929/sam_libero_official_prev_sota.csv,32,libero_spatial,libero_spatial_prev_sota,95.2,96.2,-1,percent,481,476,481,476,5.684341886e-14,5.684341886e-14,python_round_nearest_even_matches_significance_cutoffs,-5,10,50,1,0.05,1.644853627,3,9,0.6,1.8,no_improvement,Per-suite binary success rate over 10 tasks x 50 official trials.
LIBERO,spatial,CoA-VLA: Improving Vision-Language-Action Models via Visual-Textual Chain-of-Affordance,leaderboards/stat_significance_sam_export_20260522T233929/sam_libero_official_prev_sota.csv,33,libero_spatial,libero_spatial_prev_sota,85.3,84.7,0.6,percent,423.5,426.5,424,426,-0.5,0.5,python_round_nearest_even_matches_significance_cutoffs,2,10,50,1,0.05,1.644853627,3,20,0.6,4,provably_not_significant,Per-suite binary success rate over 10 tasks x 50 official trials.
LIBERO,spatial,CogVLA: Cognition-Aligned Vision-Language-Action Model via Instruction-Driven Routing &amp; Sparsification,leaderboards/stat_significance_sam_export_20260522T233929/sam_libero_official_prev_sota.csv,34,libero_spatial,libero_spatial_prev_sota,98.6,98,0.6,percent,490,493,490,493,0,0,python_round_nearest_even_matches_significance_cutoffs,3,10,50,1,0.05,1.644853627,3,7,0.6,1.4,indeterminate,Per-suite binary success rate over 10 tasks x 50 official trials.
LIBERO,spatial,Compressor-VLA: Instruction-Guided Visual Token Compression for Efficient Robotic Manipulation,leaderboards/stat_significance_sam_export_20260522T233929/sam_libero_official_prev_sota.csv,35,libero_spatial,libero_spatial_prev_sota,98.8,99,-0.2,percent,495,494,495,494,0,0,python_round_nearest_even_matches_significance_cutoffs,-1,10,50,1,0.05,1.644853627,3,5,0.6,1,no_improvement,Per-suite binary success rate over 10 tasks x 50 official trials.
LIBERO,spatial,Conditioning Matters: Training Diffusion Policies is Faster Than You Think,leaderboards/stat_significance_sam_export_20260522T233929/sam_libero_official_prev_sota.csv,36,libero_spatial,libero_spatial_prev_sota,97.5,97.6,-0.1,percent,488,487.5,488,488,0,-0.5,python_round_nearest_even_matches_significance_cutoffs,0,10,50,1,0.05,1.644853627,3,7,0.6,1.4,no_improvement,Per-suite binary success rate over 10 tasks x 50 official trials.
LIBERO,spatial,CoT-VLA: Visual Chain-of-Thought Reasoning for Vision-Language-Action Models,leaderboards/stat_significance_sam_export_20260522T233929/sam_libero_official_prev_sota.csv,38,libero_spatial,libero_spatial_prev_sota,87.5,84.7,2.8,percent,423.5,437.5,424,438,-0.5,-0.5,python_round_nearest_even_matches_significance_cutoffs,14,10,50,1,0.05,1.644853627,3,20,0.6,4,indeterminate,Per-suite binary success rate over 10 tasks x 50 official trials.
LIBERO,spatial,CronusVLA: Towards Efficient and Robust Manipulation via Multi-Frame Vision-Language-Action Modeling,leaderboards/stat_significance_sam_export_20260522T233929/sam_libero_official_prev_sota.csv,39,libero_spatial,libero_spatial_prev_sota,97.3,97.6,-0.3,percent,488,486.5,488,486,0,0.5,python_round_nearest_even_matches_significance_cutoffs,-2,10,50,1,0.05,1.644853627,3,7,0.6,1.4,no_improvement,Per-suite binary success rate over 10 tasks x 50 official trials.
LIBERO,spatial,Cross-Platform Scaling of Vision-Language-Action Models from Edge to Cloud GPUs,leaderboards/stat_significance_sam_export_20260522T233929/sam_libero_official_prev_sota.csv,40,libero_spatial,libero_spatial_prev_sota,98,96.2,1.8,percent,481,490,481,490,5.684341886e-14,0,python_round_nearest_even_matches_significance_cutoffs,9,10,50,1,0.05,1.644853627,3,9,0.6,1.8,provably_significant,Per-suite binary success rate over 10 tasks x 50 official trials.
LIBERO,spatial,D2E: Scaling Vision-Action Pretraining on Desktop Data for Transfer to Embodied AI,leaderboards/stat_significance_sam_export_20260522T233929/sam_libero_official_prev_sota.csv,41,libero_spatial,libero_spatial_prev_sota,95.8,98,-2.2,percent,490,479,490,479,0,0,python_round_nearest_even_matches_significance_cutoffs,-11,10,50,1,0.05,1.644853627,3,7,0.6,1.4,no_improvement,Per-suite binary success rate over 10 tasks x 50 official trials.
LIBERO,spatial,Decoupled Action Expert: Confining Task Knowledge to the Conditioning Pathway,leaderboards/stat_significance_sam_export_20260522T233929/sam_libero_official_prev_sota.csv,42,libero_spatial,libero_spatial_prev_sota,87.1,89.5,-2.4,percent,447.5,435.5,448,436,-0.5,-0.5,python_round_nearest_even_matches_significance_cutoffs,-12,10,50,1,0.05,1.644853627,3,16,0.6,3.2,no_improvement,Per-suite binary success rate over 10 tasks x 50 official trials.
LIBERO,spatial,DeepThinkVLA: Enhancing Reasoning Capability of Vision-Language-Action Models,leaderboards/stat_significance_sam_export_20260522T233929/sam_libero_official_prev_sota.csv,43,libero_spatial,libero_spatial_prev_sota,96.6,96.8,-0.2,percent,484,483,484,483,0,0,python_round_nearest_even_matches_significance_cutoffs,-1,10,50,1,0.05,1.644853627,3,9,0.6,1.8,no_improvement,Per-suite binary success rate over 10 tasks x 50 official trials.
LIBERO,spatial,Dejavu: Towards Experience Feedback Learning for Embodied Intelligence,leaderboards/stat_significance_sam_export_20260522T233929/sam_libero_official_prev_sota.csv,44,libero_spatial,libero_spatial_prev_sota,98.2,97.5,0.7,percent,487.5,491,488,491,-0.5,0,python_round_nearest_even_matches_significance_cutoffs,3,10,50,1,0.05,1.644853627,3,7,0.6,1.4,indeterminate,Per-suite binary success rate over 10 tasks x 50 official trials.
LIBERO,spatial,DepthVLA: Enhancing Vision-Language-Action Models with Depth-Aware Spatial Reasoning,leaderboards/stat_significance_sam_export_20260522T233929/sam_libero_official_prev_sota.csv,45,libero_spatial,libero_spatial_prev_sota,96.4,97.5,-1.1,percent,487.5,482,488,482,-0.5,5.684341886e-14,python_round_nearest_even_matches_significance_cutoffs,-6,10,50,1,0.05,1.644853627,3,7,0.6,1.4,no_improvement,Per-suite binary success rate over 10 tasks x 50 official trials.
LIBERO,spatial,DiG-Flow: Discrepancy-Guided Flow Matching for Robust VLA Models,leaderboards/stat_significance_sam_export_20260522T233929/sam_libero_official_prev_sota.csv,46,libero_spatial,libero_spatial_prev_sota,99.2,98.8,0.4,percent,494,496,494,496,0,0,python_round_nearest_even_matches_significance_cutoffs,2,10,50,1,0.05,1.644853627,3,5,0.6,1,provably_not_significant,Per-suite binary success rate over 10 tasks x 50 official trials.
LIBERO,spatial,Discrete Diffusion VLA: Bringing Discrete Diffusion to Action Decoding in Vision-Language-Action Policies,leaderboards/stat_significance_sam_export_20260522T233929/sam_libero_official_prev_sota.csv,47,libero_spatial,libero_spatial_prev_sota,97.2,96.9,0.3,percent,484.5,486,485,486,-0.5,0,python_round_nearest_even_matches_significance_cutoffs,1,10,50,1,0.05,1.644853627,3,8,0.6,1.6,provably_not_significant,Per-suite binary success rate over 10 tasks x 50 official trials.
LIBERO,spatial,Dita: Scaling Diffusion Transformer for Generalist Vision-Language-Action Policy,leaderboards/stat_significance_sam_export_20260522T233929/sam_libero_official_prev_sota.csv,49,libero_spatial,libero_spatial_prev_sota,97.4,84.9,12.5,percent,424.5,487,425,487,-0.5,5.684341886e-14,python_round_nearest_even_matches_significance_cutoffs,62,10,50,1,0.05,1.644853627,3,19,0.6,3.8,provably_significant,Per-suite binary success rate over 10 tasks x 50 official trials.
LIBERO,spatial,Don't Run with Scissors: Pruning Breaks VLA Models but They Can Be Recovered,leaderboards/stat_significance_sam_export_20260522T233929/sam_libero_official_prev_sota.csv,50,libero_spatial,libero_spatial_prev_sota,60.2,88.4,-28.2,percent,442,301,442,301,0,0,python_round_nearest_even_matches_significance_cutoffs,-141,10,50,1,0.05,1.644853627,3,17,0.6,3.4,no_improvement,Per-suite binary success rate over 10 tasks x 50 official trials.
LIBERO,spatial,Dream-VL & Dream-VLA: Open Vision-Language and Vision-Language-Action Models with Diffusion Language Model Backbone,leaderboards/stat_significance_sam_export_20260522T233929/sam_libero_official_prev_sota.csv,51,libero_spatial,libero_spatial_prev_sota,97.6,97.6,0,percent,488,488,488,488,0,0,python_round_nearest_even_matches_significance_cutoffs,0,10,50,1,0.05,1.644853627,3,7,0.6,1.4,no_improvement,Per-suite binary success rate over 10 tasks x 50 official trials.
LIBERO,spatial,dVLA: Diffusion Vision-Language-Action Model with Multimodal Chain-of-Thought,leaderboards/stat_significance_sam_export_20260522T233929/sam_libero_official_prev_sota.csv,52,libero_spatial,libero_spatial_prev_sota,97.4,97.2,0.2,percent,486,487,486,487,0,5.684341886e-14,python_round_nearest_even_matches_significance_cutoffs,1,10,50,1,0.05,1.644853627,3,8,0.6,1.6,provably_not_significant,Per-suite binary success rate over 10 tasks x 50 official trials.
LIBERO,spatial,E0: Enhancing Generalization and Fine-Grained Control in VLA Models via Tweedie Discrete Diffusion,leaderboards/stat_significance_sam_export_20260522T233929/sam_libero_official_prev_sota.csv,53,libero_spatial,libero_spatial_prev_sota,97.2,96.8,0.4,percent,484,486,484,486,0,0,python_round_nearest_even_matches_significance_cutoffs,2,10,50,1,0.05,1.644853627,3,9,0.6,1.8,provably_not_significant,Per-suite binary success rate over 10 tasks x 50 official trials.
LIBERO,spatial,"End-to-end Listen, Look, Speak and Act",leaderboards/stat_significance_sam_export_20260522T233929/sam_libero_official_prev_sota.csv,55,libero_spatial,libero_spatial_prev_sota,90.8,96.4,-5.6,percent,482,454,482,454,5.684341886e-14,-5.684341886e-14,python_round_nearest_even_matches_significance_cutoffs,-28,10,50,1,0.05,1.644853627,3,9,0.6,1.8,no_improvement,Per-suite binary success rate over 10 tasks x 50 official trials.
LIBERO,spatial,EnerVerse: Envisioning Embodied Future Space for Robotics Manipulation,leaderboards/stat_significance_sam_export_20260522T233929/sam_libero_official_prev_sota.csv,56,libero_spatial,libero_spatial_prev_sota,91.2,84.7,6.5,percent,423.5,456,424,456,-0.5,0,python_round_nearest_even_matches_significance_cutoffs,32,10,50,1,0.05,1.644853627,3,20,0.6,4,provably_significant,Per-suite binary success rate over 10 tasks x 50 official trials.
LIBERO,spatial,Evo-1: Lightweight Vision-Language-Action Model with Preserved Semantic Alignment,leaderboards/stat_significance_sam_export_20260522T233929/sam_libero_official_prev_sota.csv,57,libero_spatial,libero_spatial_prev_sota,92.7,96.8,-4.1,percent,484,463.5,484,464,0,-0.5,python_round_nearest_even_matches_significance_cutoffs,-20,10,50,1,0.05,1.644853627,3,9,0.6,1.8,no_improvement,Per-suite binary success rate over 10 tasks x 50 official trials.
LIBERO,spatial,EVOLVE-VLA: Test-Time Training from Environment Feedback for Vision-Language-Action Models,leaderboards/stat_significance_sam_export_20260522T233929/sam_libero_official_prev_sota.csv,58,libero_spatial,libero_spatial_prev_sota,95.4,96.8,-1.4,percent,484,477,484,477,0,5.684341886e-14,python_round_nearest_even_matches_significance_cutoffs,-7,10,50,1,0.05,1.644853627,3,9,0.6,1.8,no_improvement,Per-suite binary success rate over 10 tasks x 50 official trials.
LIBERO,spatial,ExpReS-VLA: Specializing Vision-Language-Action Models Through Experience Replay and Retrieval,leaderboards/stat_significance_sam_export_20260522T233929/sam_libero_official_prev_sota.csv,59,libero_spatial,libero_spatial_prev_sota,93.1,95.2,-2.1,percent,476,465.5,476,465,5.684341886e-14,0.5,python_round_nearest_even_matches_significance_cutoffs,-11,10,50,1,0.05,1.644853627,3,11,0.6,2.2,no_improvement,Per-suite binary success rate over 10 tasks x 50 official trials.
LIBERO,spatial,Fast ECoT: Efficient Embodied Chain-of-Thought via Thoughts Reuse,leaderboards/stat_significance_sam_export_20260522T233929/sam_libero_official_prev_sota.csv,60,libero_spatial,libero_spatial_prev_sota,85,84,1,percent,420,425,420,425,0,0,python_round_nearest_even_matches_significance_cutoffs,5,10,50,1,0.05,1.644853627,3,20,0.6,4,indeterminate,Per-suite binary success rate over 10 tasks x 50 official trials.
LIBERO,spatial,FASTer: Toward Efficient Autoregressive Vision Language Action Modeling via Neural Action Tokenization,leaderboards/stat_significance_sam_export_20260522T233929/sam_libero_official_prev_sota.csv,62,libero_spatial,libero_spatial_prev_sota,98,98.8,-0.8,percent,494,490,494,490,0,0,python_round_nearest_even_matches_significance_cutoffs,-4,10,50,1,0.05,1.644853627,3,5,0.6,1,no_improvement,Per-suite binary success rate over 10 tasks x 50 official trials.
LIBERO,spatial,Fine-Tuning Vision-Language-Action Models: Optimizing Speed and Success,leaderboards/stat_significance_sam_export_20260522T233929/sam_libero_official_prev_sota.csv,63,libero_spatial,libero_spatial_prev_sota,97.6,96.8,0.8,percent,484,488,484,488,0,0,python_round_nearest_even_matches_significance_cutoffs,4,10,50,1,0.05,1.644853627,3,9,0.6,1.8,indeterminate,Per-suite binary success rate over 10 tasks x 50 official trials.
LIBERO,spatial,FLOWER: Democratizing Generalist Robot Policies with Efficient Vision-Language-Action Flow Policies,leaderboards/stat_significance_sam_export_20260522T233929/sam_libero_official_prev_sota.csv,64,libero_spatial,libero_spatial_prev_sota,97.5,98,-0.5,percent,490,487.5,490,488,0,-0.5,python_round_nearest_even_matches_significance_cutoffs,-2,10,50,1,0.05,1.644853627,3,7,0.6,1.4,no_improvement,Per-suite binary success rate over 10 tasks x 50 official trials.
LIBERO,spatial,Focusing on What Matters: Object-Agent-centric Tokenization for Vision Language Action models,leaderboards/stat_significance_sam_export_20260522T233929/sam_libero_official_prev_sota.csv,65,libero_spatial,libero_spatial_prev_sota,87.3,84.7,2.6,percent,423.5,436.5,424,436,-0.5,0.5,python_round_nearest_even_matches_significance_cutoffs,12,10,50,1,0.05,1.644853627,3,20,0.6,4,indeterminate,Per-suite binary success rate over 10 tasks x 50 official trials.
LIBERO,spatial,FreqPolicy: Efficient Flow-based Visuomotor Policy via Frequency Consistency,leaderboards/stat_significance_sam_export_20260522T233929/sam_libero_official_prev_sota.csv,66,libero_spatial,libero_spatial_prev_sota,97,96.6,0.4,percent,483,485,483,485,0,0,python_round_nearest_even_matches_significance_cutoffs,2,10,50,1,0.05,1.644853627,3,9,0.6,1.8,provably_not_significant,Per-suite binary success rate over 10 tasks x 50 official trials.
LIBERO,spatial,From Grounding to Manipulation: Case Studies of Foundation Model Integration in Embodied Robotic Systems,leaderboards/stat_significance_sam_export_20260522T233929/sam_libero_official_prev_sota.csv,67,libero_spatial,libero_spatial_prev_sota,92.2,96.8,-4.6,percent,484,461,484,461,0,0,python_round_nearest_even_matches_significance_cutoffs,-23,10,50,1,0.05,1.644853627,3,9,0.6,1.8,no_improvement,Per-suite binary success rate over 10 tasks x 50 official trials.
LIBERO,spatial,GeoAware-VLA: Implicit Geometry Aware Vision-Language-Action Model,leaderboards/stat_significance_sam_export_20260522T233929/sam_libero_official_prev_sota.csv,68,libero_spatial,libero_spatial_prev_sota,95,98,-3,percent,490,475,490,475,0,0,python_round_nearest_even_matches_significance_cutoffs,-15,10,50,1,0.05,1.644853627,3,7,0.6,1.4,no_improvement,Per-suite binary success rate over 10 tasks x 50 official trials.
LIBERO,spatial,GeoPredict: Leveraging Predictive Kinematics and 3D Gaussian Geometry for Precise VLA Manipulation,leaderboards/stat_significance_sam_export_20260522T233929/sam_libero_official_prev_sota.csv,69,libero_spatial,libero_spatial_prev_sota,98,97.5,0.5,percent,487.5,490,488,490,-0.5,0,python_round_nearest_even_matches_significance_cutoffs,2,10,50,1,0.05,1.644853627,3,7,0.6,1.4,provably_not_significant,Per-suite binary success rate over 10 tasks x 50 official trials.
LIBERO,spatial,Goal-oriented Backdoor Attack against Vision-Language-Action Models via Physical Objects,leaderboards/stat_significance_sam_export_20260522T233929/sam_libero_official_prev_sota.csv,70,libero_spatial,libero_spatial_prev_sota,97.5,96.8,0.7,percent,484,487.5,484,488,0,-0.5,python_round_nearest_even_matches_significance_cutoffs,4,10,50,1,0.05,1.644853627,3,9,0.6,1.8,indeterminate,Per-suite binary success rate over 10 tasks x 50 official trials.
LIBERO,spatial,"HiF-VLA: Hindsight, Insight and Foresight through Motion Representation for Vision-Language-Action Models",leaderboards/stat_significance_sam_export_20260522T233929/sam_libero_official_prev_sota.csv,72,libero_spatial,libero_spatial_prev_sota,98.8,98.4,0.4,percent,492,494,492,494,5.684341886e-14,0,python_round_nearest_even_matches_significance_cutoffs,2,10,50,1,0.05,1.644853627,3,6,0.6,1.2,provably_not_significant,Per-suite binary success rate over 10 tasks x 50 official trials.
LIBERO,spatial,HiMoE-VLA: Hierarchical Mixture-of-Experts for Generalist Vision-Language-Action Policies,leaderboards/stat_significance_sam_export_20260522T233929/sam_libero_official_prev_sota.csv,73,libero_spatial,libero_spatial_prev_sota,98.2,97.6,0.6,percent,488,491,488,491,0,0,python_round_nearest_even_matches_significance_cutoffs,3,10,50,1,0.05,1.644853627,3,7,0.6,1.4,indeterminate,Per-suite binary success rate over 10 tasks x 50 official trials.
LIBERO,spatial,How Do VLAs Effectively Inherit from VLMs?,leaderboards/stat_significance_sam_export_20260522T233929/sam_libero_official_prev_sota.csv,74,libero_spatial,libero_spatial_prev_sota,82,97,-15,percent,485,410,485,410,0,0,python_round_nearest_even_matches_significance_cutoffs,-75,10,50,1,0.05,1.644853627,3,8,0.6,1.6,no_improvement,Per-suite binary success rate over 10 tasks x 50 official trials.
LIBERO,spatial,Hybrid Training for Vision-Language-Action Models,leaderboards/stat_significance_sam_export_20260522T233929/sam_libero_official_prev_sota.csv,75,libero_spatial,libero_spatial_prev_sota,94,96.4,-2.4,percent,482,470,482,470,5.684341886e-14,0,python_round_nearest_even_matches_significance_cutoffs,-12,10,50,1,0.05,1.644853627,3,9,0.6,1.8,no_improvement,Per-suite binary success rate over 10 tasks x 50 official trials.
LIBERO,spatial,HyperVLA: Efficient Inference in Vision-Language-Action Models via Hypernetworks,leaderboards/stat_significance_sam_export_20260522T233929/sam_libero_official_prev_sota.csv,76,libero_spatial,libero_spatial_prev_sota,95,85,10,percent,425,475,425,475,0,0,python_round_nearest_even_matches_significance_cutoffs,50,10,50,1,0.05,1.644853627,3,19,0.6,3.8,provably_significant,Per-suite binary success rate over 10 tasks x 50 official trials.
LIBERO,spatial,Interactive Post-Training for Vision-Language-Action Models,leaderboards/stat_significance_sam_export_20260522T233929/sam_libero_official_prev_sota.csv,79,libero_spatial,libero_spatial_prev_sota,98.6,97.6,1,percent,488,493,488,493,0,0,python_round_nearest_even_matches_significance_cutoffs,5,10,50,1,0.05,1.644853627,3,7,0.6,1.4,indeterminate,Per-suite binary success rate over 10 tasks x 50 official trials.
LIBERO,spatial,InternVLA-M1: A Spatially Guided Vision-Language-Action Framework for Generalist Robot Policy,leaderboards/stat_significance_sam_export_20260522T233929/sam_libero_official_prev_sota.csv,80,libero_spatial,libero_spatial_prev_sota,98,98,0,percent,490,490,490,490,0,0,python_round_nearest_even_matches_significance_cutoffs,0,10,50,1,0.05,1.644853627,3,7,0.6,1.4,no_improvement,Per-suite binary success rate over 10 tasks x 50 official trials.
LIBERO,spatial,"Knowledge Insulating Vision-Language-Action Models: Train Fast, Run Fast, Generalize Better",leaderboards/stat_significance_sam_export_20260522T233929/sam_libero_official_prev_sota.csv,81,libero_spatial,libero_spatial_prev_sota,98,97.6,0.4,percent,488,490,488,490,0,0,python_round_nearest_even_matches_significance_cutoffs,2,10,50,1,0.05,1.644853627,3,7,0.6,1.4,provably_not_significant,Per-suite binary success rate over 10 tasks x 50 official trials.
LIBERO,spatial,LatBot: Distilling Universal Latent Actions for Vision-Language-Action Models,leaderboards/stat_significance_sam_export_20260522T233929/sam_libero_official_prev_sota.csv,83,libero_spatial,libero_spatial_prev_sota,99,98.8,0.2,percent,494,495,494,495,0,0,python_round_nearest_even_matches_significance_cutoffs,1,10,50,1,0.05,1.644853627,3,5,0.6,1,provably_not_significant,Per-suite binary success rate over 10 tasks x 50 official trials.
LIBERO,spatial,Latent Action Pretraining Through World Modeling,leaderboards/stat_significance_sam_export_20260522T233929/sam_libero_official_prev_sota.csv,84,libero_spatial,libero_spatial_prev_sota,99,98.8,0.2,percent,494,495,494,495,0,0,python_round_nearest_even_matches_significance_cutoffs,1,10,50,1,0.05,1.644853627,3,5,0.6,1,provably_not_significant,Per-suite binary success rate over 10 tasks x 50 official trials.
LIBERO,spatial,LoLA: Long Horizon Latent Action Learning for General Robot Manipulation,leaderboards/stat_significance_sam_export_20260522T233929/sam_libero_official_prev_sota.csv,88,libero_spatial,libero_spatial_prev_sota,99.6,91.4,8.2,percent,457,498,457,498,0,0,python_round_nearest_even_matches_significance_cutoffs,41,10,50,1,0.05,1.644853627,3,15,0.6,3,provably_significant,Per-suite binary success rate over 10 tasks x 50 official trials.
LIBERO,spatial,Mantis: A Versatile Vision-Language-Action Model with Disentangled Visual Foresight,leaderboards/stat_significance_sam_export_20260522T233929/sam_libero_official_prev_sota.csv,89,libero_spatial,libero_spatial_prev_sota,98.8,98.2,0.6,percent,491,494,491,494,0,0,python_round_nearest_even_matches_significance_cutoffs,3,10,50,1,0.05,1.644853627,3,6,0.6,1.2,indeterminate,Per-suite binary success rate over 10 tasks x 50 official trials.
LIBERO,spatial,MAP-VLA: Memory-Augmented Prompting for Vision-Language-Action Model in Robotic Manipulation,leaderboards/stat_significance_sam_export_20260522T233929/sam_libero_official_prev_sota.csv,90,libero_spatial,libero_spatial_prev_sota,96.3,93.5,2.8,percent,467.5,481.5,468,482,-0.5,-0.5,python_round_nearest_even_matches_significance_cutoffs,14,10,50,1,0.05,1.644853627,3,12,0.6,2.4,provably_significant,Per-suite binary success rate over 10 tasks x 50 official trials.
LIBERO,spatial,MAPS: Preserving Vision-Language Representations via Module-Wise Proximity Scheduling for Better Vision-Language-Action Generalization,leaderboards/stat_significance_sam_export_20260522T233929/sam_libero_official_prev_sota.csv,91,libero_spatial,libero_spatial_prev_sota,6,3,3,percent,15,30,15,30,0,0,python_round_nearest_even_matches_significance_cutoffs,15,10,50,1,0.05,1.644853627,3,11,0.6,2.2,provably_significant,Per-suite binary success rate over 10 tasks x 50 official trials.
LIBERO,spatial,MemoryVLA: Perceptual-Cognitive Memory in Vision-Language-Action Models for Robotic Manipulation,leaderboards/stat_significance_sam_export_20260522T233929/sam_libero_official_prev_sota.csv,93,libero_spatial,libero_spatial_prev_sota,98.4,97.2,1.2,percent,486,492,486,492,0,5.684341886e-14,python_round_nearest_even_matches_significance_cutoffs,6,10,50,1,0.05,1.644853627,3,8,0.6,1.6,indeterminate,Per-suite binary success rate over 10 tasks x 50 official trials.
LIBERO,spatial,MergeVLA: Cross-Skill Model Merging Toward a Generalist Vision-Language-Action Agent,leaderboards/stat_significance_sam_export_20260522T233929/sam_libero_official_prev_sota.csv,94,libero_spatial,libero_spatial_prev_sota,94.8,99.6,-4.8,percent,498,474,498,474,0,0,python_round_nearest_even_matches_significance_cutoffs,-24,10,50,1,0.05,1.644853627,unknown,unknown,unknown,unknown,no_improvement,Per-suite binary success rate over 10 tasks x 50 official trials.
LIBERO,spatial,MetaVLA: Unified Meta Co-training For Efficient Embodied Adaption,leaderboards/stat_significance_sam_export_20260522T233929/sam_libero_official_prev_sota.csv,95,libero_spatial,libero_spatial_prev_sota,89.9,98.8,-8.9,percent,494,449.5,494,450,0,-0.5,python_round_nearest_even_matches_significance_cutoffs,-44,10,50,1,0.05,1.644853627,3,5,0.6,1,no_improvement,Per-suite binary success rate over 10 tasks x 50 official trials.
LIBERO,spatial,Mixture of Horizons in Action Chunking,leaderboards/stat_significance_sam_export_20260522T233929/sam_libero_official_prev_sota.csv,96,libero_spatial,libero_spatial_prev_sota,98.8,99.4,-0.6,percent,497,494,497,494,5.684341886e-14,0,python_round_nearest_even_matches_significance_cutoffs,-3,10,50,1,0.05,1.644853627,3,3,0.6,0.6,no_improvement,Per-suite binary success rate over 10 tasks x 50 official trials.
LIBERO,spatial,Multimodal Reinforcement Learning with Adaptive Verifier for AI Agents,leaderboards/stat_significance_sam_export_20260522T233929/sam_libero_official_prev_sota.csv,97,libero_spatial,libero_spatial_prev_sota,91.2,93.6,-2.4,percent,468,456,468,456,0,0,python_round_nearest_even_matches_significance_cutoffs,-12,10,50,1,0.05,1.644853627,3,12,0.6,2.4,no_improvement,Per-suite binary success rate over 10 tasks x 50 official trials.
LIBERO,spatial,NORA: A Small Open-Sourced Generalist Vision Language Action Model for Embodied Tasks,leaderboards/stat_significance_sam_export_20260522T233929/sam_libero_official_prev_sota.csv,98,libero_spatial,libero_spatial_prev_sota,92.2,88.2,4,percent,441,461,441,461,0,0,python_round_nearest_even_matches_significance_cutoffs,20,10,50,1,0.05,1.644853627,3,17,0.6,3.4,provably_significant,Per-suite binary success rate over 10 tasks x 50 official trials.
LIBERO,spatial,PixelVLA: Advancing Pixel-level Understanding in Vision-Language-Action Model,leaderboards/stat_significance_sam_export_20260522T233929/sam_libero_official_prev_sota.csv,99,libero_spatial,libero_spatial_prev_sota,88.5,88.2,0.3,percent,441,442.5,441,442,0,0.5,python_round_nearest_even_matches_significance_cutoffs,1,10,50,1,0.05,1.644853627,3,17,0.6,3.4,provably_not_significant,Per-suite binary success rate over 10 tasks x 50 official trials.
LIBERO,spatial,Reflection-Based Task Adaptation for Self-Improving VLA,leaderboards/stat_significance_sam_export_20260522T233929/sam_libero_official_prev_sota.csv,100,libero_spatial,libero_spatial_prev_sota,92,96.4,-4.4,percent,482,460,482,460,5.684341886e-14,0,python_round_nearest_even_matches_significance_cutoffs,-22,10,50,1,0.05,1.644853627,3,9,0.6,1.8,no_improvement,Per-suite binary success rate over 10 tasks x 50 official trials.
LIBERO,spatial,Reinforcement Fine-Tuning of Flow-Matching Policies for Vision-Language-Action Models,leaderboards/stat_significance_sam_export_20260522T233929/sam_libero_official_prev_sota.csv,101,libero_spatial,libero_spatial_prev_sota,97.2,96.4,0.8,percent,482,486,482,486,5.684341886e-14,0,python_round_nearest_even_matches_significance_cutoffs,4,10,50,1,0.05,1.644853627,3,9,0.6,1.8,indeterminate,Per-suite binary success rate over 10 tasks x 50 official trials.
LIBERO,spatial,RESample: A Robust Data Augmentation Framework via Exploratory Sampling for Robotic Manipulation,leaderboards/stat_significance_sam_export_20260522T233929/sam_libero_official_prev_sota.csv,102,libero_spatial,libero_spatial_prev_sota,96.4,95.2,1.2,percent,476,482,476,482,5.684341886e-14,5.684341886e-14,python_round_nearest_even_matches_significance_cutoffs,6,10,50,1,0.05,1.644853627,3,11,0.6,2.2,indeterminate,Per-suite binary success rate over 10 tasks x 50 official trials.
LIBERO,spatial,Rethinking Latent Redundancy in Behavior Cloning: An Information Bottleneck Approach for Robot Manipulation,leaderboards/stat_significance_sam_export_20260522T233929/sam_libero_official_prev_sota.csv,104,libero_spatial,libero_spatial_prev_sota,70.67,68,2.67,percent,340,353.35,340,353,0,0.35,python_round_nearest_even_matches_significance_cutoffs,13,10,50,1,0.05,1.644853627,3,29,0.6,5.8,indeterminate,Per-suite binary success rate over 10 tasks x 50 official trials.
LIBERO,spatial,RetoVLA: Reusing Register Tokens for Spatial Reasoning in Vision-Language-Action Models,leaderboards/stat_significance_sam_export_20260522T233929/sam_libero_official_prev_sota.csv,105,libero_spatial,libero_spatial_prev_sota,76.2,75.8,0.4,percent,379,381,379,381,0,0,python_round_nearest_even_matches_significance_cutoffs,2,10,50,1,0.05,1.644853627,3,25,0.6,5,provably_not_significant,Per-suite binary success rate over 10 tasks x 50 official trials.
LIBERO,spatial,RLinf-VLA: A Unified and Efficient Framework for Reinforcement Learning of Vision-Language-Action Models,leaderboards/stat_significance_sam_export_20260522T233929/sam_libero_official_prev_sota.csv,106,libero_spatial,libero_spatial_prev_sota,98.93,51.61,47.32,percent,258.05,494.65,258,495,0.05,-0.35,python_round_nearest_even_matches_significance_cutoffs,237,10,50,1,0.05,1.644853627,3,36,0.6,7.2,provably_significant,Per-suite binary success rate over 10 tasks x 50 official trials.
LIBERO,spatial,RoboNeuron: A Middle-Layer Infrastructure for Agent-Driven Orchestration in Embodied AI,leaderboards/stat_significance_sam_export_20260522T233929/sam_libero_official_prev_sota.csv,107,libero_spatial,libero_spatial_prev_sota,98.8,98.6,0.2,percent,493,494,493,494,0,0,python_round_nearest_even_matches_significance_cutoffs,1,10,50,1,0.05,1.644853627,3,5,0.6,1,provably_not_significant,Per-suite binary success rate over 10 tasks x 50 official trials.
LIBERO,spatial,Robotic VLA Benefits from Joint Learning with Motion Image Diffusion,leaderboards/stat_significance_sam_export_20260522T233929/sam_libero_official_prev_sota.csv,108,libero_spatial,libero_spatial_prev_sota,98.4,98.8,-0.4,percent,494,492,494,492,0,5.684341886e-14,python_round_nearest_even_matches_significance_cutoffs,-2,10,50,1,0.05,1.644853627,3,5,0.6,1,no_improvement,Per-suite binary success rate over 10 tasks x 50 official trials.
LIBERO,spatial,RynnVLA-002: A Unified Vision-Language-Action and World Model,leaderboards/stat_significance_sam_export_20260522T233929/sam_libero_official_prev_sota.csv,109,libero_spatial,libero_spatial_prev_sota,99,97.6,1.4,percent,488,495,488,495,0,0,python_round_nearest_even_matches_significance_cutoffs,7,10,50,1,0.05,1.644853627,3,7,0.6,1.4,provably_significant,Per-suite binary success rate over 10 tasks x 50 official trials.
LIBERO,spatial,Saliency-Aware Quantized Imitation Learning for Efficient Robotic Control,leaderboards/stat_significance_sam_export_20260522T233929/sam_libero_official_prev_sota.csv,110,libero_spatial,libero_spatial_prev_sota,83.9,84,-0.1,percent,420,419.5,420,420,0,-0.5,python_round_nearest_even_matches_significance_cutoffs,0,10,50,1,0.05,1.644853627,3,20,0.6,4,no_improvement,Per-suite binary success rate over 10 tasks x 50 official trials.
LIBERO,spatial,Self-Improving Vision-Language-Action Models with Data Generation via Residual RL,leaderboards/stat_significance_sam_export_20260522T233929/sam_libero_official_prev_sota.csv,111,libero_spatial,libero_spatial_prev_sota,99.5,95.2,4.3,percent,476,497.5,476,498,5.684341886e-14,-0.5,python_round_nearest_even_matches_significance_cutoffs,22,10,50,1,0.05,1.644853627,3,11,0.6,2.2,provably_significant,Per-suite binary success rate over 10 tasks x 50 official trials.
LIBERO,spatial,SemanticVLA: Semantic-Aligned Sparsification and Enhancement for Efficient Robotic Manipulation,leaderboards/stat_significance_sam_export_20260522T233929/sam_libero_official_prev_sota.csv,112,libero_spatial,libero_spatial_prev_sota,98.6,97.6,1,percent,488,493,488,493,0,0,python_round_nearest_even_matches_significance_cutoffs,5,10,50,1,0.05,1.644853627,3,7,0.6,1.4,indeterminate,Per-suite binary success rate over 10 tasks x 50 official trials.
LIBERO,spatial,SimpleVLA-RL: Scaling VLA Training via Reinforcement Learning,leaderboards/stat_significance_sam_export_20260522T233929/sam_libero_official_prev_sota.csv,113,libero_spatial,libero_spatial_prev_sota,99.4,96.8,2.6,percent,484,497,484,497,0,5.684341886e-14,python_round_nearest_even_matches_significance_cutoffs,13,10,50,1,0.05,1.644853627,3,9,0.6,1.8,provably_significant,Per-suite binary success rate over 10 tasks x 50 official trials.
LIBERO,spatial,SmolVLA: A Vision-Language-Action Model for Affordable and Efficient Robotics,leaderboards/stat_significance_sam_export_20260522T233929/sam_libero_official_prev_sota.csv,114,libero_spatial,libero_spatial_prev_sota,90,90,0,percent,450,450,450,450,0,0,python_round_nearest_even_matches_significance_cutoffs,0,10,50,1,0.05,1.644853627,3,16,0.6,3.2,no_improvement,Per-suite binary success rate over 10 tasks x 50 official trials.
LIBERO,spatial,Spatial-Aware VLA Pretraining through Visual-Physical Alignment from Human Videos,leaderboards/stat_significance_sam_export_20260522T233929/sam_libero_official_prev_sota.csv,115,libero_spatial,libero_spatial_prev_sota,92.6,91.4,1.2,percent,457,463,457,463,0,-5.684341886e-14,python_round_nearest_even_matches_significance_cutoffs,6,10,50,1,0.05,1.644853627,3,15,0.6,3,indeterminate,Per-suite binary success rate over 10 tasks x 50 official trials.
LIBERO,spatial,Spatial Forcing: Implicit Spatial Representation Alignment for Vision-language-action Model,leaderboards/stat_significance_sam_export_20260522T233929/sam_libero_official_prev_sota.csv,116,libero_spatial,libero_spatial_prev_sota,99.4,98.4,1,percent,492,497,492,497,5.684341886e-14,5.684341886e-14,python_round_nearest_even_matches_significance_cutoffs,5,10,50,1,0.05,1.644853627,3,6,0.6,1.2,indeterminate,Per-suite binary success rate over 10 tasks x 50 official trials.
LIBERO,spatial,SpatialVLA: Exploring Spatial Representations for Visual-Language-Action Model,leaderboards/stat_significance_sam_export_20260522T233929/sam_libero_official_prev_sota.csv,117,libero_spatial,libero_spatial_prev_sota,88.2,84.7,3.5,percent,423.5,441,424,441,-0.5,0,python_round_nearest_even_matches_significance_cutoffs,17,10,50,1,0.05,1.644853627,3,20,0.6,4,indeterminate,Per-suite binary success rate over 10 tasks x 50 official trials.
LIBERO,spatial,Spec-VLA: Speculative Decoding for Vision-Language-Action Models with Relaxed Acceptance,leaderboards/stat_significance_sam_export_20260522T233929/sam_libero_official_prev_sota.csv,118,libero_spatial,libero_spatial_prev_sota,85.8,85,0.8,percent,425,429,425,429,0,0,python_round_nearest_even_matches_significance_cutoffs,4,10,50,1,0.05,1.644853627,3,19,0.6,3.8,indeterminate,Per-suite binary success rate over 10 tasks x 50 official trials.
LIBERO,spatial,SpecPrune-VLA: Accelerating Vision-Language-Action Models via Action-Aware Self-Speculative Pruning,leaderboards/stat_significance_sam_export_20260522T233929/sam_libero_official_prev_sota.csv,119,libero_spatial,libero_spatial_prev_sota,97.4,99,-1.6,percent,495,487,495,487,0,5.684341886e-14,python_round_nearest_even_matches_significance_cutoffs,-8,10,50,1,0.05,1.644853627,3,5,0.6,1,no_improvement,Per-suite binary success rate over 10 tasks x 50 official trials.
LIBERO,spatial,STAR: Learning Diverse Robot Skill Abstractions through Rotation-Augmented Vector Quantization,leaderboards/stat_significance_sam_export_20260522T233929/sam_libero_official_prev_sota.csv,120,libero_spatial,libero_spatial_prev_sota,95.5,88.7,6.8,percent,443.5,477.5,444,478,-0.5,-0.5,python_round_nearest_even_matches_significance_cutoffs,34,10,50,1,0.05,1.644853627,3,17,0.6,3.4,provably_significant,Per-suite binary success rate over 10 tasks x 50 official trials.
LIBERO,spatial,TGRPO: Fine-tuning Vision-Language-Action Model via Trajectory-wise Group Relative Policy Optimization,leaderboards/stat_significance_sam_export_20260522T233929/sam_libero_official_prev_sota.csv,122,libero_spatial,libero_spatial_prev_sota,90.4,88.5,1.9,percent,442.5,452,442,452,0.5,0,python_round_nearest_even_matches_significance_cutoffs,10,10,50,1,0.05,1.644853627,3,17,0.6,3.4,indeterminate,Per-suite binary success rate over 10 tasks x 50 official trials.
LIBERO,spatial,"The Better You Learn, The Smarter You Prune: Towards Efficient Vision-language-action Models via Differentiable Token Pruning",leaderboards/stat_significance_sam_export_20260522T233929/sam_libero_official_prev_sota.csv,123,libero_spatial,libero_spatial_prev_sota,98.4,97.6,0.8,percent,488,492,488,492,0,5.684341886e-14,python_round_nearest_even_matches_significance_cutoffs,4,10,50,1,0.05,1.644853627,3,7,0.6,1.4,indeterminate,Per-suite binary success rate over 10 tasks x 50 official trials.
LIBERO,spatial,"Think Twice, Act Once: Token-Aware Compression and Action Reuse for Efficient Inference in Vision-Language-Action Models",leaderboards/stat_significance_sam_export_20260522T233929/sam_libero_official_prev_sota.csv,124,libero_spatial,libero_spatial_prev_sota,82.6,84.2,-1.6,percent,421,413,421,413,5.684341886e-14,0,python_round_nearest_even_matches_significance_cutoffs,-8,10,50,1,0.05,1.644853627,3,20,0.6,4,no_improvement,Per-suite binary success rate over 10 tasks x 50 official trials.
LIBERO,spatial,Token Expand-Merge: Training-Free Token Compression for Vision-Language-Action Models,leaderboards/stat_significance_sam_export_20260522T233929/sam_libero_official_prev_sota.csv,125,libero_spatial,libero_spatial_prev_sota,99.2,99,0.2,percent,495,496,495,496,0,0,python_round_nearest_even_matches_significance_cutoffs,1,10,50,1,0.05,1.644853627,3,5,0.6,1,provably_not_significant,Per-suite binary success rate over 10 tasks x 50 official trials.
LIBERO,spatial,Unified Diffusion VLA: Vision-Language-Action Model via Joint Discrete Denoising Diffusion Process,leaderboards/stat_significance_sam_export_20260522T233929/sam_libero_official_prev_sota.csv,126,libero_spatial,libero_spatial_prev_sota,94.1,97.5,-3.4,percent,487.5,470.5,488,470,-0.5,0.5,python_round_nearest_even_matches_significance_cutoffs,-18,10,50,1,0.05,1.644853627,3,7,0.6,1.4,no_improvement,Per-suite binary success rate over 10 tasks x 50 official trials.
LIBERO,spatial,Unified Vision-Language-Action Model,leaderboards/stat_significance_sam_export_20260522T233929/sam_libero_official_prev_sota.csv,128,libero_spatial,libero_spatial_prev_sota,95.4,96.4,-1,percent,482,477,482,477,5.684341886e-14,5.684341886e-14,python_round_nearest_even_matches_significance_cutoffs,-5,10,50,1,0.05,1.644853627,3,9,0.6,1.8,no_improvement,Per-suite binary success rate over 10 tasks x 50 official trials.
LIBERO,spatial,UniVLA: Learning to Act Anywhere with Task-centric Latent Actions,leaderboards/stat_significance_sam_export_20260522T233929/sam_libero_official_prev_sota.csv,129,libero_spatial,libero_spatial_prev_sota,96.5,84.7,11.8,percent,423.5,482.5,424,482,-0.5,0.5,python_round_nearest_even_matches_significance_cutoffs,58,10,50,1,0.05,1.644853627,3,20,0.6,4,provably_significant,Per-suite binary success rate over 10 tasks x 50 official trials.
LIBERO,spatial,Verifier-free Test-Time Sampling for Vision Language Action Models,leaderboards/stat_significance_sam_export_20260522T233929/sam_libero_official_prev_sota.csv,130,libero_spatial,libero_spatial_prev_sota,97.2,97.4,-0.2,percent,487,486,487,486,5.684341886e-14,0,python_round_nearest_even_matches_significance_cutoffs,-1,10,50,1,0.05,1.644853627,3,8,0.6,1.6,no_improvement,Per-suite binary success rate over 10 tasks x 50 official trials.
LIBERO,spatial,VITA-VLA: Efficiently Teaching Vision-Language Models to Act via Action Expert Distillation,leaderboards/stat_significance_sam_export_20260522T233929/sam_libero_official_prev_sota.csv,132,libero_spatial,libero_spatial_prev_sota,98,96.4,1.6,percent,482,490,482,490,5.684341886e-14,0,python_round_nearest_even_matches_significance_cutoffs,8,10,50,1,0.05,1.644853627,3,9,0.6,1.8,indeterminate,Per-suite binary success rate over 10 tasks x 50 official trials.
LIBERO,spatial,VLA-0: Building State-of-the-Art VLAs with Zero Modification,leaderboards/stat_significance_sam_export_20260522T233929/sam_libero_official_prev_sota.csv,133,libero_spatial,libero_spatial_prev_sota,97,98,-1,percent,490,485,490,485,0,0,python_round_nearest_even_matches_significance_cutoffs,-5,10,50,1,0.05,1.644853627,3,7,0.6,1.4,no_improvement,Per-suite binary success rate over 10 tasks x 50 official trials.
LIBERO,spatial,VLA-Cache: Efficient Vision-Language-Action Manipulation via Adaptive Token Caching,leaderboards/stat_significance_sam_export_20260522T233929/sam_libero_official_prev_sota.csv,134,libero_spatial,libero_spatial_prev_sota,98.3,97.8,0.5,percent,489,491.5,489,492,0,-0.5,python_round_nearest_even_matches_significance_cutoffs,3,10,50,1,0.05,1.644853627,3,7,0.6,1.4,indeterminate,Per-suite binary success rate over 10 tasks x 50 official trials.
LIBERO,spatial,VLA-Pruner: Temporal-Aware Dual-Level Visual Token Pruning for Efficient Vision-Language-Action Inference,leaderboards/stat_significance_sam_export_20260522T233929/sam_libero_official_prev_sota.csv,135,libero_spatial,libero_spatial_prev_sota,97.3,95.8,1.5,percent,479,486.5,479,486,0,0.5,python_round_nearest_even_matches_significance_cutoffs,7,10,50,1,0.05,1.644853627,3,10,0.6,2,indeterminate,Per-suite binary success rate over 10 tasks x 50 official trials.
LIBERO,spatial,VLA-RFT: Vision-Language-Action Reinforcement Fine-tuning with Verified Rewards in World Simulators,leaderboards/stat_significance_sam_export_20260522T233929/sam_libero_official_prev_sota.csv,136,libero_spatial,libero_spatial_prev_sota,94.4,91.2,3.2,percent,456,472,456,472,0,5.684341886e-14,python_round_nearest_even_matches_significance_cutoffs,16,10,50,1,0.05,1.644853627,3,15,0.6,3,provably_significant,Per-suite binary success rate over 10 tasks x 50 official trials.
LIBERO,spatial,VLA-RL: Towards Masterful and General Robotic Manipulation with Scalable Reinforcement Learning,leaderboards/stat_significance_sam_export_20260522T233929/sam_libero_official_prev_sota.csv,137,libero_spatial,libero_spatial_prev_sota,90.2,96.4,-6.2,percent,482,451,482,451,5.684341886e-14,0,python_round_nearest_even_matches_significance_cutoffs,-31,10,50,1,0.05,1.644853627,3,9,0.6,1.8,no_improvement,Per-suite binary success rate over 10 tasks x 50 official trials.
LIBERO,spatial,WorldVLA: Towards Autoregressive Action World Model,leaderboards/stat_significance_sam_export_20260522T233929/sam_libero_official_prev_sota.csv,141,libero_spatial,libero_spatial_prev_sota,87.6,96.9,-9.3,percent,484.5,438,485,438,-0.5,-5.684341886e-14,python_round_nearest_even_matches_significance_cutoffs,-47,10,50,1,0.05,1.644853627,3,8,0.6,1.6,no_improvement,Per-suite binary success rate over 10 tasks x 50 official trials.
LIBERO,spatial,X-VLA: Soft-Prompted Transformer as Scalable Cross-Embodiment Vision-Language-Action Model,leaderboards/stat_significance_sam_export_20260522T233929/sam_libero_official_prev_sota.csv,142,libero_spatial,libero_spatial_prev_sota,98.2,98.4,-0.2,percent,492,491,492,491,5.684341886e-14,0,python_round_nearest_even_matches_significance_cutoffs,-1,10,50,1,0.05,1.644853627,3,6,0.6,1.2,no_improvement,Per-suite binary success rate over 10 tasks x 50 official trials.
LIBERO,spatial,"A1: A Fully Transparent Open-Source, Adaptive and Efficient Truncated Vision-Language-Action Model",leaderboards/stat_significance_sam_export_20260522T233929/sam_libero_official_prev_sota.csv,144,libero_spatial,libero_spatial_prev_sota,97.4,98.8,-1.4,percent,494,487,494,487,0,5.684341886e-14,python_round_nearest_even_matches_significance_cutoffs,-7,10,50,1,0.05,1.644853627,3,5,0.6,1,no_improvement,Per-suite binary success rate over 10 tasks x 50 official trials.
LIBERO,spatial,AcceRL: A Distributed Asynchronous Reinforcement Learning and World Model Framework for Vision-Language-Action Models,leaderboards/stat_significance_sam_export_20260522T233929/sam_libero_official_prev_sota.csv,145,libero_spatial,libero_spatial_prev_sota,99.6,99.4,0.2,percent,497,498,497,498,5.684341886e-14,0,python_round_nearest_even_matches_significance_cutoffs,1,10,50,1,0.05,1.644853627,3,3,0.6,0.6,provably_not_significant,Per-suite binary success rate over 10 tasks x 50 official trials.
LIBERO,spatial,ACoT-VLA: Action Chain-of-Thought for Vision-Language-Action Models,leaderboards/stat_significance_sam_export_20260522T233929/sam_libero_official_prev_sota.csv,146,libero_spatial,libero_spatial_prev_sota,98.6,98.8,-0.2,percent,494,493,494,493,0,0,python_round_nearest_even_matches_significance_cutoffs,-1,10,50,1,0.05,1.644853627,3,5,0.6,1,no_improvement,Per-suite binary success rate over 10 tasks x 50 official trials.
LIBERO,spatial,"Act, Think or Abstain: Complexity-Aware Adaptive Inference for Vision-Language-Action Models",leaderboards/stat_significance_sam_export_20260522T233929/sam_libero_official_prev_sota.csv,147,libero_spatial,libero_spatial_prev_sota,80,73.33,6.67,percent,366.65,400,367,400,-0.35,0,python_round_nearest_even_matches_significance_cutoffs,33,10,50,1,0.05,1.644853627,3,26,0.6,5.2,provably_significant,Per-suite binary success rate over 10 tasks x 50 official trials.
LIBERO,spatial,Action Draft and Verify: A Self-Verifying Framework for Vision-Language-Action Model,leaderboards/stat_significance_sam_export_20260522T233929/sam_libero_official_prev_sota.csv,148,libero_spatial,libero_spatial_prev_sota,98.4,97.8,0.6,percent,489,492,489,492,0,5.684341886e-14,python_round_nearest_even_matches_significance_cutoffs,3,10,50,1,0.05,1.644853627,3,7,0.6,1.4,indeterminate,Per-suite binary success rate over 10 tasks x 50 official trials.
LIBERO,spatial,ActionCodec: What Makes for Good Action Tokenizers,leaderboards/stat_significance_sam_export_20260522T233929/sam_libero_official_prev_sota.csv,149,libero_spatial,libero_spatial_prev_sota,97.2,97,0.2,percent,485,486,485,486,0,0,python_round_nearest_even_matches_significance_cutoffs,1,10,50,1,0.05,1.644853627,3,8,0.6,1.6,provably_not_significant,Per-suite binary success rate over 10 tasks x 50 official trials.
LIBERO,spatial,Adaptive Action Chunking at Inference-time for Vision-Language-Action Models,leaderboards/stat_significance_sam_export_20260522T233929/sam_libero_official_prev_sota.csv,150,libero_spatial,libero_spatial_prev_sota,94.4,94,0.4,percent,470,472,470,472,0,5.684341886e-14,python_round_nearest_even_matches_significance_cutoffs,2,10,50,1,0.05,1.644853627,3,12,0.6,2.4,provably_not_significant,Per-suite binary success rate over 10 tasks x 50 official trials.
LIBERO,spatial,ATA: Bridging Implicit Reasoning with Attention-Guided and Action-Guided Inference for Vision-Language Action Models,leaderboards/stat_significance_sam_export_20260522T233929/sam_libero_official_prev_sota.csv,154,libero_spatial,libero_spatial_prev_sota,98.6,97.6,1,percent,488,493,488,493,0,0,python_round_nearest_even_matches_significance_cutoffs,5,10,50,1,0.05,1.644853627,3,7,0.6,1.4,indeterminate,Per-suite binary success rate over 10 tasks x 50 official trials.
LIBERO,spatial,AtomicVLA: Unlocking the Potential of Atomic Skill Learning in Robots,leaderboards/stat_significance_sam_export_20260522T233929/sam_libero_official_prev_sota.csv,155,libero_spatial,libero_spatial_prev_sota,98.8,98.8,0,percent,494,494,494,494,0,0,python_round_nearest_even_matches_significance_cutoffs,0,10,50,1,0.05,1.644853627,3,5,0.6,1,no_improvement,Per-suite binary success rate over 10 tasks x 50 official trials.
LIBERO,spatial,AtomVLA: Scalable Post-Training for Robotic Manipulation via Predictive Latent World Models,leaderboards/stat_significance_sam_export_20260522T233929/sam_libero_official_prev_sota.csv,156,libero_spatial,libero_spatial_prev_sota,96.4,97.3,-0.9,percent,486.5,482,486,482,0.5,5.684341886e-14,python_round_nearest_even_matches_significance_cutoffs,-4,10,50,1,0.05,1.644853627,3,8,0.6,1.6,no_improvement,Per-suite binary success rate over 10 tasks x 50 official trials.
LIBERO,spatial,Beyond Dense Futures: World Models as Structured Planners for Robotic Manipulation,leaderboards/stat_significance_sam_export_20260522T233929/sam_libero_official_prev_sota.csv,159,libero_spatial,libero_spatial_prev_sota,95.4,97.5,-2.1,percent,487.5,477,488,477,-0.5,5.684341886e-14,python_round_nearest_even_matches_significance_cutoffs,-11,10,50,1,0.05,1.644853627,3,7,0.6,1.4,no_improvement,Per-suite binary success rate over 10 tasks x 50 official trials.
LIBERO,spatial,Causal World Modeling for Robot Control,leaderboards/stat_significance_sam_export_20260522T233929/sam_libero_official_prev_sota.csv,160,libero_spatial,libero_spatial_prev_sota,98.5,98.2,0.3,percent,491,492.5,491,492,0,0.5,python_round_nearest_even_matches_significance_cutoffs,1,10,50,1,0.05,1.644853627,3,6,0.6,1.2,provably_not_significant,Per-suite binary success rate over 10 tasks x 50 official trials.
LIBERO,spatial,CF-VLA: Efficient Coarse-to-Fine Action Generation for Vision-Language-Action Policies,leaderboards/stat_significance_sam_export_20260522T233929/sam_libero_official_prev_sota.csv,161,libero_spatial,libero_spatial_prev_sota,98,98.8,-0.8,percent,494,490,494,490,0,0,python_round_nearest_even_matches_significance_cutoffs,-4,10,50,1,0.05,1.644853627,3,5,0.6,1,no_improvement,Per-suite binary success rate over 10 tasks x 50 official trials.
LIBERO,spatial,Chain of World: World Model Thinking in Latent Motion,leaderboards/stat_significance_sam_export_20260522T233929/sam_libero_official_prev_sota.csv,162,libero_spatial,libero_spatial_prev_sota,97.2,97.5,-0.3,percent,487.5,486,488,486,-0.5,0,python_round_nearest_even_matches_significance_cutoffs,-2,10,50,1,0.05,1.644853627,3,7,0.6,1.4,no_improvement,Per-suite binary success rate over 10 tasks x 50 official trials.
LIBERO,spatial,CKT-WAM: Parameter-Efficient Context Knowledge Transfer Between World Action Models,leaderboards/stat_significance_sam_export_20260522T233929/sam_libero_official_prev_sota.csv,163,libero_spatial,libero_spatial_prev_sota,99,98.8,0.2,percent,494,495,494,495,0,0,python_round_nearest_even_matches_significance_cutoffs,1,10,50,1,0.05,1.644853627,3,5,0.6,1,provably_not_significant,Per-suite binary success rate over 10 tasks x 50 official trials.
LIBERO,spatial,CLaD: Planning with Grounded Foresight via Cross-Modal Latent Dynamics,leaderboards/stat_significance_sam_export_20260522T233929/sam_libero_official_prev_sota.csv,164,libero_spatial,libero_spatial_prev_sota,97.3,98.2,-0.9,percent,491,486.5,491,486,0,0.5,python_round_nearest_even_matches_significance_cutoffs,-5,10,50,1,0.05,1.644853627,3,6,0.6,1.2,no_improvement,Per-suite binary success rate over 10 tasks x 50 official trials.
LIBERO,spatial,CLAP: Contrastive Latent Action Pretraining for Learning Vision-Language-Action Models from Human Videos,leaderboards/stat_significance_sam_export_20260522T233929/sam_libero_official_prev_sota.csv,165,libero_spatial,libero_spatial_prev_sota,97,93,4,percent,465,485,465,485,0,0,python_round_nearest_even_matches_significance_cutoffs,20,10,50,1,0.05,1.644853627,3,13,0.6,2.6,provably_significant,Per-suite binary success rate over 10 tasks x 50 official trials.
LIBERO,spatial,Conservative Offline Robot Policy Learning via Posterior-Transition Reweighting,leaderboards/stat_significance_sam_export_20260522T233929/sam_libero_official_prev_sota.csv,166,libero_spatial,libero_spatial_prev_sota,98,98.8,-0.8,percent,494,490,494,490,0,0,python_round_nearest_even_matches_significance_cutoffs,-4,10,50,1,0.05,1.644853627,3,5,0.6,1,no_improvement,Per-suite binary success rate over 10 tasks x 50 official trials.
LIBERO,spatial,ConsisVLA-4D: Advancing Spatiotemporal Consistency in Efficient 3D-Perception and 4D-Reasoning for Robotic Manipulation,leaderboards/stat_significance_sam_export_20260522T233929/sam_libero_official_prev_sota.csv,167,libero_spatial,libero_spatial_prev_sota,98.8,98.8,0,percent,494,494,494,494,0,0,python_round_nearest_even_matches_significance_cutoffs,0,10,50,1,0.05,1.644853627,3,5,0.6,1,no_improvement,Per-suite binary success rate over 10 tasks x 50 official trials.
LIBERO,spatial,CORAL: Scalable Multi-Task Robot Learning via LoRA Experts,leaderboards/stat_significance_sam_export_20260522T233929/sam_libero_official_prev_sota.csv,168,libero_spatial,libero_spatial_prev_sota,99.6,99.6,0,percent,498,498,498,498,0,0,python_round_nearest_even_matches_significance_cutoffs,0,10,50,1,0.05,1.644853627,unknown,unknown,unknown,unknown,no_improvement,Per-suite binary success rate over 10 tasks x 50 official trials.
LIBERO,spatial,CorridorVLA: Explicit Spatial Constraints for Generative Action Heads via Sparse Anchors,leaderboards/stat_significance_sam_export_20260522T233929/sam_libero_official_prev_sota.csv,169,libero_spatial,libero_spatial_prev_sota,92,98,-6,percent,490,460,490,460,0,0,python_round_nearest_even_matches_significance_cutoffs,-30,10,50,1,0.05,1.644853627,3,7,0.6,1.4,no_improvement,Per-suite binary success rate over 10 tasks x 50 official trials.
LIBERO,spatial,Cosmos Policy: Fine-Tuning Video Models for Visuomotor Control and Planning,leaderboards/stat_significance_sam_export_20260522T233929/sam_libero_official_prev_sota.csv,170,libero_spatial,libero_spatial_prev_sota,98.1,98.8,-0.7,percent,494,490.5,494,490,0,0.5,python_round_nearest_even_matches_significance_cutoffs,-4,10,50,1,0.05,1.644853627,3,5,0.6,1,no_improvement,Per-suite binary success rate over 10 tasks x 50 official trials.
LIBERO,spatial,COT-FM: Cluster-wise Optimal Transport Flow Matching,leaderboards/stat_significance_sam_export_20260522T233929/sam_libero_official_prev_sota.csv,171,libero_spatial,libero_spatial_prev_sota,96.1,97.1,-1,percent,485.5,480.5,486,480,-0.5,0.5,python_round_nearest_even_matches_significance_cutoffs,-6,10,50,1,0.05,1.644853627,3,8,0.6,1.6,no_improvement,Per-suite binary success rate over 10 tasks x 50 official trials.
LIBERO,spatial,CycleVLA: Proactive Self-Correcting Vision-Language-Action Models via Subtask Backtracking and Minimum Bayes Risk Decoding,leaderboards/stat_significance_sam_export_20260522T233929/sam_libero_official_prev_sota.csv,172,libero_spatial,libero_spatial_prev_sota,97.6,94.4,3.2,percent,472,488,472,488,5.684341886e-14,0,python_round_nearest_even_matches_significance_cutoffs,16,10,50,1,0.05,1.644853627,3,12,0.6,2.4,provably_significant,Per-suite binary success rate over 10 tasks x 50 official trials.
LIBERO,spatial,DepthCache: Depth-Guided Training-Free Visual Token Merging for Vision-Language-Action Model Inference,leaderboards/stat_significance_sam_export_20260522T233929/sam_libero_official_prev_sota.csv,173,libero_spatial,libero_spatial_prev_sota,98.9,99,-0.1,percent,495,494.5,495,495,0,-0.5,python_round_nearest_even_matches_significance_cutoffs,0,10,50,1,0.05,1.644853627,3,5,0.6,1,no_improvement,Per-suite binary success rate over 10 tasks x 50 official trials.
LIBERO,spatial,Device-Conditioned Neural Architecture Search for Efficient Robotic Manipulation,leaderboards/stat_significance_sam_export_20260522T233929/sam_libero_official_prev_sota.csv,174,libero_spatial,libero_spatial_prev_sota,97.2,97.6,-0.4,percent,488,486,488,486,0,0,python_round_nearest_even_matches_significance_cutoffs,-2,10,50,1,0.05,1.644853627,3,7,0.6,1.4,no_improvement,Per-suite binary success rate over 10 tasks x 50 official trials.
LIBERO,spatial,DFM-VLA: Iterative Action Refinement for Robot Manipulation via Discrete Flow Matching,leaderboards/stat_significance_sam_export_20260522T233929/sam_libero_official_prev_sota.csv,175,libero_spatial,libero_spatial_prev_sota,96.8,97.5,-0.7,percent,487.5,484,488,484,-0.5,0,python_round_nearest_even_matches_significance_cutoffs,-4,10,50,1,0.05,1.644853627,3,7,0.6,1.4,no_improvement,Per-suite binary success rate over 10 tasks x 50 official trials.
LIBERO,spatial,DiT4DiT: Jointly Modeling Video Dynamics and Actions for Generalizable Robot Control,leaderboards/stat_significance_sam_export_20260522T233929/sam_libero_official_prev_sota.csv,176,libero_spatial,libero_spatial_prev_sota,98.4,98.8,-0.4,percent,494,492,494,492,0,5.684341886e-14,python_round_nearest_even_matches_significance_cutoffs,-2,10,50,1,0.05,1.644853627,3,5,0.6,1,no_improvement,Per-suite binary success rate over 10 tasks x 50 official trials.
LIBERO,spatial,DualCoT-VLA: Visual-Linguistic Chain of Thought via Parallel Reasoning for Vision-Language-Action Models,leaderboards/stat_significance_sam_export_20260522T233929/sam_libero_official_prev_sota.csv,177,libero_spatial,libero_spatial_prev_sota,99.4,98.8,0.6,percent,494,497,494,497,0,5.684341886e-14,python_round_nearest_even_matches_significance_cutoffs,3,10,50,1,0.05,1.644853627,3,5,0.6,1,indeterminate,Per-suite binary success rate over 10 tasks x 50 official trials.
LIBERO,spatial,DyQ-VLA: Temporal-Dynamic-Aware Quantization for Embodied Vision-Language-Action Models,leaderboards/stat_significance_sam_export_20260522T233929/sam_libero_official_prev_sota.csv,178,libero_spatial,libero_spatial_prev_sota,84.7,84.7,0,percent,423.5,423.5,424,424,-0.5,-0.5,python_round_nearest_even_matches_significance_cutoffs,0,10,50,1,0.05,1.644853627,3,20,0.6,4,no_improvement,Per-suite binary success rate over 10 tasks x 50 official trials.
LIBERO,spatial,DySL-VLA: Efficient Vision-Language-Action Model Inference via Dynamic-Static Layer-Skipping for Robot Manipulation,leaderboards/stat_significance_sam_export_20260522T233929/sam_libero_official_prev_sota.csv,179,libero_spatial,libero_spatial_prev_sota,98,97.6,0.4,percent,488,490,488,490,0,0,python_round_nearest_even_matches_significance_cutoffs,2,10,50,1,0.05,1.644853627,3,7,0.6,1.4,provably_not_significant,Per-suite binary success rate over 10 tasks x 50 official trials.
LIBERO,spatial,Efficient Long-Horizon Vision-Language-Action Models via Static-Dynamic Disentanglement,leaderboards/stat_significance_sam_export_20260522T233929/sam_libero_official_prev_sota.csv,180,libero_spatial,libero_spatial_prev_sota,97.8,96.2,1.6,percent,481,489,481,489,5.684341886e-14,0,python_round_nearest_even_matches_significance_cutoffs,8,10,50,1,0.05,1.644853627,3,9,0.6,1.8,indeterminate,Per-suite binary success rate over 10 tasks x 50 official trials.
LIBERO,spatial,Fast-dVLA: Accelerating Discrete Diffusion VLA to Real-Time Performance,leaderboards/stat_significance_sam_export_20260522T233929/sam_libero_official_prev_sota.csv,182,libero_spatial,libero_spatial_prev_sota,97,98.8,-1.8,percent,494,485,494,485,0,0,python_round_nearest_even_matches_significance_cutoffs,-9,10,50,1,0.05,1.644853627,3,5,0.6,1,no_improvement,Per-suite binary success rate over 10 tasks x 50 official trials.
LIBERO,spatial,Fast-ThinkAct: Efficient Vision-Language-Action Reasoning via Verbalizable Latent Planning,leaderboards/stat_significance_sam_export_20260522T233929/sam_libero_official_prev_sota.csv,183,libero_spatial,libero_spatial_prev_sota,92,88.3,3.7,percent,441.5,460,442,460,-0.5,0,python_round_nearest_even_matches_significance_cutoffs,18,10,50,1,0.05,1.644853627,3,17,0.6,3.4,provably_significant,Per-suite binary success rate over 10 tasks x 50 official trials.
LIBERO,spatial,Fast-WAM: Do World Action Models Need Test-time Future Imagination?,leaderboards/stat_significance_sam_export_20260522T233929/sam_libero_official_prev_sota.csv,184,libero_spatial,libero_spatial_prev_sota,98.2,98.8,-0.6,percent,494,491,494,491,0,0,python_round_nearest_even_matches_significance_cutoffs,-3,10,50,1,0.05,1.644853627,3,5,0.6,1,no_improvement,Per-suite binary success rate over 10 tasks x 50 official trials.
LIBERO,spatial,FASTER: Rethinking Real-Time Flow VLAs,leaderboards/stat_significance_sam_export_20260522T233929/sam_libero_official_prev_sota.csv,185,libero_spatial,libero_spatial_prev_sota,99,98.8,0.2,percent,494,495,494,495,0,0,python_round_nearest_even_matches_significance_cutoffs,1,10,50,1,0.05,1.644853627,3,5,0.6,1,provably_not_significant,Per-suite binary success rate over 10 tasks x 50 official trials.
LIBERO,spatial,FlowHijack: A Dynamics-Aware Backdoor Attack on Flow-Matching Vision-Language-Action Models,leaderboards/stat_significance_sam_export_20260522T233929/sam_libero_official_prev_sota.csv,186,libero_spatial,libero_spatial_prev_sota,96,96.8,-0.8,percent,484,480,484,480,0,0,python_round_nearest_even_matches_significance_cutoffs,-4,10,50,1,0.05,1.644853627,3,9,0.6,1.8,no_improvement,Per-suite binary success rate over 10 tasks x 50 official trials.
LIBERO,spatial,From Noise to Intent: Anchoring Generative VLA Policies with Residual Bridges,leaderboards/stat_significance_sam_export_20260522T233929/sam_libero_official_prev_sota.csv,187,libero_spatial,libero_spatial_prev_sota,96.8,97.8,-1,percent,489,484,489,484,0,0,python_round_nearest_even_matches_significance_cutoffs,-5,10,50,1,0.05,1.644853627,3,7,0.6,1.4,no_improvement,Per-suite binary success rate over 10 tasks x 50 official trials.
LIBERO,spatial,From Pixels to Tokens: A Systematic Study of Latent Action Supervision for Vision-Language-Action Models,leaderboards/stat_significance_sam_export_20260522T233929/sam_libero_official_prev_sota.csv,188,libero_spatial,libero_spatial_prev_sota,97.2,97.6,-0.4,percent,488,486,488,486,0,0,python_round_nearest_even_matches_significance_cutoffs,-2,10,50,1,0.05,1.644853627,3,7,0.6,1.4,no_improvement,Per-suite binary success rate over 10 tasks x 50 official trials.
LIBERO,spatial,Generative Control as Optimization: Time Unconditional Flow Matching for Adaptive and Robust Robotic Control,leaderboards/stat_significance_sam_export_20260522T233929/sam_libero_official_prev_sota.csv,189,libero_spatial,libero_spatial_prev_sota,97.4,98.8,-1.4,percent,494,487,494,487,0,5.684341886e-14,python_round_nearest_even_matches_significance_cutoffs,-7,10,50,1,0.05,1.644853627,3,5,0.6,1,no_improvement,Per-suite binary success rate over 10 tasks x 50 official trials.
LIBERO,spatial,GST-VLA: Structured Gaussian Spatial Tokens for 3D Depth-Aware Vision-Language-Action Models,leaderboards/stat_significance_sam_export_20260522T233929/sam_libero_official_prev_sota.csv,191,libero_spatial,libero_spatial_prev_sota,98.2,97.1,1.1,percent,485.5,491,486,491,-0.5,0,python_round_nearest_even_matches_significance_cutoffs,5,10,50,1,0.05,1.644853627,3,8,0.6,1.6,indeterminate,Per-suite binary success rate over 10 tasks x 50 official trials.
LIBERO,spatial,HeiSD: Hybrid Speculative Decoding for Embodied Vision-Language-Action Models with Kinematic Awareness,leaderboards/stat_significance_sam_export_20260522T233929/sam_libero_official_prev_sota.csv,192,libero_spatial,libero_spatial_prev_sota,78,80.4,-2.4,percent,402,390,402,390,0,0,python_round_nearest_even_matches_significance_cutoffs,-12,10,50,1,0.05,1.644853627,3,22,0.6,4.4,no_improvement,Per-suite binary success rate over 10 tasks x 50 official trials.
LIBERO,spatial,HoloBrain-0 Technical Report,leaderboards/stat_significance_sam_export_20260522T233929/sam_libero_official_prev_sota.csv,194,libero_spatial,libero_spatial_prev_sota,97.2,98.8,-1.6,percent,494,486,494,486,0,0,python_round_nearest_even_matches_significance_cutoffs,-8,10,50,1,0.05,1.644853627,3,5,0.6,1,no_improvement,Per-suite binary success rate over 10 tasks x 50 official trials.
LIBERO,spatial,JEPA-VLA: Video Predictive Embedding is Needed for VLA Models,leaderboards/stat_significance_sam_export_20260522T233929/sam_libero_official_prev_sota.csv,196,libero_spatial,libero_spatial_prev_sota,97.2,96.2,1,percent,481,486,481,486,5.684341886e-14,0,python_round_nearest_even_matches_significance_cutoffs,5,10,50,1,0.05,1.644853627,3,9,0.6,1.8,indeterminate,Per-suite binary success rate over 10 tasks x 50 official trials.
LIBERO,spatial,Joint-Aligned Latent Action: Towards Scalable VLA Pretraining in the Wild,leaderboards/stat_significance_sam_export_20260522T233929/sam_libero_official_prev_sota.csv,197,libero_spatial,libero_spatial_prev_sota,96,96.8,-0.8,percent,484,480,484,480,0,0,python_round_nearest_even_matches_significance_cutoffs,-4,10,50,1,0.05,1.644853627,3,9,0.6,1.8,no_improvement,Per-suite binary success rate over 10 tasks x 50 official trials.
LIBERO,spatial,KERV: Kinematic-Rectified Speculative Decoding for Embodied VLA Models,leaderboards/stat_significance_sam_export_20260522T233929/sam_libero_official_prev_sota.csv,198,libero_spatial,libero_spatial_prev_sota,83.7,85.2,-1.5,percent,426,418.5,426,419,0,-0.5,python_round_nearest_even_matches_significance_cutoffs,-7,10,50,1,0.05,1.644853627,3,19,0.6,3.8,no_improvement,Per-suite binary success rate over 10 tasks x 50 official trials.
LIBERO,spatial,LaMP: Learning Vision-Language-Action Policies with 3D Scene Flow as Latent Motion Prior,leaderboards/stat_significance_sam_export_20260522T233929/sam_libero_official_prev_sota.csv,199,libero_spatial,libero_spatial_prev_sota,99.4,98.8,0.6,percent,494,497,494,497,0,5.684341886e-14,python_round_nearest_even_matches_significance_cutoffs,3,10,50,1,0.05,1.644853627,3,5,0.6,1,indeterminate,Per-suite binary success rate over 10 tasks x 50 official trials.
LIBERO,spatial,LangForce: Bayesian Decomposition of Vision Language Action Models via Latent Action Queries,leaderboards/stat_significance_sam_export_20260522T233929/sam_libero_official_prev_sota.csv,200,libero_spatial,libero_spatial_prev_sota,99.2,98.8,0.4,percent,494,496,494,496,0,0,python_round_nearest_even_matches_significance_cutoffs,2,10,50,1,0.05,1.644853627,3,5,0.6,1,provably_not_significant,Per-suite binary success rate over 10 tasks x 50 official trials.
LIBERO,spatial,LangGap: Diagnosing and Closing the Language Gap in Vision-Language-Action Models,leaderboards/stat_significance_sam_export_20260522T233929/sam_libero_official_prev_sota.csv,201,libero_spatial,libero_spatial_prev_sota,97,97,0,percent,485,485,485,485,0,0,python_round_nearest_even_matches_significance_cutoffs,0,10,50,1,0.05,1.644853627,3,8,0.6,1.6,no_improvement,Per-suite binary success rate over 10 tasks x 50 official trials.
LIBERO,spatial,Language-Grounded Decoupled Action Representation for Robotic Manipulation,leaderboards/stat_significance_sam_export_20260522T233929/sam_libero_official_prev_sota.csv,202,libero_spatial,libero_spatial_prev_sota,95.2,96.4,-1.2,percent,482,476,482,476,5.684341886e-14,5.684341886e-14,python_round_nearest_even_matches_significance_cutoffs,-6,10,50,1,0.05,1.644853627,3,9,0.6,1.8,no_improvement,Per-suite binary success rate over 10 tasks x 50 official trials.
LIBERO,spatial,LAR-MoE: Latent-Aligned Routing for Mixture of Experts in Robotic Imitation Learning,leaderboards/stat_significance_sam_export_20260522T233929/sam_libero_official_prev_sota.csv,203,libero_spatial,libero_spatial_prev_sota,98,98,0,percent,490,490,490,490,0,0,python_round_nearest_even_matches_significance_cutoffs,0,10,50,1,0.05,1.644853627,3,7,0.6,1.4,no_improvement,Per-suite binary success rate over 10 tasks x 50 official trials.
LIBERO,spatial,Latent Bridge: Feature Delta Prediction for Efficient Dual-System Vision-Language-Action Model Inference,leaderboards/stat_significance_sam_export_20260522T233929/sam_libero_official_prev_sota.csv,204,libero_spatial,libero_spatial_prev_sota,99,98.83,0.17,percent,494.15,495,494,495,0.15,0,python_round_nearest_even_matches_significance_cutoffs,1,10,50,1,0.05,1.644853627,3,5,0.6,1,provably_not_significant,Per-suite binary success rate over 10 tasks x 50 official trials.
LIBERO,spatial,Learning Diffusion Policy from Primitive Skills for Robot Manipulation,leaderboards/stat_significance_sam_export_20260522T233929/sam_libero_official_prev_sota.csv,205,libero_spatial,libero_spatial_prev_sota,98.3,95.2,3.1,percent,476,491.5,476,492,5.684341886e-14,-0.5,python_round_nearest_even_matches_significance_cutoffs,16,10,50,1,0.05,1.644853627,3,11,0.6,2.2,provably_significant,Per-suite binary success rate over 10 tasks x 50 official trials.
LIBERO,spatial,Learning Physics from Pretrained Video Models: A Multimodal Continuous and Sequential World Interaction Models for Robotic Manipulation,leaderboards/stat_significance_sam_export_20260522T233929/sam_libero_official_prev_sota.csv,206,libero_spatial,libero_spatial_prev_sota,91,96,-5,percent,480,455,480,455,0,0,python_round_nearest_even_matches_significance_cutoffs,-25,10,50,1,0.05,1.644853627,3,10,0.6,2,no_improvement,Per-suite binary success rate over 10 tasks x 50 official trials.
LIBERO,spatial,Learning to Accelerate Vision-Language-Action Models through Adaptive Visual Token Caching,leaderboards/stat_significance_sam_export_20260522T233929/sam_libero_official_prev_sota.csv,207,libero_spatial,libero_spatial_prev_sota,85.6,84.4,1.2,percent,422,428,422,428,5.684341886e-14,0,python_round_nearest_even_matches_significance_cutoffs,6,10,50,1,0.05,1.644853627,3,20,0.6,4,indeterminate,Per-suite binary success rate over 10 tasks x 50 official trials.
LIBERO,spatial,Libra-VLA: Achieving Learning Equilibrium via Asynchronous Coarse-to-Fine Dual-System,leaderboards/stat_significance_sam_export_20260522T233929/sam_libero_official_prev_sota.csv,209,libero_spatial,libero_spatial_prev_sota,98.6,98.8,-0.2,percent,494,493,494,493,0,0,python_round_nearest_even_matches_significance_cutoffs,-1,10,50,1,0.05,1.644853627,3,5,0.6,1,no_improvement,Per-suite binary success rate over 10 tasks x 50 official trials.
LIBERO,spatial,$M^2$-VLA: Boosting Vision-Language Models for Generalizable Manipulation via Layer Mixture and Meta-Skills,leaderboards/stat_significance_sam_export_20260522T233929/sam_libero_official_prev_sota.csv,210,libero_spatial,libero_spatial_prev_sota,97.8,94.4,3.4,percent,472,489,472,489,5.684341886e-14,0,python_round_nearest_even_matches_significance_cutoffs,17,10,50,1,0.05,1.644853627,3,12,0.6,2.4,provably_significant,Per-suite binary success rate over 10 tasks x 50 official trials.
LIBERO,spatial,Mask World Model: Predicting What Matters for Robust Robot Policy Learning,leaderboards/stat_significance_sam_export_20260522T233929/sam_libero_official_prev_sota.csv,211,libero_spatial,libero_spatial_prev_sota,98.8,98.2,0.6,percent,491,494,491,494,0,0,python_round_nearest_even_matches_significance_cutoffs,3,10,50,1,0.05,1.644853627,3,6,0.6,1.2,indeterminate,Per-suite binary success rate over 10 tasks x 50 official trials.
LIBERO,spatial,MMaDA-VLA: Large Diffusion Vision-Language-Action Model with Unified Multi-Modal Instruction and Generation,leaderboards/stat_significance_sam_export_20260522T233929/sam_libero_official_prev_sota.csv,212,libero_spatial,libero_spatial_prev_sota,98.8,98.8,0,percent,494,494,494,494,0,0,python_round_nearest_even_matches_significance_cutoffs,0,10,50,1,0.05,1.644853627,3,5,0.6,1,no_improvement,Per-suite binary success rate over 10 tasks x 50 official trials.
LIBERO,spatial,MoIRA: Modular instruction routing architecture for multi-task robotics,leaderboards/stat_significance_sam_export_20260522T233929/sam_libero_official_prev_sota.csv,213,libero_spatial,libero_spatial_prev_sota,94,90,4,percent,450,470,450,470,0,0,python_round_nearest_even_matches_significance_cutoffs,20,10,50,1,0.05,1.644853627,3,16,0.6,3.2,provably_significant,Per-suite binary success rate over 10 tasks x 50 official trials.
LIBERO,spatial,Neural Implicit Action Fields: From Discrete Waypoints to Continuous Functions for Vision-Language-Action Models,leaderboards/stat_significance_sam_export_20260522T233929/sam_libero_official_prev_sota.csv,215,libero_spatial,libero_spatial_prev_sota,98.2,97.1,1.1,percent,485.5,491,486,491,-0.5,0,python_round_nearest_even_matches_significance_cutoffs,5,10,50,1,0.05,1.644853627,3,8,0.6,1.6,indeterminate,Per-suite binary success rate over 10 tasks x 50 official trials.
LIBERO,spatial,OFlow: Injecting Object-Aware Temporal Flow Matching for Robust Robotic Manipulation,leaderboards/stat_significance_sam_export_20260522T233929/sam_libero_official_prev_sota.csv,218,libero_spatial,libero_spatial_prev_sota,98,98,0,percent,490,490,490,490,0,0,python_round_nearest_even_matches_significance_cutoffs,0,10,50,1,0.05,1.644853627,3,7,0.6,1.4,no_improvement,Per-suite binary success rate over 10 tasks x 50 official trials.
LIBERO,spatial,OmniVLA-RL: A Vision-Language-Action Model with Spatial Understanding and Online RL,leaderboards/stat_significance_sam_export_20260522T233929/sam_libero_official_prev_sota.csv,219,libero_spatial,libero_spatial_prev_sota,99.2,98.8,0.4,percent,494,496,494,496,0,0,python_round_nearest_even_matches_significance_cutoffs,2,10,50,1,0.05,1.644853627,3,5,0.6,1,provably_not_significant,Per-suite binary success rate over 10 tasks x 50 official trials.
LIBERO,spatial,OxyGen: Unified KV Cache Management for Vision-Language-Action Models under Multi-Task Parallelism,leaderboards/stat_significance_sam_export_20260522T233929/sam_libero_official_prev_sota.csv,220,libero_spatial,libero_spatial_prev_sota,98,98.8,-0.8,percent,494,490,494,490,0,0,python_round_nearest_even_matches_significance_cutoffs,-4,10,50,1,0.05,1.644853627,3,5,0.6,1,no_improvement,Per-suite binary success rate over 10 tasks x 50 official trials.
LIBERO,spatial,PALM: Progress-Aware Policy Learning via Affordance Reasoning for Long-Horizon Robotic Manipulation,leaderboards/stat_significance_sam_export_20260522T233929/sam_libero_official_prev_sota.csv,221,libero_spatial,libero_spatial_prev_sota,95.2,88.2,7,percent,441,476,441,476,0,5.684341886e-14,python_round_nearest_even_matches_significance_cutoffs,35,10,50,1,0.05,1.644853627,3,17,0.6,3.4,provably_significant,Per-suite binary success rate over 10 tasks x 50 official trials.
LIBERO,spatial,Phantom Menace: Exploring and Enhancing the Robustness of VLA Models Against Physical Sensor Attacks,leaderboards/stat_significance_sam_export_20260522T233929/sam_libero_official_prev_sota.csv,222,libero_spatial,libero_spatial_prev_sota,97.6,97.6,0,percent,488,488,488,488,0,0,python_round_nearest_even_matches_significance_cutoffs,0,10,50,1,0.05,1.644853627,3,7,0.6,1.4,no_improvement,Per-suite binary success rate over 10 tasks x 50 official trials.
LIBERO,spatial,PokeVLA: Empowering Pocket-Sized Vision-Language-Action Model with Comprehensive World Knowledge Guidance,leaderboards/stat_significance_sam_export_20260522T233929/sam_libero_official_prev_sota.csv,223,libero_spatial,libero_spatial_prev_sota,99.6,99.6,0,percent,498,498,498,498,0,0,python_round_nearest_even_matches_significance_cutoffs,0,10,50,1,0.05,1.644853627,unknown,unknown,unknown,unknown,no_improvement,Per-suite binary success rate over 10 tasks x 50 official trials.
LIBERO,spatial,Pri4R: Learning World Dynamics for Vision-Language-Action Models with Privileged 4D Representation,leaderboards/stat_significance_sam_export_20260522T233929/sam_libero_official_prev_sota.csv,224,libero_spatial,libero_spatial_prev_sota,93.2,96.1,-2.9,percent,480.5,466,480,466,0.5,0,python_round_nearest_even_matches_significance_cutoffs,-14,10,50,1,0.05,1.644853627,3,10,0.6,2,no_improvement,Per-suite binary success rate over 10 tasks x 50 official trials.
LIBERO,spatial,Privileged Foresight Distillation: Zero-Cost Future Correction for World Action Models,leaderboards/stat_significance_sam_export_20260522T233929/sam_libero_official_prev_sota.csv,225,libero_spatial,libero_spatial_prev_sota,98.6,98.8,-0.2,percent,494,493,494,493,0,0,python_round_nearest_even_matches_significance_cutoffs,-1,10,50,1,0.05,1.644853627,3,5,0.6,1,no_improvement,Per-suite binary success rate over 10 tasks x 50 official trials.
LIBERO,spatial,ProgressVLA: Progress-Guided Diffusion Policy for Vision-Language Robotic Manipulation,leaderboards/stat_significance_sam_export_20260522T233929/sam_libero_official_prev_sota.csv,226,libero_spatial,libero_spatial_prev_sota,88.2,84.7,3.5,percent,423.5,441,424,441,-0.5,0,python_round_nearest_even_matches_significance_cutoffs,17,10,50,1,0.05,1.644853627,3,20,0.6,4,indeterminate,Per-suite binary success rate over 10 tasks x 50 official trials.
LIBERO,spatial,QuantVLA: Scale-Calibrated Post-Training Quantization for Vision-Language-Action Models,leaderboards/stat_significance_sam_export_20260522T233929/sam_libero_official_prev_sota.csv,227,libero_spatial,libero_spatial_prev_sota,98.5,98.5,0,percent,492.5,492.5,492,492,0.5,0.5,python_round_nearest_even_matches_significance_cutoffs,0,10,50,1,0.05,1.644853627,3,6,0.6,1.2,no_improvement,Per-suite binary success rate over 10 tasks x 50 official trials.
LIBERO,spatial,QVLA: Not All Channels Are Equal in Vision-Language-Action Model's Quantization,leaderboards/stat_significance_sam_export_20260522T233929/sam_libero_official_prev_sota.csv,228,libero_spatial,libero_spatial_prev_sota,96.2,97.6,-1.4,percent,488,481,488,481,0,5.684341886e-14,python_round_nearest_even_matches_significance_cutoffs,-7,10,50,1,0.05,1.644853627,3,7,0.6,1.4,no_improvement,Per-suite binary success rate over 10 tasks x 50 official trials.
LIBERO,spatial,Recurrent-Depth VLA: Implicit Test-Time Compute Scaling of Vision-Language-Action Models via Latent Iterative Reasoning,leaderboards/stat_significance_sam_export_20260522T233929/sam_libero_official_prev_sota.csv,229,libero_spatial,libero_spatial_prev_sota,92,96.4,-4.4,percent,482,460,482,460,5.684341886e-14,0,python_round_nearest_even_matches_significance_cutoffs,-22,10,50,1,0.05,1.644853627,3,9,0.6,1.8,no_improvement,Per-suite binary success rate over 10 tasks x 50 official trials.
LIBERO,spatial,Reshaping Action Error Distributions for Reliable Vision-Language-Action Models,leaderboards/stat_significance_sam_export_20260522T233929/sam_libero_official_prev_sota.csv,231,libero_spatial,libero_spatial_prev_sota,99.8,99.4,0.4,percent,497,499,497,499,5.684341886e-14,0,python_round_nearest_even_matches_significance_cutoffs,2,10,50,1,0.05,1.644853627,3,3,0.6,0.6,provably_not_significant,Per-suite binary success rate over 10 tasks x 50 official trials.
LIBERO,spatial,Restoring Linguistic Grounding in VLA Models via Train-Free Attention Recalibration,leaderboards/stat_significance_sam_export_20260522T233929/sam_libero_official_prev_sota.csv,232,libero_spatial,libero_spatial_prev_sota,97.6,97.6,0,percent,488,488,488,488,0,0,python_round_nearest_even_matches_significance_cutoffs,0,10,50,1,0.05,1.644853627,3,7,0.6,1.4,no_improvement,Per-suite binary success rate over 10 tasks x 50 official trials.
LIBERO,spatial,"Rethinking Visual-Language-Action Model Scaling: Alignment, Mixture, and Regularization",leaderboards/stat_significance_sam_export_20260522T233929/sam_libero_official_prev_sota.csv,234,libero_spatial,libero_spatial_prev_sota,98.4,98.8,-0.4,percent,494,492,494,492,0,5.684341886e-14,python_round_nearest_even_matches_significance_cutoffs,-2,10,50,1,0.05,1.644853627,3,5,0.6,1,no_improvement,Per-suite binary success rate over 10 tasks x 50 official trials.
LIBERO,spatial,ReViP: Mitigating False Completion in Vision-Language-Action Models with Vision-Proprioception Rebalance,leaderboards/stat_significance_sam_export_20260522T233929/sam_libero_official_prev_sota.csv,235,libero_spatial,libero_spatial_prev_sota,99,98,1,percent,490,495,490,495,0,0,python_round_nearest_even_matches_significance_cutoffs,5,10,50,1,0.05,1.644853627,3,7,0.6,1.4,indeterminate,Per-suite binary success rate over 10 tasks x 50 official trials.
LIBERO,spatial,RoboAlign: Learning Test-Time Reasoning for Language-Action Alignment in Vision-Language-Action Models,leaderboards/stat_significance_sam_export_20260522T233929/sam_libero_official_prev_sota.csv,237,libero_spatial,libero_spatial_prev_sota,93.8,88.3,5.5,percent,441.5,469,442,469,-0.5,0,python_round_nearest_even_matches_significance_cutoffs,27,10,50,1,0.05,1.644853627,3,17,0.6,3.4,provably_significant,Per-suite binary success rate over 10 tasks x 50 official trials.
LIBERO,spatial,Robotic Manipulation is Vision-to-Geometry Mapping ($f(v) \rightarrow G$): Vision-Geometry Backbones over Language and Video Models,leaderboards/stat_significance_sam_export_20260522T233929/sam_libero_official_prev_sota.csv,239,libero_spatial,libero_spatial_prev_sota,99,98.8,0.2,percent,494,495,494,495,0,0,python_round_nearest_even_matches_significance_cutoffs,1,10,50,1,0.05,1.644853627,3,5,0.6,1,provably_not_significant,Per-suite binary success rate over 10 tasks x 50 official trials.
LIBERO,spatial,ROCKET: Residual-Oriented Multi-Layer Alignment for Spatially-Aware Vision-Language-Action Models,leaderboards/stat_significance_sam_export_20260522T233929/sam_libero_official_prev_sota.csv,240,libero_spatial,libero_spatial_prev_sota,98.2,99.4,-1.2,percent,497,491,497,491,5.684341886e-14,0,python_round_nearest_even_matches_significance_cutoffs,-6,10,50,1,0.05,1.644853627,3,3,0.6,0.6,no_improvement,Per-suite binary success rate over 10 tasks x 50 official trials.
LIBERO,spatial,SaiVLA-0: Cerebrum--Pons--Cerebellum Tripartite Architecture for Compute-Aware Vision-Language-Action,leaderboards/stat_significance_sam_export_20260522T233929/sam_libero_official_prev_sota.csv,241,libero_spatial,libero_spatial_prev_sota,99.8,98.8,1,percent,494,499,494,499,0,0,python_round_nearest_even_matches_significance_cutoffs,5,10,50,1,0.05,1.644853627,3,5,0.6,1,provably_significant,Per-suite binary success rate over 10 tasks x 50 official trials.
LIBERO,spatial,"Say, Dream, and Act: Learning Video World Models for Instruction-Driven Robot Manipulation",leaderboards/stat_significance_sam_export_20260522T233929/sam_libero_official_prev_sota.csv,242,libero_spatial,libero_spatial_prev_sota,99.4,97.6,1.8,percent,488,497,488,497,0,5.684341886e-14,python_round_nearest_even_matches_significance_cutoffs,9,10,50,1,0.05,1.644853627,3,7,0.6,1.4,provably_significant,Per-suite binary success rate over 10 tasks x 50 official trials.
LIBERO,spatial,"See, Plan, Rewind: Progress-Aware Vision-Language-Action Models for Robust Robotic Manipulation",leaderboards/stat_significance_sam_export_20260522T233929/sam_libero_official_prev_sota.csv,243,libero_spatial,libero_spatial_prev_sota,93.2,96.4,-3.2,percent,482,466,482,466,5.684341886e-14,0,python_round_nearest_even_matches_significance_cutoffs,-16,10,50,1,0.05,1.644853627,3,9,0.6,1.8,no_improvement,Per-suite binary success rate over 10 tasks x 50 official trials.
LIBERO,spatial,Shallow-π: Knowledge Distillation for Flow-based VLAs,leaderboards/stat_significance_sam_export_20260522T233929/sam_libero_official_prev_sota.csv,245,libero_spatial,libero_spatial_prev_sota,99,99,0,percent,495,495,495,495,0,0,python_round_nearest_even_matches_significance_cutoffs,0,10,50,1,0.05,1.644853627,3,5,0.6,1,no_improvement,Per-suite binary success rate over 10 tasks x 50 official trials.
LIBERO,spatial,SimVLA: A Simple VLA Baseline for Robotic Manipulation,leaderboards/stat_significance_sam_export_20260522T233929/sam_libero_official_prev_sota.csv,247,libero_spatial,libero_spatial_prev_sota,99.6,98.8,0.8,percent,494,498,494,498,0,0,python_round_nearest_even_matches_significance_cutoffs,4,10,50,1,0.05,1.644853627,3,5,0.6,1,indeterminate,Per-suite binary success rate over 10 tasks x 50 official trials.
LIBERO,spatial,SmoothVLA: Aligning Vision-Language-Action Models with Physical Constraints via Intrinsic Smoothness Optimization,leaderboards/stat_significance_sam_export_20260522T233929/sam_libero_official_prev_sota.csv,248,libero_spatial,libero_spatial_prev_sota,85.6,84.5,1.1,percent,422.5,428,422,428,0.5,0,python_round_nearest_even_matches_significance_cutoffs,6,10,50,1,0.05,1.644853627,3,20,0.6,4,indeterminate,Per-suite binary success rate over 10 tasks x 50 official trials.
LIBERO,spatial,SnapFlow: One-Step Action Generation for Flow-Matching VLAs via Progressive Self-Distillation,leaderboards/stat_significance_sam_export_20260522T233929/sam_libero_official_prev_sota.csv,249,libero_spatial,libero_spatial_prev_sota,99,98,1,percent,490,495,490,495,0,0,python_round_nearest_even_matches_significance_cutoffs,5,10,50,1,0.05,1.644853627,3,7,0.6,1.4,indeterminate,Per-suite binary success rate over 10 tasks x 50 official trials.
LIBERO,spatial,Speedup Patch: Learning a Plug-and-Play Policy to Accelerate Embodied Manipulation,leaderboards/stat_significance_sam_export_20260522T233929/sam_libero_official_prev_sota.csv,250,libero_spatial,libero_spatial_prev_sota,97.2,98.8,-1.6,percent,494,486,494,486,0,0,python_round_nearest_even_matches_significance_cutoffs,-8,10,50,1,0.05,1.644853627,3,5,0.6,1,no_improvement,Per-suite binary success rate over 10 tasks x 50 official trials.
LIBERO,spatial,ST-$π$: Structured SpatioTemporal VLA for Robotic Manipulation,leaderboards/stat_significance_sam_export_20260522T233929/sam_libero_official_prev_sota.csv,251,libero_spatial,libero_spatial_prev_sota,98.4,98.8,-0.4,percent,494,492,494,492,0,5.684341886e-14,python_round_nearest_even_matches_significance_cutoffs,-2,10,50,1,0.05,1.644853627,3,5,0.6,1,no_improvement,Per-suite binary success rate over 10 tasks x 50 official trials.
LIBERO,spatial,Stable Language Guidance for Vision-Language-Action Models,leaderboards/stat_significance_sam_export_20260522T233929/sam_libero_official_prev_sota.csv,252,libero_spatial,libero_spatial_prev_sota,98.6,96.8,1.8,percent,484,493,484,493,0,0,python_round_nearest_even_matches_significance_cutoffs,9,10,50,1,0.05,1.644853627,3,9,0.6,1.8,provably_significant,Per-suite binary success rate over 10 tasks x 50 official trials.
LIBERO,spatial,StarVLA: A Lego-like Codebase for Vision-Language-Action Model Developing,leaderboards/stat_significance_sam_export_20260522T233929/sam_libero_official_prev_sota.csv,253,libero_spatial,libero_spatial_prev_sota,97.8,97.6,0.2,percent,488,489,488,489,0,0,python_round_nearest_even_matches_significance_cutoffs,1,10,50,1,0.05,1.644853627,3,7,0.6,1.4,provably_not_significant,Per-suite binary success rate over 10 tasks x 50 official trials.
LIBERO,spatial,StarVLA-$α$: Reducing Complexity in Vision-Language-Action Systems,leaderboards/stat_significance_sam_export_20260522T233929/sam_libero_official_prev_sota.csv,254,libero_spatial,libero_spatial_prev_sota,99,98.8,0.2,percent,494,495,494,495,0,0,python_round_nearest_even_matches_significance_cutoffs,1,10,50,1,0.05,1.644853627,3,5,0.6,1,provably_not_significant,Per-suite binary success rate over 10 tasks x 50 official trials.
LIBERO,spatial,StreamingVLA: Streaming Vision-Language-Action Model with Action Flow Matching and Adaptive Early Observation,leaderboards/stat_significance_sam_export_20260522T233929/sam_libero_official_prev_sota.csv,255,libero_spatial,libero_spatial_prev_sota,96.6,98.8,-2.2,percent,494,483,494,483,0,0,python_round_nearest_even_matches_significance_cutoffs,-11,10,50,1,0.05,1.644853627,3,5,0.6,1,no_improvement,Per-suite binary success rate over 10 tasks x 50 official trials.
LIBERO,spatial,StreamVLA: Breaking the Reason-Act Cycle via Completion-State Gating,leaderboards/stat_significance_sam_export_20260522T233929/sam_libero_official_prev_sota.csv,256,libero_spatial,libero_spatial_prev_sota,99.2,98.8,0.4,percent,494,496,494,496,0,0,python_round_nearest_even_matches_significance_cutoffs,2,10,50,1,0.05,1.644853627,3,5,0.6,1,provably_not_significant,Per-suite binary success rate over 10 tasks x 50 official trials.
LIBERO,spatial,Test-Time Perturbation Learning with Delayed Feedback for Vision-Language-Action Models,leaderboards/stat_significance_sam_export_20260522T233929/sam_libero_official_prev_sota.csv,259,libero_spatial,libero_spatial_prev_sota,90,85,5,percent,425,450,425,450,0,0,python_round_nearest_even_matches_significance_cutoffs,25,10,50,1,0.05,1.644853627,3,19,0.6,3.8,provably_significant,Per-suite binary success rate over 10 tasks x 50 official trials.
LIBERO,spatial,Thinking in Text and Images: Interleaved Vision--Language Reasoning Traces for Long-Horizon Robot Manipulation,leaderboards/stat_significance_sam_export_20260522T233929/sam_libero_official_prev_sota.csv,261,libero_spatial,libero_spatial_prev_sota,97.8,97,0.8,percent,485,489,485,489,0,0,python_round_nearest_even_matches_significance_cutoffs,4,10,50,1,0.05,1.644853627,3,8,0.6,1.6,indeterminate,Per-suite binary success rate over 10 tasks x 50 official trials.
LIBERO,spatial,Towards Long-Lived Robots: Continual Learning VLA Models via Reinforcement Fine-Tuning,leaderboards/stat_significance_sam_export_20260522T233929/sam_libero_official_prev_sota.csv,262,libero_spatial,libero_spatial_prev_sota,98.2,98,0.2,percent,490,491,490,491,0,0,python_round_nearest_even_matches_significance_cutoffs,1,10,50,1,0.05,1.644853627,3,7,0.6,1.4,provably_not_significant,Per-suite binary success rate over 10 tasks x 50 official trials.
LIBERO,spatial,Towards Practical World Model-based Reinforcement Learning for Vision-Language-Action Models,leaderboards/stat_significance_sam_export_20260522T233929/sam_libero_official_prev_sota.csv,263,libero_spatial,libero_spatial_prev_sota,87.8,86,1.8,percent,430,439,430,439,0,0,python_round_nearest_even_matches_significance_cutoffs,9,10,50,1,0.05,1.644853627,3,19,0.6,3.8,indeterminate,Per-suite binary success rate over 10 tasks x 50 official trials.
LIBERO,spatial,TTQ: Activation-Aware Test-Time Quantization to Accelerate LLM Inference On The Fly,leaderboards/stat_significance_sam_export_20260522T233929/sam_libero_official_prev_sota.csv,264,libero_spatial,libero_spatial_prev_sota,94.5,97.5,-3,percent,487.5,472.5,488,472,-0.5,0.5,python_round_nearest_even_matches_significance_cutoffs,-16,10,50,1,0.05,1.644853627,3,7,0.6,1.4,no_improvement,Per-suite binary success rate over 10 tasks x 50 official trials.
LIBERO,spatial,Universal Pose Pretraining for Generalizable Vision-Language-Action Policies,leaderboards/stat_significance_sam_export_20260522T233929/sam_libero_official_prev_sota.csv,266,libero_spatial,libero_spatial_prev_sota,96.5,98.8,-2.3,percent,494,482.5,494,482,0,0.5,python_round_nearest_even_matches_significance_cutoffs,-12,10,50,1,0.05,1.644853627,3,5,0.6,1,no_improvement,Per-suite binary success rate over 10 tasks x 50 official trials.
LIBERO,spatial,Unmasking the Illusion of Embodied Reasoning in Vision-Language-Action Models,leaderboards/stat_significance_sam_export_20260522T233929/sam_libero_official_prev_sota.csv,267,libero_spatial,libero_spatial_prev_sota,96.6,99.2,-2.6,percent,496,483,496,483,0,0,python_round_nearest_even_matches_significance_cutoffs,-13,10,50,1,0.05,1.644853627,3,4,0.6,0.8,no_improvement,Per-suite binary success rate over 10 tasks x 50 official trials.
LIBERO,spatial,VISTA: Enhancing Visual Conditioning via Track-Following Preference Optimization in Vision-Language-Action Models,leaderboards/stat_significance_sam_export_20260522T233929/sam_libero_official_prev_sota.csv,268,libero_spatial,libero_spatial_prev_sota,84.8,88.2,-3.4,percent,441,424,441,424,0,0,python_round_nearest_even_matches_significance_cutoffs,-17,10,50,1,0.05,1.644853627,3,17,0.6,3.4,no_improvement,Per-suite binary success rate over 10 tasks x 50 official trials.
LIBERO,spatial,VLA-Adapter: An Effective Paradigm for Tiny-Scale Vision-Language-Action Model,leaderboards/stat_significance_sam_export_20260522T233929/sam_libero_official_prev_sota.csv,269,libero_spatial,libero_spatial_prev_sota,97.8,97.6,0.2,percent,488,489,488,489,0,0,python_round_nearest_even_matches_significance_cutoffs,1,10,50,1,0.05,1.644853627,3,7,0.6,1.4,provably_not_significant,Per-suite binary success rate over 10 tasks x 50 official trials.
LIBERO,spatial,VLA-GSE: Boosting Parameter-Efficient Fine-Tuning in VLA with Generalized and Specialized Experts,leaderboards/stat_significance_sam_export_20260522T233929/sam_libero_official_prev_sota.csv,272,libero_spatial,libero_spatial_prev_sota,98.8,99,-0.2,percent,495,494,495,494,0,0,python_round_nearest_even_matches_significance_cutoffs,-1,10,50,1,0.05,1.644853627,3,5,0.6,1,no_improvement,Per-suite binary success rate over 10 tasks x 50 official trials.
LIBERO,spatial,VLA-IAP: Training-Free Visual Token Pruning via Interaction Alignment for Vision-Language-Action Models,leaderboards/stat_significance_sam_export_20260522T233929/sam_libero_official_prev_sota.csv,273,libero_spatial,libero_spatial_prev_sota,97.6,99.4,-1.8,percent,497,488,497,488,5.684341886e-14,0,python_round_nearest_even_matches_significance_cutoffs,-9,10,50,1,0.05,1.644853627,3,3,0.6,0.6,no_improvement,Per-suite binary success rate over 10 tasks x 50 official trials.
LIBERO,spatial,VLA-InfoEntropy: A Training-Free Vision-Attention Information Entropy Approach for Vision-Language-Action Models Inference Acceleration and Success,leaderboards/stat_significance_sam_export_20260522T233929/sam_libero_official_prev_sota.csv,274,libero_spatial,libero_spatial_prev_sota,86.4,85.8,0.6,percent,429,432,429,432,0,5.684341886e-14,python_round_nearest_even_matches_significance_cutoffs,3,10,50,1,0.05,1.644853627,3,19,0.6,3.8,indeterminate,Per-suite binary success rate over 10 tasks x 50 official trials.
LIBERO,spatial,VLA-JEPA: Enhancing Vision-Language-Action Model with Latent World Model,leaderboards/stat_significance_sam_export_20260522T233929/sam_libero_official_prev_sota.csv,275,libero_spatial,libero_spatial_prev_sota,96.2,98.8,-2.6,percent,494,481,494,481,0,5.684341886e-14,python_round_nearest_even_matches_significance_cutoffs,-13,10,50,1,0.05,1.644853627,3,5,0.6,1,no_improvement,Per-suite binary success rate over 10 tasks x 50 official trials.
LIBERO,spatial,VLA-Thinker: Boosting Vision-Language-Action Models through Thinking-with-Image Reasoning,leaderboards/stat_significance_sam_export_20260522T233929/sam_libero_official_prev_sota.csv,276,libero_spatial,libero_spatial_prev_sota,98.7,96.8,1.9,percent,484,493.5,484,494,0,-0.5,python_round_nearest_even_matches_significance_cutoffs,10,10,50,1,0.05,1.644853627,3,9,0.6,1.8,provably_significant,Per-suite binary success rate over 10 tasks x 50 official trials.
LIBERO,spatial,VolumeDP: Modeling Volumetric Representation for Manipulation Policy Learning,leaderboards/stat_significance_sam_export_20260522T233929/sam_libero_official_prev_sota.csv,277,libero_spatial,libero_spatial_prev_sota,90.7,81.1,9.6,percent,405.5,453.5,406,454,-0.5,-0.5,python_round_nearest_even_matches_significance_cutoffs,48,10,50,1,0.05,1.644853627,3,22,0.6,4.4,provably_significant,Per-suite binary success rate over 10 tasks x 50 official trials.
LIBERO,spatial,When Vision Overrides Language: Evaluating and Mitigating Counterfactual Failures in VLAs,leaderboards/stat_significance_sam_export_20260522T233929/sam_libero_official_prev_sota.csv,278,libero_spatial,libero_spatial_prev_sota,98.8,98.8,0,percent,494,494,494,494,0,0,python_round_nearest_even_matches_significance_cutoffs,0,10,50,1,0.05,1.644853627,3,5,0.6,1,no_improvement,Per-suite binary success rate over 10 tasks x 50 official trials.
LIBERO,spatial,World-Value-Action Model: Implicit Planning for Vision-Language-Action Systems,leaderboards/stat_significance_sam_export_20260522T233929/sam_libero_official_prev_sota.csv,280,libero_spatial,libero_spatial_prev_sota,99.6,98.8,0.8,percent,494,498,494,498,0,0,python_round_nearest_even_matches_significance_cutoffs,4,10,50,1,0.05,1.644853627,3,5,0.6,1,indeterminate,Per-suite binary success rate over 10 tasks x 50 official trials.
LIBERO,spatial,World2Act: Latent Action Post-Training via Skill-Compositional World Models,leaderboards/stat_significance_sam_export_20260522T233929/sam_libero_official_prev_sota.csv,281,libero_spatial,libero_spatial_prev_sota,98,99.1,-1.1,percent,495.5,490,496,490,-0.5,0,python_round_nearest_even_matches_significance_cutoffs,-6,10,50,1,0.05,1.644853627,3,4,0.6,0.8,no_improvement,Per-suite binary success rate over 10 tasks x 50 official trials.
LIBERO,spatial,WoVR: World Models as Reliable Simulators for Post-Training VLA Policies with RL,leaderboards/stat_significance_sam_export_20260522T233929/sam_libero_official_prev_sota.csv,282,libero_spatial,libero_spatial_prev_sota,81.5,67.8,13.7,percent,339,407.5,339,408,-5.684341886e-14,-0.5,python_round_nearest_even_matches_significance_cutoffs,69,10,50,1,0.05,1.644853627,3,29,0.6,5.8,provably_significant,Per-suite binary success rate over 10 tasks x 50 official trials.
LIBERO,spatial,Xiaomi-Robotics-0: An Open-Sourced Vision-Language-Action Model with Real-Time Execution,leaderboards/stat_significance_sam_export_20260522T233929/sam_libero_official_prev_sota.csv,283,libero_spatial,libero_spatial_prev_sota,98.8,99.7,-0.9,percent,498.5,494,498,494,0.5,0,python_round_nearest_even_matches_significance_cutoffs,-4,10,50,1,0.05,1.644853627,unknown,unknown,unknown,unknown,no_improvement,Per-suite binary success rate over 10 tasks x 50 official trials.
LIBERO,spatial,You've Got a Golden Ticket: Improving Generative Robot Policies With A Single Noise Vector,leaderboards/stat_significance_sam_export_20260522T233929/sam_libero_official_prev_sota.csv,284,libero_spatial,libero_spatial_prev_sota,93.4,80.4,13,percent,402,467,402,467,0,0,python_round_nearest_even_matches_significance_cutoffs,65,10,50,1,0.05,1.644853627,3,22,0.6,4.4,provably_significant,Per-suite binary success rate over 10 tasks x 50 official trials.
LIBERO,spatial,One Token Per Frame: Reconsidering Visual Bandwidth in World Models for VLA Policy,leaderboards/stat_significance_sam_export_20260522T233929/sam_libero_official_prev_sota.csv,285,libero_spatial,libero_spatial_prev_sota,98.2,98.8,-0.6,percent,494,491,494,491,0,0,python_round_nearest_even_matches_significance_cutoffs,-3,10,50,1,0.05,1.644853627,3,5,0.6,1,no_improvement,Per-suite binary success rate over 10 tasks x 50 official trials.
LIBERO,spatial,OA-WAM: Object-Addressable World Action Model for Robust Robot Manipulation,leaderboards/stat_significance_sam_export_20260522T233929/sam_libero_official_prev_sota.csv,287,libero_spatial,libero_spatial_prev_sota,98.9,98.8,0.1,percent,494,494.5,494,495,0,-0.5,python_round_nearest_even_matches_significance_cutoffs,1,10,50,1,0.05,1.644853627,3,5,0.6,1,provably_not_significant,Per-suite binary success rate over 10 tasks x 50 official trials.
LIBERO,spatial,PRTS: A Primitive Reasoning and Tasking System via Contrastive Representations,leaderboards/stat_significance_sam_export_20260522T233929/sam_libero_official_prev_sota.csv,288,libero_spatial,libero_spatial_prev_sota,98.8,98.8,0,percent,494,494,494,494,0,0,python_round_nearest_even_matches_significance_cutoffs,0,10,50,1,0.05,1.644853627,3,5,0.6,1,no_improvement,Per-suite binary success rate over 10 tasks x 50 official trials.
LIBERO,spatial,TAG: Target-Agnostic Guidance for Stable Object-Centric Inference in Vision-Language-Action Models,leaderboards/stat_significance_sam_export_20260522T233929/sam_libero_official_prev_sota.csv,289,libero_spatial,libero_spatial_prev_sota,97.8,98,-0.2,percent,490,489,490,489,0,0,python_round_nearest_even_matches_significance_cutoffs,-1,10,50,1,0.05,1.644853627,3,7,0.6,1.4,no_improvement,Per-suite binary success rate over 10 tasks x 50 official trials.
LIBERO,spatial,Global Prior Meets Local Consistency: Dual-Memory Augmented Vision-Language-Action Model for Efficient Robotic Manipulation,leaderboards/stat_significance_sam_export_20260522T233929/sam_libero_official_prev_sota.csv,291,libero_spatial,libero_spatial_prev_sota,99.6,98.8,0.8,percent,494,498,494,498,0,0,python_round_nearest_even_matches_significance_cutoffs,4,10,50,1,0.05,1.644853627,3,5,0.6,1,indeterminate,Per-suite binary success rate over 10 tasks x 50 official trials.
LIBERO,spatial,VLANeXt: Recipes for Building Strong VLA Models,leaderboards/stat_significance_sam_export_20260522T233929/sam_libero_official_prev_sota.csv,292,libero_spatial,libero_spatial_prev_sota,99,97.6,1.4,percent,488,495,488,495,0,0,python_round_nearest_even_matches_significance_cutoffs,7,10,50,1,0.05,1.644853627,3,7,0.6,1.4,provably_significant,Per-suite binary success rate over 10 tasks x 50 official trials.
LIBERO,spatial,HBVLA: Pushing 1-Bit Post-Training Quantization for Vision-Language-Action Models,leaderboards/stat_significance_sam_export_20260522T233929/sam_libero_official_prev_sota.csv,293,libero_spatial,libero_spatial_prev_sota,89.3,87.2,2.1,percent,436,446.5,436,446,0,0.5,python_round_nearest_even_matches_significance_cutoffs,10,10,50,1,0.05,1.644853627,3,18,0.6,3.6,indeterminate,Per-suite binary success rate over 10 tasks x 50 official trials.
LIBERO,spatial,IVRA: Improving Visual-Token Relations for Robot Action Policy with Training-Free Hint-Based Guidance,leaderboards/stat_significance_sam_export_20260522T233929/sam_libero_official_prev_sota.csv,294,libero_spatial,libero_spatial_prev_sota,97.3,97.2,0.1,percent,486,486.5,486,486,0,0.5,python_round_nearest_even_matches_significance_cutoffs,0,10,50,1,0.05,1.644853627,3,8,0.6,1.6,provably_not_significant,Per-suite binary success rate over 10 tasks x 50 official trials.
LIBERO,spatial,VAT: Vision Action Transformer by Unlocking Full Representation of ViT,leaderboards/stat_significance_sam_export_20260522T233929/sam_libero_official_prev_sota.csv,295,libero_spatial,libero_spatial_prev_sota,98.8,97.6,1.2,percent,488,494,488,494,0,0,python_round_nearest_even_matches_significance_cutoffs,6,10,50,1,0.05,1.644853627,3,7,0.6,1.4,indeterminate,Per-suite binary success rate over 10 tasks x 50 official trials.
LIBERO,spatial,Much Ado About Noising: Dispelling the Myths of Generative Robotic Control,leaderboards/stat_significance_sam_export_20260522T233929/sam_libero_official_prev_sota.csv,297,libero_spatial,libero_spatial_prev_sota,97.6,97.2,0.4,percent,486,488,486,488,0,0,python_round_nearest_even_matches_significance_cutoffs,2,10,50,1,0.05,1.644853627,3,8,0.6,1.6,provably_not_significant,Per-suite binary success rate over 10 tasks x 50 official trials.
LIBERO,spatial,Expertise Need Not Monopolize: Action-Specialized Mixture of Experts for Vision-Language-Action Learning,leaderboards/stat_significance_sam_export_20260522T233929/sam_libero_official_prev_sota.csv,299,libero_spatial,libero_spatial_prev_sota,99.6,96.4,3.2,percent,482,498,482,498,5.684341886e-14,0,python_round_nearest_even_matches_significance_cutoffs,16,10,50,1,0.05,1.644853627,3,9,0.6,1.8,provably_significant,Per-suite binary success rate over 10 tasks x 50 official trials.
LIBERO,spatial,3D CAVLA: Leveraging Depth and 3D Context to Generalize Vision Language Action Models for Unseen Tasks,leaderboards/stat_significance_sam_export_20260522T233929/sam_libero_official_prev_sota.csv,300,libero_spatial,libero_spatial_prev_sota,98.2,97.6,0.6,percent,488,491,488,491,0,0,python_round_nearest_even_matches_significance_cutoffs,3,10,50,1,0.05,1.644853627,3,7,0.6,1.4,indeterminate,Per-suite binary success rate over 10 tasks x 50 official trials.
LIBERO,spatial,VGGT-$\Omega$,leaderboards/stat_significance_sam_export_20260522T233929/sam_libero_official_prev_sota.csv,301,libero_spatial,libero_spatial_prev_sota,99.3,97.6,1.7,percent,488,496.5,488,496,0,0.5,python_round_nearest_even_matches_significance_cutoffs,8,10,50,1,0.05,1.644853627,3,7,0.6,1.4,provably_significant,Per-suite binary success rate over 10 tasks x 50 official trials.
LIBERO,spatial,IntentVLA: Short-Horizon Intent Modeling for Aliased Robot Manipulation,leaderboards/stat_significance_sam_export_20260522T233929/sam_libero_official_prev_sota.csv,302,libero_spatial,libero_spatial_prev_sota,99.3,99.2,0.1,percent,496,496.5,496,496,0,0.5,python_round_nearest_even_matches_significance_cutoffs,0,10,50,1,0.05,1.644853627,3,4,0.6,0.8,provably_not_significant,Per-suite binary success rate over 10 tasks x 50 official trials.
LIBERO,spatial,BlockVLA: Accelerating Autoregressive VLA via Block Diffusion Finetuning,leaderboards/stat_significance_sam_export_20260522T233929/sam_libero_official_prev_sota.csv,303,libero_spatial,libero_spatial_prev_sota,90.6,89.8,0.8,percent,449,453,449,453,0,-5.684341886e-14,python_round_nearest_even_matches_significance_cutoffs,4,10,50,1,0.05,1.644853627,3,16,0.6,3.2,indeterminate,Per-suite binary success rate over 10 tasks x 50 official trials.
LIBERO,spatial,FrameSkip: Learning from Fewer but More Informative Frames in VLA Training,leaderboards/stat_significance_sam_export_20260522T233929/sam_libero_official_prev_sota.csv,304,libero_spatial,libero_spatial_prev_sota,98.6,98.8,-0.2,percent,494,493,494,493,0,0,python_round_nearest_even_matches_significance_cutoffs,-1,10,50,1,0.05,1.644853627,3,5,0.6,1,no_improvement,Per-suite binary success rate over 10 tasks x 50 official trials.
LIBERO,spatial,Realtime-VLA FLASH: Speculative Inference Framework for Diffusion-based VLAs,leaderboards/stat_significance_sam_export_20260522T233929/sam_libero_official_prev_sota.csv,305,libero_spatial,libero_spatial_prev_sota,96.8,96.8,0,percent,484,484,484,484,0,0,python_round_nearest_even_matches_significance_cutoffs,0,10,50,1,0.05,1.644853627,3,9,0.6,1.8,no_improvement,Per-suite binary success rate over 10 tasks x 50 official trials.
LIBERO,spatial,"Guide, Think, Act: Interactive Embodied Reasoning in Vision-Language-Action Models",leaderboards/stat_significance_sam_export_20260522T233929/sam_libero_official_prev_sota.csv,306,libero_spatial,libero_spatial_prev_sota,99,98.8,0.2,percent,494,495,494,495,0,0,python_round_nearest_even_matches_significance_cutoffs,1,10,50,1,0.05,1.644853627,3,5,0.6,1,provably_not_significant,Per-suite binary success rate over 10 tasks x 50 official trials.
LIBERO,spatial,DreamAvoid: Critical-Phase Test-Time Dreaming to Avoid Failures in VLA Policies,leaderboards/stat_significance_sam_export_20260522T233929/sam_libero_official_prev_sota.csv,307,libero_spatial,libero_spatial_prev_sota,99,99,0,percent,495,495,495,495,0,0,python_round_nearest_even_matches_significance_cutoffs,0,10,50,1,0.05,1.644853627,3,5,0.6,1,no_improvement,Per-suite binary success rate over 10 tasks x 50 official trials.
LIBERO,spatial,Beyond World-Frame Action Heads: Motion-Centric Action Frames for Vision-Language-Action Models,leaderboards/stat_significance_sam_export_20260522T233929/sam_libero_official_prev_sota.csv,308,libero_spatial,libero_spatial_prev_sota,98.6,97.6,1,percent,488,493,488,493,0,0,python_round_nearest_even_matches_significance_cutoffs,5,10,50,1,0.05,1.644853627,3,7,0.6,1.4,indeterminate,Per-suite binary success rate over 10 tasks x 50 official trials.
LIBERO,spatial,Learning Action Manifold with Multi-view Latent Priors for Robotic Manipulation,leaderboards/stat_significance_sam_export_20260522T233929/sam_libero_official_prev_sota.csv,309,libero_spatial,libero_spatial_prev_sota,98.8,99.4,-0.6,percent,497,494,497,494,5.684341886e-14,0,python_round_nearest_even_matches_significance_cutoffs,-3,10,50,1,0.05,1.644853627,3,3,0.6,0.6,no_improvement,Per-suite binary success rate over 10 tasks x 50 official trials.
LIBERO,spatial,See What Matters: Differentiable Grid Sample Pruning for Generalizable Vision-Language-Action Model,leaderboards/stat_significance_sam_export_20260522T233929/sam_libero_official_prev_sota.csv,310,libero_spatial,libero_spatial_prev_sota,98.6,98.4,0.2,percent,492,493,492,493,5.684341886e-14,0,python_round_nearest_even_matches_significance_cutoffs,1,10,50,1,0.05,1.644853627,3,6,0.6,1.2,provably_not_significant,Per-suite binary success rate over 10 tasks x 50 official trials.
LIBERO,spatial,Premover: Fast Vision-Language-Action Control by Acting Before Instructions Are Complete,leaderboards/stat_significance_sam_export_20260522T233929/sam_libero_official_prev_sota.csv,311,libero_spatial,libero_spatial_prev_sota,98.6,99.4,-0.8,percent,497,493,497,493,5.684341886e-14,0,python_round_nearest_even_matches_significance_cutoffs,-4,10,50,1,0.05,1.644853627,3,3,0.6,0.6,no_improvement,Per-suite binary success rate over 10 tasks x 50 official trials.
LIBERO,spatial,From Imagined Futures to Executable Actions: Mixture of Latent Actions for Robot Manipulation,leaderboards/stat_significance_sam_export_20260522T233929/sam_libero_official_prev_sota.csv,312,libero_spatial,libero_spatial_prev_sota,93,88.2,4.8,percent,441,465,441,465,0,0,python_round_nearest_even_matches_significance_cutoffs,24,10,50,1,0.05,1.644853627,3,17,0.6,3.4,provably_significant,Per-suite binary success rate over 10 tasks x 50 official trials.
LIBERO,spatial,Dynamic Execution Commitment of Vision-Language-Action Models,leaderboards/stat_significance_sam_export_20260522T233929/sam_libero_official_prev_sota.csv,313,libero_spatial,libero_spatial_prev_sota,98.6,99.1,-0.5,percent,495.5,493,496,493,-0.5,0,python_round_nearest_even_matches_significance_cutoffs,-3,10,50,1,0.05,1.644853627,3,4,0.6,0.8,no_improvement,Per-suite binary success rate over 10 tasks x 50 official trials.
LIBERO,spatial,ALAM: Algebraically Consistent Latent Action Model for Vision-Language-Action Models,leaderboards/stat_significance_sam_export_20260522T233929/sam_libero_official_prev_sota.csv,314,libero_spatial,libero_spatial_prev_sota,99.2,98.8,0.4,percent,494,496,494,496,0,0,python_round_nearest_even_matches_significance_cutoffs,2,10,50,1,0.05,1.644853627,3,5,0.6,1,provably_not_significant,Per-suite binary success rate over 10 tasks x 50 official trials.
LIBERO,spatial,PriorVLA: Prior-Preserving Adaptation for Vision-Language-Action Models,leaderboards/stat_significance_sam_export_20260522T233929/sam_libero_official_prev_sota.csv,315,libero_spatial,libero_spatial_prev_sota,99.4,98.8,0.6,percent,494,497,494,497,0,5.684341886e-14,python_round_nearest_even_matches_significance_cutoffs,3,10,50,1,0.05,1.644853627,3,5,0.6,1,indeterminate,Per-suite binary success rate over 10 tasks x 50 official trials.
LIBERO,spatial,CapVector: Learning Transferable Capability Vectors in Parametric Space for Vision-Language-Action Models,leaderboards/stat_significance_sam_export_20260522T233929/sam_libero_official_prev_sota.csv,316,libero_spatial,libero_spatial_prev_sota,98.4,97.2,1.2,percent,486,492,486,492,0,5.684341886e-14,python_round_nearest_even_matches_significance_cutoffs,6,10,50,1,0.05,1.644853627,3,8,0.6,1.6,indeterminate,Per-suite binary success rate over 10 tasks x 50 official trials.
LIBERO,spatial,LoopVLA: Learning Sufficiency in Recurrent Refinement for Vision-Language-Action Models,leaderboards/stat_significance_sam_export_20260522T233929/sam_libero_official_prev_sota.csv,317,libero_spatial,libero_spatial_prev_sota,95,98.2,-3.2,percent,491,475,491,475,0,0,python_round_nearest_even_matches_significance_cutoffs,-16,10,50,1,0.05,1.644853627,3,6,0.6,1.2,no_improvement,Per-suite binary success rate over 10 tasks x 50 official trials.
LIBERO,spatial,ECHO: Continuous Hierarchical Memory for Vision-Language-Action Models,leaderboards/stat_significance_sam_export_20260522T233929/sam_libero_official_prev_sota.csv,318,libero_spatial,libero_spatial_prev_sota,98.3,98,0.3,percent,490,491.5,490,492,0,-0.5,python_round_nearest_even_matches_significance_cutoffs,2,10,50,1,0.05,1.644853627,3,7,0.6,1.4,provably_not_significant,Per-suite binary success rate over 10 tasks x 50 official trials.
LIBERO,spatial,ElasticFlow: One-Step Physics-Consistent Policy with Elastic Time Horizons for Language-Guided Manipulation,leaderboards/stat_significance_sam_export_20260522T233929/sam_libero_official_prev_sota.csv,319,libero_spatial,libero_spatial_prev_sota,98.4,98.8,-0.4,percent,494,492,494,492,0,5.684341886e-14,python_round_nearest_even_matches_significance_cutoffs,-2,10,50,1,0.05,1.644853627,3,5,0.6,1,no_improvement,Per-suite binary success rate over 10 tasks x 50 official trials.
LIBERO,spatial,ForgeVLA: Federated Vision-Language-Action Learning without Language Annotations,leaderboards/stat_significance_sam_export_20260522T233929/sam_libero_official_prev_sota.csv,320,libero_spatial,libero_spatial_prev_sota,72.6,68.6,4,percent,343,363,343,363,0,0,python_round_nearest_even_matches_significance_cutoffs,20,10,50,1,0.05,1.644853627,3,29,0.6,5.8,indeterminate,Per-suite binary success rate over 10 tasks x 50 official trials.
LIBERO,spatial,Failing Forward: Adaptive Failure-Informed Learning for Vision-Language-Action Models,leaderboards/stat_significance_sam_export_20260522T233929/sam_libero_official_prev_sota.csv,321,libero_spatial,libero_spatial_prev_sota,99.8,98.8,1,percent,494,499,494,499,0,0,python_round_nearest_even_matches_significance_cutoffs,5,10,50,1,0.05,1.644853627,3,5,0.6,1,provably_significant,Per-suite binary success rate over 10 tasks x 50 official trials.
LIBERO,object,Depth Helps: Improving Pre-trained RGB-based Policy with Depth Information Injection,leaderboards/stat_significance_sam_export_20260522T233929/sam_libero_official_prev_sota.csv,5,libero_object,libero_object_prev_sota,78.6,86.2,-7.6,percent,431,393,431,393,0,-5.684341886e-14,python_round_nearest_even_matches_significance_cutoffs,-38,10,50,1,0.05,1.644853627,3,19,0.6,3.8,no_improvement,Per-suite binary success rate over 10 tasks x 50 official trials.
LIBERO,object,Diffusion Transformer Policy,leaderboards/stat_significance_sam_export_20260522T233929/sam_libero_official_prev_sota.csv,6,libero_object,libero_object_prev_sota,96.3,92.5,3.8,percent,462.5,481.5,462,482,0.5,-0.5,python_round_nearest_even_matches_significance_cutoffs,20,10,50,1,0.05,1.644853627,3,14,0.6,2.8,provably_significant,Per-suite binary success rate over 10 tasks x 50 official trials.
LIBERO,object,GRAPE: Generalizing Robot Policy via Preference Alignment,leaderboards/stat_significance_sam_export_20260522T233929/sam_libero_official_prev_sota.csv,9,libero_object,libero_object_prev_sota,92.1,88.6,3.5,percent,443,460.5,443,460,-5.684341886e-14,0.5,python_round_nearest_even_matches_significance_cutoffs,17,10,50,1,0.05,1.644853627,3,17,0.6,3.4,provably_significant,Per-suite binary success rate over 10 tasks x 50 official trials.
LIBERO,object,MaIL: Improving Imitation Learning with Mamba,leaderboards/stat_significance_sam_export_20260522T233929/sam_libero_official_prev_sota.csv,10,libero_object,libero_object_prev_sota,81.5,81.2,0.3,percent,406,407.5,406,408,0,-0.5,python_round_nearest_even_matches_significance_cutoffs,2,10,50,1,0.05,1.644853627,3,22,0.6,4.4,provably_not_significant,Per-suite binary success rate over 10 tasks x 50 official trials.
LIBERO,object,Multimodal Diffusion Transformer: Learning Versatile Behavior from Multimodal Goals,leaderboards/stat_significance_sam_export_20260522T233929/sam_libero_official_prev_sota.csv,11,libero_object,libero_object_prev_sota,87.5,72,15.5,percent,360,437.5,360,438,0,-0.5,python_round_nearest_even_matches_significance_cutoffs,78,10,50,1,0.05,1.644853627,3,27,0.6,5.4,provably_significant,Per-suite binary success rate over 10 tasks x 50 official trials.
LIBERO,object,OpenVLA: An Open-Source Vision-Language-Action Model,leaderboards/stat_significance_sam_export_20260522T233929/sam_libero_official_prev_sota.csv,12,libero_object,libero_object_prev_sota,88.4,92.5,-4.1,percent,462.5,442,462,442,0.5,0,python_round_nearest_even_matches_significance_cutoffs,-20,10,50,1,0.05,1.644853627,3,14,0.6,2.8,no_improvement,Per-suite binary success rate over 10 tasks x 50 official trials.
LIBERO,object,Quantization-Aware Imitation-Learning for Resource-Efficient Robotic Control,leaderboards/stat_significance_sam_export_20260522T233929/sam_libero_official_prev_sota.csv,14,libero_object,libero_object_prev_sota,83.6,83.8,-0.2,percent,419,418,419,418,0,0,python_round_nearest_even_matches_significance_cutoffs,-1,10,50,1,0.05,1.644853627,3,20,0.6,4,no_improvement,Per-suite binary success rate over 10 tasks x 50 official trials.
LIBERO,object,Robo-MUTUAL: Robotic Multimodal Task Specification via Unimodal Learning,leaderboards/stat_significance_sam_export_20260522T233929/sam_libero_official_prev_sota.csv,16,libero_object,libero_object_prev_sota,93.9,63.9,30,percent,319.5,469.5,320,470,-0.5,-0.5,python_round_nearest_even_matches_significance_cutoffs,150,10,50,1,0.05,1.644853627,3,31,0.6,6.2,provably_significant,Per-suite binary success rate over 10 tasks x 50 official trials.
LIBERO,object,Task-agnostic Lifelong Robot Learning with Retrieval-based Weighted Local Adaptation,leaderboards/stat_significance_sam_export_20260522T233929/sam_libero_official_prev_sota.csv,17,libero_object,libero_object_prev_sota,62.33,56.5,5.83,percent,282.5,311.65,282,312,0.5,-0.35,python_round_nearest_even_matches_significance_cutoffs,30,10,50,1,0.05,1.644853627,3,34,0.6,6.8,indeterminate,Per-suite binary success rate over 10 tasks x 50 official trials.
LIBERO,object,TraceVLA: Visual Trace Prompting Enhances Spatial-Temporal Awareness for Generalist Robotic Policies,leaderboards/stat_significance_sam_export_20260522T233929/sam_libero_official_prev_sota.csv,18,libero_object,libero_object_prev_sota,85.2,83.8,1.4,percent,419,426,419,426,0,0,python_round_nearest_even_matches_significance_cutoffs,7,10,50,1,0.05,1.644853627,3,20,0.6,4,indeterminate,Per-suite binary success rate over 10 tasks x 50 official trials.
LIBERO,object,3D Dynamics-Aware Manipulation: Endowing Manipulation Policies with 3D Foresight,leaderboards/stat_significance_sam_export_20260522T233929/sam_libero_official_prev_sota.csv,19,libero_object,libero_object_prev_sota,98,94.8,3.2,percent,474,490,474,490,0,0,python_round_nearest_even_matches_significance_cutoffs,16,10,50,1,0.05,1.644853627,3,11,0.6,2.2,provably_significant,Per-suite binary success rate over 10 tasks x 50 official trials.
LIBERO,object,4D-VLA: Spatiotemporal Vision-Language-Action Pretraining with Cross-Scene Calibration,leaderboards/stat_significance_sam_export_20260522T233929/sam_libero_official_prev_sota.csv,20,libero_object,libero_object_prev_sota,95.2,92.5,2.7,percent,462.5,476,462,476,0.5,5.684341886e-14,python_round_nearest_even_matches_significance_cutoffs,14,10,50,1,0.05,1.644853627,3,14,0.6,2.8,provably_significant,Per-suite binary success rate over 10 tasks x 50 official trials.
LIBERO,object,ActDistill: General Action-Guided Self-Derived Distillation for Efficient Vision-Language-Action Models,leaderboards/stat_significance_sam_export_20260522T233929/sam_libero_official_prev_sota.csv,21,libero_object,libero_object_prev_sota,85.8,86.6,-0.8,percent,433,429,433,429,0,0,python_round_nearest_even_matches_significance_cutoffs,-4,10,50,1,0.05,1.644853627,3,18,0.6,3.6,no_improvement,Per-suite binary success rate over 10 tasks x 50 official trials.
LIBERO,object,Action-aware Dynamic Pruning for Efficient Vision-Language-Action Manipulation,leaderboards/stat_significance_sam_export_20260522T233929/sam_libero_official_prev_sota.csv,22,libero_object,libero_object_prev_sota,98,98.2,-0.2,percent,491,490,491,490,0,0,python_round_nearest_even_matches_significance_cutoffs,-1,10,50,1,0.05,1.644853627,3,6,0.6,1.2,no_improvement,Per-suite binary success rate over 10 tasks x 50 official trials.
LIBERO,object,ActionSink: Toward Precise Robot Manipulation with Dynamic Integration of Action Flow,leaderboards/stat_significance_sam_export_20260522T233929/sam_libero_official_prev_sota.csv,23,libero_object,libero_object_prev_sota,72.67,68,4.67,percent,340,363.35,340,363,0,0.35,python_round_nearest_even_matches_significance_cutoffs,23,10,50,1,0.05,1.644853627,3,29,0.6,5.8,indeterminate,Per-suite binary success rate over 10 tasks x 50 official trials.
LIBERO,object,AsyncVLA: Asynchronous Flow Matching for Vision-Language-Action Models,leaderboards/stat_significance_sam_export_20260522T233929/sam_libero_official_prev_sota.csv,24,libero_object,libero_object_prev_sota,99.2,98.8,0.4,percent,494,496,494,496,0,0,python_round_nearest_even_matches_significance_cutoffs,2,10,50,1,0.05,1.644853627,3,5,0.6,1,provably_not_significant,Per-suite binary success rate over 10 tasks x 50 official trials.
LIBERO,object,Audio-VLA: Adding Contact Audio Perception to Vision-Language-Action Model for Robotic Manipulation,leaderboards/stat_significance_sam_export_20260522T233929/sam_libero_official_prev_sota.csv,26,libero_object,libero_object_prev_sota,98.5,98.4,0.1,percent,492,492.5,492,492,5.684341886e-14,0.5,python_round_nearest_even_matches_significance_cutoffs,0,10,50,1,0.05,1.644853627,3,6,0.6,1.2,provably_not_significant,Per-suite binary success rate over 10 tasks x 50 official trials.
LIBERO,object,BadVLA: Towards Backdoor Attacks on Vision-Language-Action Models via Objective-Decoupled Optimization,leaderboards/stat_significance_sam_export_20260522T233929/sam_libero_official_prev_sota.csv,27,libero_object,libero_object_prev_sota,96.7,98.3,-1.6,percent,491.5,483.5,492,484,-0.5,-0.5,python_round_nearest_even_matches_significance_cutoffs,-8,10,50,1,0.05,1.644853627,3,6,0.6,1.2,no_improvement,Per-suite binary success rate over 10 tasks x 50 official trials.
LIBERO,object,Balancing Signal and Variance: Adaptive Offline RL Post-Training for VLA Flow Models,leaderboards/stat_significance_sam_export_20260522T233929/sam_libero_official_prev_sota.csv,28,libero_object,libero_object_prev_sota,95,94.3,0.7,percent,471.5,475,472,475,-0.5,0,python_round_nearest_even_matches_significance_cutoffs,3,10,50,1,0.05,1.644853627,3,12,0.6,2.4,indeterminate,Per-suite binary success rate over 10 tasks x 50 official trials.
LIBERO,object,Beyond Human Demonstrations: Diffusion-Based Reinforcement Learning to Generate Data for VLA Training,leaderboards/stat_significance_sam_export_20260522T233929/sam_libero_official_prev_sota.csv,29,libero_object,libero_object_prev_sota,99,92,7,percent,460,495,460,495,0,0,python_round_nearest_even_matches_significance_cutoffs,35,10,50,1,0.05,1.644853627,3,14,0.6,2.8,provably_significant,Per-suite binary success rate over 10 tasks x 50 official trials.
LIBERO,object,BitVLA: 1-bit Vision-Language-Action Models for Robotics Manipulation,leaderboards/stat_significance_sam_export_20260522T233929/sam_libero_official_prev_sota.csv,30,libero_object,libero_object_prev_sota,99,98.8,0.2,percent,494,495,494,495,0,0,python_round_nearest_even_matches_significance_cutoffs,1,10,50,1,0.05,1.644853627,3,5,0.6,1,provably_not_significant,Per-suite binary success rate over 10 tasks x 50 official trials.
LIBERO,object,Bridging Scale Discrepancies in Robotic Control via Language-Based Action Representations,leaderboards/stat_significance_sam_export_20260522T233929/sam_libero_official_prev_sota.csv,31,libero_object,libero_object_prev_sota,90,92.5,-2.5,percent,462.5,450,462,450,0.5,0,python_round_nearest_even_matches_significance_cutoffs,-12,10,50,1,0.05,1.644853627,3,14,0.6,2.8,no_improvement,Per-suite binary success rate over 10 tasks x 50 official trials.
LIBERO,object,CLIP-RT: Learning Language-Conditioned Robotic Policies from Natural Language Supervision,leaderboards/stat_significance_sam_export_20260522T233929/sam_libero_official_prev_sota.csv,32,libero_object,libero_object_prev_sota,99.2,98.3,0.9,percent,491.5,496,492,496,-0.5,0,python_round_nearest_even_matches_significance_cutoffs,4,10,50,1,0.05,1.644853627,3,6,0.6,1.2,indeterminate,Per-suite binary success rate over 10 tasks x 50 official trials.
LIBERO,object,CoA-VLA: Improving Vision-Language-Action Models via Visual-Textual Chain-of-Affordance,leaderboards/stat_significance_sam_export_20260522T233929/sam_libero_official_prev_sota.csv,33,libero_object,libero_object_prev_sota,93.1,92.5,0.6,percent,462.5,465.5,462,465,0.5,0.5,python_round_nearest_even_matches_significance_cutoffs,3,10,50,1,0.05,1.644853627,3,14,0.6,2.8,indeterminate,Per-suite binary success rate over 10 tasks x 50 official trials.
LIBERO,object,CogVLA: Cognition-Aligned Vision-Language-Action Model via Instruction-Driven Routing &amp; Sparsification,leaderboards/stat_significance_sam_export_20260522T233929/sam_libero_official_prev_sota.csv,34,libero_object,libero_object_prev_sota,98.8,98.8,0,percent,494,494,494,494,0,0,python_round_nearest_even_matches_significance_cutoffs,0,10,50,1,0.05,1.644853627,3,5,0.6,1,no_improvement,Per-suite binary success rate over 10 tasks x 50 official trials.
LIBERO,object,Compressor-VLA: Instruction-Guided Visual Token Compression for Efficient Robotic Manipulation,leaderboards/stat_significance_sam_export_20260522T233929/sam_libero_official_prev_sota.csv,35,libero_object,libero_object_prev_sota,99.2,98.8,0.4,percent,494,496,494,496,0,0,python_round_nearest_even_matches_significance_cutoffs,2,10,50,1,0.05,1.644853627,3,5,0.6,1,provably_not_significant,Per-suite binary success rate over 10 tasks x 50 official trials.
LIBERO,object,Conditioning Matters: Training Diffusion Policies is Faster Than You Think,leaderboards/stat_significance_sam_export_20260522T233929/sam_libero_official_prev_sota.csv,36,libero_object,libero_object_prev_sota,99.1,98.8,0.3,percent,494,495.5,494,496,0,-0.5,python_round_nearest_even_matches_significance_cutoffs,2,10,50,1,0.05,1.644853627,3,5,0.6,1,provably_not_significant,Per-suite binary success rate over 10 tasks x 50 official trials.
LIBERO,object,CoT-VLA: Visual Chain-of-Thought Reasoning for Vision-Language-Action Models,leaderboards/stat_significance_sam_export_20260522T233929/sam_libero_official_prev_sota.csv,38,libero_object,libero_object_prev_sota,91.6,92.5,-0.9,percent,462.5,458,462,458,0.5,-5.684341886e-14,python_round_nearest_even_matches_significance_cutoffs,-4,10,50,1,0.05,1.644853627,3,14,0.6,2.8,no_improvement,Per-suite binary success rate over 10 tasks x 50 official trials.
LIBERO,object,CronusVLA: Towards Efficient and Robust Manipulation via Multi-Frame Vision-Language-Action Modeling,leaderboards/stat_significance_sam_export_20260522T233929/sam_libero_official_prev_sota.csv,39,libero_object,libero_object_prev_sota,99.6,98.4,1.2,percent,492,498,492,498,5.684341886e-14,0,python_round_nearest_even_matches_significance_cutoffs,6,10,50,1,0.05,1.644853627,3,6,0.6,1.2,provably_significant,Per-suite binary success rate over 10 tasks x 50 official trials.
LIBERO,object,Cross-Platform Scaling of Vision-Language-Action Models from Edge to Cloud GPUs,leaderboards/stat_significance_sam_export_20260522T233929/sam_libero_official_prev_sota.csv,40,libero_object,libero_object_prev_sota,99.5,98.3,1.2,percent,491.5,497.5,492,498,-0.5,-0.5,python_round_nearest_even_matches_significance_cutoffs,6,10,50,1,0.05,1.644853627,3,6,0.6,1.2,provably_significant,Per-suite binary success rate over 10 tasks x 50 official trials.
LIBERO,object,D2E: Scaling Vision-Action Pretraining on Desktop Data for Transfer to Embodied AI,leaderboards/stat_significance_sam_export_20260522T233929/sam_libero_official_prev_sota.csv,41,libero_object,libero_object_prev_sota,98.4,98.4,0,percent,492,492,492,492,5.684341886e-14,5.684341886e-14,python_round_nearest_even_matches_significance_cutoffs,0,10,50,1,0.05,1.644853627,3,6,0.6,1.2,no_improvement,Per-suite binary success rate over 10 tasks x 50 official trials.
LIBERO,object,Decoupled Action Expert: Confining Task Knowledge to the Conditioning Pathway,leaderboards/stat_significance_sam_export_20260522T233929/sam_libero_official_prev_sota.csv,42,libero_object,libero_object_prev_sota,98.6,93.1,5.5,percent,465.5,493,465,493,0.5,0,python_round_nearest_even_matches_significance_cutoffs,28,10,50,1,0.05,1.644853627,3,13,0.6,2.6,provably_significant,Per-suite binary success rate over 10 tasks x 50 official trials.
LIBERO,object,DeepThinkVLA: Enhancing Reasoning Capability of Vision-Language-Action Models,leaderboards/stat_significance_sam_export_20260522T233929/sam_libero_official_prev_sota.csv,43,libero_object,libero_object_prev_sota,99,98.8,0.2,percent,494,495,494,495,0,0,python_round_nearest_even_matches_significance_cutoffs,1,10,50,1,0.05,1.644853627,3,5,0.6,1,provably_not_significant,Per-suite binary success rate over 10 tasks x 50 official trials.
LIBERO,object,Dejavu: Towards Experience Feedback Learning for Embodied Intelligence,leaderboards/stat_significance_sam_export_20260522T233929/sam_libero_official_prev_sota.csv,44,libero_object,libero_object_prev_sota,98.2,97.9,0.3,percent,489.5,491,490,491,-0.5,0,python_round_nearest_even_matches_significance_cutoffs,1,10,50,1,0.05,1.644853627,3,7,0.6,1.4,provably_not_significant,Per-suite binary success rate over 10 tasks x 50 official trials.
LIBERO,object,DepthVLA: Enhancing Vision-Language-Action Models with Depth-Aware Spatial Reasoning,leaderboards/stat_significance_sam_export_20260522T233929/sam_libero_official_prev_sota.csv,45,libero_object,libero_object_prev_sota,98,98.8,-0.8,percent,494,490,494,490,0,0,python_round_nearest_even_matches_significance_cutoffs,-4,10,50,1,0.05,1.644853627,3,5,0.6,1,no_improvement,Per-suite binary success rate over 10 tasks x 50 official trials.
LIBERO,object,DiG-Flow: Discrepancy-Guided Flow Matching for Robust VLA Models,leaderboards/stat_significance_sam_export_20260522T233929/sam_libero_official_prev_sota.csv,46,libero_object,libero_object_prev_sota,99,98.4,0.6,percent,492,495,492,495,5.684341886e-14,0,python_round_nearest_even_matches_significance_cutoffs,3,10,50,1,0.05,1.644853627,3,6,0.6,1.2,indeterminate,Per-suite binary success rate over 10 tasks x 50 official trials.
LIBERO,object,Discrete Diffusion VLA: Bringing Discrete Diffusion to Action Decoding in Vision-Language-Action Policies,leaderboards/stat_significance_sam_export_20260522T233929/sam_libero_official_prev_sota.csv,47,libero_object,libero_object_prev_sota,98.6,98.8,-0.2,percent,494,493,494,493,0,0,python_round_nearest_even_matches_significance_cutoffs,-1,10,50,1,0.05,1.644853627,3,5,0.6,1,no_improvement,Per-suite binary success rate over 10 tasks x 50 official trials.
LIBERO,object,Dita: Scaling Diffusion Transformer for Generalist Vision-Language-Action Policy,leaderboards/stat_significance_sam_export_20260522T233929/sam_libero_official_prev_sota.csv,49,libero_object,libero_object_prev_sota,94.8,92.5,2.3,percent,462.5,474,462,474,0.5,0,python_round_nearest_even_matches_significance_cutoffs,12,10,50,1,0.05,1.644853627,3,14,0.6,2.8,indeterminate,Per-suite binary success rate over 10 tasks x 50 official trials.
LIBERO,object,Don't Run with Scissors: Pruning Breaks VLA Models but They Can Be Recovered,leaderboards/stat_significance_sam_export_20260522T233929/sam_libero_official_prev_sota.csv,50,libero_object,libero_object_prev_sota,71.2,85.8,-14.6,percent,429,356,429,356,0,5.684341886e-14,python_round_nearest_even_matches_significance_cutoffs,-73,10,50,1,0.05,1.644853627,3,19,0.6,3.8,no_improvement,Per-suite binary success rate over 10 tasks x 50 official trials.
LIBERO,object,Dream-VL & Dream-VLA: Open Vision-Language and Vision-Language-Action Models with Diffusion Language Model Backbone,leaderboards/stat_significance_sam_export_20260522T233929/sam_libero_official_prev_sota.csv,51,libero_object,libero_object_prev_sota,98.8,98.8,0,percent,494,494,494,494,0,0,python_round_nearest_even_matches_significance_cutoffs,0,10,50,1,0.05,1.644853627,3,5,0.6,1,no_improvement,Per-suite binary success rate over 10 tasks x 50 official trials.
LIBERO,object,dVLA: Diffusion Vision-Language-Action Model with Multimodal Chain-of-Thought,leaderboards/stat_significance_sam_export_20260522T233929/sam_libero_official_prev_sota.csv,52,libero_object,libero_object_prev_sota,97.9,98.8,-0.9,percent,494,489.5,494,490,0,-0.5,python_round_nearest_even_matches_significance_cutoffs,-4,10,50,1,0.05,1.644853627,3,5,0.6,1,no_improvement,Per-suite binary success rate over 10 tasks x 50 official trials.
LIBERO,object,E0: Enhancing Generalization and Fine-Grained Control in VLA Models via Tweedie Discrete Diffusion,leaderboards/stat_significance_sam_export_20260522T233929/sam_libero_official_prev_sota.csv,53,libero_object,libero_object_prev_sota,99.4,98.8,0.6,percent,494,497,494,497,0,5.684341886e-14,python_round_nearest_even_matches_significance_cutoffs,3,10,50,1,0.05,1.644853627,3,5,0.6,1,indeterminate,Per-suite binary success rate over 10 tasks x 50 official trials.
LIBERO,object,"End-to-end Listen, Look, Speak and Act",leaderboards/stat_significance_sam_export_20260522T233929/sam_libero_official_prev_sota.csv,55,libero_object,libero_object_prev_sota,95.8,96.8,-1,percent,484,479,484,479,0,0,python_round_nearest_even_matches_significance_cutoffs,-5,10,50,1,0.05,1.644853627,3,9,0.6,1.8,no_improvement,Per-suite binary success rate over 10 tasks x 50 official trials.
LIBERO,object,EnerVerse: Envisioning Embodied Future Space for Robotics Manipulation,leaderboards/stat_significance_sam_export_20260522T233929/sam_libero_official_prev_sota.csv,56,libero_object,libero_object_prev_sota,97.7,92.5,5.2,percent,462.5,488.5,462,488,0.5,0.5,python_round_nearest_even_matches_significance_cutoffs,26,10,50,1,0.05,1.644853627,3,14,0.6,2.8,provably_significant,Per-suite binary success rate over 10 tasks x 50 official trials.
LIBERO,object,Evo-1: Lightweight Vision-Language-Action Model with Preserved Semantic Alignment,leaderboards/stat_significance_sam_export_20260522T233929/sam_libero_official_prev_sota.csv,57,libero_object,libero_object_prev_sota,97.7,98.8,-1.1,percent,494,488.5,494,488,0,0.5,python_round_nearest_even_matches_significance_cutoffs,-6,10,50,1,0.05,1.644853627,3,5,0.6,1,no_improvement,Per-suite binary success rate over 10 tasks x 50 official trials.
LIBERO,object,EVOLVE-VLA: Test-Time Training from Environment Feedback for Vision-Language-Action Models,leaderboards/stat_significance_sam_export_20260522T233929/sam_libero_official_prev_sota.csv,58,libero_object,libero_object_prev_sota,97.4,98.8,-1.4,percent,494,487,494,487,0,5.684341886e-14,python_round_nearest_even_matches_significance_cutoffs,-7,10,50,1,0.05,1.644853627,3,5,0.6,1,no_improvement,Per-suite binary success rate over 10 tasks x 50 official trials.
LIBERO,object,ExpReS-VLA: Specializing Vision-Language-Action Models Through Experience Replay and Retrieval,leaderboards/stat_significance_sam_export_20260522T233929/sam_libero_official_prev_sota.csv,59,libero_object,libero_object_prev_sota,93.9,97.5,-3.6,percent,487.5,469.5,488,470,-0.5,-0.5,python_round_nearest_even_matches_significance_cutoffs,-18,10,50,1,0.05,1.644853627,3,7,0.6,1.4,no_improvement,Per-suite binary success rate over 10 tasks x 50 official trials.
LIBERO,object,Fast ECoT: Efficient Embodied Chain-of-Thought via Thoughts Reuse,leaderboards/stat_significance_sam_export_20260522T233929/sam_libero_official_prev_sota.csv,60,libero_object,libero_object_prev_sota,83,87,-4,percent,435,415,435,415,0,0,python_round_nearest_even_matches_significance_cutoffs,-20,10,50,1,0.05,1.644853627,3,18,0.6,3.6,no_improvement,Per-suite binary success rate over 10 tasks x 50 official trials.
LIBERO,object,FASTer: Toward Efficient Autoregressive Vision Language Action Modeling via Neural Action Tokenization,leaderboards/stat_significance_sam_export_20260522T233929/sam_libero_official_prev_sota.csv,62,libero_object,libero_object_prev_sota,99.4,98.8,0.6,percent,494,497,494,497,0,5.684341886e-14,python_round_nearest_even_matches_significance_cutoffs,3,10,50,1,0.05,1.644853627,3,5,0.6,1,indeterminate,Per-suite binary success rate over 10 tasks x 50 official trials.
LIBERO,object,Fine-Tuning Vision-Language-Action Models: Optimizing Speed and Success,leaderboards/stat_significance_sam_export_20260522T233929/sam_libero_official_prev_sota.csv,63,libero_object,libero_object_prev_sota,98.4,98.8,-0.4,percent,494,492,494,492,0,5.684341886e-14,python_round_nearest_even_matches_significance_cutoffs,-2,10,50,1,0.05,1.644853627,3,5,0.6,1,no_improvement,Per-suite binary success rate over 10 tasks x 50 official trials.
LIBERO,object,FLOWER: Democratizing Generalist Robot Policies with Efficient Vision-Language-Action Flow Policies,leaderboards/stat_significance_sam_export_20260522T233929/sam_libero_official_prev_sota.csv,64,libero_object,libero_object_prev_sota,99.1,98.8,0.3,percent,494,495.5,494,496,0,-0.5,python_round_nearest_even_matches_significance_cutoffs,2,10,50,1,0.05,1.644853627,3,5,0.6,1,provably_not_significant,Per-suite binary success rate over 10 tasks x 50 official trials.
LIBERO,object,Focusing on What Matters: Object-Agent-centric Tokenization for Vision Language Action models,leaderboards/stat_significance_sam_export_20260522T233929/sam_libero_official_prev_sota.csv,65,libero_object,libero_object_prev_sota,89.1,92.5,-3.4,percent,462.5,445.5,462,445,0.5,0.5,python_round_nearest_even_matches_significance_cutoffs,-17,10,50,1,0.05,1.644853627,3,14,0.6,2.8,no_improvement,Per-suite binary success rate over 10 tasks x 50 official trials.
LIBERO,object,FreqPolicy: Efficient Flow-based Visuomotor Policy via Frequency Consistency,leaderboards/stat_significance_sam_export_20260522T233929/sam_libero_official_prev_sota.csv,66,libero_object,libero_object_prev_sota,98.6,98.6,0,percent,493,493,493,493,0,0,python_round_nearest_even_matches_significance_cutoffs,0,10,50,1,0.05,1.644853627,3,5,0.6,1,no_improvement,Per-suite binary success rate over 10 tasks x 50 official trials.
LIBERO,object,From Grounding to Manipulation: Case Studies of Foundation Model Integration in Embodied Robotic Systems,leaderboards/stat_significance_sam_export_20260522T233929/sam_libero_official_prev_sota.csv,67,libero_object,libero_object_prev_sota,95.4,98.8,-3.4,percent,494,477,494,477,0,5.684341886e-14,python_round_nearest_even_matches_significance_cutoffs,-17,10,50,1,0.05,1.644853627,3,5,0.6,1,no_improvement,Per-suite binary success rate over 10 tasks x 50 official trials.
LIBERO,object,GeoAware-VLA: Implicit Geometry Aware Vision-Language-Action Model,leaderboards/stat_significance_sam_export_20260522T233929/sam_libero_official_prev_sota.csv,68,libero_object,libero_object_prev_sota,100,100,0,percent,500,500,500,500,0,0,python_round_nearest_even_matches_significance_cutoffs,0,10,50,1,0.05,1.644853627,unknown,unknown,unknown,unknown,no_improvement,Per-suite binary success rate over 10 tasks x 50 official trials.
LIBERO,object,GeoPredict: Leveraging Predictive Kinematics and 3D Gaussian Geometry for Precise VLA Manipulation,leaderboards/stat_significance_sam_export_20260522T233929/sam_libero_official_prev_sota.csv,69,libero_object,libero_object_prev_sota,98.2,98.8,-0.6,percent,494,491,494,491,0,0,python_round_nearest_even_matches_significance_cutoffs,-3,10,50,1,0.05,1.644853627,3,5,0.6,1,no_improvement,Per-suite binary success rate over 10 tasks x 50 official trials.
LIBERO,object,Goal-oriented Backdoor Attack against Vision-Language-Action Models via Physical Objects,leaderboards/stat_significance_sam_export_20260522T233929/sam_libero_official_prev_sota.csv,70,libero_object,libero_object_prev_sota,99.1,98.8,0.3,percent,494,495.5,494,496,0,-0.5,python_round_nearest_even_matches_significance_cutoffs,2,10,50,1,0.05,1.644853627,3,5,0.6,1,provably_not_significant,Per-suite binary success rate over 10 tasks x 50 official trials.
LIBERO,object,"HiF-VLA: Hindsight, Insight and Foresight through Motion Representation for Vision-Language-Action Models",leaderboards/stat_significance_sam_export_20260522T233929/sam_libero_official_prev_sota.csv,72,libero_object,libero_object_prev_sota,99.4,98.8,0.6,percent,494,497,494,497,0,5.684341886e-14,python_round_nearest_even_matches_significance_cutoffs,3,10,50,1,0.05,1.644853627,3,5,0.6,1,indeterminate,Per-suite binary success rate over 10 tasks x 50 official trials.
LIBERO,object,HiMoE-VLA: Hierarchical Mixture-of-Experts for Generalist Vision-Language-Action Policies,leaderboards/stat_significance_sam_export_20260522T233929/sam_libero_official_prev_sota.csv,73,libero_object,libero_object_prev_sota,99.4,98.8,0.6,percent,494,497,494,497,0,5.684341886e-14,python_round_nearest_even_matches_significance_cutoffs,3,10,50,1,0.05,1.644853627,3,5,0.6,1,indeterminate,Per-suite binary success rate over 10 tasks x 50 official trials.
LIBERO,object,How Do VLAs Effectively Inherit from VLMs?,leaderboards/stat_significance_sam_export_20260522T233929/sam_libero_official_prev_sota.csv,74,libero_object,libero_object_prev_sota,92,99,-7,percent,495,460,495,460,0,0,python_round_nearest_even_matches_significance_cutoffs,-35,10,50,1,0.05,1.644853627,3,5,0.6,1,no_improvement,Per-suite binary success rate over 10 tasks x 50 official trials.
LIBERO,object,Hybrid Training for Vision-Language-Action Models,leaderboards/stat_significance_sam_export_20260522T233929/sam_libero_official_prev_sota.csv,75,libero_object,libero_object_prev_sota,97.2,97.8,-0.6,percent,489,486,489,486,0,0,python_round_nearest_even_matches_significance_cutoffs,-3,10,50,1,0.05,1.644853627,3,7,0.6,1.4,no_improvement,Per-suite binary success rate over 10 tasks x 50 official trials.
LIBERO,object,HyperVLA: Efficient Inference in Vision-Language-Action Models via Hypernetworks,leaderboards/stat_significance_sam_export_20260522T233929/sam_libero_official_prev_sota.csv,76,libero_object,libero_object_prev_sota,94,88,6,percent,440,470,440,470,0,0,python_round_nearest_even_matches_significance_cutoffs,30,10,50,1,0.05,1.644853627,3,17,0.6,3.4,provably_significant,Per-suite binary success rate over 10 tasks x 50 official trials.
LIBERO,object,Interactive Post-Training for Vision-Language-Action Models,leaderboards/stat_significance_sam_export_20260522T233929/sam_libero_official_prev_sota.csv,79,libero_object,libero_object_prev_sota,98.6,98.8,-0.2,percent,494,493,494,493,0,0,python_round_nearest_even_matches_significance_cutoffs,-1,10,50,1,0.05,1.644853627,3,5,0.6,1,no_improvement,Per-suite binary success rate over 10 tasks x 50 official trials.
LIBERO,object,InternVLA-M1: A Spatially Guided Vision-Language-Action Framework for Generalist Robot Policy,leaderboards/stat_significance_sam_export_20260522T233929/sam_libero_official_prev_sota.csv,80,libero_object,libero_object_prev_sota,99,98.8,0.2,percent,494,495,494,495,0,0,python_round_nearest_even_matches_significance_cutoffs,1,10,50,1,0.05,1.644853627,3,5,0.6,1,provably_not_significant,Per-suite binary success rate over 10 tasks x 50 official trials.
LIBERO,object,"Knowledge Insulating Vision-Language-Action Models: Train Fast, Run Fast, Generalize Better",leaderboards/stat_significance_sam_export_20260522T233929/sam_libero_official_prev_sota.csv,81,libero_object,libero_object_prev_sota,97.8,98.8,-1,percent,494,489,494,489,0,0,python_round_nearest_even_matches_significance_cutoffs,-5,10,50,1,0.05,1.644853627,3,5,0.6,1,no_improvement,Per-suite binary success rate over 10 tasks x 50 official trials.
LIBERO,object,LatBot: Distilling Universal Latent Actions for Vision-Language-Action Models,leaderboards/stat_significance_sam_export_20260522T233929/sam_libero_official_prev_sota.csv,83,libero_object,libero_object_prev_sota,98.8,98.4,0.4,percent,492,494,492,494,5.684341886e-14,0,python_round_nearest_even_matches_significance_cutoffs,2,10,50,1,0.05,1.644853627,3,6,0.6,1.2,provably_not_significant,Per-suite binary success rate over 10 tasks x 50 official trials.
LIBERO,object,Latent Action Pretraining Through World Modeling,leaderboards/stat_significance_sam_export_20260522T233929/sam_libero_official_prev_sota.csv,84,libero_object,libero_object_prev_sota,100,100,0,percent,500,500,500,500,0,0,python_round_nearest_even_matches_significance_cutoffs,0,10,50,1,0.05,1.644853627,unknown,unknown,unknown,unknown,no_improvement,Per-suite binary success rate over 10 tasks x 50 official trials.
LIBERO,object,LoLA: Long Horizon Latent Action Learning for General Robot Manipulation,leaderboards/stat_significance_sam_export_20260522T233929/sam_libero_official_prev_sota.csv,88,libero_object,libero_object_prev_sota,99.6,97.8,1.8,percent,489,498,489,498,0,0,python_round_nearest_even_matches_significance_cutoffs,9,10,50,1,0.05,1.644853627,3,7,0.6,1.4,provably_significant,Per-suite binary success rate over 10 tasks x 50 official trials.
LIBERO,object,Mantis: A Versatile Vision-Language-Action Model with Disentangled Visual Foresight,leaderboards/stat_significance_sam_export_20260522T233929/sam_libero_official_prev_sota.csv,89,libero_object,libero_object_prev_sota,99.2,98.8,0.4,percent,494,496,494,496,0,0,python_round_nearest_even_matches_significance_cutoffs,2,10,50,1,0.05,1.644853627,3,5,0.6,1,provably_not_significant,Per-suite binary success rate over 10 tasks x 50 official trials.
LIBERO,object,MAP-VLA: Memory-Augmented Prompting for Vision-Language-Action Model in Robotic Manipulation,leaderboards/stat_significance_sam_export_20260522T233929/sam_libero_official_prev_sota.csv,90,libero_object,libero_object_prev_sota,98.4,97.4,1,percent,487,492,487,492,5.684341886e-14,5.684341886e-14,python_round_nearest_even_matches_significance_cutoffs,5,10,50,1,0.05,1.644853627,3,8,0.6,1.6,indeterminate,Per-suite binary success rate over 10 tasks x 50 official trials.
LIBERO,object,MAPS: Preserving Vision-Language Representations via Module-Wise Proximity Scheduling for Better Vision-Language-Action Generalization,leaderboards/stat_significance_sam_export_20260522T233929/sam_libero_official_prev_sota.csv,91,libero_object,libero_object_prev_sota,14,9,5,percent,45,70,45,70,0,0,python_round_nearest_even_matches_significance_cutoffs,25,10,50,1,0.05,1.644853627,3,18,0.6,3.6,provably_significant,Per-suite binary success rate over 10 tasks x 50 official trials.
LIBERO,object,MemoryVLA: Perceptual-Cognitive Memory in Vision-Language-Action Models for Robotic Manipulation,leaderboards/stat_significance_sam_export_20260522T233929/sam_libero_official_prev_sota.csv,93,libero_object,libero_object_prev_sota,98.4,98.8,-0.4,percent,494,492,494,492,0,5.684341886e-14,python_round_nearest_even_matches_significance_cutoffs,-2,10,50,1,0.05,1.644853627,3,5,0.6,1,no_improvement,Per-suite binary success rate over 10 tasks x 50 official trials.
LIBERO,object,MergeVLA: Cross-Skill Model Merging Toward a Generalist Vision-Language-Action Agent,leaderboards/stat_significance_sam_export_20260522T233929/sam_libero_official_prev_sota.csv,94,libero_object,libero_object_prev_sota,94.6,99.6,-5,percent,498,473,498,473,0,0,python_round_nearest_even_matches_significance_cutoffs,-25,10,50,1,0.05,1.644853627,unknown,unknown,unknown,unknown,no_improvement,Per-suite binary success rate over 10 tasks x 50 official trials.
LIBERO,object,MetaVLA: Unified Meta Co-training For Efficient Embodied Adaption,leaderboards/stat_significance_sam_export_20260522T233929/sam_libero_official_prev_sota.csv,95,libero_object,libero_object_prev_sota,88.9,98.2,-9.3,percent,491,444.5,491,444,0,0.5,python_round_nearest_even_matches_significance_cutoffs,-47,10,50,1,0.05,1.644853627,3,6,0.6,1.2,no_improvement,Per-suite binary success rate over 10 tasks x 50 official trials.
LIBERO,object,Mixture of Horizons in Action Chunking,leaderboards/stat_significance_sam_export_20260522T233929/sam_libero_official_prev_sota.csv,96,libero_object,libero_object_prev_sota,100,99.6,0.4,percent,498,500,498,500,0,0,python_round_nearest_even_matches_significance_cutoffs,2,10,50,1,0.05,1.644853627,unknown,unknown,unknown,unknown,indeterminate,Per-suite binary success rate over 10 tasks x 50 official trials.
LIBERO,object,Multimodal Reinforcement Learning with Adaptive Verifier for AI Agents,leaderboards/stat_significance_sam_export_20260522T233929/sam_libero_official_prev_sota.csv,97,libero_object,libero_object_prev_sota,93.2,89.2,4,percent,446,466,446,466,0,0,python_round_nearest_even_matches_significance_cutoffs,20,10,50,1,0.05,1.644853627,3,16,0.6,3.2,provably_significant,Per-suite binary success rate over 10 tasks x 50 official trials.
LIBERO,object,NORA: A Small Open-Sourced Generalist Vision Language Action Model for Embodied Tasks,leaderboards/stat_significance_sam_export_20260522T233929/sam_libero_official_prev_sota.csv,98,libero_object,libero_object_prev_sota,95.4,89.9,5.5,percent,449.5,477,450,477,-0.5,5.684341886e-14,python_round_nearest_even_matches_significance_cutoffs,27,10,50,1,0.05,1.644853627,3,16,0.6,3.2,provably_significant,Per-suite binary success rate over 10 tasks x 50 official trials.
LIBERO,object,PixelVLA: Advancing Pixel-level Understanding in Vision-Language-Action Model,leaderboards/stat_significance_sam_export_20260522T233929/sam_libero_official_prev_sota.csv,99,libero_object,libero_object_prev_sota,90,96.3,-6.3,percent,481.5,450,482,450,-0.5,0,python_round_nearest_even_matches_significance_cutoffs,-32,10,50,1,0.05,1.644853627,3,9,0.6,1.8,no_improvement,Per-suite binary success rate over 10 tasks x 50 official trials.
LIBERO,object,Reflection-Based Task Adaptation for Self-Improving VLA,leaderboards/stat_significance_sam_export_20260522T233929/sam_libero_official_prev_sota.csv,100,libero_object,libero_object_prev_sota,93.4,96.8,-3.4,percent,484,467,484,467,0,0,python_round_nearest_even_matches_significance_cutoffs,-17,10,50,1,0.05,1.644853627,3,9,0.6,1.8,no_improvement,Per-suite binary success rate over 10 tasks x 50 official trials.
LIBERO,object,Reinforcement Fine-Tuning of Flow-Matching Policies for Vision-Language-Action Models,leaderboards/stat_significance_sam_export_20260522T233929/sam_libero_official_prev_sota.csv,101,libero_object,libero_object_prev_sota,97.3,96.8,0.5,percent,484,486.5,484,486,0,0.5,python_round_nearest_even_matches_significance_cutoffs,2,10,50,1,0.05,1.644853627,3,9,0.6,1.8,provably_not_significant,Per-suite binary success rate over 10 tasks x 50 official trials.
LIBERO,object,RESample: A Robust Data Augmentation Framework via Exploratory Sampling for Robotic Manipulation,leaderboards/stat_significance_sam_export_20260522T233929/sam_libero_official_prev_sota.csv,102,libero_object,libero_object_prev_sota,96.4,97.6,-1.2,percent,488,482,488,482,0,5.684341886e-14,python_round_nearest_even_matches_significance_cutoffs,-6,10,50,1,0.05,1.644853627,3,7,0.6,1.4,no_improvement,Per-suite binary success rate over 10 tasks x 50 official trials.
LIBERO,object,Rethinking Latent Redundancy in Behavior Cloning: An Information Bottleneck Approach for Robot Manipulation,leaderboards/stat_significance_sam_export_20260522T233929/sam_libero_official_prev_sota.csv,104,libero_object,libero_object_prev_sota,52,43,9,percent,215,260,215,260,0,0,python_round_nearest_even_matches_significance_cutoffs,45,10,50,1,0.05,1.644853627,3,36,0.6,7.2,provably_significant,Per-suite binary success rate over 10 tasks x 50 official trials.
LIBERO,object,RetoVLA: Reusing Register Tokens for Spatial Reasoning in Vision-Language-Action Models,leaderboards/stat_significance_sam_export_20260522T233929/sam_libero_official_prev_sota.csv,105,libero_object,libero_object_prev_sota,71.8,70.8,1,percent,354,359,354,359,0,0,python_round_nearest_even_matches_significance_cutoffs,5,10,50,1,0.05,1.644853627,3,27,0.6,5.4,indeterminate,Per-suite binary success rate over 10 tasks x 50 official trials.
LIBERO,object,RLinf-VLA: A Unified and Efficient Framework for Reinforcement Learning of Vision-Language-Action Models,leaderboards/stat_significance_sam_export_20260522T233929/sam_libero_official_prev_sota.csv,106,libero_object,libero_object_prev_sota,99.67,50.2,49.47,percent,251,498.35,251,498,0,0.35,python_round_nearest_even_matches_significance_cutoffs,247,10,50,1,0.05,1.644853627,3,36,0.6,7.2,provably_significant,Per-suite binary success rate over 10 tasks x 50 official trials.
LIBERO,object,RoboNeuron: A Middle-Layer Infrastructure for Agent-Driven Orchestration in Embodied AI,leaderboards/stat_significance_sam_export_20260522T233929/sam_libero_official_prev_sota.csv,107,libero_object,libero_object_prev_sota,98,97.6,0.4,percent,488,490,488,490,0,0,python_round_nearest_even_matches_significance_cutoffs,2,10,50,1,0.05,1.644853627,3,7,0.6,1.4,provably_not_significant,Per-suite binary success rate over 10 tasks x 50 official trials.
LIBERO,object,Robotic VLA Benefits from Joint Learning with Motion Image Diffusion,leaderboards/stat_significance_sam_export_20260522T233929/sam_libero_official_prev_sota.csv,108,libero_object,libero_object_prev_sota,99.2,98.8,0.4,percent,494,496,494,496,0,0,python_round_nearest_even_matches_significance_cutoffs,2,10,50,1,0.05,1.644853627,3,5,0.6,1,provably_not_significant,Per-suite binary success rate over 10 tasks x 50 official trials.
LIBERO,object,RynnVLA-002: A Unified Vision-Language-Action and World Model,leaderboards/stat_significance_sam_export_20260522T233929/sam_libero_official_prev_sota.csv,109,libero_object,libero_object_prev_sota,99.8,98.4,1.4,percent,492,499,492,499,5.684341886e-14,0,python_round_nearest_even_matches_significance_cutoffs,7,10,50,1,0.05,1.644853627,3,6,0.6,1.2,provably_significant,Per-suite binary success rate over 10 tasks x 50 official trials.
LIBERO,object,Saliency-Aware Quantized Imitation Learning for Efficient Robotic Control,leaderboards/stat_significance_sam_export_20260522T233929/sam_libero_official_prev_sota.csv,110,libero_object,libero_object_prev_sota,83.5,83.9,-0.4,percent,419.5,417.5,420,418,-0.5,-0.5,python_round_nearest_even_matches_significance_cutoffs,-2,10,50,1,0.05,1.644853627,3,20,0.6,4,no_improvement,Per-suite binary success rate over 10 tasks x 50 official trials.
LIBERO,object,Self-Improving Vision-Language-Action Models with Data Generation via Residual RL,leaderboards/stat_significance_sam_export_20260522T233929/sam_libero_official_prev_sota.csv,111,libero_object,libero_object_prev_sota,99.1,99.1,0,percent,495.5,495.5,496,496,-0.5,-0.5,python_round_nearest_even_matches_significance_cutoffs,0,10,50,1,0.05,1.644853627,3,4,0.6,0.8,no_improvement,Per-suite binary success rate over 10 tasks x 50 official trials.
LIBERO,object,SemanticVLA: Semantic-Aligned Sparsification and Enhancement for Efficient Robotic Manipulation,leaderboards/stat_significance_sam_export_20260522T233929/sam_libero_official_prev_sota.csv,112,libero_object,libero_object_prev_sota,99.6,98.8,0.8,percent,494,498,494,498,0,0,python_round_nearest_even_matches_significance_cutoffs,4,10,50,1,0.05,1.644853627,3,5,0.6,1,indeterminate,Per-suite binary success rate over 10 tasks x 50 official trials.
LIBERO,object,SimpleVLA-RL: Scaling VLA Training via Reinforcement Learning,leaderboards/stat_significance_sam_export_20260522T233929/sam_libero_official_prev_sota.csv,113,libero_object,libero_object_prev_sota,99.1,98.8,0.3,percent,494,495.5,494,496,0,-0.5,python_round_nearest_even_matches_significance_cutoffs,2,10,50,1,0.05,1.644853627,3,5,0.6,1,provably_not_significant,Per-suite binary success rate over 10 tasks x 50 official trials.
LIBERO,object,SmolVLA: A Vision-Language-Action Model for Affordable and Efficient Robotics,leaderboards/stat_significance_sam_export_20260522T233929/sam_libero_official_prev_sota.csv,114,libero_object,libero_object_prev_sota,96,92.5,3.5,percent,462.5,480,462,480,0.5,0,python_round_nearest_even_matches_significance_cutoffs,18,10,50,1,0.05,1.644853627,3,14,0.6,2.8,provably_significant,Per-suite binary success rate over 10 tasks x 50 official trials.
LIBERO,object,Spatial-Aware VLA Pretraining through Visual-Physical Alignment from Human Videos,leaderboards/stat_significance_sam_export_20260522T233929/sam_libero_official_prev_sota.csv,115,libero_object,libero_object_prev_sota,97.2,97.6,-0.4,percent,488,486,488,486,0,0,python_round_nearest_even_matches_significance_cutoffs,-2,10,50,1,0.05,1.644853627,3,7,0.6,1.4,no_improvement,Per-suite binary success rate over 10 tasks x 50 official trials.
LIBERO,object,Spatial Forcing: Implicit Spatial Representation Alignment for Vision-language-action Model,leaderboards/stat_significance_sam_export_20260522T233929/sam_libero_official_prev_sota.csv,116,libero_object,libero_object_prev_sota,99.6,99.8,-0.2,percent,499,498,499,498,0,0,python_round_nearest_even_matches_significance_cutoffs,-1,10,50,1,0.05,1.644853627,unknown,unknown,unknown,unknown,no_improvement,Per-suite binary success rate over 10 tasks x 50 official trials.
LIBERO,object,SpatialVLA: Exploring Spatial Representations for Visual-Language-Action Model,leaderboards/stat_significance_sam_export_20260522T233929/sam_libero_official_prev_sota.csv,117,libero_object,libero_object_prev_sota,89.9,92.5,-2.6,percent,462.5,449.5,462,450,0.5,-0.5,python_round_nearest_even_matches_significance_cutoffs,-12,10,50,1,0.05,1.644853627,3,14,0.6,2.8,no_improvement,Per-suite binary success rate over 10 tasks x 50 official trials.
LIBERO,object,Spec-VLA: Speculative Decoding for Vision-Language-Action Models with Relaxed Acceptance,leaderboards/stat_significance_sam_export_20260522T233929/sam_libero_official_prev_sota.csv,118,libero_object,libero_object_prev_sota,85,89,-4,percent,445,425,445,425,0,0,python_round_nearest_even_matches_significance_cutoffs,-20,10,50,1,0.05,1.644853627,3,17,0.6,3.4,no_improvement,Per-suite binary success rate over 10 tasks x 50 official trials.
LIBERO,object,SpecPrune-VLA: Accelerating Vision-Language-Action Models via Action-Aware Self-Speculative Pruning,leaderboards/stat_significance_sam_export_20260522T233929/sam_libero_official_prev_sota.csv,119,libero_object,libero_object_prev_sota,95.8,98.8,-3,percent,494,479,494,479,0,0,python_round_nearest_even_matches_significance_cutoffs,-15,10,50,1,0.05,1.644853627,3,5,0.6,1,no_improvement,Per-suite binary success rate over 10 tasks x 50 official trials.
LIBERO,object,STAR: Learning Diverse Robot Skill Abstractions through Rotation-Augmented Vector Quantization,leaderboards/stat_significance_sam_export_20260522T233929/sam_libero_official_prev_sota.csv,120,libero_object,libero_object_prev_sota,98.3,90.3,8,percent,451.5,491.5,452,492,-0.5,-0.5,python_round_nearest_even_matches_significance_cutoffs,40,10,50,1,0.05,1.644853627,3,15,0.6,3,provably_significant,Per-suite binary success rate over 10 tasks x 50 official trials.
LIBERO,object,TGRPO: Fine-tuning Vision-Language-Action Model via Trajectory-wise Group Relative Policy Optimization,leaderboards/stat_significance_sam_export_20260522T233929/sam_libero_official_prev_sota.csv,122,libero_object,libero_object_prev_sota,92.2,92.1,0.1,percent,460.5,461,460,461,0.5,0,python_round_nearest_even_matches_significance_cutoffs,1,10,50,1,0.05,1.644853627,3,14,0.6,2.8,provably_not_significant,Per-suite binary success rate over 10 tasks x 50 official trials.
LIBERO,object,"The Better You Learn, The Smarter You Prune: Towards Efficient Vision-language-action Models via Differentiable Token Pruning",leaderboards/stat_significance_sam_export_20260522T233929/sam_libero_official_prev_sota.csv,123,libero_object,libero_object_prev_sota,98.4,98.8,-0.4,percent,494,492,494,492,0,5.684341886e-14,python_round_nearest_even_matches_significance_cutoffs,-2,10,50,1,0.05,1.644853627,3,5,0.6,1,no_improvement,Per-suite binary success rate over 10 tasks x 50 official trials.
LIBERO,object,"Think Twice, Act Once: Token-Aware Compression and Action Reuse for Efficient Inference in Vision-Language-Action Models",leaderboards/stat_significance_sam_export_20260522T233929/sam_libero_official_prev_sota.csv,124,libero_object,libero_object_prev_sota,86.6,86.4,0.2,percent,432,433,432,433,5.684341886e-14,0,python_round_nearest_even_matches_significance_cutoffs,1,10,50,1,0.05,1.644853627,3,18,0.6,3.6,provably_not_significant,Per-suite binary success rate over 10 tasks x 50 official trials.
LIBERO,object,Token Expand-Merge: Training-Free Token Compression for Vision-Language-Action Models,leaderboards/stat_significance_sam_export_20260522T233929/sam_libero_official_prev_sota.csv,125,libero_object,libero_object_prev_sota,96.5,97.7,-1.2,percent,488.5,482.5,488,482,0.5,0.5,python_round_nearest_even_matches_significance_cutoffs,-6,10,50,1,0.05,1.644853627,3,7,0.6,1.4,no_improvement,Per-suite binary success rate over 10 tasks x 50 official trials.
LIBERO,object,Unified Diffusion VLA: Vision-Language-Action Model via Joint Discrete Denoising Diffusion Process,leaderboards/stat_significance_sam_export_20260522T233929/sam_libero_official_prev_sota.csv,126,libero_object,libero_object_prev_sota,95.7,96.8,-1.1,percent,484,478.5,484,479,0,-0.5,python_round_nearest_even_matches_significance_cutoffs,-5,10,50,1,0.05,1.644853627,3,9,0.6,1.8,no_improvement,Per-suite binary success rate over 10 tasks x 50 official trials.
LIBERO,object,Unified Vision-Language-Action Model,leaderboards/stat_significance_sam_export_20260522T233929/sam_libero_official_prev_sota.csv,128,libero_object,libero_object_prev_sota,98.8,96.8,2,percent,484,494,484,494,0,0,python_round_nearest_even_matches_significance_cutoffs,10,10,50,1,0.05,1.644853627,3,9,0.6,1.8,provably_significant,Per-suite binary success rate over 10 tasks x 50 official trials.
LIBERO,object,UniVLA: Learning to Act Anywhere with Task-centric Latent Actions,leaderboards/stat_significance_sam_export_20260522T233929/sam_libero_official_prev_sota.csv,129,libero_object,libero_object_prev_sota,96.8,92.5,4.3,percent,462.5,484,462,484,0.5,0,python_round_nearest_even_matches_significance_cutoffs,22,10,50,1,0.05,1.644853627,3,14,0.6,2.8,provably_significant,Per-suite binary success rate over 10 tasks x 50 official trials.
LIBERO,object,Verifier-free Test-Time Sampling for Vision Language Action Models,leaderboards/stat_significance_sam_export_20260522T233929/sam_libero_official_prev_sota.csv,130,libero_object,libero_object_prev_sota,98,95.4,2.6,percent,477,490,477,490,5.684341886e-14,0,python_round_nearest_even_matches_significance_cutoffs,13,10,50,1,0.05,1.644853627,3,10,0.6,2,provably_significant,Per-suite binary success rate over 10 tasks x 50 official trials.
LIBERO,object,VITA-VLA: Efficiently Teaching Vision-Language Models to Act via Action Expert Distillation,leaderboards/stat_significance_sam_export_20260522T233929/sam_libero_official_prev_sota.csv,132,libero_object,libero_object_prev_sota,99.8,96.8,3,percent,484,499,484,499,0,0,python_round_nearest_even_matches_significance_cutoffs,15,10,50,1,0.05,1.644853627,3,9,0.6,1.8,provably_significant,Per-suite binary success rate over 10 tasks x 50 official trials.
LIBERO,object,VLA-0: Building State-of-the-Art VLAs with Zero Modification,leaderboards/stat_significance_sam_export_20260522T233929/sam_libero_official_prev_sota.csv,133,libero_object,libero_object_prev_sota,97.8,98.8,-1,percent,494,489,494,489,0,0,python_round_nearest_even_matches_significance_cutoffs,-5,10,50,1,0.05,1.644853627,3,5,0.6,1,no_improvement,Per-suite binary success rate over 10 tasks x 50 official trials.
LIBERO,object,VLA-Cache: Efficient Vision-Language-Action Manipulation via Adaptive Token Caching,leaderboards/stat_significance_sam_export_20260522T233929/sam_libero_official_prev_sota.csv,134,libero_object,libero_object_prev_sota,97.5,97.6,-0.1,percent,488,487.5,488,488,0,-0.5,python_round_nearest_even_matches_significance_cutoffs,0,10,50,1,0.05,1.644853627,3,7,0.6,1.4,no_improvement,Per-suite binary success rate over 10 tasks x 50 official trials.
LIBERO,object,VLA-Pruner: Temporal-Aware Dual-Level Visual Token Pruning for Efficient Vision-Language-Action Inference,leaderboards/stat_significance_sam_export_20260522T233929/sam_libero_official_prev_sota.csv,135,libero_object,libero_object_prev_sota,98.6,98.7,-0.1,percent,493.5,493,494,493,-0.5,0,python_round_nearest_even_matches_significance_cutoffs,-1,10,50,1,0.05,1.644853627,3,5,0.6,1,no_improvement,Per-suite binary success rate over 10 tasks x 50 official trials.
LIBERO,object,VLA-RFT: Vision-Language-Action Reinforcement Fine-tuning with Verified Rewards in World Simulators,leaderboards/stat_significance_sam_export_20260522T233929/sam_libero_official_prev_sota.csv,136,libero_object,libero_object_prev_sota,94.4,96.2,-1.8,percent,481,472,481,472,5.684341886e-14,5.684341886e-14,python_round_nearest_even_matches_significance_cutoffs,-9,10,50,1,0.05,1.644853627,3,9,0.6,1.8,no_improvement,Per-suite binary success rate over 10 tasks x 50 official trials.
LIBERO,object,VLA-RL: Towards Masterful and General Robotic Manipulation with Scalable Reinforcement Learning,leaderboards/stat_significance_sam_export_20260522T233929/sam_libero_official_prev_sota.csv,137,libero_object,libero_object_prev_sota,91.8,96.8,-5,percent,484,459,484,459,0,-5.684341886e-14,python_round_nearest_even_matches_significance_cutoffs,-25,10,50,1,0.05,1.644853627,3,9,0.6,1.8,no_improvement,Per-suite binary success rate over 10 tasks x 50 official trials.
LIBERO,object,WorldVLA: Towards Autoregressive Action World Model,leaderboards/stat_significance_sam_export_20260522T233929/sam_libero_official_prev_sota.csv,141,libero_object,libero_object_prev_sota,96.2,98.1,-1.9,percent,490.5,481,490,481,0.5,5.684341886e-14,python_round_nearest_even_matches_significance_cutoffs,-9,10,50,1,0.05,1.644853627,3,7,0.6,1.4,no_improvement,Per-suite binary success rate over 10 tasks x 50 official trials.
LIBERO,object,X-VLA: Soft-Prompted Transformer as Scalable Cross-Embodiment Vision-Language-Action Model,leaderboards/stat_significance_sam_export_20260522T233929/sam_libero_official_prev_sota.csv,142,libero_object,libero_object_prev_sota,98.6,98.8,-0.2,percent,494,493,494,493,0,0,python_round_nearest_even_matches_significance_cutoffs,-1,10,50,1,0.05,1.644853627,3,5,0.6,1,no_improvement,Per-suite binary success rate over 10 tasks x 50 official trials.
LIBERO,object,"A1: A Fully Transparent Open-Source, Adaptive and Efficient Truncated Vision-Language-Action Model",leaderboards/stat_significance_sam_export_20260522T233929/sam_libero_official_prev_sota.csv,144,libero_object,libero_object_prev_sota,99.8,98.8,1,percent,494,499,494,499,0,0,python_round_nearest_even_matches_significance_cutoffs,5,10,50,1,0.05,1.644853627,3,5,0.6,1,provably_significant,Per-suite binary success rate over 10 tasks x 50 official trials.
LIBERO,object,AcceRL: A Distributed Asynchronous Reinforcement Learning and World Model Framework for Vision-Language-Action Models,leaderboards/stat_significance_sam_export_20260522T233929/sam_libero_official_prev_sota.csv,145,libero_object,libero_object_prev_sota,100,99.8,0.2,percent,499,500,499,500,0,0,python_round_nearest_even_matches_significance_cutoffs,1,10,50,1,0.05,1.644853627,unknown,unknown,unknown,unknown,indeterminate,Per-suite binary success rate over 10 tasks x 50 official trials.
LIBERO,object,ACoT-VLA: Action Chain-of-Thought for Vision-Language-Action Models,leaderboards/stat_significance_sam_export_20260522T233929/sam_libero_official_prev_sota.csv,146,libero_object,libero_object_prev_sota,99,99.2,-0.2,percent,496,495,496,495,0,0,python_round_nearest_even_matches_significance_cutoffs,-1,10,50,1,0.05,1.644853627,3,4,0.6,0.8,no_improvement,Per-suite binary success rate over 10 tasks x 50 official trials.
LIBERO,object,"Act, Think or Abstain: Complexity-Aware Adaptive Inference for Vision-Language-Action Models",leaderboards/stat_significance_sam_export_20260522T233929/sam_libero_official_prev_sota.csv,147,libero_object,libero_object_prev_sota,90,90,0,percent,450,450,450,450,0,0,python_round_nearest_even_matches_significance_cutoffs,0,10,50,1,0.05,1.644853627,3,16,0.6,3.2,no_improvement,Per-suite binary success rate over 10 tasks x 50 official trials.
LIBERO,object,Action Draft and Verify: A Self-Verifying Framework for Vision-Language-Action Model,leaderboards/stat_significance_sam_export_20260522T233929/sam_libero_official_prev_sota.csv,148,libero_object,libero_object_prev_sota,99.4,98.4,1,percent,492,497,492,497,5.684341886e-14,5.684341886e-14,python_round_nearest_even_matches_significance_cutoffs,5,10,50,1,0.05,1.644853627,3,6,0.6,1.2,indeterminate,Per-suite binary success rate over 10 tasks x 50 official trials.
LIBERO,object,ActionCodec: What Makes for Good Action Tokenizers,leaderboards/stat_significance_sam_export_20260522T233929/sam_libero_official_prev_sota.csv,149,libero_object,libero_object_prev_sota,99.8,97.8,2,percent,489,499,489,499,0,0,python_round_nearest_even_matches_significance_cutoffs,10,10,50,1,0.05,1.644853627,3,7,0.6,1.4,provably_significant,Per-suite binary success rate over 10 tasks x 50 official trials.
LIBERO,object,Adaptive Action Chunking at Inference-time for Vision-Language-Action Models,leaderboards/stat_significance_sam_export_20260522T233929/sam_libero_official_prev_sota.csv,150,libero_object,libero_object_prev_sota,98.6,97.8,0.8,percent,489,493,489,493,0,0,python_round_nearest_even_matches_significance_cutoffs,4,10,50,1,0.05,1.644853627,3,7,0.6,1.4,indeterminate,Per-suite binary success rate over 10 tasks x 50 official trials.
LIBERO,object,ATA: Bridging Implicit Reasoning with Attention-Guided and Action-Guided Inference for Vision-Language Action Models,leaderboards/stat_significance_sam_export_20260522T233929/sam_libero_official_prev_sota.csv,154,libero_object,libero_object_prev_sota,98.8,98.2,0.6,percent,491,494,491,494,0,0,python_round_nearest_even_matches_significance_cutoffs,3,10,50,1,0.05,1.644853627,3,6,0.6,1.2,indeterminate,Per-suite binary success rate over 10 tasks x 50 official trials.
LIBERO,object,AtomicVLA: Unlocking the Potential of Atomic Skill Learning in Robots,leaderboards/stat_significance_sam_export_20260522T233929/sam_libero_official_prev_sota.csv,155,libero_object,libero_object_prev_sota,98.8,98.8,0,percent,494,494,494,494,0,0,python_round_nearest_even_matches_significance_cutoffs,0,10,50,1,0.05,1.644853627,3,5,0.6,1,no_improvement,Per-suite binary success rate over 10 tasks x 50 official trials.
LIBERO,object,AtomVLA: Scalable Post-Training for Robotic Manipulation via Predictive Latent World Models,leaderboards/stat_significance_sam_export_20260522T233929/sam_libero_official_prev_sota.csv,156,libero_object,libero_object_prev_sota,99.6,98.8,0.8,percent,494,498,494,498,0,0,python_round_nearest_even_matches_significance_cutoffs,4,10,50,1,0.05,1.644853627,3,5,0.6,1,indeterminate,Per-suite binary success rate over 10 tasks x 50 official trials.
LIBERO,object,Beyond Dense Futures: World Models as Structured Planners for Robotic Manipulation,leaderboards/stat_significance_sam_export_20260522T233929/sam_libero_official_prev_sota.csv,159,libero_object,libero_object_prev_sota,98,98,0,percent,490,490,490,490,0,0,python_round_nearest_even_matches_significance_cutoffs,0,10,50,1,0.05,1.644853627,3,7,0.6,1.4,no_improvement,Per-suite binary success rate over 10 tasks x 50 official trials.
LIBERO,object,Causal World Modeling for Robot Control,leaderboards/stat_significance_sam_export_20260522T233929/sam_libero_official_prev_sota.csv,160,libero_object,libero_object_prev_sota,99.6,99.6,0,percent,498,498,498,498,0,0,python_round_nearest_even_matches_significance_cutoffs,0,10,50,1,0.05,1.644853627,unknown,unknown,unknown,unknown,no_improvement,Per-suite binary success rate over 10 tasks x 50 official trials.
LIBERO,object,CF-VLA: Efficient Coarse-to-Fine Action Generation for Vision-Language-Action Policies,leaderboards/stat_significance_sam_export_20260522T233929/sam_libero_official_prev_sota.csv,161,libero_object,libero_object_prev_sota,99.2,100,-0.8,percent,500,496,500,496,0,0,python_round_nearest_even_matches_significance_cutoffs,-4,10,50,1,0.05,1.644853627,unknown,unknown,unknown,unknown,no_improvement,Per-suite binary success rate over 10 tasks x 50 official trials.
LIBERO,object,Chain of World: World Model Thinking in Latent Motion,leaderboards/stat_significance_sam_export_20260522T233929/sam_libero_official_prev_sota.csv,162,libero_object,libero_object_prev_sota,97.8,99.2,-1.4,percent,496,489,496,489,0,0,python_round_nearest_even_matches_significance_cutoffs,-7,10,50,1,0.05,1.644853627,3,4,0.6,0.8,no_improvement,Per-suite binary success rate over 10 tasks x 50 official trials.
LIBERO,object,CKT-WAM: Parameter-Efficient Context Knowledge Transfer Between World Action Models,leaderboards/stat_significance_sam_export_20260522T233929/sam_libero_official_prev_sota.csv,163,libero_object,libero_object_prev_sota,99.8,100,-0.2,percent,500,499,500,499,0,0,python_round_nearest_even_matches_significance_cutoffs,-1,10,50,1,0.05,1.644853627,unknown,unknown,unknown,unknown,no_improvement,Per-suite binary success rate over 10 tasks x 50 official trials.
LIBERO,object,CLaD: Planning with Grounded Foresight via Cross-Modal Latent Dynamics,leaderboards/stat_significance_sam_export_20260522T233929/sam_libero_official_prev_sota.csv,164,libero_object,libero_object_prev_sota,95.7,98.6,-2.9,percent,493,478.5,493,479,0,-0.5,python_round_nearest_even_matches_significance_cutoffs,-14,10,50,1,0.05,1.644853627,3,5,0.6,1,no_improvement,Per-suite binary success rate over 10 tasks x 50 official trials.
LIBERO,object,CLAP: Contrastive Latent Action Pretraining for Learning Vision-Language-Action Models from Human Videos,leaderboards/stat_significance_sam_export_20260522T233929/sam_libero_official_prev_sota.csv,165,libero_object,libero_object_prev_sota,92,94,-2,percent,470,460,470,460,0,0,python_round_nearest_even_matches_significance_cutoffs,-10,10,50,1,0.05,1.644853627,3,12,0.6,2.4,no_improvement,Per-suite binary success rate over 10 tasks x 50 official trials.
LIBERO,object,Conservative Offline Robot Policy Learning via Posterior-Transition Reweighting,leaderboards/stat_significance_sam_export_20260522T233929/sam_libero_official_prev_sota.csv,166,libero_object,libero_object_prev_sota,99.2,99,0.2,percent,495,496,495,496,0,0,python_round_nearest_even_matches_significance_cutoffs,1,10,50,1,0.05,1.644853627,3,5,0.6,1,provably_not_significant,Per-suite binary success rate over 10 tasks x 50 official trials.
LIBERO,object,ConsisVLA-4D: Advancing Spatiotemporal Consistency in Efficient 3D-Perception and 4D-Reasoning for Robotic Manipulation,leaderboards/stat_significance_sam_export_20260522T233929/sam_libero_official_prev_sota.csv,167,libero_object,libero_object_prev_sota,99.8,98.8,1,percent,494,499,494,499,0,0,python_round_nearest_even_matches_significance_cutoffs,5,10,50,1,0.05,1.644853627,3,5,0.6,1,provably_significant,Per-suite binary success rate over 10 tasks x 50 official trials.
LIBERO,object,CORAL: Scalable Multi-Task Robot Learning via LoRA Experts,leaderboards/stat_significance_sam_export_20260522T233929/sam_libero_official_prev_sota.csv,168,libero_object,libero_object_prev_sota,99.8,99.8,0,percent,499,499,499,499,0,0,python_round_nearest_even_matches_significance_cutoffs,0,10,50,1,0.05,1.644853627,unknown,unknown,unknown,unknown,no_improvement,Per-suite binary success rate over 10 tasks x 50 official trials.
LIBERO,object,CorridorVLA: Explicit Spatial Constraints for Generative Action Heads via Sparse Anchors,leaderboards/stat_significance_sam_export_20260522T233929/sam_libero_official_prev_sota.csv,169,libero_object,libero_object_prev_sota,95.8,94.1,1.7,percent,470.5,479,470,479,0.5,0,python_round_nearest_even_matches_significance_cutoffs,9,10,50,1,0.05,1.644853627,3,12,0.6,2.4,indeterminate,Per-suite binary success rate over 10 tasks x 50 official trials.
LIBERO,object,Cosmos Policy: Fine-Tuning Video Models for Visuomotor Control and Planning,leaderboards/stat_significance_sam_export_20260522T233929/sam_libero_official_prev_sota.csv,170,libero_object,libero_object_prev_sota,100,98.8,1.2,percent,494,500,494,500,0,0,python_round_nearest_even_matches_significance_cutoffs,6,10,50,1,0.05,1.644853627,3,5,0.6,1,provably_significant,Per-suite binary success rate over 10 tasks x 50 official trials.
LIBERO,object,CycleVLA: Proactive Self-Correcting Vision-Language-Action Models via Subtask Backtracking and Minimum Bayes Risk Decoding,leaderboards/stat_significance_sam_export_20260522T233929/sam_libero_official_prev_sota.csv,172,libero_object,libero_object_prev_sota,98.1,97.6,0.5,percent,488,490.5,488,490,0,0.5,python_round_nearest_even_matches_significance_cutoffs,2,10,50,1,0.05,1.644853627,3,7,0.6,1.4,provably_not_significant,Per-suite binary success rate over 10 tasks x 50 official trials.
LIBERO,object,DepthCache: Depth-Guided Training-Free Visual Token Merging for Vision-Language-Action Model Inference,leaderboards/stat_significance_sam_export_20260522T233929/sam_libero_official_prev_sota.csv,173,libero_object,libero_object_prev_sota,97.1,97.6,-0.5,percent,488,485.5,488,486,0,-0.5,python_round_nearest_even_matches_significance_cutoffs,-2,10,50,1,0.05,1.644853627,3,7,0.6,1.4,no_improvement,Per-suite binary success rate over 10 tasks x 50 official trials.
LIBERO,object,Device-Conditioned Neural Architecture Search for Efficient Robotic Manipulation,leaderboards/stat_significance_sam_export_20260522T233929/sam_libero_official_prev_sota.csv,174,libero_object,libero_object_prev_sota,98,98.4,-0.4,percent,492,490,492,490,5.684341886e-14,0,python_round_nearest_even_matches_significance_cutoffs,-2,10,50,1,0.05,1.644853627,3,6,0.6,1.2,no_improvement,Per-suite binary success rate over 10 tasks x 50 official trials.
LIBERO,object,DFM-VLA: Iterative Action Refinement for Robot Manipulation via Discrete Flow Matching,leaderboards/stat_significance_sam_export_20260522T233929/sam_libero_official_prev_sota.csv,175,libero_object,libero_object_prev_sota,98.8,96.8,2,percent,484,494,484,494,0,0,python_round_nearest_even_matches_significance_cutoffs,10,10,50,1,0.05,1.644853627,3,9,0.6,1.8,provably_significant,Per-suite binary success rate over 10 tasks x 50 official trials.
LIBERO,object,DiT4DiT: Jointly Modeling Video Dynamics and Actions for Generalizable Robot Control,leaderboards/stat_significance_sam_export_20260522T233929/sam_libero_official_prev_sota.csv,176,libero_object,libero_object_prev_sota,99.6,98.8,0.8,percent,494,498,494,498,0,0,python_round_nearest_even_matches_significance_cutoffs,4,10,50,1,0.05,1.644853627,3,5,0.6,1,indeterminate,Per-suite binary success rate over 10 tasks x 50 official trials.
LIBERO,object,DualCoT-VLA: Visual-Linguistic Chain of Thought via Parallel Reasoning for Vision-Language-Action Models,leaderboards/stat_significance_sam_export_20260522T233929/sam_libero_official_prev_sota.csv,177,libero_object,libero_object_prev_sota,99.8,99,0.8,percent,495,499,495,499,0,0,python_round_nearest_even_matches_significance_cutoffs,4,10,50,1,0.05,1.644853627,3,5,0.6,1,indeterminate,Per-suite binary success rate over 10 tasks x 50 official trials.
LIBERO,object,DyQ-VLA: Temporal-Dynamic-Aware Quantization for Embodied Vision-Language-Action Models,leaderboards/stat_significance_sam_export_20260522T233929/sam_libero_official_prev_sota.csv,178,libero_object,libero_object_prev_sota,87.8,88.4,-0.6,percent,442,439,442,439,0,0,python_round_nearest_even_matches_significance_cutoffs,-3,10,50,1,0.05,1.644853627,3,17,0.6,3.4,no_improvement,Per-suite binary success rate over 10 tasks x 50 official trials.
LIBERO,object,DySL-VLA: Efficient Vision-Language-Action Model Inference via Dynamic-Static Layer-Skipping for Robot Manipulation,leaderboards/stat_significance_sam_export_20260522T233929/sam_libero_official_prev_sota.csv,179,libero_object,libero_object_prev_sota,98.2,98.4,-0.2,percent,492,491,492,491,5.684341886e-14,0,python_round_nearest_even_matches_significance_cutoffs,-1,10,50,1,0.05,1.644853627,3,6,0.6,1.2,no_improvement,Per-suite binary success rate over 10 tasks x 50 official trials.
LIBERO,object,Efficient Long-Horizon Vision-Language-Action Models via Static-Dynamic Disentanglement,leaderboards/stat_significance_sam_export_20260522T233929/sam_libero_official_prev_sota.csv,180,libero_object,libero_object_prev_sota,97.6,98.3,-0.7,percent,491.5,488,492,488,-0.5,0,python_round_nearest_even_matches_significance_cutoffs,-4,10,50,1,0.05,1.644853627,3,6,0.6,1.2,no_improvement,Per-suite binary success rate over 10 tasks x 50 official trials.
LIBERO,object,Fast-dVLA: Accelerating Discrete Diffusion VLA to Real-Time Performance,leaderboards/stat_significance_sam_export_20260522T233929/sam_libero_official_prev_sota.csv,182,libero_object,libero_object_prev_sota,98.8,98.8,0,percent,494,494,494,494,0,0,python_round_nearest_even_matches_significance_cutoffs,0,10,50,1,0.05,1.644853627,3,5,0.6,1,no_improvement,Per-suite binary success rate over 10 tasks x 50 official trials.
LIBERO,object,Fast-ThinkAct: Efficient Vision-Language-Action Reasoning via Verbalizable Latent Planning,leaderboards/stat_significance_sam_export_20260522T233929/sam_libero_official_prev_sota.csv,183,libero_object,libero_object_prev_sota,97.2,95.4,1.8,percent,477,486,477,486,5.684341886e-14,0,python_round_nearest_even_matches_significance_cutoffs,9,10,50,1,0.05,1.644853627,3,10,0.6,2,indeterminate,Per-suite binary success rate over 10 tasks x 50 official trials.
LIBERO,object,Fast-WAM: Do World Action Models Need Test-time Future Imagination?,leaderboards/stat_significance_sam_export_20260522T233929/sam_libero_official_prev_sota.csv,184,libero_object,libero_object_prev_sota,100,99.8,0.2,percent,499,500,499,500,0,0,python_round_nearest_even_matches_significance_cutoffs,1,10,50,1,0.05,1.644853627,unknown,unknown,unknown,unknown,indeterminate,Per-suite binary success rate over 10 tasks x 50 official trials.
LIBERO,object,FASTER: Rethinking Real-Time Flow VLAs,leaderboards/stat_significance_sam_export_20260522T233929/sam_libero_official_prev_sota.csv,185,libero_object,libero_object_prev_sota,99.2,99.4,-0.2,percent,497,496,497,496,5.684341886e-14,0,python_round_nearest_even_matches_significance_cutoffs,-1,10,50,1,0.05,1.644853627,3,3,0.6,0.6,no_improvement,Per-suite binary success rate over 10 tasks x 50 official trials.
LIBERO,object,FlowHijack: A Dynamics-Aware Backdoor Attack on Flow-Matching Vision-Language-Action Models,leaderboards/stat_significance_sam_export_20260522T233929/sam_libero_official_prev_sota.csv,186,libero_object,libero_object_prev_sota,98.8,98.8,0,percent,494,494,494,494,0,0,python_round_nearest_even_matches_significance_cutoffs,0,10,50,1,0.05,1.644853627,3,5,0.6,1,no_improvement,Per-suite binary success rate over 10 tasks x 50 official trials.
LIBERO,object,From Noise to Intent: Anchoring Generative VLA Policies with Residual Bridges,leaderboards/stat_significance_sam_export_20260522T233929/sam_libero_official_prev_sota.csv,187,libero_object,libero_object_prev_sota,98.6,99.2,-0.6,percent,496,493,496,493,0,0,python_round_nearest_even_matches_significance_cutoffs,-3,10,50,1,0.05,1.644853627,3,4,0.6,0.8,no_improvement,Per-suite binary success rate over 10 tasks x 50 official trials.
LIBERO,object,From Pixels to Tokens: A Systematic Study of Latent Action Supervision for Vision-Language-Action Models,leaderboards/stat_significance_sam_export_20260522T233929/sam_libero_official_prev_sota.csv,188,libero_object,libero_object_prev_sota,98.6,98.8,-0.2,percent,494,493,494,493,0,0,python_round_nearest_even_matches_significance_cutoffs,-1,10,50,1,0.05,1.644853627,3,5,0.6,1,no_improvement,Per-suite binary success rate over 10 tasks x 50 official trials.
LIBERO,object,Generative Control as Optimization: Time Unconditional Flow Matching for Adaptive and Robust Robotic Control,leaderboards/stat_significance_sam_export_20260522T233929/sam_libero_official_prev_sota.csv,189,libero_object,libero_object_prev_sota,98.6,98.8,-0.2,percent,494,493,494,493,0,0,python_round_nearest_even_matches_significance_cutoffs,-1,10,50,1,0.05,1.644853627,3,5,0.6,1,no_improvement,Per-suite binary success rate over 10 tasks x 50 official trials.
LIBERO,object,GST-VLA: Structured Gaussian Spatial Tokens for 3D Depth-Aware Vision-Language-Action Models,leaderboards/stat_significance_sam_export_20260522T233929/sam_libero_official_prev_sota.csv,191,libero_object,libero_object_prev_sota,97.4,95.8,1.6,percent,479,487,479,487,0,5.684341886e-14,python_round_nearest_even_matches_significance_cutoffs,8,10,50,1,0.05,1.644853627,3,10,0.6,2,indeterminate,Per-suite binary success rate over 10 tasks x 50 official trials.
LIBERO,object,HeiSD: Hybrid Speculative Decoding for Embodied Vision-Language-Action Models with Kinematic Awareness,leaderboards/stat_significance_sam_export_20260522T233929/sam_libero_official_prev_sota.csv,192,libero_object,libero_object_prev_sota,71,62.4,8.6,percent,312,355,312,355,0,0,python_round_nearest_even_matches_significance_cutoffs,43,10,50,1,0.05,1.644853627,3,31,0.6,6.2,provably_significant,Per-suite binary success rate over 10 tasks x 50 official trials.
LIBERO,object,HoloBrain-0 Technical Report,leaderboards/stat_significance_sam_export_20260522T233929/sam_libero_official_prev_sota.csv,194,libero_object,libero_object_prev_sota,99.6,98.8,0.8,percent,494,498,494,498,0,0,python_round_nearest_even_matches_significance_cutoffs,4,10,50,1,0.05,1.644853627,3,5,0.6,1,indeterminate,Per-suite binary success rate over 10 tasks x 50 official trials.
LIBERO,object,JEPA-VLA: Video Predictive Embedding is Needed for VLA Models,leaderboards/stat_significance_sam_export_20260522T233929/sam_libero_official_prev_sota.csv,196,libero_object,libero_object_prev_sota,98,98.3,-0.3,percent,491.5,490,492,490,-0.5,0,python_round_nearest_even_matches_significance_cutoffs,-2,10,50,1,0.05,1.644853627,3,6,0.6,1.2,no_improvement,Per-suite binary success rate over 10 tasks x 50 official trials.
LIBERO,object,Joint-Aligned Latent Action: Towards Scalable VLA Pretraining in the Wild,leaderboards/stat_significance_sam_export_20260522T233929/sam_libero_official_prev_sota.csv,197,libero_object,libero_object_prev_sota,98.2,98.8,-0.6,percent,494,491,494,491,0,0,python_round_nearest_even_matches_significance_cutoffs,-3,10,50,1,0.05,1.644853627,3,5,0.6,1,no_improvement,Per-suite binary success rate over 10 tasks x 50 official trials.
LIBERO,object,KERV: Kinematic-Rectified Speculative Decoding for Embodied VLA Models,leaderboards/stat_significance_sam_export_20260522T233929/sam_libero_official_prev_sota.csv,198,libero_object,libero_object_prev_sota,72.3,70,2.3,percent,350,361.5,350,362,0,-0.5,python_round_nearest_even_matches_significance_cutoffs,12,10,50,1,0.05,1.644853627,3,28,0.6,5.6,indeterminate,Per-suite binary success rate over 10 tasks x 50 official trials.
LIBERO,object,LaMP: Learning Vision-Language-Action Policies with 3D Scene Flow as Latent Motion Prior,leaderboards/stat_significance_sam_export_20260522T233929/sam_libero_official_prev_sota.csv,199,libero_object,libero_object_prev_sota,99.8,98.8,1,percent,494,499,494,499,0,0,python_round_nearest_even_matches_significance_cutoffs,5,10,50,1,0.05,1.644853627,3,5,0.6,1,provably_significant,Per-suite binary success rate over 10 tasks x 50 official trials.
LIBERO,object,LangForce: Bayesian Decomposition of Vision Language Action Models via Latent Action Queries,leaderboards/stat_significance_sam_export_20260522T233929/sam_libero_official_prev_sota.csv,200,libero_object,libero_object_prev_sota,99.6,98.8,0.8,percent,494,498,494,498,0,0,python_round_nearest_even_matches_significance_cutoffs,4,10,50,1,0.05,1.644853627,3,5,0.6,1,indeterminate,Per-suite binary success rate over 10 tasks x 50 official trials.
LIBERO,object,LangGap: Diagnosing and Closing the Language Gap in Vision-Language-Action Models,leaderboards/stat_significance_sam_export_20260522T233929/sam_libero_official_prev_sota.csv,201,libero_object,libero_object_prev_sota,98,100,-2,percent,500,490,500,490,0,0,python_round_nearest_even_matches_significance_cutoffs,-10,10,50,1,0.05,1.644853627,unknown,unknown,unknown,unknown,no_improvement,Per-suite binary success rate over 10 tasks x 50 official trials.
LIBERO,object,Language-Grounded Decoupled Action Representation for Robotic Manipulation,leaderboards/stat_significance_sam_export_20260522T233929/sam_libero_official_prev_sota.csv,202,libero_object,libero_object_prev_sota,99.2,99.2,0,percent,496,496,496,496,0,0,python_round_nearest_even_matches_significance_cutoffs,0,10,50,1,0.05,1.644853627,3,4,0.6,0.8,no_improvement,Per-suite binary success rate over 10 tasks x 50 official trials.
LIBERO,object,LAR-MoE: Latent-Aligned Routing for Mixture of Experts in Robotic Imitation Learning,leaderboards/stat_significance_sam_export_20260522T233929/sam_libero_official_prev_sota.csv,203,libero_object,libero_object_prev_sota,99,98,1,percent,490,495,490,495,0,0,python_round_nearest_even_matches_significance_cutoffs,5,10,50,1,0.05,1.644853627,3,7,0.6,1.4,indeterminate,Per-suite binary success rate over 10 tasks x 50 official trials.
LIBERO,object,Latent Bridge: Feature Delta Prediction for Efficient Dual-System Vision-Language-Action Model Inference,leaderboards/stat_significance_sam_export_20260522T233929/sam_libero_official_prev_sota.csv,204,libero_object,libero_object_prev_sota,97.67,98.17,-0.5,percent,490.85,488.35,491,488,-0.15,0.35,python_round_nearest_even_matches_significance_cutoffs,-3,10,50,1,0.05,1.644853627,3,6,0.6,1.2,no_improvement,Per-suite binary success rate over 10 tasks x 50 official trials.
LIBERO,object,Learning Diffusion Policy from Primitive Skills for Robot Manipulation,leaderboards/stat_significance_sam_export_20260522T233929/sam_libero_official_prev_sota.csv,205,libero_object,libero_object_prev_sota,99.8,95.4,4.4,percent,477,499,477,499,5.684341886e-14,0,python_round_nearest_even_matches_significance_cutoffs,22,10,50,1,0.05,1.644853627,3,10,0.6,2,provably_significant,Per-suite binary success rate over 10 tasks x 50 official trials.
LIBERO,object,Learning Physics from Pretrained Video Models: A Multimodal Continuous and Sequential World Interaction Models for Robotic Manipulation,leaderboards/stat_significance_sam_export_20260522T233929/sam_libero_official_prev_sota.csv,206,libero_object,libero_object_prev_sota,99.6,97,2.6,percent,485,498,485,498,0,0,python_round_nearest_even_matches_significance_cutoffs,13,10,50,1,0.05,1.644853627,3,8,0.6,1.6,provably_significant,Per-suite binary success rate over 10 tasks x 50 official trials.
LIBERO,object,Learning to Accelerate Vision-Language-Action Models through Adaptive Visual Token Caching,leaderboards/stat_significance_sam_export_20260522T233929/sam_libero_official_prev_sota.csv,207,libero_object,libero_object_prev_sota,86.2,86.6,-0.4,percent,433,431,433,431,0,0,python_round_nearest_even_matches_significance_cutoffs,-2,10,50,1,0.05,1.644853627,3,18,0.6,3.6,no_improvement,Per-suite binary success rate over 10 tasks x 50 official trials.
LIBERO,object,Libra-VLA: Achieving Learning Equilibrium via Asynchronous Coarse-to-Fine Dual-System,leaderboards/stat_significance_sam_export_20260522T233929/sam_libero_official_prev_sota.csv,209,libero_object,libero_object_prev_sota,99.4,98.8,0.6,percent,494,497,494,497,0,5.684341886e-14,python_round_nearest_even_matches_significance_cutoffs,3,10,50,1,0.05,1.644853627,3,5,0.6,1,indeterminate,Per-suite binary success rate over 10 tasks x 50 official trials.
LIBERO,object,$M^2$-VLA: Boosting Vision-Language Models for Generalizable Manipulation via Layer Mixture and Meta-Skills,leaderboards/stat_significance_sam_export_20260522T233929/sam_libero_official_prev_sota.csv,210,libero_object,libero_object_prev_sota,99,95.4,3.6,percent,477,495,477,495,5.684341886e-14,0,python_round_nearest_even_matches_significance_cutoffs,18,10,50,1,0.05,1.644853627,3,10,0.6,2,provably_significant,Per-suite binary success rate over 10 tasks x 50 official trials.
LIBERO,object,Mask World Model: Predicting What Matters for Robust Robot Policy Learning,leaderboards/stat_significance_sam_export_20260522T233929/sam_libero_official_prev_sota.csv,211,libero_object,libero_object_prev_sota,100,99.2,0.8,percent,496,500,496,500,0,0,python_round_nearest_even_matches_significance_cutoffs,4,10,50,1,0.05,1.644853627,3,4,0.6,0.8,provably_significant,Per-suite binary success rate over 10 tasks x 50 official trials.
LIBERO,object,MMaDA-VLA: Large Diffusion Vision-Language-Action Model with Unified Multi-Modal Instruction and Generation,leaderboards/stat_significance_sam_export_20260522T233929/sam_libero_official_prev_sota.csv,212,libero_object,libero_object_prev_sota,99.8,99.4,0.4,percent,497,499,497,499,5.684341886e-14,0,python_round_nearest_even_matches_significance_cutoffs,2,10,50,1,0.05,1.644853627,3,3,0.6,0.6,provably_not_significant,Per-suite binary success rate over 10 tasks x 50 official trials.
LIBERO,object,Neural Implicit Action Fields: From Discrete Waypoints to Continuous Functions for Vision-Language-Action Models,leaderboards/stat_significance_sam_export_20260522T233929/sam_libero_official_prev_sota.csv,215,libero_object,libero_object_prev_sota,100,98.8,1.2,percent,494,500,494,500,0,0,python_round_nearest_even_matches_significance_cutoffs,6,10,50,1,0.05,1.644853627,3,5,0.6,1,provably_significant,Per-suite binary success rate over 10 tasks x 50 official trials.
LIBERO,object,OFlow: Injecting Object-Aware Temporal Flow Matching for Robust Robotic Manipulation,leaderboards/stat_significance_sam_export_20260522T233929/sam_libero_official_prev_sota.csv,218,libero_object,libero_object_prev_sota,99,99,0,percent,495,495,495,495,0,0,python_round_nearest_even_matches_significance_cutoffs,0,10,50,1,0.05,1.644853627,3,5,0.6,1,no_improvement,Per-suite binary success rate over 10 tasks x 50 official trials.
LIBERO,object,OmniVLA-RL: A Vision-Language-Action Model with Spatial Understanding and Online RL,leaderboards/stat_significance_sam_export_20260522T233929/sam_libero_official_prev_sota.csv,219,libero_object,libero_object_prev_sota,99.2,98.8,0.4,percent,494,496,494,496,0,0,python_round_nearest_even_matches_significance_cutoffs,2,10,50,1,0.05,1.644853627,3,5,0.6,1,provably_not_significant,Per-suite binary success rate over 10 tasks x 50 official trials.
LIBERO,object,PALM: Progress-Aware Policy Learning via Affordance Reasoning for Long-Horizon Robotic Manipulation,leaderboards/stat_significance_sam_export_20260522T233929/sam_libero_official_prev_sota.csv,221,libero_object,libero_object_prev_sota,96.7,93.1,3.6,percent,465.5,483.5,465,484,0.5,-0.5,python_round_nearest_even_matches_significance_cutoffs,19,10,50,1,0.05,1.644853627,3,13,0.6,2.6,provably_significant,Per-suite binary success rate over 10 tasks x 50 official trials.
LIBERO,object,Phantom Menace: Exploring and Enhancing the Robustness of VLA Models Against Physical Sensor Attacks,leaderboards/stat_significance_sam_export_20260522T233929/sam_libero_official_prev_sota.csv,222,libero_object,libero_object_prev_sota,98.4,98.8,-0.4,percent,494,492,494,492,0,5.684341886e-14,python_round_nearest_even_matches_significance_cutoffs,-2,10,50,1,0.05,1.644853627,3,5,0.6,1,no_improvement,Per-suite binary success rate over 10 tasks x 50 official trials.
LIBERO,object,PokeVLA: Empowering Pocket-Sized Vision-Language-Action Model with Comprehensive World Knowledge Guidance,leaderboards/stat_significance_sam_export_20260522T233929/sam_libero_official_prev_sota.csv,223,libero_object,libero_object_prev_sota,99.6,99.6,0,percent,498,498,498,498,0,0,python_round_nearest_even_matches_significance_cutoffs,0,10,50,1,0.05,1.644853627,unknown,unknown,unknown,unknown,no_improvement,Per-suite binary success rate over 10 tasks x 50 official trials.
LIBERO,object,Pri4R: Learning World Dynamics for Vision-Language-Action Models with Privileged 4D Representation,leaderboards/stat_significance_sam_export_20260522T233929/sam_libero_official_prev_sota.csv,224,libero_object,libero_object_prev_sota,98.6,98.2,0.4,percent,491,493,491,493,0,0,python_round_nearest_even_matches_significance_cutoffs,2,10,50,1,0.05,1.644853627,3,6,0.6,1.2,provably_not_significant,Per-suite binary success rate over 10 tasks x 50 official trials.
LIBERO,object,Privileged Foresight Distillation: Zero-Cost Future Correction for World Action Models,leaderboards/stat_significance_sam_export_20260522T233929/sam_libero_official_prev_sota.csv,225,libero_object,libero_object_prev_sota,99.2,100,-0.8,percent,500,496,500,496,0,0,python_round_nearest_even_matches_significance_cutoffs,-4,10,50,1,0.05,1.644853627,unknown,unknown,unknown,unknown,no_improvement,Per-suite binary success rate over 10 tasks x 50 official trials.
LIBERO,object,ProgressVLA: Progress-Guided Diffusion Policy for Vision-Language Robotic Manipulation,leaderboards/stat_significance_sam_export_20260522T233929/sam_libero_official_prev_sota.csv,226,libero_object,libero_object_prev_sota,96.4,96.3,0.1,percent,481.5,482,482,482,-0.5,5.684341886e-14,python_round_nearest_even_matches_significance_cutoffs,0,10,50,1,0.05,1.644853627,3,9,0.6,1.8,provably_not_significant,Per-suite binary success rate over 10 tasks x 50 official trials.
LIBERO,object,QuantVLA: Scale-Calibrated Post-Training Quantization for Vision-Language-Action Models,leaderboards/stat_significance_sam_export_20260522T233929/sam_libero_official_prev_sota.csv,227,libero_object,libero_object_prev_sota,98,99,-1,percent,495,490,495,490,0,0,python_round_nearest_even_matches_significance_cutoffs,-5,10,50,1,0.05,1.644853627,3,5,0.6,1,no_improvement,Per-suite binary success rate over 10 tasks x 50 official trials.
LIBERO,object,QVLA: Not All Channels Are Equal in Vision-Language-Action Model's Quantization,leaderboards/stat_significance_sam_export_20260522T233929/sam_libero_official_prev_sota.csv,228,libero_object,libero_object_prev_sota,97.6,98.4,-0.8,percent,492,488,492,488,5.684341886e-14,0,python_round_nearest_even_matches_significance_cutoffs,-4,10,50,1,0.05,1.644853627,3,6,0.6,1.2,no_improvement,Per-suite binary success rate over 10 tasks x 50 official trials.
LIBERO,object,Recurrent-Depth VLA: Implicit Test-Time Compute Scaling of Vision-Language-Action Models via Latent Iterative Reasoning,leaderboards/stat_significance_sam_export_20260522T233929/sam_libero_official_prev_sota.csv,229,libero_object,libero_object_prev_sota,99,97.2,1.8,percent,486,495,486,495,0,0,python_round_nearest_even_matches_significance_cutoffs,9,10,50,1,0.05,1.644853627,3,8,0.6,1.6,provably_significant,Per-suite binary success rate over 10 tasks x 50 official trials.
LIBERO,object,Reshaping Action Error Distributions for Reliable Vision-Language-Action Models,leaderboards/stat_significance_sam_export_20260522T233929/sam_libero_official_prev_sota.csv,231,libero_object,libero_object_prev_sota,100,99.2,0.8,percent,496,500,496,500,0,0,python_round_nearest_even_matches_significance_cutoffs,4,10,50,1,0.05,1.644853627,3,4,0.6,0.8,provably_significant,Per-suite binary success rate over 10 tasks x 50 official trials.
LIBERO,object,Restoring Linguistic Grounding in VLA Models via Train-Free Attention Recalibration,leaderboards/stat_significance_sam_export_20260522T233929/sam_libero_official_prev_sota.csv,232,libero_object,libero_object_prev_sota,99.8,98.8,1,percent,494,499,494,499,0,0,python_round_nearest_even_matches_significance_cutoffs,5,10,50,1,0.05,1.644853627,3,5,0.6,1,provably_significant,Per-suite binary success rate over 10 tasks x 50 official trials.
LIBERO,object,"Rethinking Visual-Language-Action Model Scaling: Alignment, Mixture, and Regularization",leaderboards/stat_significance_sam_export_20260522T233929/sam_libero_official_prev_sota.csv,234,libero_object,libero_object_prev_sota,96.2,98.2,-2,percent,491,481,491,481,0,5.684341886e-14,python_round_nearest_even_matches_significance_cutoffs,-10,10,50,1,0.05,1.644853627,3,6,0.6,1.2,no_improvement,Per-suite binary success rate over 10 tasks x 50 official trials.
LIBERO,object,ReViP: Mitigating False Completion in Vision-Language-Action Models with Vision-Proprioception Rebalance,leaderboards/stat_significance_sam_export_20260522T233929/sam_libero_official_prev_sota.csv,235,libero_object,libero_object_prev_sota,98.8,98.8,0,percent,494,494,494,494,0,0,python_round_nearest_even_matches_significance_cutoffs,0,10,50,1,0.05,1.644853627,3,5,0.6,1,no_improvement,Per-suite binary success rate over 10 tasks x 50 official trials.
LIBERO,object,RoboAlign: Learning Test-Time Reasoning for Language-Action Alignment in Vision-Language-Action Models,leaderboards/stat_significance_sam_export_20260522T233929/sam_libero_official_prev_sota.csv,237,libero_object,libero_object_prev_sota,96,91.6,4.4,percent,458,480,458,480,-5.684341886e-14,0,python_round_nearest_even_matches_significance_cutoffs,22,10,50,1,0.05,1.644853627,3,14,0.6,2.8,provably_significant,Per-suite binary success rate over 10 tasks x 50 official trials.
LIBERO,object,Robotic Manipulation is Vision-to-Geometry Mapping ($f(v) \rightarrow G$): Vision-Geometry Backbones over Language and Video Models,leaderboards/stat_significance_sam_export_20260522T233929/sam_libero_official_prev_sota.csv,239,libero_object,libero_object_prev_sota,99.6,100,-0.4,percent,500,498,500,498,0,0,python_round_nearest_even_matches_significance_cutoffs,-2,10,50,1,0.05,1.644853627,unknown,unknown,unknown,unknown,no_improvement,Per-suite binary success rate over 10 tasks x 50 official trials.
LIBERO,object,ROCKET: Residual-Oriented Multi-Layer Alignment for Spatially-Aware Vision-Language-Action Models,leaderboards/stat_significance_sam_export_20260522T233929/sam_libero_official_prev_sota.csv,240,libero_object,libero_object_prev_sota,99.8,99.8,0,percent,499,499,499,499,0,0,python_round_nearest_even_matches_significance_cutoffs,0,10,50,1,0.05,1.644853627,unknown,unknown,unknown,unknown,no_improvement,Per-suite binary success rate over 10 tasks x 50 official trials.
LIBERO,object,SaiVLA-0: Cerebrum--Pons--Cerebellum Tripartite Architecture for Compute-Aware Vision-Language-Action,leaderboards/stat_significance_sam_export_20260522T233929/sam_libero_official_prev_sota.csv,241,libero_object,libero_object_prev_sota,100,98.8,1.2,percent,494,500,494,500,0,0,python_round_nearest_even_matches_significance_cutoffs,6,10,50,1,0.05,1.644853627,3,5,0.6,1,provably_significant,Per-suite binary success rate over 10 tasks x 50 official trials.
LIBERO,object,"Say, Dream, and Act: Learning Video World Models for Instruction-Driven Robot Manipulation",leaderboards/stat_significance_sam_export_20260522T233929/sam_libero_official_prev_sota.csv,242,libero_object,libero_object_prev_sota,99.2,98.8,0.4,percent,494,496,494,496,0,0,python_round_nearest_even_matches_significance_cutoffs,2,10,50,1,0.05,1.644853627,3,5,0.6,1,provably_not_significant,Per-suite binary success rate over 10 tasks x 50 official trials.
LIBERO,object,"See, Plan, Rewind: Progress-Aware Vision-Language-Action Models for Robust Robotic Manipulation",leaderboards/stat_significance_sam_export_20260522T233929/sam_libero_official_prev_sota.csv,243,libero_object,libero_object_prev_sota,95.4,96.8,-1.4,percent,484,477,484,477,0,5.684341886e-14,python_round_nearest_even_matches_significance_cutoffs,-7,10,50,1,0.05,1.644853627,3,9,0.6,1.8,no_improvement,Per-suite binary success rate over 10 tasks x 50 official trials.
LIBERO,object,Shallow-π: Knowledge Distillation for Flow-based VLAs,leaderboards/stat_significance_sam_export_20260522T233929/sam_libero_official_prev_sota.csv,245,libero_object,libero_object_prev_sota,98,99,-1,percent,495,490,495,490,0,0,python_round_nearest_even_matches_significance_cutoffs,-5,10,50,1,0.05,1.644853627,3,5,0.6,1,no_improvement,Per-suite binary success rate over 10 tasks x 50 official trials.
LIBERO,object,SimVLA: A Simple VLA Baseline for Robotic Manipulation,leaderboards/stat_significance_sam_export_20260522T233929/sam_libero_official_prev_sota.csv,247,libero_object,libero_object_prev_sota,99.8,99.2,0.6,percent,496,499,496,499,0,0,python_round_nearest_even_matches_significance_cutoffs,3,10,50,1,0.05,1.644853627,3,4,0.6,0.8,indeterminate,Per-suite binary success rate over 10 tasks x 50 official trials.
LIBERO,object,SmoothVLA: Aligning Vision-Language-Action Models with Physical Constraints via Intrinsic Smoothness Optimization,leaderboards/stat_significance_sam_export_20260522T233929/sam_libero_official_prev_sota.csv,248,libero_object,libero_object_prev_sota,94.2,92.1,2.1,percent,460.5,471,460,471,0.5,5.684341886e-14,python_round_nearest_even_matches_significance_cutoffs,11,10,50,1,0.05,1.644853627,3,14,0.6,2.8,indeterminate,Per-suite binary success rate over 10 tasks x 50 official trials.
LIBERO,object,SnapFlow: One-Step Action Generation for Flow-Matching VLAs via Progressive Self-Distillation,leaderboards/stat_significance_sam_export_20260522T233929/sam_libero_official_prev_sota.csv,249,libero_object,libero_object_prev_sota,100,100,0,percent,500,500,500,500,0,0,python_round_nearest_even_matches_significance_cutoffs,0,10,50,1,0.05,1.644853627,unknown,unknown,unknown,unknown,no_improvement,Per-suite binary success rate over 10 tasks x 50 official trials.
LIBERO,object,Speedup Patch: Learning a Plug-and-Play Policy to Accelerate Embodied Manipulation,leaderboards/stat_significance_sam_export_20260522T233929/sam_libero_official_prev_sota.csv,250,libero_object,libero_object_prev_sota,99.4,98.8,0.6,percent,494,497,494,497,0,5.684341886e-14,python_round_nearest_even_matches_significance_cutoffs,3,10,50,1,0.05,1.644853627,3,5,0.6,1,indeterminate,Per-suite binary success rate over 10 tasks x 50 official trials.
LIBERO,object,ST-$π$: Structured SpatioTemporal VLA for Robotic Manipulation,leaderboards/stat_significance_sam_export_20260522T233929/sam_libero_official_prev_sota.csv,251,libero_object,libero_object_prev_sota,98.3,98.2,0.1,percent,491,491.5,491,492,0,-0.5,python_round_nearest_even_matches_significance_cutoffs,1,10,50,1,0.05,1.644853627,3,6,0.6,1.2,provably_not_significant,Per-suite binary success rate over 10 tasks x 50 official trials.
LIBERO,object,Stable Language Guidance for Vision-Language-Action Models,leaderboards/stat_significance_sam_export_20260522T233929/sam_libero_official_prev_sota.csv,252,libero_object,libero_object_prev_sota,99.2,98.8,0.4,percent,494,496,494,496,0,0,python_round_nearest_even_matches_significance_cutoffs,2,10,50,1,0.05,1.644853627,3,5,0.6,1,provably_not_significant,Per-suite binary success rate over 10 tasks x 50 official trials.
LIBERO,object,StarVLA: A Lego-like Codebase for Vision-Language-Action Model Developing,leaderboards/stat_significance_sam_export_20260522T233929/sam_libero_official_prev_sota.csv,253,libero_object,libero_object_prev_sota,98.6,98.8,-0.2,percent,494,493,494,493,0,0,python_round_nearest_even_matches_significance_cutoffs,-1,10,50,1,0.05,1.644853627,3,5,0.6,1,no_improvement,Per-suite binary success rate over 10 tasks x 50 official trials.
LIBERO,object,StarVLA-$α$: Reducing Complexity in Vision-Language-Action Systems,leaderboards/stat_significance_sam_export_20260522T233929/sam_libero_official_prev_sota.csv,254,libero_object,libero_object_prev_sota,99.8,98.8,1,percent,494,499,494,499,0,0,python_round_nearest_even_matches_significance_cutoffs,5,10,50,1,0.05,1.644853627,3,5,0.6,1,provably_significant,Per-suite binary success rate over 10 tasks x 50 official trials.
LIBERO,object,StreamingVLA: Streaming Vision-Language-Action Model with Action Flow Matching and Adaptive Early Observation,leaderboards/stat_significance_sam_export_20260522T233929/sam_libero_official_prev_sota.csv,255,libero_object,libero_object_prev_sota,96.6,99.2,-2.6,percent,496,483,496,483,0,0,python_round_nearest_even_matches_significance_cutoffs,-13,10,50,1,0.05,1.644853627,3,4,0.6,0.8,no_improvement,Per-suite binary success rate over 10 tasks x 50 official trials.
LIBERO,object,StreamVLA: Breaking the Reason-Act Cycle via Completion-State Gating,leaderboards/stat_significance_sam_export_20260522T233929/sam_libero_official_prev_sota.csv,256,libero_object,libero_object_prev_sota,99.4,98.8,0.6,percent,494,497,494,497,0,5.684341886e-14,python_round_nearest_even_matches_significance_cutoffs,3,10,50,1,0.05,1.644853627,3,5,0.6,1,indeterminate,Per-suite binary success rate over 10 tasks x 50 official trials.
LIBERO,object,Test-Time Perturbation Learning with Delayed Feedback for Vision-Language-Action Models,leaderboards/stat_significance_sam_export_20260522T233929/sam_libero_official_prev_sota.csv,259,libero_object,libero_object_prev_sota,72,92,-20,percent,460,360,460,360,0,0,python_round_nearest_even_matches_significance_cutoffs,-100,10,50,1,0.05,1.644853627,3,14,0.6,2.8,no_improvement,Per-suite binary success rate over 10 tasks x 50 official trials.
LIBERO,object,Thinking in Text and Images: Interleaved Vision--Language Reasoning Traces for Long-Horizon Robot Manipulation,leaderboards/stat_significance_sam_export_20260522T233929/sam_libero_official_prev_sota.csv,261,libero_object,libero_object_prev_sota,95.8,97.8,-2,percent,489,479,489,479,0,0,python_round_nearest_even_matches_significance_cutoffs,-10,10,50,1,0.05,1.644853627,3,7,0.6,1.4,no_improvement,Per-suite binary success rate over 10 tasks x 50 official trials.
LIBERO,object,Towards Long-Lived Robots: Continual Learning VLA Models via Reinforcement Fine-Tuning,leaderboards/stat_significance_sam_export_20260522T233929/sam_libero_official_prev_sota.csv,262,libero_object,libero_object_prev_sota,99.2,98.8,0.4,percent,494,496,494,496,0,0,python_round_nearest_even_matches_significance_cutoffs,2,10,50,1,0.05,1.644853627,3,5,0.6,1,provably_not_significant,Per-suite binary success rate over 10 tasks x 50 official trials.
LIBERO,object,Towards Practical World Model-based Reinforcement Learning for Vision-Language-Action Models,leaderboards/stat_significance_sam_export_20260522T233929/sam_libero_official_prev_sota.csv,263,libero_object,libero_object_prev_sota,96.6,92.4,4.2,percent,462,483,462,483,0,0,python_round_nearest_even_matches_significance_cutoffs,21,10,50,1,0.05,1.644853627,3,14,0.6,2.8,provably_significant,Per-suite binary success rate over 10 tasks x 50 official trials.
LIBERO,object,TTQ: Activation-Aware Test-Time Quantization to Accelerate LLM Inference On The Fly,leaderboards/stat_significance_sam_export_20260522T233929/sam_libero_official_prev_sota.csv,264,libero_object,libero_object_prev_sota,100,100,0,percent,500,500,500,500,0,0,python_round_nearest_even_matches_significance_cutoffs,0,10,50,1,0.05,1.644853627,unknown,unknown,unknown,unknown,no_improvement,Per-suite binary success rate over 10 tasks x 50 official trials.
LIBERO,object,Universal Pose Pretraining for Generalizable Vision-Language-Action Policies,leaderboards/stat_significance_sam_export_20260522T233929/sam_libero_official_prev_sota.csv,266,libero_object,libero_object_prev_sota,98,98.8,-0.8,percent,494,490,494,490,0,0,python_round_nearest_even_matches_significance_cutoffs,-4,10,50,1,0.05,1.644853627,3,5,0.6,1,no_improvement,Per-suite binary success rate over 10 tasks x 50 official trials.
LIBERO,object,Unmasking the Illusion of Embodied Reasoning in Vision-Language-Action Models,leaderboards/stat_significance_sam_export_20260522T233929/sam_libero_official_prev_sota.csv,267,libero_object,libero_object_prev_sota,97.6,99.6,-2,percent,498,488,498,488,0,0,python_round_nearest_even_matches_significance_cutoffs,-10,10,50,1,0.05,1.644853627,unknown,unknown,unknown,unknown,no_improvement,Per-suite binary success rate over 10 tasks x 50 official trials.
LIBERO,object,VISTA: Enhancing Visual Conditioning via Track-Following Preference Optimization in Vision-Language-Action Models,leaderboards/stat_significance_sam_export_20260522T233929/sam_libero_official_prev_sota.csv,268,libero_object,libero_object_prev_sota,91.6,92.5,-0.9,percent,462.5,458,462,458,0.5,-5.684341886e-14,python_round_nearest_even_matches_significance_cutoffs,-4,10,50,1,0.05,1.644853627,3,14,0.6,2.8,no_improvement,Per-suite binary success rate over 10 tasks x 50 official trials.
LIBERO,object,VLA-Adapter: An Effective Paradigm for Tiny-Scale Vision-Language-Action Model,leaderboards/stat_significance_sam_export_20260522T233929/sam_libero_official_prev_sota.csv,269,libero_object,libero_object_prev_sota,99.2,98.8,0.4,percent,494,496,494,496,0,0,python_round_nearest_even_matches_significance_cutoffs,2,10,50,1,0.05,1.644853627,3,5,0.6,1,provably_not_significant,Per-suite binary success rate over 10 tasks x 50 official trials.
LIBERO,object,VLA-GSE: Boosting Parameter-Efficient Fine-Tuning in VLA with Generalized and Specialized Experts,leaderboards/stat_significance_sam_export_20260522T233929/sam_libero_official_prev_sota.csv,272,libero_object,libero_object_prev_sota,99.8,99.2,0.6,percent,496,499,496,499,0,0,python_round_nearest_even_matches_significance_cutoffs,3,10,50,1,0.05,1.644853627,3,4,0.6,0.8,indeterminate,Per-suite binary success rate over 10 tasks x 50 official trials.
LIBERO,object,VLA-IAP: Training-Free Visual Token Pruning via Interaction Alignment for Vision-Language-Action Models,leaderboards/stat_significance_sam_export_20260522T233929/sam_libero_official_prev_sota.csv,273,libero_object,libero_object_prev_sota,99.6,98.4,1.2,percent,492,498,492,498,5.684341886e-14,0,python_round_nearest_even_matches_significance_cutoffs,6,10,50,1,0.05,1.644853627,3,6,0.6,1.2,provably_significant,Per-suite binary success rate over 10 tasks x 50 official trials.
LIBERO,object,VLA-InfoEntropy: A Training-Free Vision-Attention Information Entropy Approach for Vision-Language-Action Models Inference Acceleration and Success,leaderboards/stat_significance_sam_export_20260522T233929/sam_libero_official_prev_sota.csv,274,libero_object,libero_object_prev_sota,87.6,86.6,1,percent,433,438,433,438,0,-5.684341886e-14,python_round_nearest_even_matches_significance_cutoffs,5,10,50,1,0.05,1.644853627,3,18,0.6,3.6,indeterminate,Per-suite binary success rate over 10 tasks x 50 official trials.
LIBERO,object,VLA-JEPA: Enhancing Vision-Language-Action Model with Latent World Model,leaderboards/stat_significance_sam_export_20260522T233929/sam_libero_official_prev_sota.csv,275,libero_object,libero_object_prev_sota,99.6,98.8,0.8,percent,494,498,494,498,0,0,python_round_nearest_even_matches_significance_cutoffs,4,10,50,1,0.05,1.644853627,3,5,0.6,1,indeterminate,Per-suite binary success rate over 10 tasks x 50 official trials.
LIBERO,object,VLA-Thinker: Boosting Vision-Language-Action Models through Thinking-with-Image Reasoning,leaderboards/stat_significance_sam_export_20260522T233929/sam_libero_official_prev_sota.csv,276,libero_object,libero_object_prev_sota,99,98.8,0.2,percent,494,495,494,495,0,0,python_round_nearest_even_matches_significance_cutoffs,1,10,50,1,0.05,1.644853627,3,5,0.6,1,provably_not_significant,Per-suite binary success rate over 10 tasks x 50 official trials.
LIBERO,object,VolumeDP: Modeling Volumetric Representation for Manipulation Policy Learning,leaderboards/stat_significance_sam_export_20260522T233929/sam_libero_official_prev_sota.csv,277,libero_object,libero_object_prev_sota,95.9,92.5,3.4,percent,462.5,479.5,462,480,0.5,-0.5,python_round_nearest_even_matches_significance_cutoffs,18,10,50,1,0.05,1.644853627,3,14,0.6,2.8,provably_significant,Per-suite binary success rate over 10 tasks x 50 official trials.
LIBERO,object,When Vision Overrides Language: Evaluating and Mitigating Counterfactual Failures in VLAs,leaderboards/stat_significance_sam_export_20260522T233929/sam_libero_official_prev_sota.csv,278,libero_object,libero_object_prev_sota,98.2,98.8,-0.6,percent,494,491,494,491,0,0,python_round_nearest_even_matches_significance_cutoffs,-3,10,50,1,0.05,1.644853627,3,5,0.6,1,no_improvement,Per-suite binary success rate over 10 tasks x 50 official trials.
LIBERO,object,World-Value-Action Model: Implicit Planning for Vision-Language-Action Systems,leaderboards/stat_significance_sam_export_20260522T233929/sam_libero_official_prev_sota.csv,280,libero_object,libero_object_prev_sota,100,99.2,0.8,percent,496,500,496,500,0,0,python_round_nearest_even_matches_significance_cutoffs,4,10,50,1,0.05,1.644853627,3,4,0.6,0.8,provably_significant,Per-suite binary success rate over 10 tasks x 50 official trials.
LIBERO,object,World2Act: Latent Action Post-Training via Skill-Compositional World Models,leaderboards/stat_significance_sam_export_20260522T233929/sam_libero_official_prev_sota.csv,281,libero_object,libero_object_prev_sota,100,100,0,percent,500,500,500,500,0,0,python_round_nearest_even_matches_significance_cutoffs,0,10,50,1,0.05,1.644853627,unknown,unknown,unknown,unknown,no_improvement,Per-suite binary success rate over 10 tasks x 50 official trials.
LIBERO,object,WoVR: World Models as Reliable Simulators for Post-Training VLA Policies with RL,leaderboards/stat_significance_sam_export_20260522T233929/sam_libero_official_prev_sota.csv,282,libero_object,libero_object_prev_sota,82,48,34,percent,240,410,240,410,0,0,python_round_nearest_even_matches_significance_cutoffs,170,10,50,1,0.05,1.644853627,3,37,0.6,7.4,provably_significant,Per-suite binary success rate over 10 tasks x 50 official trials.
LIBERO,object,Xiaomi-Robotics-0: An Open-Sourced Vision-Language-Action Model with Real-Time Execution,leaderboards/stat_significance_sam_export_20260522T233929/sam_libero_official_prev_sota.csv,283,libero_object,libero_object_prev_sota,100,99.8,0.2,percent,499,500,499,500,0,0,python_round_nearest_even_matches_significance_cutoffs,1,10,50,1,0.05,1.644853627,unknown,unknown,unknown,unknown,indeterminate,Per-suite binary success rate over 10 tasks x 50 official trials.
LIBERO,object,You've Got a Golden Ticket: Improving Generative Robot Policies With A Single Noise Vector,leaderboards/stat_significance_sam_export_20260522T233929/sam_libero_official_prev_sota.csv,284,libero_object,libero_object_prev_sota,100,92,8,percent,460,500,460,500,0,0,python_round_nearest_even_matches_significance_cutoffs,40,10,50,1,0.05,1.644853627,3,14,0.6,2.8,provably_significant,Per-suite binary success rate over 10 tasks x 50 official trials.
LIBERO,object,One Token Per Frame: Reconsidering Visual Bandwidth in World Models for VLA Policy,leaderboards/stat_significance_sam_export_20260522T233929/sam_libero_official_prev_sota.csv,285,libero_object,libero_object_prev_sota,99.6,98.8,0.8,percent,494,498,494,498,0,0,python_round_nearest_even_matches_significance_cutoffs,4,10,50,1,0.05,1.644853627,3,5,0.6,1,indeterminate,Per-suite binary success rate over 10 tasks x 50 official trials.
LIBERO,object,OA-WAM: Object-Addressable World Action Model for Robust Robot Manipulation,leaderboards/stat_significance_sam_export_20260522T233929/sam_libero_official_prev_sota.csv,287,libero_object,libero_object_prev_sota,99,99.6,-0.6,percent,498,495,498,495,0,0,python_round_nearest_even_matches_significance_cutoffs,-3,10,50,1,0.05,1.644853627,unknown,unknown,unknown,unknown,no_improvement,Per-suite binary success rate over 10 tasks x 50 official trials.
LIBERO,object,PRTS: A Primitive Reasoning and Tasking System via Contrastive Representations,leaderboards/stat_significance_sam_export_20260522T233929/sam_libero_official_prev_sota.csv,288,libero_object,libero_object_prev_sota,99.8,99.8,0,percent,499,499,499,499,0,0,python_round_nearest_even_matches_significance_cutoffs,0,10,50,1,0.05,1.644853627,unknown,unknown,unknown,unknown,no_improvement,Per-suite binary success rate over 10 tasks x 50 official trials.
LIBERO,object,TAG: Target-Agnostic Guidance for Stable Object-Centric Inference in Vision-Language-Action Models,leaderboards/stat_significance_sam_export_20260522T233929/sam_libero_official_prev_sota.csv,289,libero_object,libero_object_prev_sota,99.2,99,0.2,percent,495,496,495,496,0,0,python_round_nearest_even_matches_significance_cutoffs,1,10,50,1,0.05,1.644853627,3,5,0.6,1,provably_not_significant,Per-suite binary success rate over 10 tasks x 50 official trials.
LIBERO,object,Global Prior Meets Local Consistency: Dual-Memory Augmented Vision-Language-Action Model for Efficient Robotic Manipulation,leaderboards/stat_significance_sam_export_20260522T233929/sam_libero_official_prev_sota.csv,291,libero_object,libero_object_prev_sota,99.8,98.8,1,percent,494,499,494,499,0,0,python_round_nearest_even_matches_significance_cutoffs,5,10,50,1,0.05,1.644853627,3,5,0.6,1,provably_significant,Per-suite binary success rate over 10 tasks x 50 official trials.
LIBERO,object,VLANeXt: Recipes for Building Strong VLA Models,leaderboards/stat_significance_sam_export_20260522T233929/sam_libero_official_prev_sota.csv,292,libero_object,libero_object_prev_sota,99.2,99.1,0.1,percent,495.5,496,496,496,-0.5,0,python_round_nearest_even_matches_significance_cutoffs,0,10,50,1,0.05,1.644853627,3,4,0.6,0.8,provably_not_significant,Per-suite binary success rate over 10 tasks x 50 official trials.
LIBERO,object,HBVLA: Pushing 1-Bit Post-Training Quantization for Vision-Language-Action Models,leaderboards/stat_significance_sam_export_20260522T233929/sam_libero_official_prev_sota.csv,293,libero_object,libero_object_prev_sota,97.8,76,21.8,percent,380,489,380,489,0,0,python_round_nearest_even_matches_significance_cutoffs,109,10,50,1,0.05,1.644853627,3,25,0.6,5,provably_significant,Per-suite binary success rate over 10 tasks x 50 official trials.
LIBERO,object,IVRA: Improving Visual-Token Relations for Robot Action Policy with Training-Free Hint-Based Guidance,leaderboards/stat_significance_sam_export_20260522T233929/sam_libero_official_prev_sota.csv,294,libero_object,libero_object_prev_sota,99.9,99.3,0.6,percent,496.5,499.5,496,500,0.5,-0.5,python_round_nearest_even_matches_significance_cutoffs,4,10,50,1,0.05,1.644853627,3,4,0.6,0.8,provably_significant,Per-suite binary success rate over 10 tasks x 50 official trials.
LIBERO,object,VAT: Vision Action Transformer by Unlocking Full Representation of ViT,leaderboards/stat_significance_sam_export_20260522T233929/sam_libero_official_prev_sota.csv,295,libero_object,libero_object_prev_sota,99.4,98.8,0.6,percent,494,497,494,497,0,5.684341886e-14,python_round_nearest_even_matches_significance_cutoffs,3,10,50,1,0.05,1.644853627,3,5,0.6,1,indeterminate,Per-suite binary success rate over 10 tasks x 50 official trials.
LIBERO,object,Much Ado About Noising: Dispelling the Myths of Generative Robotic Control,leaderboards/stat_significance_sam_export_20260522T233929/sam_libero_official_prev_sota.csv,297,libero_object,libero_object_prev_sota,95.8,97.4,-1.6,percent,487,479,487,479,5.684341886e-14,0,python_round_nearest_even_matches_significance_cutoffs,-8,10,50,1,0.05,1.644853627,3,8,0.6,1.6,no_improvement,Per-suite binary success rate over 10 tasks x 50 official trials.
LIBERO,object,Expertise Need Not Monopolize: Action-Specialized Mixture of Experts for Vision-Language-Action Learning,leaderboards/stat_significance_sam_export_20260522T233929/sam_libero_official_prev_sota.csv,299,libero_object,libero_object_prev_sota,95,98.8,-3.8,percent,494,475,494,475,0,0,python_round_nearest_even_matches_significance_cutoffs,-19,10,50,1,0.05,1.644853627,3,5,0.6,1,no_improvement,Per-suite binary success rate over 10 tasks x 50 official trials.
LIBERO,object,3D CAVLA: Leveraging Depth and 3D Context to Generalize Vision Language Action Models for Unseen Tasks,leaderboards/stat_significance_sam_export_20260522T233929/sam_libero_official_prev_sota.csv,300,libero_object,libero_object_prev_sota,99.8,98.8,1,percent,494,499,494,499,0,0,python_round_nearest_even_matches_significance_cutoffs,5,10,50,1,0.05,1.644853627,3,5,0.6,1,provably_significant,Per-suite binary success rate over 10 tasks x 50 official trials.
LIBERO,object,VGGT-$\Omega$,leaderboards/stat_significance_sam_export_20260522T233929/sam_libero_official_prev_sota.csv,301,libero_object,libero_object_prev_sota,99.2,98.8,0.4,percent,494,496,494,496,0,0,python_round_nearest_even_matches_significance_cutoffs,2,10,50,1,0.05,1.644853627,3,5,0.6,1,provably_not_significant,Per-suite binary success rate over 10 tasks x 50 official trials.
LIBERO,object,IntentVLA: Short-Horizon Intent Modeling for Aliased Robot Manipulation,leaderboards/stat_significance_sam_export_20260522T233929/sam_libero_official_prev_sota.csv,302,libero_object,libero_object_prev_sota,99.7,99.6,0.1,percent,498,498.5,498,498,0,0.5,python_round_nearest_even_matches_significance_cutoffs,0,10,50,1,0.05,1.644853627,unknown,unknown,unknown,unknown,provably_not_significant,Per-suite binary success rate over 10 tasks x 50 official trials.
LIBERO,object,BlockVLA: Accelerating Autoregressive VLA via Block Diffusion Finetuning,leaderboards/stat_significance_sam_export_20260522T233929/sam_libero_official_prev_sota.csv,303,libero_object,libero_object_prev_sota,97.6,96.6,1,percent,483,488,483,488,0,0,python_round_nearest_even_matches_significance_cutoffs,5,10,50,1,0.05,1.644853627,3,9,0.6,1.8,indeterminate,Per-suite binary success rate over 10 tasks x 50 official trials.
LIBERO,object,FrameSkip: Learning from Fewer but More Informative Frames in VLA Training,leaderboards/stat_significance_sam_export_20260522T233929/sam_libero_official_prev_sota.csv,304,libero_object,libero_object_prev_sota,99,99,0,percent,495,495,495,495,0,0,python_round_nearest_even_matches_significance_cutoffs,0,10,50,1,0.05,1.644853627,3,5,0.6,1,no_improvement,Per-suite binary success rate over 10 tasks x 50 official trials.
LIBERO,object,Realtime-VLA FLASH: Speculative Inference Framework for Diffusion-based VLAs,leaderboards/stat_significance_sam_export_20260522T233929/sam_libero_official_prev_sota.csv,305,libero_object,libero_object_prev_sota,99.2,98.8,0.4,percent,494,496,494,496,0,0,python_round_nearest_even_matches_significance_cutoffs,2,10,50,1,0.05,1.644853627,3,5,0.6,1,provably_not_significant,Per-suite binary success rate over 10 tasks x 50 official trials.
LIBERO,object,"Guide, Think, Act: Interactive Embodied Reasoning in Vision-Language-Action Models",leaderboards/stat_significance_sam_export_20260522T233929/sam_libero_official_prev_sota.csv,306,libero_object,libero_object_prev_sota,98.8,99,-0.2,percent,495,494,495,494,0,0,python_round_nearest_even_matches_significance_cutoffs,-1,10,50,1,0.05,1.644853627,3,5,0.6,1,no_improvement,Per-suite binary success rate over 10 tasks x 50 official trials.
LIBERO,object,DreamAvoid: Critical-Phase Test-Time Dreaming to Avoid Failures in VLA Policies,leaderboards/stat_significance_sam_export_20260522T233929/sam_libero_official_prev_sota.csv,307,libero_object,libero_object_prev_sota,98.5,99,-0.5,percent,495,492.5,495,492,0,0.5,python_round_nearest_even_matches_significance_cutoffs,-3,10,50,1,0.05,1.644853627,3,5,0.6,1,no_improvement,Per-suite binary success rate over 10 tasks x 50 official trials.
LIBERO,object,Beyond World-Frame Action Heads: Motion-Centric Action Frames for Vision-Language-Action Models,leaderboards/stat_significance_sam_export_20260522T233929/sam_libero_official_prev_sota.csv,308,libero_object,libero_object_prev_sota,98.8,98.8,0,percent,494,494,494,494,0,0,python_round_nearest_even_matches_significance_cutoffs,0,10,50,1,0.05,1.644853627,3,5,0.6,1,no_improvement,Per-suite binary success rate over 10 tasks x 50 official trials.
LIBERO,object,Learning Action Manifold with Multi-view Latent Priors for Robotic Manipulation,leaderboards/stat_significance_sam_export_20260522T233929/sam_libero_official_prev_sota.csv,309,libero_object,libero_object_prev_sota,99.8,99.8,0,percent,499,499,499,499,0,0,python_round_nearest_even_matches_significance_cutoffs,0,10,50,1,0.05,1.644853627,unknown,unknown,unknown,unknown,no_improvement,Per-suite binary success rate over 10 tasks x 50 official trials.
LIBERO,object,See What Matters: Differentiable Grid Sample Pruning for Generalizable Vision-Language-Action Model,leaderboards/stat_significance_sam_export_20260522T233929/sam_libero_official_prev_sota.csv,310,libero_object,libero_object_prev_sota,98.8,98.8,0,percent,494,494,494,494,0,0,python_round_nearest_even_matches_significance_cutoffs,0,10,50,1,0.05,1.644853627,3,5,0.6,1,no_improvement,Per-suite binary success rate over 10 tasks x 50 official trials.
LIBERO,object,Premover: Fast Vision-Language-Action Control by Acting Before Instructions Are Complete,leaderboards/stat_significance_sam_export_20260522T233929/sam_libero_official_prev_sota.csv,311,libero_object,libero_object_prev_sota,99.1,97.4,1.7,percent,487,495.5,487,496,5.684341886e-14,-0.5,python_round_nearest_even_matches_significance_cutoffs,9,10,50,1,0.05,1.644853627,3,8,0.6,1.6,provably_significant,Per-suite binary success rate over 10 tasks x 50 official trials.
LIBERO,object,From Imagined Futures to Executable Actions: Mixture of Latent Actions for Robot Manipulation,leaderboards/stat_significance_sam_export_20260522T233929/sam_libero_official_prev_sota.csv,312,libero_object,libero_object_prev_sota,99.5,95,4.5,percent,475,497.5,475,498,0,-0.5,python_round_nearest_even_matches_significance_cutoffs,23,10,50,1,0.05,1.644853627,3,11,0.6,2.2,provably_significant,Per-suite binary success rate over 10 tasks x 50 official trials.
LIBERO,object,Dynamic Execution Commitment of Vision-Language-Action Models,leaderboards/stat_significance_sam_export_20260522T233929/sam_libero_official_prev_sota.csv,313,libero_object,libero_object_prev_sota,99.4,99.8,-0.4,percent,499,497,499,497,0,5.684341886e-14,python_round_nearest_even_matches_significance_cutoffs,-2,10,50,1,0.05,1.644853627,unknown,unknown,unknown,unknown,no_improvement,Per-suite binary success rate over 10 tasks x 50 official trials.
LIBERO,object,ALAM: Algebraically Consistent Latent Action Model for Vision-Language-Action Models,leaderboards/stat_significance_sam_export_20260522T233929/sam_libero_official_prev_sota.csv,314,libero_object,libero_object_prev_sota,99.6,98.8,0.8,percent,494,498,494,498,0,0,python_round_nearest_even_matches_significance_cutoffs,4,10,50,1,0.05,1.644853627,3,5,0.6,1,indeterminate,Per-suite binary success rate over 10 tasks x 50 official trials.
LIBERO,object,PriorVLA: Prior-Preserving Adaptation for Vision-Language-Action Models,leaderboards/stat_significance_sam_export_20260522T233929/sam_libero_official_prev_sota.csv,315,libero_object,libero_object_prev_sota,99.8,98.8,1,percent,494,499,494,499,0,0,python_round_nearest_even_matches_significance_cutoffs,5,10,50,1,0.05,1.644853627,3,5,0.6,1,provably_significant,Per-suite binary success rate over 10 tasks x 50 official trials.
LIBERO,object,CapVector: Learning Transferable Capability Vectors in Parametric Space for Vision-Language-Action Models,leaderboards/stat_significance_sam_export_20260522T233929/sam_libero_official_prev_sota.csv,316,libero_object,libero_object_prev_sota,98.4,99.2,-0.8,percent,496,492,496,492,0,5.684341886e-14,python_round_nearest_even_matches_significance_cutoffs,-4,10,50,1,0.05,1.644853627,3,4,0.6,0.8,no_improvement,Per-suite binary success rate over 10 tasks x 50 official trials.
LIBERO,object,LoopVLA: Learning Sufficiency in Recurrent Refinement for Vision-Language-Action Models,leaderboards/stat_significance_sam_export_20260522T233929/sam_libero_official_prev_sota.csv,317,libero_object,libero_object_prev_sota,100,98.8,1.2,percent,494,500,494,500,0,0,python_round_nearest_even_matches_significance_cutoffs,6,10,50,1,0.05,1.644853627,3,5,0.6,1,provably_significant,Per-suite binary success rate over 10 tasks x 50 official trials.
LIBERO,object,ECHO: Continuous Hierarchical Memory for Vision-Language-Action Models,leaderboards/stat_significance_sam_export_20260522T233929/sam_libero_official_prev_sota.csv,318,libero_object,libero_object_prev_sota,98.8,98.4,0.4,percent,492,494,492,494,5.684341886e-14,0,python_round_nearest_even_matches_significance_cutoffs,2,10,50,1,0.05,1.644853627,3,6,0.6,1.2,provably_not_significant,Per-suite binary success rate over 10 tasks x 50 official trials.
LIBERO,object,ElasticFlow: One-Step Physics-Consistent Policy with Elastic Time Horizons for Language-Guided Manipulation,leaderboards/stat_significance_sam_export_20260522T233929/sam_libero_official_prev_sota.csv,319,libero_object,libero_object_prev_sota,99.3,99.4,-0.1,percent,497,496.5,497,496,5.684341886e-14,0.5,python_round_nearest_even_matches_significance_cutoffs,-1,10,50,1,0.05,1.644853627,3,3,0.6,0.6,no_improvement,Per-suite binary success rate over 10 tasks x 50 official trials.
LIBERO,object,ForgeVLA: Federated Vision-Language-Action Learning without Language Annotations,leaderboards/stat_significance_sam_export_20260522T233929/sam_libero_official_prev_sota.csv,320,libero_object,libero_object_prev_sota,98.6,97.6,1,percent,488,493,488,493,0,0,python_round_nearest_even_matches_significance_cutoffs,5,10,50,1,0.05,1.644853627,3,7,0.6,1.4,indeterminate,Per-suite binary success rate over 10 tasks x 50 official trials.
LIBERO,object,Failing Forward: Adaptive Failure-Informed Learning for Vision-Language-Action Models,leaderboards/stat_significance_sam_export_20260522T233929/sam_libero_official_prev_sota.csv,321,libero_object,libero_object_prev_sota,99.7,98.2,1.5,percent,491,498.5,491,498,0,0.5,python_round_nearest_even_matches_significance_cutoffs,7,10,50,1,0.05,1.644853627,3,6,0.6,1.2,provably_significant,Per-suite binary success rate over 10 tasks x 50 official trials.
LIBERO,goal,A Probabilistic Model for Skill Acquisition with Switching Latent Feedback Controllers,leaderboards/stat_significance_sam_export_20260522T233929/sam_libero_official_prev_sota.csv,3,libero_goal,libero_goal_prev_sota,83,69,14,percent,345,415,345,415,0,0,python_round_nearest_even_matches_significance_cutoffs,70,10,50,1,0.05,1.644853627,3,28,0.6,5.6,provably_significant,Per-suite binary success rate over 10 tasks x 50 official trials.
LIBERO,goal,Depth Helps: Improving Pre-trained RGB-based Policy with Depth Information Injection,leaderboards/stat_significance_sam_export_20260522T233929/sam_libero_official_prev_sota.csv,5,libero_goal,libero_goal_prev_sota,66.4,64.8,1.6,percent,324,332,324,332,0,0,python_round_nearest_even_matches_significance_cutoffs,8,10,50,1,0.05,1.644853627,3,30,0.6,6,indeterminate,Per-suite binary success rate over 10 tasks x 50 official trials.
LIBERO,goal,Diffusion Transformer Policy,leaderboards/stat_significance_sam_export_20260522T233929/sam_libero_official_prev_sota.csv,6,libero_goal,libero_goal_prev_sota,85.4,84.6,0.8,percent,423,427,423,427,0,5.684341886e-14,python_round_nearest_even_matches_significance_cutoffs,4,10,50,1,0.05,1.644853627,3,20,0.6,4,indeterminate,Per-suite binary success rate over 10 tasks x 50 official trials.
LIBERO,goal,GRAPE: Generalizing Robot Policy via Preference Alignment,leaderboards/stat_significance_sam_export_20260522T233929/sam_libero_official_prev_sota.csv,9,libero_goal,libero_goal_prev_sota,83.1,82.9,0.2,percent,414.5,415.5,415,416,-0.5,-0.5,python_round_nearest_even_matches_significance_cutoffs,1,10,50,1,0.05,1.644853627,3,21,0.6,4.2,provably_not_significant,Per-suite binary success rate over 10 tasks x 50 official trials.
LIBERO,goal,MaIL: Improving Imitation Learning with Mamba,leaderboards/stat_significance_sam_export_20260522T233929/sam_libero_official_prev_sota.csv,10,libero_goal,libero_goal_prev_sota,56.5,51.8,4.7,percent,259,282.5,259,282,0,0.5,python_round_nearest_even_matches_significance_cutoffs,23,10,50,1,0.05,1.644853627,3,36,0.6,7.2,indeterminate,Per-suite binary success rate over 10 tasks x 50 official trials.
LIBERO,goal,Multimodal Diffusion Transformer: Learning Versatile Behavior from Multimodal Goals,leaderboards/stat_significance_sam_export_20260522T233929/sam_libero_official_prev_sota.csv,11,libero_goal,libero_goal_prev_sota,73.5,76.3,-2.8,percent,381.5,367.5,382,368,-0.5,-0.5,python_round_nearest_even_matches_significance_cutoffs,-14,10,50,1,0.05,1.644853627,3,25,0.6,5,no_improvement,Per-suite binary success rate over 10 tasks x 50 official trials.
LIBERO,goal,OpenVLA: An Open-Source Vision-Language-Action Model,leaderboards/stat_significance_sam_export_20260522T233929/sam_libero_official_prev_sota.csv,12,libero_goal,libero_goal_prev_sota,79.2,84.6,-5.4,percent,423,396,423,396,0,0,python_round_nearest_even_matches_significance_cutoffs,-27,10,50,1,0.05,1.644853627,3,20,0.6,4,no_improvement,Per-suite binary success rate over 10 tasks x 50 official trials.
LIBERO,goal,Quantization-Aware Imitation-Learning for Resource-Efficient Robotic Control,leaderboards/stat_significance_sam_export_20260522T233929/sam_libero_official_prev_sota.csv,14,libero_goal,libero_goal_prev_sota,76.4,76.6,-0.2,percent,383,382,383,382,-5.684341886e-14,0,python_round_nearest_even_matches_significance_cutoffs,-1,10,50,1,0.05,1.644853627,3,25,0.6,5,no_improvement,Per-suite binary success rate over 10 tasks x 50 official trials.
LIBERO,goal,Robo-MUTUAL: Robotic Multimodal Task Specification via Unimodal Learning,leaderboards/stat_significance_sam_export_20260522T233929/sam_libero_official_prev_sota.csv,16,libero_goal,libero_goal_prev_sota,62.9,5,57.9,percent,25,314.5,25,314,0,0.5,python_round_nearest_even_matches_significance_cutoffs,289,10,50,1,0.05,1.644853627,3,14,0.6,2.8,provably_significant,Per-suite binary success rate over 10 tasks x 50 official trials.
LIBERO,goal,Task-agnostic Lifelong Robot Learning with Retrieval-based Weighted Local Adaptation,leaderboards/stat_significance_sam_export_20260522T233929/sam_libero_official_prev_sota.csv,17,libero_goal,libero_goal_prev_sota,62.33,52.33,10,percent,261.65,311.65,262,312,-0.35,-0.35,python_round_nearest_even_matches_significance_cutoffs,50,10,50,1,0.05,1.644853627,3,35,0.6,7,provably_significant,Per-suite binary success rate over 10 tasks x 50 official trials.
LIBERO,goal,TraceVLA: Visual Trace Prompting Enhances Spatial-Temporal Awareness for Generalist Robotic Policies,leaderboards/stat_significance_sam_export_20260522T233929/sam_libero_official_prev_sota.csv,18,libero_goal,libero_goal_prev_sota,75.1,70.4,4.7,percent,352,375.5,352,375,5.684341886e-14,0.5,python_round_nearest_even_matches_significance_cutoffs,23,10,50,1,0.05,1.644853627,3,28,0.6,5.6,indeterminate,Per-suite binary success rate over 10 tasks x 50 official trials.
LIBERO,goal,3D Dynamics-Aware Manipulation: Endowing Manipulation Policies with 3D Foresight,leaderboards/stat_significance_sam_export_20260522T233929/sam_libero_official_prev_sota.csv,19,libero_goal,libero_goal_prev_sota,94.8,91.6,3.2,percent,458,474,458,474,-5.684341886e-14,0,python_round_nearest_even_matches_significance_cutoffs,16,10,50,1,0.05,1.644853627,3,14,0.6,2.8,provably_significant,Per-suite binary success rate over 10 tasks x 50 official trials.
LIBERO,goal,4D-VLA: Spatiotemporal Vision-Language-Action Pretraining with Cross-Scene Calibration,leaderboards/stat_significance_sam_export_20260522T233929/sam_libero_official_prev_sota.csv,20,libero_goal,libero_goal_prev_sota,90.9,84.6,6.3,percent,423,454.5,423,454,0,0.5,python_round_nearest_even_matches_significance_cutoffs,31,10,50,1,0.05,1.644853627,3,20,0.6,4,provably_significant,Per-suite binary success rate over 10 tasks x 50 official trials.
LIBERO,goal,ActDistill: General Action-Guided Self-Derived Distillation for Efficient Vision-Language-Action Models,leaderboards/stat_significance_sam_export_20260522T233929/sam_libero_official_prev_sota.csv,21,libero_goal,libero_goal_prev_sota,72.4,76.4,-4,percent,382,362,382,362,0,5.684341886e-14,python_round_nearest_even_matches_significance_cutoffs,-20,10,50,1,0.05,1.644853627,3,25,0.6,5,no_improvement,Per-suite binary success rate over 10 tasks x 50 official trials.
LIBERO,goal,Action-aware Dynamic Pruning for Efficient Vision-Language-Action Manipulation,leaderboards/stat_significance_sam_export_20260522T233929/sam_libero_official_prev_sota.csv,22,libero_goal,libero_goal_prev_sota,96.4,96.6,-0.2,percent,483,482,483,482,0,5.684341886e-14,python_round_nearest_even_matches_significance_cutoffs,-1,10,50,1,0.05,1.644853627,3,9,0.6,1.8,no_improvement,Per-suite binary success rate over 10 tasks x 50 official trials.
LIBERO,goal,ActionSink: Toward Precise Robot Manipulation with Dynamic Integration of Action Flow,leaderboards/stat_significance_sam_export_20260522T233929/sam_libero_official_prev_sota.csv,23,libero_goal,libero_goal_prev_sota,80,77.83,2.17,percent,389.15,400,389,400,0.15,0,python_round_nearest_even_matches_significance_cutoffs,11,10,50,1,0.05,1.644853627,3,24,0.6,4.8,indeterminate,Per-suite binary success rate over 10 tasks x 50 official trials.
LIBERO,goal,AsyncVLA: Asynchronous Flow Matching for Vision-Language-Action Models,leaderboards/stat_significance_sam_export_20260522T233929/sam_libero_official_prev_sota.csv,24,libero_goal,libero_goal_prev_sota,98.6,98.2,0.4,percent,491,493,491,493,0,0,python_round_nearest_even_matches_significance_cutoffs,2,10,50,1,0.05,1.644853627,3,6,0.6,1.2,provably_not_significant,Per-suite binary success rate over 10 tasks x 50 official trials.
LIBERO,goal,Atomic Action Slicing: Planner-Aligned Options for Generalist VLA Agents,leaderboards/stat_significance_sam_export_20260522T233929/sam_libero_official_prev_sota.csv,25,libero_goal,libero_goal_prev_sota,95.3,94.2,1.1,percent,471,476.5,471,476,5.684341886e-14,0.5,python_round_nearest_even_matches_significance_cutoffs,5,10,50,1,0.05,1.644853627,3,12,0.6,2.4,indeterminate,Per-suite binary success rate over 10 tasks x 50 official trials.
LIBERO,goal,Audio-VLA: Adding Contact Audio Perception to Vision-Language-Action Model for Robotic Manipulation,leaderboards/stat_significance_sam_export_20260522T233929/sam_libero_official_prev_sota.csv,26,libero_goal,libero_goal_prev_sota,98.2,97.9,0.3,percent,489.5,491,490,491,-0.5,0,python_round_nearest_even_matches_significance_cutoffs,1,10,50,1,0.05,1.644853627,3,7,0.6,1.4,provably_not_significant,Per-suite binary success rate over 10 tasks x 50 official trials.
LIBERO,goal,BadVLA: Towards Backdoor Attacks on Vision-Language-Action Models via Objective-Decoupled Optimization,leaderboards/stat_significance_sam_export_20260522T233929/sam_libero_official_prev_sota.csv,27,libero_goal,libero_goal_prev_sota,95,98.3,-3.3,percent,491.5,475,492,475,-0.5,0,python_round_nearest_even_matches_significance_cutoffs,-17,10,50,1,0.05,1.644853627,3,6,0.6,1.2,no_improvement,Per-suite binary success rate over 10 tasks x 50 official trials.
LIBERO,goal,Balancing Signal and Variance: Adaptive Offline RL Post-Training for VLA Flow Models,leaderboards/stat_significance_sam_export_20260522T233929/sam_libero_official_prev_sota.csv,28,libero_goal,libero_goal_prev_sota,94.9,94.4,0.5,percent,472,474.5,472,475,5.684341886e-14,-0.5,python_round_nearest_even_matches_significance_cutoffs,3,10,50,1,0.05,1.644853627,3,12,0.6,2.4,indeterminate,Per-suite binary success rate over 10 tasks x 50 official trials.
LIBERO,goal,Beyond Human Demonstrations: Diffusion-Based Reinforcement Learning to Generate Data for VLA Training,leaderboards/stat_significance_sam_export_20260522T233929/sam_libero_official_prev_sota.csv,29,libero_goal,libero_goal_prev_sota,83.8,83.2,0.6,percent,416,419,416,419,5.684341886e-14,0,python_round_nearest_even_matches_significance_cutoffs,3,10,50,1,0.05,1.644853627,3,21,0.6,4.2,indeterminate,Per-suite binary success rate over 10 tasks x 50 official trials.
LIBERO,goal,BitVLA: 1-bit Vision-Language-Action Models for Robotics Manipulation,leaderboards/stat_significance_sam_export_20260522T233929/sam_libero_official_prev_sota.csv,30,libero_goal,libero_goal_prev_sota,95.4,97.9,-2.5,percent,489.5,477,490,477,-0.5,5.684341886e-14,python_round_nearest_even_matches_significance_cutoffs,-13,10,50,1,0.05,1.644853627,3,7,0.6,1.4,no_improvement,Per-suite binary success rate over 10 tasks x 50 official trials.
LIBERO,goal,Bridging Scale Discrepancies in Robotic Control via Language-Based Action Representations,leaderboards/stat_significance_sam_export_20260522T233929/sam_libero_official_prev_sota.csv,31,libero_goal,libero_goal_prev_sota,82.2,84.6,-2.4,percent,423,411,423,411,0,5.684341886e-14,python_round_nearest_even_matches_significance_cutoffs,-12,10,50,1,0.05,1.644853627,3,20,0.6,4,no_improvement,Per-suite binary success rate over 10 tasks x 50 official trials.
LIBERO,goal,CLIP-RT: Learning Language-Conditioned Robotic Policies from Natural Language Supervision,leaderboards/stat_significance_sam_export_20260522T233929/sam_libero_official_prev_sota.csv,32,libero_goal,libero_goal_prev_sota,94.2,96.2,-2,percent,481,471,481,471,5.684341886e-14,5.684341886e-14,python_round_nearest_even_matches_significance_cutoffs,-10,10,50,1,0.05,1.644853627,3,9,0.6,1.8,no_improvement,Per-suite binary success rate over 10 tasks x 50 official trials.
LIBERO,goal,CoA-VLA: Improving Vision-Language-Action Models via Visual-Textual Chain-of-Affordance,leaderboards/stat_significance_sam_export_20260522T233929/sam_libero_official_prev_sota.csv,33,libero_goal,libero_goal_prev_sota,85.8,84.6,1.2,percent,423,429,423,429,0,0,python_round_nearest_even_matches_significance_cutoffs,6,10,50,1,0.05,1.644853627,3,20,0.6,4,indeterminate,Per-suite binary success rate over 10 tasks x 50 official trials.
LIBERO,goal,CogVLA: Cognition-Aligned Vision-Language-Action Model via Instruction-Driven Routing &amp; Sparsification,leaderboards/stat_significance_sam_export_20260522T233929/sam_libero_official_prev_sota.csv,34,libero_goal,libero_goal_prev_sota,96.6,97.9,-1.3,percent,489.5,483,490,483,-0.5,0,python_round_nearest_even_matches_significance_cutoffs,-7,10,50,1,0.05,1.644853627,3,7,0.6,1.4,no_improvement,Per-suite binary success rate over 10 tasks x 50 official trials.
LIBERO,goal,Compressor-VLA: Instruction-Guided Visual Token Compression for Efficient Robotic Manipulation,leaderboards/stat_significance_sam_export_20260522T233929/sam_libero_official_prev_sota.csv,35,libero_goal,libero_goal_prev_sota,96.4,97.9,-1.5,percent,489.5,482,490,482,-0.5,5.684341886e-14,python_round_nearest_even_matches_significance_cutoffs,-8,10,50,1,0.05,1.644853627,3,7,0.6,1.4,no_improvement,Per-suite binary success rate over 10 tasks x 50 official trials.
LIBERO,goal,Conditioning Matters: Training Diffusion Policies is Faster Than You Think,leaderboards/stat_significance_sam_export_20260522T233929/sam_libero_official_prev_sota.csv,36,libero_goal,libero_goal_prev_sota,93.8,97.9,-4.1,percent,489.5,469,490,469,-0.5,0,python_round_nearest_even_matches_significance_cutoffs,-21,10,50,1,0.05,1.644853627,3,7,0.6,1.4,no_improvement,Per-suite binary success rate over 10 tasks x 50 official trials.
LIBERO,goal,CoT-VLA: Visual Chain-of-Thought Reasoning for Vision-Language-Action Models,leaderboards/stat_significance_sam_export_20260522T233929/sam_libero_official_prev_sota.csv,38,libero_goal,libero_goal_prev_sota,87.6,84.6,3,percent,423,438,423,438,0,-5.684341886e-14,python_round_nearest_even_matches_significance_cutoffs,15,10,50,1,0.05,1.644853627,3,20,0.6,4,indeterminate,Per-suite binary success rate over 10 tasks x 50 official trials.
LIBERO,goal,CronusVLA: Towards Efficient and Robust Manipulation via Multi-Frame Vision-Language-Action Modeling,leaderboards/stat_significance_sam_export_20260522T233929/sam_libero_official_prev_sota.csv,39,libero_goal,libero_goal_prev_sota,96.9,97.9,-1,percent,489.5,484.5,490,485,-0.5,-0.5,python_round_nearest_even_matches_significance_cutoffs,-5,10,50,1,0.05,1.644853627,3,7,0.6,1.4,no_improvement,Per-suite binary success rate over 10 tasks x 50 official trials.
LIBERO,goal,Cross-Platform Scaling of Vision-Language-Action Models from Edge to Cloud GPUs,leaderboards/stat_significance_sam_export_20260522T233929/sam_libero_official_prev_sota.csv,40,libero_goal,libero_goal_prev_sota,96,96.2,-0.2,percent,481,480,481,480,5.684341886e-14,0,python_round_nearest_even_matches_significance_cutoffs,-1,10,50,1,0.05,1.644853627,3,9,0.6,1.8,no_improvement,Per-suite binary success rate over 10 tasks x 50 official trials.
LIBERO,goal,D2E: Scaling Vision-Action Pretraining on Desktop Data for Transfer to Embodied AI,leaderboards/stat_significance_sam_export_20260522T233929/sam_libero_official_prev_sota.csv,41,libero_goal,libero_goal_prev_sota,98.6,97.9,0.7,percent,489.5,493,490,493,-0.5,0,python_round_nearest_even_matches_significance_cutoffs,3,10,50,1,0.05,1.644853627,3,7,0.6,1.4,indeterminate,Per-suite binary success rate over 10 tasks x 50 official trials.
LIBERO,goal,Decoupled Action Expert: Confining Task Knowledge to the Conditioning Pathway,leaderboards/stat_significance_sam_export_20260522T233929/sam_libero_official_prev_sota.csv,42,libero_goal,libero_goal_prev_sota,82,78.3,3.7,percent,391.5,410,391,410,0.5,0,python_round_nearest_even_matches_significance_cutoffs,19,10,50,1,0.05,1.644853627,3,24,0.6,4.8,indeterminate,Per-suite binary success rate over 10 tasks x 50 official trials.
LIBERO,goal,DeepThinkVLA: Enhancing Reasoning Capability of Vision-Language-Action Models,leaderboards/stat_significance_sam_export_20260522T233929/sam_libero_official_prev_sota.csv,43,libero_goal,libero_goal_prev_sota,96.4,95.8,0.6,percent,479,482,479,482,0,5.684341886e-14,python_round_nearest_even_matches_significance_cutoffs,3,10,50,1,0.05,1.644853627,3,10,0.6,2,indeterminate,Per-suite binary success rate over 10 tasks x 50 official trials.
LIBERO,goal,Dejavu: Towards Experience Feedback Learning for Embodied Intelligence,leaderboards/stat_significance_sam_export_20260522T233929/sam_libero_official_prev_sota.csv,44,libero_goal,libero_goal_prev_sota,97.6,96.6,1,percent,483,488,483,488,0,0,python_round_nearest_even_matches_significance_cutoffs,5,10,50,1,0.05,1.644853627,3,9,0.6,1.8,indeterminate,Per-suite binary success rate over 10 tasks x 50 official trials.
LIBERO,goal,DepthVLA: Enhancing Vision-Language-Action Models with Depth-Aware Spatial Reasoning,leaderboards/stat_significance_sam_export_20260522T233929/sam_libero_official_prev_sota.csv,45,libero_goal,libero_goal_prev_sota,95.8,95.8,0,percent,479,479,479,479,0,0,python_round_nearest_even_matches_significance_cutoffs,0,10,50,1,0.05,1.644853627,3,10,0.6,2,no_improvement,Per-suite binary success rate over 10 tasks x 50 official trials.
LIBERO,goal,DiG-Flow: Discrepancy-Guided Flow Matching for Robust VLA Models,leaderboards/stat_significance_sam_export_20260522T233929/sam_libero_official_prev_sota.csv,46,libero_goal,libero_goal_prev_sota,98.6,98,0.6,percent,490,493,490,493,0,0,python_round_nearest_even_matches_significance_cutoffs,3,10,50,1,0.05,1.644853627,3,7,0.6,1.4,indeterminate,Per-suite binary success rate over 10 tasks x 50 official trials.
LIBERO,goal,Discrete Diffusion VLA: Bringing Discrete Diffusion to Action Decoding in Vision-Language-Action Policies,leaderboards/stat_significance_sam_export_20260522T233929/sam_libero_official_prev_sota.csv,47,libero_goal,libero_goal_prev_sota,97.4,96.2,1.2,percent,481,487,481,487,5.684341886e-14,5.684341886e-14,python_round_nearest_even_matches_significance_cutoffs,6,10,50,1,0.05,1.644853627,3,9,0.6,1.8,indeterminate,Per-suite binary success rate over 10 tasks x 50 official trials.
LIBERO,goal,Dita: Scaling Diffusion Transformer for Generalist Vision-Language-Action Policy,leaderboards/stat_significance_sam_export_20260522T233929/sam_libero_official_prev_sota.csv,49,libero_goal,libero_goal_prev_sota,93.2,84.6,8.6,percent,423,466,423,466,0,0,python_round_nearest_even_matches_significance_cutoffs,43,10,50,1,0.05,1.644853627,3,20,0.6,4,provably_significant,Per-suite binary success rate over 10 tasks x 50 official trials.
LIBERO,goal,Don't Run with Scissors: Pruning Breaks VLA Models but They Can Be Recovered,leaderboards/stat_significance_sam_export_20260522T233929/sam_libero_official_prev_sota.csv,50,libero_goal,libero_goal_prev_sota,47,81,-34,percent,405,235,405,235,0,0,python_round_nearest_even_matches_significance_cutoffs,-170,10,50,1,0.05,1.644853627,3,22,0.6,4.4,no_improvement,Per-suite binary success rate over 10 tasks x 50 official trials.
LIBERO,goal,Dream-VL & Dream-VLA: Open Vision-Language and Vision-Language-Action Models with Diffusion Language Model Backbone,leaderboards/stat_significance_sam_export_20260522T233929/sam_libero_official_prev_sota.csv,51,libero_goal,libero_goal_prev_sota,97.2,97.9,-0.7,percent,489.5,486,490,486,-0.5,0,python_round_nearest_even_matches_significance_cutoffs,-4,10,50,1,0.05,1.644853627,3,7,0.6,1.4,no_improvement,Per-suite binary success rate over 10 tasks x 50 official trials.
LIBERO,goal,dVLA: Diffusion Vision-Language-Action Model with Multimodal Chain-of-Thought,leaderboards/stat_significance_sam_export_20260522T233929/sam_libero_official_prev_sota.csv,52,libero_goal,libero_goal_prev_sota,98.2,97.4,0.8,percent,487,491,487,491,5.684341886e-14,0,python_round_nearest_even_matches_significance_cutoffs,4,10,50,1,0.05,1.644853627,3,8,0.6,1.6,indeterminate,Per-suite binary success rate over 10 tasks x 50 official trials.
LIBERO,goal,E0: Enhancing Generalization and Fine-Grained Control in VLA Models via Tweedie Discrete Diffusion,leaderboards/stat_significance_sam_export_20260522T233929/sam_libero_official_prev_sota.csv,53,libero_goal,libero_goal_prev_sota,95,97.2,-2.2,percent,486,475,486,475,0,0,python_round_nearest_even_matches_significance_cutoffs,-11,10,50,1,0.05,1.644853627,3,8,0.6,1.6,no_improvement,Per-suite binary success rate over 10 tasks x 50 official trials.
LIBERO,goal,"End-to-end Listen, Look, Speak and Act",leaderboards/stat_significance_sam_export_20260522T233929/sam_libero_official_prev_sota.csv,55,libero_goal,libero_goal_prev_sota,86.4,88.6,-2.2,percent,443,432,443,432,-5.684341886e-14,5.684341886e-14,python_round_nearest_even_matches_significance_cutoffs,-11,10,50,1,0.05,1.644853627,3,17,0.6,3.4,no_improvement,Per-suite binary success rate over 10 tasks x 50 official trials.
LIBERO,goal,EnerVerse: Envisioning Embodied Future Space for Robotics Manipulation,leaderboards/stat_significance_sam_export_20260522T233929/sam_libero_official_prev_sota.csv,56,libero_goal,libero_goal_prev_sota,85,84.6,0.4,percent,423,425,423,425,0,0,python_round_nearest_even_matches_significance_cutoffs,2,10,50,1,0.05,1.644853627,3,20,0.6,4,provably_not_significant,Per-suite binary success rate over 10 tasks x 50 official trials.
LIBERO,goal,Evo-1: Lightweight Vision-Language-Action Model with Preserved Semantic Alignment,leaderboards/stat_significance_sam_export_20260522T233929/sam_libero_official_prev_sota.csv,57,libero_goal,libero_goal_prev_sota,96.3,95.8,0.5,percent,479,481.5,479,482,0,-0.5,python_round_nearest_even_matches_significance_cutoffs,3,10,50,1,0.05,1.644853627,3,10,0.6,2,indeterminate,Per-suite binary success rate over 10 tasks x 50 official trials.
LIBERO,goal,EVOLVE-VLA: Test-Time Training from Environment Feedback for Vision-Language-Action Models,leaderboards/stat_significance_sam_export_20260522T233929/sam_libero_official_prev_sota.csv,58,libero_goal,libero_goal_prev_sota,95.8,95.8,0,percent,479,479,479,479,0,0,python_round_nearest_even_matches_significance_cutoffs,0,10,50,1,0.05,1.644853627,3,10,0.6,2,no_improvement,Per-suite binary success rate over 10 tasks x 50 official trials.
LIBERO,goal,ExpReS-VLA: Specializing Vision-Language-Action Models Through Experience Replay and Retrieval,leaderboards/stat_significance_sam_export_20260522T233929/sam_libero_official_prev_sota.csv,59,libero_goal,libero_goal_prev_sota,95.4,96.3,-0.9,percent,481.5,477,482,477,-0.5,5.684341886e-14,python_round_nearest_even_matches_significance_cutoffs,-5,10,50,1,0.05,1.644853627,3,9,0.6,1.8,no_improvement,Per-suite binary success rate over 10 tasks x 50 official trials.
LIBERO,goal,Fast ECoT: Efficient Embodied Chain-of-Thought via Thoughts Reuse,leaderboards/stat_significance_sam_export_20260522T233929/sam_libero_official_prev_sota.csv,60,libero_goal,libero_goal_prev_sota,83,84,-1,percent,420,415,420,415,0,0,python_round_nearest_even_matches_significance_cutoffs,-5,10,50,1,0.05,1.644853627,3,20,0.6,4,no_improvement,Per-suite binary success rate over 10 tasks x 50 official trials.
LIBERO,goal,FASTer: Toward Efficient Autoregressive Vision Language Action Modeling via Neural Action Tokenization,leaderboards/stat_significance_sam_export_20260522T233929/sam_libero_official_prev_sota.csv,62,libero_goal,libero_goal_prev_sota,98.6,98,0.6,percent,490,493,490,493,0,0,python_round_nearest_even_matches_significance_cutoffs,3,10,50,1,0.05,1.644853627,3,7,0.6,1.4,indeterminate,Per-suite binary success rate over 10 tasks x 50 official trials.
LIBERO,goal,Fine-Tuning Vision-Language-Action Models: Optimizing Speed and Success,leaderboards/stat_significance_sam_export_20260522T233929/sam_libero_official_prev_sota.csv,63,libero_goal,libero_goal_prev_sota,97.9,95.8,2.1,percent,479,489.5,479,490,0,-0.5,python_round_nearest_even_matches_significance_cutoffs,11,10,50,1,0.05,1.644853627,3,10,0.6,2,provably_significant,Per-suite binary success rate over 10 tasks x 50 official trials.
LIBERO,goal,FLOWER: Democratizing Generalist Robot Policies with Efficient Vision-Language-Action Flow Policies,leaderboards/stat_significance_sam_export_20260522T233929/sam_libero_official_prev_sota.csv,64,libero_goal,libero_goal_prev_sota,96.1,97.9,-1.8,percent,489.5,480.5,490,480,-0.5,0.5,python_round_nearest_even_matches_significance_cutoffs,-10,10,50,1,0.05,1.644853627,3,7,0.6,1.4,no_improvement,Per-suite binary success rate over 10 tasks x 50 official trials.
LIBERO,goal,Focusing on What Matters: Object-Agent-centric Tokenization for Vision Language Action models,leaderboards/stat_significance_sam_export_20260522T233929/sam_libero_official_prev_sota.csv,65,libero_goal,libero_goal_prev_sota,82.1,84.6,-2.5,percent,423,410.5,423,410,0,0.5,python_round_nearest_even_matches_significance_cutoffs,-13,10,50,1,0.05,1.644853627,3,20,0.6,4,no_improvement,Per-suite binary success rate over 10 tasks x 50 official trials.
LIBERO,goal,FreqPolicy: Efficient Flow-based Visuomotor Policy via Frequency Consistency,leaderboards/stat_significance_sam_export_20260522T233929/sam_libero_official_prev_sota.csv,66,libero_goal,libero_goal_prev_sota,96,97.8,-1.8,percent,489,480,489,480,0,0,python_round_nearest_even_matches_significance_cutoffs,-9,10,50,1,0.05,1.644853627,3,7,0.6,1.4,no_improvement,Per-suite binary success rate over 10 tasks x 50 official trials.
LIBERO,goal,From Grounding to Manipulation: Case Studies of Foundation Model Integration in Embodied Robotic Systems,leaderboards/stat_significance_sam_export_20260522T233929/sam_libero_official_prev_sota.csv,67,libero_goal,libero_goal_prev_sota,89.4,95.8,-6.4,percent,479,447,479,447,0,0,python_round_nearest_even_matches_significance_cutoffs,-32,10,50,1,0.05,1.644853627,3,10,0.6,2,no_improvement,Per-suite binary success rate over 10 tasks x 50 official trials.
LIBERO,goal,GeoAware-VLA: Implicit Geometry Aware Vision-Language-Action Model,leaderboards/stat_significance_sam_export_20260522T233929/sam_libero_official_prev_sota.csv,68,libero_goal,libero_goal_prev_sota,99,98,1,percent,490,495,490,495,0,0,python_round_nearest_even_matches_significance_cutoffs,5,10,50,1,0.05,1.644853627,3,7,0.6,1.4,indeterminate,Per-suite binary success rate over 10 tasks x 50 official trials.
LIBERO,goal,GeoPredict: Leveraging Predictive Kinematics and 3D Gaussian Geometry for Precise VLA Manipulation,leaderboards/stat_significance_sam_export_20260522T233929/sam_libero_official_prev_sota.csv,69,libero_goal,libero_goal_prev_sota,95.7,95.8,-0.1,percent,479,478.5,479,479,0,-0.5,python_round_nearest_even_matches_significance_cutoffs,0,10,50,1,0.05,1.644853627,3,10,0.6,2,no_improvement,Per-suite binary success rate over 10 tasks x 50 official trials.
LIBERO,goal,Goal-oriented Backdoor Attack against Vision-Language-Action Models via Physical Objects,leaderboards/stat_significance_sam_export_20260522T233929/sam_libero_official_prev_sota.csv,70,libero_goal,libero_goal_prev_sota,95.5,95.8,-0.3,percent,479,477.5,479,478,0,-0.5,python_round_nearest_even_matches_significance_cutoffs,-1,10,50,1,0.05,1.644853627,3,10,0.6,2,no_improvement,Per-suite binary success rate over 10 tasks x 50 official trials.
LIBERO,goal,"HiF-VLA: Hindsight, Insight and Foresight through Motion Representation for Vision-Language-Action Models",leaderboards/stat_significance_sam_export_20260522T233929/sam_libero_official_prev_sota.csv,72,libero_goal,libero_goal_prev_sota,97.4,97.9,-0.5,percent,489.5,487,490,487,-0.5,5.684341886e-14,python_round_nearest_even_matches_significance_cutoffs,-3,10,50,1,0.05,1.644853627,3,7,0.6,1.4,no_improvement,Per-suite binary success rate over 10 tasks x 50 official trials.
LIBERO,goal,HiMoE-VLA: Hierarchical Mixture-of-Experts for Generalist Vision-Language-Action Policies,leaderboards/stat_significance_sam_export_20260522T233929/sam_libero_official_prev_sota.csv,73,libero_goal,libero_goal_prev_sota,98.6,97.9,0.7,percent,489.5,493,490,493,-0.5,0,python_round_nearest_even_matches_significance_cutoffs,3,10,50,1,0.05,1.644853627,3,7,0.6,1.4,indeterminate,Per-suite binary success rate over 10 tasks x 50 official trials.
LIBERO,goal,How Do VLAs Effectively Inherit from VLMs?,leaderboards/stat_significance_sam_export_20260522T233929/sam_libero_official_prev_sota.csv,74,libero_goal,libero_goal_prev_sota,89,96,-7,percent,480,445,480,445,0,0,python_round_nearest_even_matches_significance_cutoffs,-35,10,50,1,0.05,1.644853627,3,10,0.6,2,no_improvement,Per-suite binary success rate over 10 tasks x 50 official trials.
LIBERO,goal,Hybrid Training for Vision-Language-Action Models,leaderboards/stat_significance_sam_export_20260522T233929/sam_libero_official_prev_sota.csv,75,libero_goal,libero_goal_prev_sota,96.2,91.4,4.8,percent,457,481,457,481,0,5.684341886e-14,python_round_nearest_even_matches_significance_cutoffs,24,10,50,1,0.05,1.644853627,3,15,0.6,3,provably_significant,Per-suite binary success rate over 10 tasks x 50 official trials.
LIBERO,goal,HyperVLA: Efficient Inference in Vision-Language-Action Models via Hypernetworks,leaderboards/stat_significance_sam_export_20260522T233929/sam_libero_official_prev_sota.csv,76,libero_goal,libero_goal_prev_sota,92,85,7,percent,425,460,425,460,0,0,python_round_nearest_even_matches_significance_cutoffs,35,10,50,1,0.05,1.644853627,3,19,0.6,3.8,provably_significant,Per-suite binary success rate over 10 tasks x 50 official trials.
LIBERO,goal,iFlyBot-VLA Technical Report,leaderboards/stat_significance_sam_export_20260522T233929/sam_libero_official_prev_sota.csv,78,libero_goal,libero_goal_prev_sota,93,95,-2,percent,475,465,475,465,0,0,python_round_nearest_even_matches_significance_cutoffs,-10,10,50,1,0.05,1.644853627,3,11,0.6,2.2,no_improvement,Per-suite binary success rate over 10 tasks x 50 official trials.
LIBERO,goal,Interactive Post-Training for Vision-Language-Action Models,leaderboards/stat_significance_sam_export_20260522T233929/sam_libero_official_prev_sota.csv,79,libero_goal,libero_goal_prev_sota,99,97.9,1.1,percent,489.5,495,490,495,-0.5,0,python_round_nearest_even_matches_significance_cutoffs,5,10,50,1,0.05,1.644853627,3,7,0.6,1.4,indeterminate,Per-suite binary success rate over 10 tasks x 50 official trials.
LIBERO,goal,InternVLA-M1: A Spatially Guided Vision-Language-Action Framework for Generalist Robot Policy,leaderboards/stat_significance_sam_export_20260522T233929/sam_libero_official_prev_sota.csv,80,libero_goal,libero_goal_prev_sota,93.8,95.8,-2,percent,479,469,479,469,0,0,python_round_nearest_even_matches_significance_cutoffs,-10,10,50,1,0.05,1.644853627,3,10,0.6,2,no_improvement,Per-suite binary success rate over 10 tasks x 50 official trials.
LIBERO,goal,"Knowledge Insulating Vision-Language-Action Models: Train Fast, Run Fast, Generalize Better",leaderboards/stat_significance_sam_export_20260522T233929/sam_libero_official_prev_sota.csv,81,libero_goal,libero_goal_prev_sota,95.6,97.9,-2.3,percent,489.5,478,490,478,-0.5,0,python_round_nearest_even_matches_significance_cutoffs,-12,10,50,1,0.05,1.644853627,3,7,0.6,1.4,no_improvement,Per-suite binary success rate over 10 tasks x 50 official trials.
LIBERO,goal,LatBot: Distilling Universal Latent Actions for Vision-Language-Action Models,leaderboards/stat_significance_sam_export_20260522T233929/sam_libero_official_prev_sota.csv,83,libero_goal,libero_goal_prev_sota,98.6,98,0.6,percent,490,493,490,493,0,0,python_round_nearest_even_matches_significance_cutoffs,3,10,50,1,0.05,1.644853627,3,7,0.6,1.4,indeterminate,Per-suite binary success rate over 10 tasks x 50 official trials.
LIBERO,goal,Latent Action Pretraining Through World Modeling,leaderboards/stat_significance_sam_export_20260522T233929/sam_libero_official_prev_sota.csv,84,libero_goal,libero_goal_prev_sota,96,98,-2,percent,490,480,490,480,0,0,python_round_nearest_even_matches_significance_cutoffs,-10,10,50,1,0.05,1.644853627,3,7,0.6,1.4,no_improvement,Per-suite binary success rate over 10 tasks x 50 official trials.
LIBERO,goal,LoLA: Long Horizon Latent Action Learning for General Robot Manipulation,leaderboards/stat_significance_sam_export_20260522T233929/sam_libero_official_prev_sota.csv,88,libero_goal,libero_goal_prev_sota,97.2,94,3.2,percent,470,486,470,486,0,0,python_round_nearest_even_matches_significance_cutoffs,16,10,50,1,0.05,1.644853627,3,12,0.6,2.4,provably_significant,Per-suite binary success rate over 10 tasks x 50 official trials.
LIBERO,goal,Mantis: A Versatile Vision-Language-Action Model with Disentangled Visual Foresight,leaderboards/stat_significance_sam_export_20260522T233929/sam_libero_official_prev_sota.csv,89,libero_goal,libero_goal_prev_sota,94.4,95.8,-1.4,percent,479,472,479,472,0,5.684341886e-14,python_round_nearest_even_matches_significance_cutoffs,-7,10,50,1,0.05,1.644853627,3,10,0.6,2,no_improvement,Per-suite binary success rate over 10 tasks x 50 official trials.
LIBERO,goal,MAP-VLA: Memory-Augmented Prompting for Vision-Language-Action Model in Robotic Manipulation,leaderboards/stat_significance_sam_export_20260522T233929/sam_libero_official_prev_sota.csv,90,libero_goal,libero_goal_prev_sota,95.4,91.5,3.9,percent,457.5,477,458,477,-0.5,5.684341886e-14,python_round_nearest_even_matches_significance_cutoffs,19,10,50,1,0.05,1.644853627,3,14,0.6,2.8,provably_significant,Per-suite binary success rate over 10 tasks x 50 official trials.
LIBERO,goal,MAPS: Preserving Vision-Language Representations via Module-Wise Proximity Scheduling for Better Vision-Language-Action Generalization,leaderboards/stat_significance_sam_export_20260522T233929/sam_libero_official_prev_sota.csv,91,libero_goal,libero_goal_prev_sota,0,7,-7,percent,35,0,35,0,0,0,python_round_nearest_even_matches_significance_cutoffs,-35,10,50,1,0.05,1.644853627,3,16,0.6,3.2,no_improvement,Per-suite binary success rate over 10 tasks x 50 official trials.
LIBERO,goal,MemoryVLA: Perceptual-Cognitive Memory in Vision-Language-Action Models for Robotic Manipulation,leaderboards/stat_significance_sam_export_20260522T233929/sam_libero_official_prev_sota.csv,93,libero_goal,libero_goal_prev_sota,96.4,95.8,0.6,percent,479,482,479,482,0,5.684341886e-14,python_round_nearest_even_matches_significance_cutoffs,3,10,50,1,0.05,1.644853627,3,10,0.6,2,indeterminate,Per-suite binary success rate over 10 tasks x 50 official trials.
LIBERO,goal,MergeVLA: Cross-Skill Model Merging Toward a Generalist Vision-Language-Action Agent,leaderboards/stat_significance_sam_export_20260522T233929/sam_libero_official_prev_sota.csv,94,libero_goal,libero_goal_prev_sota,91.8,98.2,-6.4,percent,491,459,491,459,0,-5.684341886e-14,python_round_nearest_even_matches_significance_cutoffs,-32,10,50,1,0.05,1.644853627,3,6,0.6,1.2,no_improvement,Per-suite binary success rate over 10 tasks x 50 official trials.
LIBERO,goal,MetaVLA: Unified Meta Co-training For Efficient Embodied Adaption,leaderboards/stat_significance_sam_export_20260522T233929/sam_libero_official_prev_sota.csv,95,libero_goal,libero_goal_prev_sota,78.7,98,-19.3,percent,490,393.5,490,394,0,-0.5,python_round_nearest_even_matches_significance_cutoffs,-96,10,50,1,0.05,1.644853627,3,7,0.6,1.4,no_improvement,Per-suite binary success rate over 10 tasks x 50 official trials.
LIBERO,goal,Mixture of Horizons in Action Chunking,leaderboards/stat_significance_sam_export_20260522T233929/sam_libero_official_prev_sota.csv,96,libero_goal,libero_goal_prev_sota,98.8,98.8,0,percent,494,494,494,494,0,0,python_round_nearest_even_matches_significance_cutoffs,0,10,50,1,0.05,1.644853627,3,5,0.6,1,no_improvement,Per-suite binary success rate over 10 tasks x 50 official trials.
LIBERO,goal,Multimodal Reinforcement Learning with Adaptive Verifier for AI Agents,leaderboards/stat_significance_sam_export_20260522T233929/sam_libero_official_prev_sota.csv,97,libero_goal,libero_goal_prev_sota,87.8,89.6,-1.8,percent,448,439,448,439,-5.684341886e-14,0,python_round_nearest_even_matches_significance_cutoffs,-9,10,50,1,0.05,1.644853627,3,16,0.6,3.2,no_improvement,Per-suite binary success rate over 10 tasks x 50 official trials.
LIBERO,goal,NORA: A Small Open-Sourced Generalist Vision Language Action Model for Embodied Tasks,leaderboards/stat_significance_sam_export_20260522T233929/sam_libero_official_prev_sota.csv,98,libero_goal,libero_goal_prev_sota,89.4,79.2,10.2,percent,396,447,396,447,0,0,python_round_nearest_even_matches_significance_cutoffs,51,10,50,1,0.05,1.644853627,3,23,0.6,4.6,provably_significant,Per-suite binary success rate over 10 tasks x 50 official trials.
LIBERO,goal,PixelVLA: Advancing Pixel-level Understanding in Vision-Language-Action Model,leaderboards/stat_significance_sam_export_20260522T233929/sam_libero_official_prev_sota.csv,99,libero_goal,libero_goal_prev_sota,85.8,87.6,-1.8,percent,438,429,438,429,-5.684341886e-14,0,python_round_nearest_even_matches_significance_cutoffs,-9,10,50,1,0.05,1.644853627,3,18,0.6,3.6,no_improvement,Per-suite binary success rate over 10 tasks x 50 official trials.
LIBERO,goal,Reflection-Based Task Adaptation for Self-Improving VLA,leaderboards/stat_significance_sam_export_20260522T233929/sam_libero_official_prev_sota.csv,100,libero_goal,libero_goal_prev_sota,85.2,88.6,-3.4,percent,443,426,443,426,-5.684341886e-14,0,python_round_nearest_even_matches_significance_cutoffs,-17,10,50,1,0.05,1.644853627,3,17,0.6,3.4,no_improvement,Per-suite binary success rate over 10 tasks x 50 official trials.
LIBERO,goal,Reinforcement Fine-Tuning of Flow-Matching Policies for Vision-Language-Action Models,leaderboards/stat_significance_sam_export_20260522T233929/sam_libero_official_prev_sota.csv,101,libero_goal,libero_goal_prev_sota,89.4,88.6,0.8,percent,443,447,443,447,-5.684341886e-14,0,python_round_nearest_even_matches_significance_cutoffs,4,10,50,1,0.05,1.644853627,3,17,0.6,3.4,indeterminate,Per-suite binary success rate over 10 tasks x 50 official trials.
LIBERO,goal,RESample: A Robust Data Augmentation Framework via Exploratory Sampling for Robotic Manipulation,leaderboards/stat_significance_sam_export_20260522T233929/sam_libero_official_prev_sota.csv,102,libero_goal,libero_goal_prev_sota,91.4,91.2,0.2,percent,456,457,456,457,0,0,python_round_nearest_even_matches_significance_cutoffs,1,10,50,1,0.05,1.644853627,3,15,0.6,3,provably_not_significant,Per-suite binary success rate over 10 tasks x 50 official trials.
LIBERO,goal,Rethinking Latent Redundancy in Behavior Cloning: An Information Bottleneck Approach for Robot Manipulation,leaderboards/stat_significance_sam_export_20260522T233929/sam_libero_official_prev_sota.csv,104,libero_goal,libero_goal_prev_sota,83.83,76.17,7.66,percent,380.85,419.15,381,419,-0.15,0.15,python_round_nearest_even_matches_significance_cutoffs,38,10,50,1,0.05,1.644853627,3,25,0.6,5,provably_significant,Per-suite binary success rate over 10 tasks x 50 official trials.
LIBERO,goal,RetoVLA: Reusing Register Tokens for Spatial Reasoning in Vision-Language-Action Models,leaderboards/stat_significance_sam_export_20260522T233929/sam_libero_official_prev_sota.csv,105,libero_goal,libero_goal_prev_sota,80.4,80.4,0,percent,402,402,402,402,0,0,python_round_nearest_even_matches_significance_cutoffs,0,10,50,1,0.05,1.644853627,3,22,0.6,4.4,no_improvement,Per-suite binary success rate over 10 tasks x 50 official trials.
LIBERO,goal,RLinf-VLA: A Unified and Efficient Framework for Reinforcement Learning of Vision-Language-Action Models,leaderboards/stat_significance_sam_export_20260522T233929/sam_libero_official_prev_sota.csv,106,libero_goal,libero_goal_prev_sota,98.32,49.4,48.92,percent,247,491.6,247,492,0,-0.4,python_round_nearest_even_matches_significance_cutoffs,245,10,50,1,0.05,1.644853627,3,36,0.6,7.2,provably_significant,Per-suite binary success rate over 10 tasks x 50 official trials.
LIBERO,goal,RoboNeuron: A Middle-Layer Infrastructure for Agent-Driven Orchestration in Embodied AI,leaderboards/stat_significance_sam_export_20260522T233929/sam_libero_official_prev_sota.csv,107,libero_goal,libero_goal_prev_sota,97.6,97.2,0.4,percent,486,488,486,488,0,0,python_round_nearest_even_matches_significance_cutoffs,2,10,50,1,0.05,1.644853627,3,8,0.6,1.6,provably_not_significant,Per-suite binary success rate over 10 tasks x 50 official trials.
LIBERO,goal,Robotic VLA Benefits from Joint Learning with Motion Image Diffusion,leaderboards/stat_significance_sam_export_20260522T233929/sam_libero_official_prev_sota.csv,108,libero_goal,libero_goal_prev_sota,96,98,-2,percent,490,480,490,480,0,0,python_round_nearest_even_matches_significance_cutoffs,-10,10,50,1,0.05,1.644853627,3,7,0.6,1.4,no_improvement,Per-suite binary success rate over 10 tasks x 50 official trials.
LIBERO,goal,RynnVLA-002: A Unified Vision-Language-Action and World Model,leaderboards/stat_significance_sam_export_20260522T233929/sam_libero_official_prev_sota.csv,109,libero_goal,libero_goal_prev_sota,96.4,97.9,-1.5,percent,489.5,482,490,482,-0.5,5.684341886e-14,python_round_nearest_even_matches_significance_cutoffs,-8,10,50,1,0.05,1.644853627,3,7,0.6,1.4,no_improvement,Per-suite binary success rate over 10 tasks x 50 official trials.
LIBERO,goal,Saliency-Aware Quantized Imitation Learning for Efficient Robotic Control,leaderboards/stat_significance_sam_export_20260522T233929/sam_libero_official_prev_sota.csv,110,libero_goal,libero_goal_prev_sota,76.3,76.6,-0.3,percent,383,381.5,383,382,-5.684341886e-14,-0.5,python_round_nearest_even_matches_significance_cutoffs,-1,10,50,1,0.05,1.644853627,3,25,0.6,5,no_improvement,Per-suite binary success rate over 10 tasks x 50 official trials.
LIBERO,goal,Self-Improving Vision-Language-Action Models with Data Generation via Residual RL,leaderboards/stat_significance_sam_export_20260522T233929/sam_libero_official_prev_sota.csv,111,libero_goal,libero_goal_prev_sota,98.9,87.4,11.5,percent,437,494.5,437,495,5.684341886e-14,-0.5,python_round_nearest_even_matches_significance_cutoffs,58,10,50,1,0.05,1.644853627,3,18,0.6,3.6,provably_significant,Per-suite binary success rate over 10 tasks x 50 official trials.
LIBERO,goal,SemanticVLA: Semantic-Aligned Sparsification and Enhancement for Efficient Robotic Manipulation,leaderboards/stat_significance_sam_export_20260522T233929/sam_libero_official_prev_sota.csv,112,libero_goal,libero_goal_prev_sota,97.6,97.9,-0.3,percent,489.5,488,490,488,-0.5,0,python_round_nearest_even_matches_significance_cutoffs,-2,10,50,1,0.05,1.644853627,3,7,0.6,1.4,no_improvement,Per-suite binary success rate over 10 tasks x 50 official trials.
LIBERO,goal,SimpleVLA-RL: Scaling VLA Training via Reinforcement Learning,leaderboards/stat_significance_sam_export_20260522T233929/sam_libero_official_prev_sota.csv,113,libero_goal,libero_goal_prev_sota,99.2,95.8,3.4,percent,479,496,479,496,0,0,python_round_nearest_even_matches_significance_cutoffs,17,10,50,1,0.05,1.644853627,3,10,0.6,2,provably_significant,Per-suite binary success rate over 10 tasks x 50 official trials.
LIBERO,goal,SmolVLA: A Vision-Language-Action Model for Affordable and Efficient Robotics,leaderboards/stat_significance_sam_export_20260522T233929/sam_libero_official_prev_sota.csv,114,libero_goal,libero_goal_prev_sota,92,95,-3,percent,475,460,475,460,0,0,python_round_nearest_even_matches_significance_cutoffs,-15,10,50,1,0.05,1.644853627,3,11,0.6,2.2,no_improvement,Per-suite binary success rate over 10 tasks x 50 official trials.
LIBERO,goal,Spatial-Aware VLA Pretraining through Visual-Physical Alignment from Human Videos,leaderboards/stat_significance_sam_export_20260522T233929/sam_libero_official_prev_sota.csv,115,libero_goal,libero_goal_prev_sota,94.2,94,0.2,percent,470,471,470,471,0,5.684341886e-14,python_round_nearest_even_matches_significance_cutoffs,1,10,50,1,0.05,1.644853627,3,12,0.6,2.4,provably_not_significant,Per-suite binary success rate over 10 tasks x 50 official trials.
LIBERO,goal,Spatial Forcing: Implicit Spatial Representation Alignment for Vision-language-action Model,leaderboards/stat_significance_sam_export_20260522T233929/sam_libero_official_prev_sota.csv,116,libero_goal,libero_goal_prev_sota,98.8,98.2,0.6,percent,491,494,491,494,0,0,python_round_nearest_even_matches_significance_cutoffs,3,10,50,1,0.05,1.644853627,3,6,0.6,1.2,indeterminate,Per-suite binary success rate over 10 tasks x 50 official trials.
LIBERO,goal,SpatialVLA: Exploring Spatial Representations for Visual-Language-Action Model,leaderboards/stat_significance_sam_export_20260522T233929/sam_libero_official_prev_sota.csv,117,libero_goal,libero_goal_prev_sota,78.6,84.6,-6,percent,423,393,423,393,0,-5.684341886e-14,python_round_nearest_even_matches_significance_cutoffs,-30,10,50,1,0.05,1.644853627,3,20,0.6,4,no_improvement,Per-suite binary success rate over 10 tasks x 50 official trials.
LIBERO,goal,Spec-VLA: Speculative Decoding for Vision-Language-Action Models with Relaxed Acceptance,leaderboards/stat_significance_sam_export_20260522T233929/sam_libero_official_prev_sota.csv,118,libero_goal,libero_goal_prev_sota,74.4,78,-3.6,percent,390,372,390,372,0,5.684341886e-14,python_round_nearest_even_matches_significance_cutoffs,-18,10,50,1,0.05,1.644853627,3,24,0.6,4.8,no_improvement,Per-suite binary success rate over 10 tasks x 50 official trials.
LIBERO,goal,SpecPrune-VLA: Accelerating Vision-Language-Action Models via Action-Aware Self-Speculative Pruning,leaderboards/stat_significance_sam_export_20260522T233929/sam_libero_official_prev_sota.csv,119,libero_goal,libero_goal_prev_sota,97.7,97.9,-0.2,percent,489.5,488.5,490,488,-0.5,0.5,python_round_nearest_even_matches_significance_cutoffs,-2,10,50,1,0.05,1.644853627,3,7,0.6,1.4,no_improvement,Per-suite binary success rate over 10 tasks x 50 official trials.
LIBERO,goal,STAR: Learning Diverse Robot Skill Abstractions through Rotation-Augmented Vector Quantization,leaderboards/stat_significance_sam_export_20260522T233929/sam_libero_official_prev_sota.csv,120,libero_goal,libero_goal_prev_sota,95,84.6,10.4,percent,423,475,423,475,0,0,python_round_nearest_even_matches_significance_cutoffs,52,10,50,1,0.05,1.644853627,3,20,0.6,4,provably_significant,Per-suite binary success rate over 10 tasks x 50 official trials.
LIBERO,goal,TGRPO: Fine-tuning Vision-Language-Action Model via Trajectory-wise Group Relative Policy Optimization,leaderboards/stat_significance_sam_export_20260522T233929/sam_libero_official_prev_sota.csv,122,libero_goal,libero_goal_prev_sota,81,83.1,-2.1,percent,415.5,405,416,405,-0.5,0,python_round_nearest_even_matches_significance_cutoffs,-11,10,50,1,0.05,1.644853627,3,21,0.6,4.2,no_improvement,Per-suite binary success rate over 10 tasks x 50 official trials.
LIBERO,goal,"The Better You Learn, The Smarter You Prune: Towards Efficient Vision-language-action Models via Differentiable Token Pruning",leaderboards/stat_significance_sam_export_20260522T233929/sam_libero_official_prev_sota.csv,123,libero_goal,libero_goal_prev_sota,98.2,95.8,2.4,percent,479,491,479,491,0,0,python_round_nearest_even_matches_significance_cutoffs,12,10,50,1,0.05,1.644853627,3,10,0.6,2,provably_significant,Per-suite binary success rate over 10 tasks x 50 official trials.
LIBERO,goal,"Think Twice, Act Once: Token-Aware Compression and Action Reuse for Efficient Inference in Vision-Language-Action Models",leaderboards/stat_significance_sam_export_20260522T233929/sam_libero_official_prev_sota.csv,124,libero_goal,libero_goal_prev_sota,78.8,75.4,3.4,percent,377,394,377,394,0,-5.684341886e-14,python_round_nearest_even_matches_significance_cutoffs,17,10,50,1,0.05,1.644853627,3,25,0.6,5,indeterminate,Per-suite binary success rate over 10 tasks x 50 official trials.
LIBERO,goal,Token Expand-Merge: Training-Free Token Compression for Vision-Language-Action Models,leaderboards/stat_significance_sam_export_20260522T233929/sam_libero_official_prev_sota.csv,125,libero_goal,libero_goal_prev_sota,97,97.9,-0.9,percent,489.5,485,490,485,-0.5,0,python_round_nearest_even_matches_significance_cutoffs,-5,10,50,1,0.05,1.644853627,3,7,0.6,1.4,no_improvement,Per-suite binary success rate over 10 tasks x 50 official trials.
LIBERO,goal,Unified Diffusion VLA: Vision-Language-Action Model via Joint Discrete Denoising Diffusion Process,leaderboards/stat_significance_sam_export_20260522T233929/sam_libero_official_prev_sota.csv,126,libero_goal,libero_goal_prev_sota,91.2,91.6,-0.4,percent,458,456,458,456,-5.684341886e-14,0,python_round_nearest_even_matches_significance_cutoffs,-2,10,50,1,0.05,1.644853627,3,14,0.6,2.8,no_improvement,Per-suite binary success rate over 10 tasks x 50 official trials.
LIBERO,goal,Unified Vision-Language-Action Model,leaderboards/stat_significance_sam_export_20260522T233929/sam_libero_official_prev_sota.csv,128,libero_goal,libero_goal_prev_sota,93.6,88.6,5,percent,443,468,443,468,-5.684341886e-14,0,python_round_nearest_even_matches_significance_cutoffs,25,10,50,1,0.05,1.644853627,3,17,0.6,3.4,provably_significant,Per-suite binary success rate over 10 tasks x 50 official trials.
LIBERO,goal,UniVLA: Learning to Act Anywhere with Task-centric Latent Actions,leaderboards/stat_significance_sam_export_20260522T233929/sam_libero_official_prev_sota.csv,129,libero_goal,libero_goal_prev_sota,95.6,84.6,11,percent,423,478,423,478,0,0,python_round_nearest_even_matches_significance_cutoffs,55,10,50,1,0.05,1.644853627,3,20,0.6,4,provably_significant,Per-suite binary success rate over 10 tasks x 50 official trials.
LIBERO,goal,Verifier-free Test-Time Sampling for Vision Language Action Models,leaderboards/stat_significance_sam_export_20260522T233929/sam_libero_official_prev_sota.csv,130,libero_goal,libero_goal_prev_sota,94.5,95.6,-1.1,percent,478,472.5,478,472,0,0.5,python_round_nearest_even_matches_significance_cutoffs,-6,10,50,1,0.05,1.644853627,3,10,0.6,2,no_improvement,Per-suite binary success rate over 10 tasks x 50 official trials.
LIBERO,goal,VITA-VLA: Efficiently Teaching Vision-Language Models to Act via Action Expert Distillation,leaderboards/stat_significance_sam_export_20260522T233929/sam_libero_official_prev_sota.csv,132,libero_goal,libero_goal_prev_sota,97.9,88.6,9.3,percent,443,489.5,443,490,-5.684341886e-14,-0.5,python_round_nearest_even_matches_significance_cutoffs,47,10,50,1,0.05,1.644853627,3,17,0.6,3.4,provably_significant,Per-suite binary success rate over 10 tasks x 50 official trials.
LIBERO,goal,VLA-0: Building State-of-the-Art VLAs with Zero Modification,leaderboards/stat_significance_sam_export_20260522T233929/sam_libero_official_prev_sota.csv,133,libero_goal,libero_goal_prev_sota,96.2,97.9,-1.7,percent,489.5,481,490,481,-0.5,5.684341886e-14,python_round_nearest_even_matches_significance_cutoffs,-9,10,50,1,0.05,1.644853627,3,7,0.6,1.4,no_improvement,Per-suite binary success rate over 10 tasks x 50 official trials.
LIBERO,goal,VLA-Cache: Efficient Vision-Language-Action Manipulation via Adaptive Token Caching,leaderboards/stat_significance_sam_export_20260522T233929/sam_libero_official_prev_sota.csv,134,libero_goal,libero_goal_prev_sota,98.3,97.6,0.7,percent,488,491.5,488,492,0,-0.5,python_round_nearest_even_matches_significance_cutoffs,4,10,50,1,0.05,1.644853627,3,7,0.6,1.4,indeterminate,Per-suite binary success rate over 10 tasks x 50 official trials.
LIBERO,goal,VLA-Pruner: Temporal-Aware Dual-Level Visual Token Pruning for Efficient Vision-Language-Action Inference,leaderboards/stat_significance_sam_export_20260522T233929/sam_libero_official_prev_sota.csv,135,libero_goal,libero_goal_prev_sota,96.8,96.7,0.1,percent,483.5,484,484,484,-0.5,0,python_round_nearest_even_matches_significance_cutoffs,0,10,50,1,0.05,1.644853627,3,9,0.6,1.8,provably_not_significant,Per-suite binary success rate over 10 tasks x 50 official trials.
LIBERO,goal,VLA-RFT: Vision-Language-Action Reinforcement Fine-tuning with Verified Rewards in World Simulators,leaderboards/stat_significance_sam_export_20260522T233929/sam_libero_official_prev_sota.csv,136,libero_goal,libero_goal_prev_sota,95.4,93.8,1.6,percent,469,477,469,477,0,5.684341886e-14,python_round_nearest_even_matches_significance_cutoffs,8,10,50,1,0.05,1.644853627,3,12,0.6,2.4,indeterminate,Per-suite binary success rate over 10 tasks x 50 official trials.
LIBERO,goal,VLA-RL: Towards Masterful and General Robotic Manipulation with Scalable Reinforcement Learning,leaderboards/stat_significance_sam_export_20260522T233929/sam_libero_official_prev_sota.csv,137,libero_goal,libero_goal_prev_sota,82.2,88.6,-6.4,percent,443,411,443,411,-5.684341886e-14,5.684341886e-14,python_round_nearest_even_matches_significance_cutoffs,-32,10,50,1,0.05,1.644853627,3,17,0.6,3.4,no_improvement,Per-suite binary success rate over 10 tasks x 50 official trials.
LIBERO,goal,VQ-VLA: Improving Vision-Language-Action Models via Scaling Vector-Quantized Action Tokenizers,leaderboards/stat_significance_sam_export_20260522T233929/sam_libero_official_prev_sota.csv,139,libero_goal,libero_goal_prev_sota,75.2,75.8,-0.6,percent,379,376,379,376,0,0,python_round_nearest_even_matches_significance_cutoffs,-3,10,50,1,0.05,1.644853627,3,25,0.6,5,no_improvement,Per-suite binary success rate over 10 tasks x 50 official trials.
LIBERO,goal,WorldVLA: Towards Autoregressive Action World Model,leaderboards/stat_significance_sam_export_20260522T233929/sam_libero_official_prev_sota.csv,141,libero_goal,libero_goal_prev_sota,83.4,95.5,-12.1,percent,477.5,417,478,417,-0.5,5.684341886e-14,python_round_nearest_even_matches_significance_cutoffs,-61,10,50,1,0.05,1.644853627,3,10,0.6,2,no_improvement,Per-suite binary success rate over 10 tasks x 50 official trials.
LIBERO,goal,X-VLA: Soft-Prompted Transformer as Scalable Cross-Embodiment Vision-Language-Action Model,leaderboards/stat_significance_sam_export_20260522T233929/sam_libero_official_prev_sota.csv,142,libero_goal,libero_goal_prev_sota,97.8,97.9,-0.1,percent,489.5,489,490,489,-0.5,0,python_round_nearest_even_matches_significance_cutoffs,-1,10,50,1,0.05,1.644853627,3,7,0.6,1.4,no_improvement,Per-suite binary success rate over 10 tasks x 50 official trials.
LIBERO,goal,"A1: A Fully Transparent Open-Source, Adaptive and Efficient Truncated Vision-Language-Action Model",leaderboards/stat_significance_sam_export_20260522T233929/sam_libero_official_prev_sota.csv,144,libero_goal,libero_goal_prev_sota,97.6,98,-0.4,percent,490,488,490,488,0,0,python_round_nearest_even_matches_significance_cutoffs,-2,10,50,1,0.05,1.644853627,3,7,0.6,1.4,no_improvement,Per-suite binary success rate over 10 tasks x 50 official trials.
LIBERO,goal,AcceRL: A Distributed Asynchronous Reinforcement Learning and World Model Framework for Vision-Language-Action Models,leaderboards/stat_significance_sam_export_20260522T233929/sam_libero_official_prev_sota.csv,145,libero_goal,libero_goal_prev_sota,98.8,99.2,-0.4,percent,496,494,496,494,0,0,python_round_nearest_even_matches_significance_cutoffs,-2,10,50,1,0.05,1.644853627,3,4,0.6,0.8,no_improvement,Per-suite binary success rate over 10 tasks x 50 official trials.
LIBERO,goal,ACoT-VLA: Action Chain-of-Thought for Vision-Language-Action Models,leaderboards/stat_significance_sam_export_20260522T233929/sam_libero_official_prev_sota.csv,146,libero_goal,libero_goal_prev_sota,99.4,98,1.4,percent,490,497,490,497,0,5.684341886e-14,python_round_nearest_even_matches_significance_cutoffs,7,10,50,1,0.05,1.644853627,3,7,0.6,1.4,provably_significant,Per-suite binary success rate over 10 tasks x 50 official trials.
LIBERO,goal,"Act, Think or Abstain: Complexity-Aware Adaptive Inference for Vision-Language-Action Models",leaderboards/stat_significance_sam_export_20260522T233929/sam_libero_official_prev_sota.csv,147,libero_goal,libero_goal_prev_sota,86.67,83.33,3.34,percent,416.65,433.35,417,433,-0.35,0.35,python_round_nearest_even_matches_significance_cutoffs,16,10,50,1,0.05,1.644853627,3,21,0.6,4.2,indeterminate,Per-suite binary success rate over 10 tasks x 50 official trials.
LIBERO,goal,Action Draft and Verify: A Self-Verifying Framework for Vision-Language-Action Model,leaderboards/stat_significance_sam_export_20260522T233929/sam_libero_official_prev_sota.csv,148,libero_goal,libero_goal_prev_sota,98.2,96.6,1.6,percent,483,491,483,491,0,0,python_round_nearest_even_matches_significance_cutoffs,8,10,50,1,0.05,1.644853627,3,9,0.6,1.8,indeterminate,Per-suite binary success rate over 10 tasks x 50 official trials.
LIBERO,goal,ActionCodec: What Makes for Good Action Tokenizers,leaderboards/stat_significance_sam_export_20260522T233929/sam_libero_official_prev_sota.csv,149,libero_goal,libero_goal_prev_sota,97.6,96.2,1.4,percent,481,488,481,488,5.684341886e-14,0,python_round_nearest_even_matches_significance_cutoffs,7,10,50,1,0.05,1.644853627,3,9,0.6,1.8,indeterminate,Per-suite binary success rate over 10 tasks x 50 official trials.
LIBERO,goal,Adaptive Action Chunking at Inference-time for Vision-Language-Action Models,leaderboards/stat_significance_sam_export_20260522T233929/sam_libero_official_prev_sota.csv,150,libero_goal,libero_goal_prev_sota,94.2,96.8,-2.6,percent,484,471,484,471,0,5.684341886e-14,python_round_nearest_even_matches_significance_cutoffs,-13,10,50,1,0.05,1.644853627,3,9,0.6,1.8,no_improvement,Per-suite binary success rate over 10 tasks x 50 official trials.
LIBERO,goal,ATA: Bridging Implicit Reasoning with Attention-Guided and Action-Guided Inference for Vision-Language Action Models,leaderboards/stat_significance_sam_export_20260522T233929/sam_libero_official_prev_sota.csv,154,libero_goal,libero_goal_prev_sota,90.8,89,1.8,percent,445,454,445,454,0,-5.684341886e-14,python_round_nearest_even_matches_significance_cutoffs,9,10,50,1,0.05,1.644853627,3,17,0.6,3.4,indeterminate,Per-suite binary success rate over 10 tasks x 50 official trials.
LIBERO,goal,AtomicVLA: Unlocking the Potential of Atomic Skill Learning in Robots,leaderboards/stat_significance_sam_export_20260522T233929/sam_libero_official_prev_sota.csv,155,libero_goal,libero_goal_prev_sota,97.2,98,-0.8,percent,490,486,490,486,0,0,python_round_nearest_even_matches_significance_cutoffs,-4,10,50,1,0.05,1.644853627,3,7,0.6,1.4,no_improvement,Per-suite binary success rate over 10 tasks x 50 official trials.
LIBERO,goal,AtomVLA: Scalable Post-Training for Robotic Manipulation via Predictive Latent World Models,leaderboards/stat_significance_sam_export_20260522T233929/sam_libero_official_prev_sota.csv,156,libero_goal,libero_goal_prev_sota,97.6,95.8,1.8,percent,479,488,479,488,0,0,python_round_nearest_even_matches_significance_cutoffs,9,10,50,1,0.05,1.644853627,3,10,0.6,2,indeterminate,Per-suite binary success rate over 10 tasks x 50 official trials.
LIBERO,goal,Beyond Dense Futures: World Models as Structured Planners for Robotic Manipulation,leaderboards/stat_significance_sam_export_20260522T233929/sam_libero_official_prev_sota.csv,159,libero_goal,libero_goal_prev_sota,93.4,91.6,1.8,percent,458,467,458,467,-5.684341886e-14,0,python_round_nearest_even_matches_significance_cutoffs,9,10,50,1,0.05,1.644853627,3,14,0.6,2.8,indeterminate,Per-suite binary success rate over 10 tasks x 50 official trials.
LIBERO,goal,Causal World Modeling for Robot Control,leaderboards/stat_significance_sam_export_20260522T233929/sam_libero_official_prev_sota.csv,160,libero_goal,libero_goal_prev_sota,97.2,97.9,-0.7,percent,489.5,486,490,486,-0.5,0,python_round_nearest_even_matches_significance_cutoffs,-4,10,50,1,0.05,1.644853627,3,7,0.6,1.4,no_improvement,Per-suite binary success rate over 10 tasks x 50 official trials.
LIBERO,goal,CF-VLA: Efficient Coarse-to-Fine Action Generation for Vision-Language-Action Policies,leaderboards/stat_significance_sam_export_20260522T233929/sam_libero_official_prev_sota.csv,161,libero_goal,libero_goal_prev_sota,96.6,98.3,-1.7,percent,491.5,483,492,483,-0.5,0,python_round_nearest_even_matches_significance_cutoffs,-9,10,50,1,0.05,1.644853627,3,6,0.6,1.2,no_improvement,Per-suite binary success rate over 10 tasks x 50 official trials.
LIBERO,goal,Chain of World: World Model Thinking in Latent Motion,leaderboards/stat_significance_sam_export_20260522T233929/sam_libero_official_prev_sota.csv,162,libero_goal,libero_goal_prev_sota,94.6,95.8,-1.2,percent,479,473,479,473,0,0,python_round_nearest_even_matches_significance_cutoffs,-6,10,50,1,0.05,1.644853627,3,10,0.6,2,no_improvement,Per-suite binary success rate over 10 tasks x 50 official trials.
LIBERO,goal,CKT-WAM: Parameter-Efficient Context Knowledge Transfer Between World Action Models,leaderboards/stat_significance_sam_export_20260522T233929/sam_libero_official_prev_sota.csv,163,libero_goal,libero_goal_prev_sota,98.6,98.2,0.4,percent,491,493,491,493,0,0,python_round_nearest_even_matches_significance_cutoffs,2,10,50,1,0.05,1.644853627,3,6,0.6,1.2,provably_not_significant,Per-suite binary success rate over 10 tasks x 50 official trials.
LIBERO,goal,CLaD: Planning with Grounded Foresight via Cross-Modal Latent Dynamics,leaderboards/stat_significance_sam_export_20260522T233929/sam_libero_official_prev_sota.csv,164,libero_goal,libero_goal_prev_sota,94.3,97.6,-3.3,percent,488,471.5,488,472,0,-0.5,python_round_nearest_even_matches_significance_cutoffs,-16,10,50,1,0.05,1.644853627,3,7,0.6,1.4,no_improvement,Per-suite binary success rate over 10 tasks x 50 official trials.
LIBERO,goal,CLAP: Contrastive Latent Action Pretraining for Learning Vision-Language-Action Models from Human Videos,leaderboards/stat_significance_sam_export_20260522T233929/sam_libero_official_prev_sota.csv,165,libero_goal,libero_goal_prev_sota,93,95,-2,percent,475,465,475,465,0,0,python_round_nearest_even_matches_significance_cutoffs,-10,10,50,1,0.05,1.644853627,3,11,0.6,2.2,no_improvement,Per-suite binary success rate over 10 tasks x 50 official trials.
LIBERO,goal,Conservative Offline Robot Policy Learning via Posterior-Transition Reweighting,leaderboards/stat_significance_sam_export_20260522T233929/sam_libero_official_prev_sota.csv,166,libero_goal,libero_goal_prev_sota,97.6,98.6,-1,percent,493,488,493,488,0,0,python_round_nearest_even_matches_significance_cutoffs,-5,10,50,1,0.05,1.644853627,3,5,0.6,1,no_improvement,Per-suite binary success rate over 10 tasks x 50 official trials.
LIBERO,goal,ConsisVLA-4D: Advancing Spatiotemporal Consistency in Efficient 3D-Perception and 4D-Reasoning for Robotic Manipulation,leaderboards/stat_significance_sam_export_20260522T233929/sam_libero_official_prev_sota.csv,167,libero_goal,libero_goal_prev_sota,98,98,0,percent,490,490,490,490,0,0,python_round_nearest_even_matches_significance_cutoffs,0,10,50,1,0.05,1.644853627,3,7,0.6,1.4,no_improvement,Per-suite binary success rate over 10 tasks x 50 official trials.
LIBERO,goal,CORAL: Scalable Multi-Task Robot Learning via LoRA Experts,leaderboards/stat_significance_sam_export_20260522T233929/sam_libero_official_prev_sota.csv,168,libero_goal,libero_goal_prev_sota,99,98.6,0.4,percent,493,495,493,495,0,0,python_round_nearest_even_matches_significance_cutoffs,2,10,50,1,0.05,1.644853627,3,5,0.6,1,provably_not_significant,Per-suite binary success rate over 10 tasks x 50 official trials.
LIBERO,goal,CorridorVLA: Explicit Spatial Constraints for Generative Action Heads via Sparse Anchors,leaderboards/stat_significance_sam_export_20260522T233929/sam_libero_official_prev_sota.csv,169,libero_goal,libero_goal_prev_sota,90.8,95,-4.2,percent,475,454,475,454,0,-5.684341886e-14,python_round_nearest_even_matches_significance_cutoffs,-21,10,50,1,0.05,1.644853627,3,11,0.6,2.2,no_improvement,Per-suite binary success rate over 10 tasks x 50 official trials.
LIBERO,goal,Cosmos Policy: Fine-Tuning Video Models for Visuomotor Control and Planning,leaderboards/stat_significance_sam_export_20260522T233929/sam_libero_official_prev_sota.csv,170,libero_goal,libero_goal_prev_sota,98.2,98,0.2,percent,490,491,490,491,0,0,python_round_nearest_even_matches_significance_cutoffs,1,10,50,1,0.05,1.644853627,3,7,0.6,1.4,provably_not_significant,Per-suite binary success rate over 10 tasks x 50 official trials.
LIBERO,goal,CycleVLA: Proactive Self-Correcting Vision-Language-Action Models via Subtask Backtracking and Minimum Bayes Risk Decoding,leaderboards/stat_significance_sam_export_20260522T233929/sam_libero_official_prev_sota.csv,172,libero_goal,libero_goal_prev_sota,91.7,93,-1.3,percent,465,458.5,465,458,0,0.5,python_round_nearest_even_matches_significance_cutoffs,-7,10,50,1,0.05,1.644853627,3,13,0.6,2.6,no_improvement,Per-suite binary success rate over 10 tasks x 50 official trials.
LIBERO,goal,DepthCache: Depth-Guided Training-Free Visual Token Merging for Vision-Language-Action Model Inference,leaderboards/stat_significance_sam_export_20260522T233929/sam_libero_official_prev_sota.csv,173,libero_goal,libero_goal_prev_sota,98.3,99,-0.7,percent,495,491.5,495,492,0,-0.5,python_round_nearest_even_matches_significance_cutoffs,-3,10,50,1,0.05,1.644853627,3,5,0.6,1,no_improvement,Per-suite binary success rate over 10 tasks x 50 official trials.
LIBERO,goal,Device-Conditioned Neural Architecture Search for Efficient Robotic Manipulation,leaderboards/stat_significance_sam_export_20260522T233929/sam_libero_official_prev_sota.csv,174,libero_goal,libero_goal_prev_sota,97.2,97.9,-0.7,percent,489.5,486,490,486,-0.5,0,python_round_nearest_even_matches_significance_cutoffs,-4,10,50,1,0.05,1.644853627,3,7,0.6,1.4,no_improvement,Per-suite binary success rate over 10 tasks x 50 official trials.
LIBERO,goal,DFM-VLA: Iterative Action Refinement for Robot Manipulation via Discrete Flow Matching,leaderboards/stat_significance_sam_export_20260522T233929/sam_libero_official_prev_sota.csv,175,libero_goal,libero_goal_prev_sota,94.4,91.6,2.8,percent,458,472,458,472,-5.684341886e-14,5.684341886e-14,python_round_nearest_even_matches_significance_cutoffs,14,10,50,1,0.05,1.644853627,3,14,0.6,2.8,provably_significant,Per-suite binary success rate over 10 tasks x 50 official trials.
LIBERO,goal,DiT4DiT: Jointly Modeling Video Dynamics and Actions for Generalizable Robot Control,leaderboards/stat_significance_sam_export_20260522T233929/sam_libero_official_prev_sota.csv,176,libero_goal,libero_goal_prev_sota,98.6,98,0.6,percent,490,493,490,493,0,0,python_round_nearest_even_matches_significance_cutoffs,3,10,50,1,0.05,1.644853627,3,7,0.6,1.4,indeterminate,Per-suite binary success rate over 10 tasks x 50 official trials.
LIBERO,goal,DualCoT-VLA: Visual-Linguistic Chain of Thought via Parallel Reasoning for Vision-Language-Action Models,leaderboards/stat_significance_sam_export_20260522T233929/sam_libero_official_prev_sota.csv,177,libero_goal,libero_goal_prev_sota,97.8,99.8,-2,percent,499,489,499,489,0,0,python_round_nearest_even_matches_significance_cutoffs,-10,10,50,1,0.05,1.644853627,unknown,unknown,unknown,unknown,no_improvement,Per-suite binary success rate over 10 tasks x 50 official trials.
LIBERO,goal,DyQ-VLA: Temporal-Dynamic-Aware Quantization for Embodied Vision-Language-Action Models,leaderboards/stat_significance_sam_export_20260522T233929/sam_libero_official_prev_sota.csv,178,libero_goal,libero_goal_prev_sota,78.5,79.2,-0.7,percent,396,392.5,396,392,0,0.5,python_round_nearest_even_matches_significance_cutoffs,-4,10,50,1,0.05,1.644853627,3,23,0.6,4.6,no_improvement,Per-suite binary success rate over 10 tasks x 50 official trials.
LIBERO,goal,DySL-VLA: Efficient Vision-Language-Action Model Inference via Dynamic-Static Layer-Skipping for Robot Manipulation,leaderboards/stat_significance_sam_export_20260522T233929/sam_libero_official_prev_sota.csv,179,libero_goal,libero_goal_prev_sota,97,97.9,-0.9,percent,489.5,485,490,485,-0.5,0,python_round_nearest_even_matches_significance_cutoffs,-5,10,50,1,0.05,1.644853627,3,7,0.6,1.4,no_improvement,Per-suite binary success rate over 10 tasks x 50 official trials.
LIBERO,goal,Efficient Long-Horizon Vision-Language-Action Models via Static-Dynamic Disentanglement,leaderboards/stat_significance_sam_export_20260522T233929/sam_libero_official_prev_sota.csv,180,libero_goal,libero_goal_prev_sota,96.2,96.2,0,percent,481,481,481,481,5.684341886e-14,5.684341886e-14,python_round_nearest_even_matches_significance_cutoffs,0,10,50,1,0.05,1.644853627,3,9,0.6,1.8,no_improvement,Per-suite binary success rate over 10 tasks x 50 official trials.
LIBERO,goal,Fast-dVLA: Accelerating Discrete Diffusion VLA to Real-Time Performance,leaderboards/stat_significance_sam_export_20260522T233929/sam_libero_official_prev_sota.csv,182,libero_goal,libero_goal_prev_sota,97.6,98,-0.4,percent,490,488,490,488,0,0,python_round_nearest_even_matches_significance_cutoffs,-2,10,50,1,0.05,1.644853627,3,7,0.6,1.4,no_improvement,Per-suite binary success rate over 10 tasks x 50 official trials.
LIBERO,goal,Fast-ThinkAct: Efficient Vision-Language-Action Reasoning via Verbalizable Latent Planning,leaderboards/stat_significance_sam_export_20260522T233929/sam_libero_official_prev_sota.csv,183,libero_goal,libero_goal_prev_sota,90.2,87.6,2.6,percent,438,451,438,451,-5.684341886e-14,0,python_round_nearest_even_matches_significance_cutoffs,13,10,50,1,0.05,1.644853627,3,18,0.6,3.6,indeterminate,Per-suite binary success rate over 10 tasks x 50 official trials.
LIBERO,goal,Fast-WAM: Do World Action Models Need Test-time Future Imagination?,leaderboards/stat_significance_sam_export_20260522T233929/sam_libero_official_prev_sota.csv,184,libero_goal,libero_goal_prev_sota,97,98,-1,percent,490,485,490,485,0,0,python_round_nearest_even_matches_significance_cutoffs,-5,10,50,1,0.05,1.644853627,3,7,0.6,1.4,no_improvement,Per-suite binary success rate over 10 tasks x 50 official trials.
LIBERO,goal,FASTER: Rethinking Real-Time Flow VLAs,leaderboards/stat_significance_sam_export_20260522T233929/sam_libero_official_prev_sota.csv,185,libero_goal,libero_goal_prev_sota,97.6,98,-0.4,percent,490,488,490,488,0,0,python_round_nearest_even_matches_significance_cutoffs,-2,10,50,1,0.05,1.644853627,3,7,0.6,1.4,no_improvement,Per-suite binary success rate over 10 tasks x 50 official trials.
LIBERO,goal,FlowHijack: A Dynamics-Aware Backdoor Attack on Flow-Matching Vision-Language-Action Models,leaderboards/stat_significance_sam_export_20260522T233929/sam_libero_official_prev_sota.csv,186,libero_goal,libero_goal_prev_sota,97.8,95.8,2,percent,479,489,479,489,0,0,python_round_nearest_even_matches_significance_cutoffs,10,10,50,1,0.05,1.644853627,3,10,0.6,2,provably_significant,Per-suite binary success rate over 10 tasks x 50 official trials.
LIBERO,goal,From Noise to Intent: Anchoring Generative VLA Policies with Residual Bridges,leaderboards/stat_significance_sam_export_20260522T233929/sam_libero_official_prev_sota.csv,187,libero_goal,libero_goal_prev_sota,97.4,97.9,-0.5,percent,489.5,487,490,487,-0.5,5.684341886e-14,python_round_nearest_even_matches_significance_cutoffs,-3,10,50,1,0.05,1.644853627,3,7,0.6,1.4,no_improvement,Per-suite binary success rate over 10 tasks x 50 official trials.
LIBERO,goal,From Pixels to Tokens: A Systematic Study of Latent Action Supervision for Vision-Language-Action Models,leaderboards/stat_significance_sam_export_20260522T233929/sam_libero_official_prev_sota.csv,188,libero_goal,libero_goal_prev_sota,95.8,97.9,-2.1,percent,489.5,479,490,479,-0.5,0,python_round_nearest_even_matches_significance_cutoffs,-11,10,50,1,0.05,1.644853627,3,7,0.6,1.4,no_improvement,Per-suite binary success rate over 10 tasks x 50 official trials.
LIBERO,goal,Generative Control as Optimization: Time Unconditional Flow Matching for Adaptive and Robust Robotic Control,leaderboards/stat_significance_sam_export_20260522T233929/sam_libero_official_prev_sota.csv,189,libero_goal,libero_goal_prev_sota,96.4,98,-1.6,percent,490,482,490,482,0,5.684341886e-14,python_round_nearest_even_matches_significance_cutoffs,-8,10,50,1,0.05,1.644853627,3,7,0.6,1.4,no_improvement,Per-suite binary success rate over 10 tasks x 50 official trials.
LIBERO,goal,GST-VLA: Structured Gaussian Spatial Tokens for 3D Depth-Aware Vision-Language-Action Models,leaderboards/stat_significance_sam_export_20260522T233929/sam_libero_official_prev_sota.csv,191,libero_goal,libero_goal_prev_sota,97.1,95.1,2,percent,475.5,485.5,476,486,-0.5,-0.5,python_round_nearest_even_matches_significance_cutoffs,10,10,50,1,0.05,1.644853627,3,11,0.6,2.2,indeterminate,Per-suite binary success rate over 10 tasks x 50 official trials.
LIBERO,goal,HeiSD: Hybrid Speculative Decoding for Embodied Vision-Language-Action Models with Kinematic Awareness,leaderboards/stat_significance_sam_export_20260522T233929/sam_libero_official_prev_sota.csv,192,libero_goal,libero_goal_prev_sota,73,71,2,percent,355,365,355,365,0,0,python_round_nearest_even_matches_significance_cutoffs,10,10,50,1,0.05,1.644853627,3,27,0.6,5.4,indeterminate,Per-suite binary success rate over 10 tasks x 50 official trials.
LIBERO,goal,HoloBrain-0 Technical Report,leaderboards/stat_significance_sam_export_20260522T233929/sam_libero_official_prev_sota.csv,194,libero_goal,libero_goal_prev_sota,97.6,98,-0.4,percent,490,488,490,488,0,0,python_round_nearest_even_matches_significance_cutoffs,-2,10,50,1,0.05,1.644853627,3,7,0.6,1.4,no_improvement,Per-suite binary success rate over 10 tasks x 50 official trials.
LIBERO,goal,JEPA-VLA: Video Predictive Embedding is Needed for VLA Models,leaderboards/stat_significance_sam_export_20260522T233929/sam_libero_official_prev_sota.csv,196,libero_goal,libero_goal_prev_sota,95.6,96.2,-0.6,percent,481,478,481,478,5.684341886e-14,0,python_round_nearest_even_matches_significance_cutoffs,-3,10,50,1,0.05,1.644853627,3,9,0.6,1.8,no_improvement,Per-suite binary success rate over 10 tasks x 50 official trials.
LIBERO,goal,Joint-Aligned Latent Action: Towards Scalable VLA Pretraining in the Wild,leaderboards/stat_significance_sam_export_20260522T233929/sam_libero_official_prev_sota.csv,197,libero_goal,libero_goal_prev_sota,97.4,95.8,1.6,percent,479,487,479,487,0,5.684341886e-14,python_round_nearest_even_matches_significance_cutoffs,8,10,50,1,0.05,1.644853627,3,10,0.6,2,indeterminate,Per-suite binary success rate over 10 tasks x 50 official trials.
LIBERO,goal,KERV: Kinematic-Rectified Speculative Decoding for Embodied VLA Models,leaderboards/stat_significance_sam_export_20260522T233929/sam_libero_official_prev_sota.csv,198,libero_goal,libero_goal_prev_sota,75.6,76.2,-0.6,percent,381,378,381,378,0,-5.684341886e-14,python_round_nearest_even_matches_significance_cutoffs,-3,10,50,1,0.05,1.644853627,3,25,0.6,5,no_improvement,Per-suite binary success rate over 10 tasks x 50 official trials.
LIBERO,goal,LaMP: Learning Vision-Language-Action Policies with 3D Scene Flow as Latent Motion Prior,leaderboards/stat_significance_sam_export_20260522T233929/sam_libero_official_prev_sota.csv,199,libero_goal,libero_goal_prev_sota,97.4,98,-0.6,percent,490,487,490,487,0,5.684341886e-14,python_round_nearest_even_matches_significance_cutoffs,-3,10,50,1,0.05,1.644853627,3,7,0.6,1.4,no_improvement,Per-suite binary success rate over 10 tasks x 50 official trials.
LIBERO,goal,LangForce: Bayesian Decomposition of Vision Language Action Models via Latent Action Queries,leaderboards/stat_significance_sam_export_20260522T233929/sam_libero_official_prev_sota.csv,200,libero_goal,libero_goal_prev_sota,99.4,98,1.4,percent,490,497,490,497,0,5.684341886e-14,python_round_nearest_even_matches_significance_cutoffs,7,10,50,1,0.05,1.644853627,3,7,0.6,1.4,provably_significant,Per-suite binary success rate over 10 tasks x 50 official trials.
LIBERO,goal,LangGap: Diagnosing and Closing the Language Gap in Vision-Language-Action Models,leaderboards/stat_significance_sam_export_20260522T233929/sam_libero_official_prev_sota.csv,201,libero_goal,libero_goal_prev_sota,77,97,-20,percent,485,385,485,385,0,0,python_round_nearest_even_matches_significance_cutoffs,-100,10,50,1,0.05,1.644853627,3,8,0.6,1.6,no_improvement,Per-suite binary success rate over 10 tasks x 50 official trials.
LIBERO,goal,Language-Grounded Decoupled Action Representation for Robotic Manipulation,leaderboards/stat_significance_sam_export_20260522T233929/sam_libero_official_prev_sota.csv,202,libero_goal,libero_goal_prev_sota,93.6,94.2,-0.6,percent,471,468,471,468,5.684341886e-14,0,python_round_nearest_even_matches_significance_cutoffs,-3,10,50,1,0.05,1.644853627,3,12,0.6,2.4,no_improvement,Per-suite binary success rate over 10 tasks x 50 official trials.
LIBERO,goal,LAR-MoE: Latent-Aligned Routing for Mixture of Experts in Robotic Imitation Learning,leaderboards/stat_significance_sam_export_20260522T233929/sam_libero_official_prev_sota.csv,203,libero_goal,libero_goal_prev_sota,96,98,-2,percent,490,480,490,480,0,0,python_round_nearest_even_matches_significance_cutoffs,-10,10,50,1,0.05,1.644853627,3,7,0.6,1.4,no_improvement,Per-suite binary success rate over 10 tasks x 50 official trials.
LIBERO,goal,Latent Bridge: Feature Delta Prediction for Efficient Dual-System Vision-Language-Action Model Inference,leaderboards/stat_significance_sam_export_20260522T233929/sam_libero_official_prev_sota.csv,204,libero_goal,libero_goal_prev_sota,97.33,97,0.33,percent,485,486.65,485,487,0,-0.35,python_round_nearest_even_matches_significance_cutoffs,2,10,50,1,0.05,1.644853627,3,8,0.6,1.6,provably_not_significant,Per-suite binary success rate over 10 tasks x 50 official trials.
LIBERO,goal,Learning Diffusion Policy from Primitive Skills for Robot Manipulation,leaderboards/stat_significance_sam_export_20260522T233929/sam_libero_official_prev_sota.csv,205,libero_goal,libero_goal_prev_sota,95.6,91.9,3.7,percent,459.5,478,460,478,-0.5,0,python_round_nearest_even_matches_significance_cutoffs,18,10,50,1,0.05,1.644853627,3,14,0.6,2.8,provably_significant,Per-suite binary success rate over 10 tasks x 50 official trials.
LIBERO,goal,Learning Physics from Pretrained Video Models: A Multimodal Continuous and Sequential World Interaction Models for Robotic Manipulation,leaderboards/stat_significance_sam_export_20260522T233929/sam_libero_official_prev_sota.csv,206,libero_goal,libero_goal_prev_sota,93.8,89,4.8,percent,445,469,445,469,0,0,python_round_nearest_even_matches_significance_cutoffs,24,10,50,1,0.05,1.644853627,3,17,0.6,3.4,provably_significant,Per-suite binary success rate over 10 tasks x 50 official trials.
LIBERO,goal,Learning to Accelerate Vision-Language-Action Models through Adaptive Visual Token Caching,leaderboards/stat_significance_sam_export_20260522T233929/sam_libero_official_prev_sota.csv,207,libero_goal,libero_goal_prev_sota,76.6,76.4,0.2,percent,382,383,382,383,0,-5.684341886e-14,python_round_nearest_even_matches_significance_cutoffs,1,10,50,1,0.05,1.644853627,3,25,0.6,5,provably_not_significant,Per-suite binary success rate over 10 tasks x 50 official trials.
LIBERO,goal,LIBERO-Para: A Diagnostic Benchmark and Metrics for Paraphrase Robustness in VLA Models,leaderboards/stat_significance_sam_export_20260522T233929/sam_libero_official_prev_sota.csv,208,libero_goal,libero_goal_prev_sota,98.8,98.8,0,percent,494,494,494,494,0,0,python_round_nearest_even_matches_significance_cutoffs,0,10,50,1,0.05,1.644853627,3,5,0.6,1,no_improvement,Per-suite binary success rate over 10 tasks x 50 official trials.
LIBERO,goal,Libra-VLA: Achieving Learning Equilibrium via Asynchronous Coarse-to-Fine Dual-System,leaderboards/stat_significance_sam_export_20260522T233929/sam_libero_official_prev_sota.csv,209,libero_goal,libero_goal_prev_sota,98,98,0,percent,490,490,490,490,0,0,python_round_nearest_even_matches_significance_cutoffs,0,10,50,1,0.05,1.644853627,3,7,0.6,1.4,no_improvement,Per-suite binary success rate over 10 tasks x 50 official trials.
LIBERO,goal,$M^2$-VLA: Boosting Vision-Language Models for Generalizable Manipulation via Layer Mixture and Meta-Skills,leaderboards/stat_significance_sam_export_20260522T233929/sam_libero_official_prev_sota.csv,210,libero_goal,libero_goal_prev_sota,97.2,91.6,5.6,percent,458,486,458,486,-5.684341886e-14,0,python_round_nearest_even_matches_significance_cutoffs,28,10,50,1,0.05,1.644853627,3,14,0.6,2.8,provably_significant,Per-suite binary success rate over 10 tasks x 50 official trials.
LIBERO,goal,Mask World Model: Predicting What Matters for Robust Robot Policy Learning,leaderboards/stat_significance_sam_export_20260522T233929/sam_libero_official_prev_sota.csv,211,libero_goal,libero_goal_prev_sota,98.2,95.8,2.4,percent,479,491,479,491,0,0,python_round_nearest_even_matches_significance_cutoffs,12,10,50,1,0.05,1.644853627,3,10,0.6,2,provably_significant,Per-suite binary success rate over 10 tasks x 50 official trials.
LIBERO,goal,MMaDA-VLA: Large Diffusion Vision-Language-Action Model with Unified Multi-Modal Instruction and Generation,leaderboards/stat_significance_sam_export_20260522T233929/sam_libero_official_prev_sota.csv,212,libero_goal,libero_goal_prev_sota,98,98,0,percent,490,490,490,490,0,0,python_round_nearest_even_matches_significance_cutoffs,0,10,50,1,0.05,1.644853627,3,7,0.6,1.4,no_improvement,Per-suite binary success rate over 10 tasks x 50 official trials.
LIBERO,goal,MoIRA: Modular instruction routing architecture for multi-task robotics,leaderboards/stat_significance_sam_export_20260522T233929/sam_libero_official_prev_sota.csv,213,libero_goal,libero_goal_prev_sota,93,97,-4,percent,485,465,485,465,0,0,python_round_nearest_even_matches_significance_cutoffs,-20,10,50,1,0.05,1.644853627,3,8,0.6,1.6,no_improvement,Per-suite binary success rate over 10 tasks x 50 official trials.
LIBERO,goal,MVP-LAM: Learning Action-Centric Latent Action via Cross-Viewpoint Reconstruction,leaderboards/stat_significance_sam_export_20260522T233929/sam_libero_official_prev_sota.csv,214,libero_goal,libero_goal_prev_sota,94.8,95.8,-1,percent,479,474,479,474,0,0,python_round_nearest_even_matches_significance_cutoffs,-5,10,50,1,0.05,1.644853627,3,10,0.6,2,no_improvement,Per-suite binary success rate over 10 tasks x 50 official trials.
LIBERO,goal,Neural Implicit Action Fields: From Discrete Waypoints to Continuous Functions for Vision-Language-Action Models,leaderboards/stat_significance_sam_export_20260522T233929/sam_libero_official_prev_sota.csv,215,libero_goal,libero_goal_prev_sota,98,95.8,2.2,percent,479,490,479,490,0,0,python_round_nearest_even_matches_significance_cutoffs,11,10,50,1,0.05,1.644853627,3,10,0.6,2,provably_significant,Per-suite binary success rate over 10 tasks x 50 official trials.
LIBERO,goal,OFlow: Injecting Object-Aware Temporal Flow Matching for Robust Robotic Manipulation,leaderboards/stat_significance_sam_export_20260522T233929/sam_libero_official_prev_sota.csv,218,libero_goal,libero_goal_prev_sota,95,95.8,-0.8,percent,479,475,479,475,0,0,python_round_nearest_even_matches_significance_cutoffs,-4,10,50,1,0.05,1.644853627,3,10,0.6,2,no_improvement,Per-suite binary success rate over 10 tasks x 50 official trials.
LIBERO,goal,OmniVLA-RL: A Vision-Language-Action Model with Spatial Understanding and Online RL,leaderboards/stat_significance_sam_export_20260522T233929/sam_libero_official_prev_sota.csv,219,libero_goal,libero_goal_prev_sota,98.5,98,0.5,percent,490,492.5,490,492,0,0.5,python_round_nearest_even_matches_significance_cutoffs,2,10,50,1,0.05,1.644853627,3,7,0.6,1.4,provably_not_significant,Per-suite binary success rate over 10 tasks x 50 official trials.
LIBERO,goal,OxyGen: Unified KV Cache Management for Vision-Language-Action Models under Multi-Task Parallelism,leaderboards/stat_significance_sam_export_20260522T233929/sam_libero_official_prev_sota.csv,220,libero_goal,libero_goal_prev_sota,97.4,98,-0.6,percent,490,487,490,487,0,5.684341886e-14,python_round_nearest_even_matches_significance_cutoffs,-3,10,50,1,0.05,1.644853627,3,7,0.6,1.4,no_improvement,Per-suite binary success rate over 10 tasks x 50 official trials.
LIBERO,goal,PALM: Progress-Aware Policy Learning via Affordance Reasoning for Long-Horizon Robotic Manipulation,leaderboards/stat_significance_sam_export_20260522T233929/sam_libero_official_prev_sota.csv,221,libero_goal,libero_goal_prev_sota,94.3,87.6,6.7,percent,438,471.5,438,472,-5.684341886e-14,-0.5,python_round_nearest_even_matches_significance_cutoffs,34,10,50,1,0.05,1.644853627,3,18,0.6,3.6,provably_significant,Per-suite binary success rate over 10 tasks x 50 official trials.
LIBERO,goal,Phantom Menace: Exploring and Enhancing the Robustness of VLA Models Against Physical Sensor Attacks,leaderboards/stat_significance_sam_export_20260522T233929/sam_libero_official_prev_sota.csv,222,libero_goal,libero_goal_prev_sota,97.9,97.9,0,percent,489.5,489.5,490,490,-0.5,-0.5,python_round_nearest_even_matches_significance_cutoffs,0,10,50,1,0.05,1.644853627,3,7,0.6,1.4,no_improvement,Per-suite binary success rate over 10 tasks x 50 official trials.
LIBERO,goal,PokeVLA: Empowering Pocket-Sized Vision-Language-Action Model with Comprehensive World Knowledge Guidance,leaderboards/stat_significance_sam_export_20260522T233929/sam_libero_official_prev_sota.csv,223,libero_goal,libero_goal_prev_sota,98.4,98.8,-0.4,percent,494,492,494,492,0,5.684341886e-14,python_round_nearest_even_matches_significance_cutoffs,-2,10,50,1,0.05,1.644853627,3,5,0.6,1,no_improvement,Per-suite binary success rate over 10 tasks x 50 official trials.
LIBERO,goal,Pri4R: Learning World Dynamics for Vision-Language-Action Models with Privileged 4D Representation,leaderboards/stat_significance_sam_export_20260522T233929/sam_libero_official_prev_sota.csv,224,libero_goal,libero_goal_prev_sota,98.1,96.4,1.7,percent,482,490.5,482,490,5.684341886e-14,0.5,python_round_nearest_even_matches_significance_cutoffs,8,10,50,1,0.05,1.644853627,3,9,0.6,1.8,indeterminate,Per-suite binary success rate over 10 tasks x 50 official trials.
LIBERO,goal,Privileged Foresight Distillation: Zero-Cost Future Correction for World Action Models,leaderboards/stat_significance_sam_export_20260522T233929/sam_libero_official_prev_sota.csv,225,libero_goal,libero_goal_prev_sota,99.2,98,1.2,percent,490,496,490,496,0,0,python_round_nearest_even_matches_significance_cutoffs,6,10,50,1,0.05,1.644853627,3,7,0.6,1.4,indeterminate,Per-suite binary success rate over 10 tasks x 50 official trials.
LIBERO,goal,ProgressVLA: Progress-Guided Diffusion Policy for Vision-Language Robotic Manipulation,leaderboards/stat_significance_sam_export_20260522T233929/sam_libero_official_prev_sota.csv,226,libero_goal,libero_goal_prev_sota,87.2,85.4,1.8,percent,427,436,427,436,5.684341886e-14,0,python_round_nearest_even_matches_significance_cutoffs,9,10,50,1,0.05,1.644853627,3,19,0.6,3.8,indeterminate,Per-suite binary success rate over 10 tasks x 50 official trials.
LIBERO,goal,QuantVLA: Scale-Calibrated Post-Training Quantization for Vision-Language-Action Models,leaderboards/stat_significance_sam_export_20260522T233929/sam_libero_official_prev_sota.csv,227,libero_goal,libero_goal_prev_sota,98,97.5,0.5,percent,487.5,490,488,490,-0.5,0,python_round_nearest_even_matches_significance_cutoffs,2,10,50,1,0.05,1.644853627,3,7,0.6,1.4,provably_not_significant,Per-suite binary success rate over 10 tasks x 50 official trials.
LIBERO,goal,QVLA: Not All Channels Are Equal in Vision-Language-Action Model's Quantization,leaderboards/stat_significance_sam_export_20260522T233929/sam_libero_official_prev_sota.csv,228,libero_goal,libero_goal_prev_sota,96.4,97.9,-1.5,percent,489.5,482,490,482,-0.5,5.684341886e-14,python_round_nearest_even_matches_significance_cutoffs,-8,10,50,1,0.05,1.644853627,3,7,0.6,1.4,no_improvement,Per-suite binary success rate over 10 tasks x 50 official trials.
LIBERO,goal,Recurrent-Depth VLA: Implicit Test-Time Compute Scaling of Vision-Language-Action Models via Latent Iterative Reasoning,leaderboards/stat_significance_sam_export_20260522T233929/sam_libero_official_prev_sota.csv,229,libero_goal,libero_goal_prev_sota,96,91,5,percent,455,480,455,480,0,0,python_round_nearest_even_matches_significance_cutoffs,25,10,50,1,0.05,1.644853627,3,15,0.6,3,provably_significant,Per-suite binary success rate over 10 tasks x 50 official trials.
LIBERO,goal,Reshaping Action Error Distributions for Reliable Vision-Language-Action Models,leaderboards/stat_significance_sam_export_20260522T233929/sam_libero_official_prev_sota.csv,231,libero_goal,libero_goal_prev_sota,98.2,96.4,1.8,percent,482,491,482,491,5.684341886e-14,0,python_round_nearest_even_matches_significance_cutoffs,9,10,50,1,0.05,1.644853627,3,9,0.6,1.8,provably_significant,Per-suite binary success rate over 10 tasks x 50 official trials.
LIBERO,goal,Restoring Linguistic Grounding in VLA Models via Train-Free Attention Recalibration,leaderboards/stat_significance_sam_export_20260522T233929/sam_libero_official_prev_sota.csv,232,libero_goal,libero_goal_prev_sota,98.2,98,0.2,percent,490,491,490,491,0,0,python_round_nearest_even_matches_significance_cutoffs,1,10,50,1,0.05,1.644853627,3,7,0.6,1.4,provably_not_significant,Per-suite binary success rate over 10 tasks x 50 official trials.
LIBERO,goal,Rethinking Progression of Memory State in Robotic Manipulation: An Object-Centric Perspective,leaderboards/stat_significance_sam_export_20260522T233929/sam_libero_official_prev_sota.csv,233,libero_goal,libero_goal_prev_sota,83,75.5,7.5,percent,377.5,415,378,415,-0.5,0,python_round_nearest_even_matches_significance_cutoffs,37,10,50,1,0.05,1.644853627,3,25,0.6,5,provably_significant,Per-suite binary success rate over 10 tasks x 50 official trials.
LIBERO,goal,"Rethinking Visual-Language-Action Model Scaling: Alignment, Mixture, and Regularization",leaderboards/stat_significance_sam_export_20260522T233929/sam_libero_official_prev_sota.csv,234,libero_goal,libero_goal_prev_sota,98.4,98,0.4,percent,490,492,490,492,0,5.684341886e-14,python_round_nearest_even_matches_significance_cutoffs,2,10,50,1,0.05,1.644853627,3,7,0.6,1.4,provably_not_significant,Per-suite binary success rate over 10 tasks x 50 official trials.
LIBERO,goal,ReViP: Mitigating False Completion in Vision-Language-Action Models with Vision-Proprioception Rebalance,leaderboards/stat_significance_sam_export_20260522T233929/sam_libero_official_prev_sota.csv,235,libero_goal,libero_goal_prev_sota,96.6,95.8,0.8,percent,479,483,479,483,0,0,python_round_nearest_even_matches_significance_cutoffs,4,10,50,1,0.05,1.644853627,3,10,0.6,2,indeterminate,Per-suite binary success rate over 10 tasks x 50 official trials.
LIBERO,goal,RoboAlign: Learning Test-Time Reasoning for Language-Action Alignment in Vision-Language-Action Models,leaderboards/stat_significance_sam_export_20260522T233929/sam_libero_official_prev_sota.csv,237,libero_goal,libero_goal_prev_sota,87.2,87.6,-0.4,percent,438,436,438,436,-5.684341886e-14,0,python_round_nearest_even_matches_significance_cutoffs,-2,10,50,1,0.05,1.644853627,3,18,0.6,3.6,no_improvement,Per-suite binary success rate over 10 tasks x 50 official trials.
LIBERO,goal,Robotic Manipulation is Vision-to-Geometry Mapping ($f(v) \rightarrow G$): Vision-Geometry Backbones over Language and Video Models,leaderboards/stat_significance_sam_export_20260522T233929/sam_libero_official_prev_sota.csv,239,libero_goal,libero_goal_prev_sota,98.6,99,-0.4,percent,495,493,495,493,0,0,python_round_nearest_even_matches_significance_cutoffs,-2,10,50,1,0.05,1.644853627,3,5,0.6,1,no_improvement,Per-suite binary success rate over 10 tasks x 50 official trials.
LIBERO,goal,ROCKET: Residual-Oriented Multi-Layer Alignment for Spatially-Aware Vision-Language-Action Models,leaderboards/stat_significance_sam_export_20260522T233929/sam_libero_official_prev_sota.csv,240,libero_goal,libero_goal_prev_sota,98.8,98.8,0,percent,494,494,494,494,0,0,python_round_nearest_even_matches_significance_cutoffs,0,10,50,1,0.05,1.644853627,3,5,0.6,1,no_improvement,Per-suite binary success rate over 10 tasks x 50 official trials.
LIBERO,goal,SaiVLA-0: Cerebrum--Pons--Cerebellum Tripartite Architecture for Compute-Aware Vision-Language-Action,leaderboards/stat_significance_sam_export_20260522T233929/sam_libero_official_prev_sota.csv,241,libero_goal,libero_goal_prev_sota,98.2,98,0.2,percent,490,491,490,491,0,0,python_round_nearest_even_matches_significance_cutoffs,1,10,50,1,0.05,1.644853627,3,7,0.6,1.4,provably_not_significant,Per-suite binary success rate over 10 tasks x 50 official trials.
LIBERO,goal,"Say, Dream, and Act: Learning Video World Models for Instruction-Driven Robot Manipulation",leaderboards/stat_significance_sam_export_20260522T233929/sam_libero_official_prev_sota.csv,242,libero_goal,libero_goal_prev_sota,98.2,97.9,0.3,percent,489.5,491,490,491,-0.5,0,python_round_nearest_even_matches_significance_cutoffs,1,10,50,1,0.05,1.644853627,3,7,0.6,1.4,provably_not_significant,Per-suite binary success rate over 10 tasks x 50 official trials.
LIBERO,goal,"See, Plan, Rewind: Progress-Aware Vision-Language-Action Models for Robust Robotic Manipulation",leaderboards/stat_significance_sam_export_20260522T233929/sam_libero_official_prev_sota.csv,243,libero_goal,libero_goal_prev_sota,93.2,88.6,4.6,percent,443,466,443,466,-5.684341886e-14,0,python_round_nearest_even_matches_significance_cutoffs,23,10,50,1,0.05,1.644853627,3,17,0.6,3.4,provably_significant,Per-suite binary success rate over 10 tasks x 50 official trials.
LIBERO,goal,Shallow-π: Knowledge Distillation for Flow-based VLAs,leaderboards/stat_significance_sam_export_20260522T233929/sam_libero_official_prev_sota.csv,245,libero_goal,libero_goal_prev_sota,97,98,-1,percent,490,485,490,485,0,0,python_round_nearest_even_matches_significance_cutoffs,-5,10,50,1,0.05,1.644853627,3,7,0.6,1.4,no_improvement,Per-suite binary success rate over 10 tasks x 50 official trials.
LIBERO,goal,SimVLA: A Simple VLA Baseline for Robotic Manipulation,leaderboards/stat_significance_sam_export_20260522T233929/sam_libero_official_prev_sota.csv,247,libero_goal,libero_goal_prev_sota,98.6,98,0.6,percent,490,493,490,493,0,0,python_round_nearest_even_matches_significance_cutoffs,3,10,50,1,0.05,1.644853627,3,7,0.6,1.4,indeterminate,Per-suite binary success rate over 10 tasks x 50 official trials.
LIBERO,goal,SmoothVLA: Aligning Vision-Language-Action Models with Physical Constraints via Intrinsic Smoothness Optimization,leaderboards/stat_significance_sam_export_20260522T233929/sam_libero_official_prev_sota.csv,248,libero_goal,libero_goal_prev_sota,84,82.9,1.1,percent,414.5,420,415,420,-0.5,0,python_round_nearest_even_matches_significance_cutoffs,5,10,50,1,0.05,1.644853627,3,21,0.6,4.2,indeterminate,Per-suite binary success rate over 10 tasks x 50 official trials.
LIBERO,goal,SnapFlow: One-Step Action Generation for Flow-Matching VLAs via Progressive Self-Distillation,leaderboards/stat_significance_sam_export_20260522T233929/sam_libero_official_prev_sota.csv,249,libero_goal,libero_goal_prev_sota,99,97.6,1.4,percent,488,495,488,495,0,0,python_round_nearest_even_matches_significance_cutoffs,7,10,50,1,0.05,1.644853627,3,7,0.6,1.4,provably_significant,Per-suite binary success rate over 10 tasks x 50 official trials.
LIBERO,goal,Speedup Patch: Learning a Plug-and-Play Policy to Accelerate Embodied Manipulation,leaderboards/stat_significance_sam_export_20260522T233929/sam_libero_official_prev_sota.csv,250,libero_goal,libero_goal_prev_sota,98.6,98,0.6,percent,490,493,490,493,0,0,python_round_nearest_even_matches_significance_cutoffs,3,10,50,1,0.05,1.644853627,3,7,0.6,1.4,indeterminate,Per-suite binary success rate over 10 tasks x 50 official trials.
LIBERO,goal,ST-$π$: Structured SpatioTemporal VLA for Robotic Manipulation,leaderboards/stat_significance_sam_export_20260522T233929/sam_libero_official_prev_sota.csv,251,libero_goal,libero_goal_prev_sota,96.9,96.8,0.1,percent,484,484.5,484,485,0,-0.5,python_round_nearest_even_matches_significance_cutoffs,1,10,50,1,0.05,1.644853627,3,9,0.6,1.8,provably_not_significant,Per-suite binary success rate over 10 tasks x 50 official trials.
LIBERO,goal,Stable Language Guidance for Vision-Language-Action Models,leaderboards/stat_significance_sam_export_20260522T233929/sam_libero_official_prev_sota.csv,252,libero_goal,libero_goal_prev_sota,95.8,97.2,-1.4,percent,486,479,486,479,0,0,python_round_nearest_even_matches_significance_cutoffs,-7,10,50,1,0.05,1.644853627,3,8,0.6,1.6,no_improvement,Per-suite binary success rate over 10 tasks x 50 official trials.
LIBERO,goal,StarVLA: A Lego-like Codebase for Vision-Language-Action Model Developing,leaderboards/stat_significance_sam_export_20260522T233929/sam_libero_official_prev_sota.csv,253,libero_goal,libero_goal_prev_sota,96.2,97.9,-1.7,percent,489.5,481,490,481,-0.5,5.684341886e-14,python_round_nearest_even_matches_significance_cutoffs,-9,10,50,1,0.05,1.644853627,3,7,0.6,1.4,no_improvement,Per-suite binary success rate over 10 tasks x 50 official trials.
LIBERO,goal,StarVLA-$α$: Reducing Complexity in Vision-Language-Action Systems,leaderboards/stat_significance_sam_export_20260522T233929/sam_libero_official_prev_sota.csv,254,libero_goal,libero_goal_prev_sota,98.5,98,0.5,percent,490,492.5,490,492,0,0.5,python_round_nearest_even_matches_significance_cutoffs,2,10,50,1,0.05,1.644853627,3,7,0.6,1.4,provably_not_significant,Per-suite binary success rate over 10 tasks x 50 official trials.
LIBERO,goal,StreamingVLA: Streaming Vision-Language-Action Model with Action Flow Matching and Adaptive Early Observation,leaderboards/stat_significance_sam_export_20260522T233929/sam_libero_official_prev_sota.csv,255,libero_goal,libero_goal_prev_sota,95.4,98,-2.6,percent,490,477,490,477,0,5.684341886e-14,python_round_nearest_even_matches_significance_cutoffs,-13,10,50,1,0.05,1.644853627,3,7,0.6,1.4,no_improvement,Per-suite binary success rate over 10 tasks x 50 official trials.
LIBERO,goal,StreamVLA: Breaking the Reason-Act Cycle via Completion-State Gating,leaderboards/stat_significance_sam_export_20260522T233929/sam_libero_official_prev_sota.csv,256,libero_goal,libero_goal_prev_sota,98.6,98,0.6,percent,490,493,490,493,0,0,python_round_nearest_even_matches_significance_cutoffs,3,10,50,1,0.05,1.644853627,3,7,0.6,1.4,indeterminate,Per-suite binary success rate over 10 tasks x 50 official trials.
LIBERO,goal,Test-Time Perturbation Learning with Delayed Feedback for Vision-Language-Action Models,leaderboards/stat_significance_sam_export_20260522T233929/sam_libero_official_prev_sota.csv,259,libero_goal,libero_goal_prev_sota,86,85,1,percent,425,430,425,430,0,0,python_round_nearest_even_matches_significance_cutoffs,5,10,50,1,0.05,1.644853627,3,19,0.6,3.8,indeterminate,Per-suite binary success rate over 10 tasks x 50 official trials.
LIBERO,goal,Thinking in Text and Images: Interleaved Vision--Language Reasoning Traces for Long-Horizon Robot Manipulation,leaderboards/stat_significance_sam_export_20260522T233929/sam_libero_official_prev_sota.csv,261,libero_goal,libero_goal_prev_sota,97,96.2,0.8,percent,481,485,481,485,5.684341886e-14,0,python_round_nearest_even_matches_significance_cutoffs,4,10,50,1,0.05,1.644853627,3,9,0.6,1.8,indeterminate,Per-suite binary success rate over 10 tasks x 50 official trials.
LIBERO,goal,Towards Long-Lived Robots: Continual Learning VLA Models via Reinforcement Fine-Tuning,leaderboards/stat_significance_sam_export_20260522T233929/sam_libero_official_prev_sota.csv,262,libero_goal,libero_goal_prev_sota,95.8,95.8,0,percent,479,479,479,479,0,0,python_round_nearest_even_matches_significance_cutoffs,0,10,50,1,0.05,1.644853627,3,10,0.6,2,no_improvement,Per-suite binary success rate over 10 tasks x 50 official trials.
LIBERO,goal,Towards Practical World Model-based Reinforcement Learning for Vision-Language-Action Models,leaderboards/stat_significance_sam_export_20260522T233929/sam_libero_official_prev_sota.csv,263,libero_goal,libero_goal_prev_sota,92.8,90.8,2,percent,454,464,454,464,-5.684341886e-14,-5.684341886e-14,python_round_nearest_even_matches_significance_cutoffs,10,10,50,1,0.05,1.644853627,3,15,0.6,3,indeterminate,Per-suite binary success rate over 10 tasks x 50 official trials.
LIBERO,goal,TTQ: Activation-Aware Test-Time Quantization to Accelerate LLM Inference On The Fly,leaderboards/stat_significance_sam_export_20260522T233929/sam_libero_official_prev_sota.csv,264,libero_goal,libero_goal_prev_sota,93.5,97,-3.5,percent,485,467.5,485,468,0,-0.5,python_round_nearest_even_matches_significance_cutoffs,-17,10,50,1,0.05,1.644853627,3,8,0.6,1.6,no_improvement,Per-suite binary success rate over 10 tasks x 50 official trials.
LIBERO,goal,Universal Pose Pretraining for Generalizable Vision-Language-Action Policies,leaderboards/stat_significance_sam_export_20260522T233929/sam_libero_official_prev_sota.csv,266,libero_goal,libero_goal_prev_sota,97.1,98,-0.9,percent,490,485.5,490,486,0,-0.5,python_round_nearest_even_matches_significance_cutoffs,-4,10,50,1,0.05,1.644853627,3,7,0.6,1.4,no_improvement,Per-suite binary success rate over 10 tasks x 50 official trials.
LIBERO,goal,Unmasking the Illusion of Embodied Reasoning in Vision-Language-Action Models,leaderboards/stat_significance_sam_export_20260522T233929/sam_libero_official_prev_sota.csv,267,libero_goal,libero_goal_prev_sota,98.2,99.4,-1.2,percent,497,491,497,491,5.684341886e-14,0,python_round_nearest_even_matches_significance_cutoffs,-6,10,50,1,0.05,1.644853627,3,3,0.6,0.6,no_improvement,Per-suite binary success rate over 10 tasks x 50 official trials.
LIBERO,goal,VISTA: Enhancing Visual Conditioning via Track-Following Preference Optimization in Vision-Language-Action Models,leaderboards/stat_significance_sam_export_20260522T233929/sam_libero_official_prev_sota.csv,268,libero_goal,libero_goal_prev_sota,84.2,84.6,-0.4,percent,423,421,423,421,0,5.684341886e-14,python_round_nearest_even_matches_significance_cutoffs,-2,10,50,1,0.05,1.644853627,3,20,0.6,4,no_improvement,Per-suite binary success rate over 10 tasks x 50 official trials.
LIBERO,goal,VLA-Adapter: An Effective Paradigm for Tiny-Scale Vision-Language-Action Model,leaderboards/stat_significance_sam_export_20260522T233929/sam_libero_official_prev_sota.csv,269,libero_goal,libero_goal_prev_sota,97.2,97.9,-0.7,percent,489.5,486,490,486,-0.5,0,python_round_nearest_even_matches_significance_cutoffs,-4,10,50,1,0.05,1.644853627,3,7,0.6,1.4,no_improvement,Per-suite binary success rate over 10 tasks x 50 official trials.
LIBERO,goal,VLA-GSE: Boosting Parameter-Efficient Fine-Tuning in VLA with Generalized and Specialized Experts,leaderboards/stat_significance_sam_export_20260522T233929/sam_libero_official_prev_sota.csv,272,libero_goal,libero_goal_prev_sota,98.2,98,0.2,percent,490,491,490,491,0,0,python_round_nearest_even_matches_significance_cutoffs,1,10,50,1,0.05,1.644853627,3,7,0.6,1.4,provably_not_significant,Per-suite binary success rate over 10 tasks x 50 official trials.
LIBERO,goal,VLA-IAP: Training-Free Visual Token Pruning via Interaction Alignment for Vision-Language-Action Models,leaderboards/stat_significance_sam_export_20260522T233929/sam_libero_official_prev_sota.csv,273,libero_goal,libero_goal_prev_sota,98.4,98.3,0.1,percent,491.5,492,492,492,-0.5,5.684341886e-14,python_round_nearest_even_matches_significance_cutoffs,0,10,50,1,0.05,1.644853627,3,6,0.6,1.2,provably_not_significant,Per-suite binary success rate over 10 tasks x 50 official trials.
LIBERO,goal,VLA-InfoEntropy: A Training-Free Vision-Attention Information Entropy Approach for Vision-Language-Action Models Inference Acceleration and Success,leaderboards/stat_significance_sam_export_20260522T233929/sam_libero_official_prev_sota.csv,274,libero_goal,libero_goal_prev_sota,79.4,76.4,3,percent,382,397,382,397,0,0,python_round_nearest_even_matches_significance_cutoffs,15,10,50,1,0.05,1.644853627,3,25,0.6,5,indeterminate,Per-suite binary success rate over 10 tasks x 50 official trials.
LIBERO,goal,VLA-JEPA: Enhancing Vision-Language-Action Model with Latent World Model,leaderboards/stat_significance_sam_export_20260522T233929/sam_libero_official_prev_sota.csv,275,libero_goal,libero_goal_prev_sota,97.2,98,-0.8,percent,490,486,490,486,0,0,python_round_nearest_even_matches_significance_cutoffs,-4,10,50,1,0.05,1.644853627,3,7,0.6,1.4,no_improvement,Per-suite binary success rate over 10 tasks x 50 official trials.
LIBERO,goal,VLA-Thinker: Boosting Vision-Language-Action Models through Thinking-with-Image Reasoning,leaderboards/stat_significance_sam_export_20260522T233929/sam_libero_official_prev_sota.csv,276,libero_goal,libero_goal_prev_sota,95.2,95.8,-0.6,percent,479,476,479,476,0,5.684341886e-14,python_round_nearest_even_matches_significance_cutoffs,-3,10,50,1,0.05,1.644853627,3,10,0.6,2,no_improvement,Per-suite binary success rate over 10 tasks x 50 official trials.
LIBERO,goal,VolumeDP: Modeling Volumetric Representation for Manipulation Policy Learning,leaderboards/stat_significance_sam_export_20260522T233929/sam_libero_official_prev_sota.csv,277,libero_goal,libero_goal_prev_sota,89.9,76.2,13.7,percent,381,449.5,381,450,0,-0.5,python_round_nearest_even_matches_significance_cutoffs,69,10,50,1,0.05,1.644853627,3,25,0.6,5,provably_significant,Per-suite binary success rate over 10 tasks x 50 official trials.
LIBERO,goal,When Vision Overrides Language: Evaluating and Mitigating Counterfactual Failures in VLAs,leaderboards/stat_significance_sam_export_20260522T233929/sam_libero_official_prev_sota.csv,278,libero_goal,libero_goal_prev_sota,98,98,0,percent,490,490,490,490,0,0,python_round_nearest_even_matches_significance_cutoffs,0,10,50,1,0.05,1.644853627,3,7,0.6,1.4,no_improvement,Per-suite binary success rate over 10 tasks x 50 official trials.
LIBERO,goal,World-Value-Action Model: Implicit Planning for Vision-Language-Action Systems,leaderboards/stat_significance_sam_export_20260522T233929/sam_libero_official_prev_sota.csv,280,libero_goal,libero_goal_prev_sota,98.6,98,0.6,percent,490,493,490,493,0,0,python_round_nearest_even_matches_significance_cutoffs,3,10,50,1,0.05,1.644853627,3,7,0.6,1.4,indeterminate,Per-suite binary success rate over 10 tasks x 50 official trials.
LIBERO,goal,World2Act: Latent Action Post-Training via Skill-Compositional World Models,leaderboards/stat_significance_sam_export_20260522T233929/sam_libero_official_prev_sota.csv,281,libero_goal,libero_goal_prev_sota,98.3,99.2,-0.9,percent,496,491.5,496,492,0,-0.5,python_round_nearest_even_matches_significance_cutoffs,-4,10,50,1,0.05,1.644853627,3,4,0.6,0.8,no_improvement,Per-suite binary success rate over 10 tasks x 50 official trials.
LIBERO,goal,WoVR: World Models as Reliable Simulators for Post-Training VLA Policies with RL,leaderboards/stat_significance_sam_export_20260522T233929/sam_libero_official_prev_sota.csv,282,libero_goal,libero_goal_prev_sota,77.5,54.6,22.9,percent,273,387.5,273,388,0,-0.5,python_round_nearest_even_matches_significance_cutoffs,115,10,50,1,0.05,1.644853627,3,34,0.6,6.8,provably_significant,Per-suite binary success rate over 10 tasks x 50 official trials.
LIBERO,goal,Xiaomi-Robotics-0: An Open-Sourced Vision-Language-Action Model with Real-Time Execution,leaderboards/stat_significance_sam_export_20260522T233929/sam_libero_official_prev_sota.csv,283,libero_goal,libero_goal_prev_sota,98.8,99.2,-0.4,percent,496,494,496,494,0,0,python_round_nearest_even_matches_significance_cutoffs,-2,10,50,1,0.05,1.644853627,3,4,0.6,0.8,no_improvement,Per-suite binary success rate over 10 tasks x 50 official trials.
LIBERO,goal,You've Got a Golden Ticket: Improving Generative Robot Policies With A Single Noise Vector,leaderboards/stat_significance_sam_export_20260522T233929/sam_libero_official_prev_sota.csv,284,libero_goal,libero_goal_prev_sota,94.4,81.6,12.8,percent,408,472,408,472,0,5.684341886e-14,python_round_nearest_even_matches_significance_cutoffs,64,10,50,1,0.05,1.644853627,3,22,0.6,4.4,provably_significant,Per-suite binary success rate over 10 tasks x 50 official trials.
LIBERO,goal,One Token Per Frame: Reconsidering Visual Bandwidth in World Models for VLA Policy,leaderboards/stat_significance_sam_export_20260522T233929/sam_libero_official_prev_sota.csv,285,libero_goal,libero_goal_prev_sota,99,98,1,percent,490,495,490,495,0,0,python_round_nearest_even_matches_significance_cutoffs,5,10,50,1,0.05,1.644853627,3,7,0.6,1.4,indeterminate,Per-suite binary success rate over 10 tasks x 50 official trials.
LIBERO,goal,OA-WAM: Object-Addressable World Action Model for Robust Robot Manipulation,leaderboards/stat_significance_sam_export_20260522T233929/sam_libero_official_prev_sota.csv,287,libero_goal,libero_goal_prev_sota,97.4,98,-0.6,percent,490,487,490,487,0,5.684341886e-14,python_round_nearest_even_matches_significance_cutoffs,-3,10,50,1,0.05,1.644853627,3,7,0.6,1.4,no_improvement,Per-suite binary success rate over 10 tasks x 50 official trials.
LIBERO,goal,PRTS: A Primitive Reasoning and Tasking System via Contrastive Representations,leaderboards/stat_significance_sam_export_20260522T233929/sam_libero_official_prev_sota.csv,288,libero_goal,libero_goal_prev_sota,98.4,99,-0.6,percent,495,492,495,492,0,5.684341886e-14,python_round_nearest_even_matches_significance_cutoffs,-3,10,50,1,0.05,1.644853627,3,5,0.6,1,no_improvement,Per-suite binary success rate over 10 tasks x 50 official trials.
LIBERO,goal,TAG: Target-Agnostic Guidance for Stable Object-Centric Inference in Vision-Language-Action Models,leaderboards/stat_significance_sam_export_20260522T233929/sam_libero_official_prev_sota.csv,289,libero_goal,libero_goal_prev_sota,97.4,97.5,-0.1,percent,487.5,487,488,487,-0.5,5.684341886e-14,python_round_nearest_even_matches_significance_cutoffs,-1,10,50,1,0.05,1.644853627,3,7,0.6,1.4,no_improvement,Per-suite binary success rate over 10 tasks x 50 official trials.
LIBERO,goal,Global Prior Meets Local Consistency: Dual-Memory Augmented Vision-Language-Action Model for Efficient Robotic Manipulation,leaderboards/stat_significance_sam_export_20260522T233929/sam_libero_official_prev_sota.csv,291,libero_goal,libero_goal_prev_sota,98.4,98,0.4,percent,490,492,490,492,0,5.684341886e-14,python_round_nearest_even_matches_significance_cutoffs,2,10,50,1,0.05,1.644853627,3,7,0.6,1.4,provably_not_significant,Per-suite binary success rate over 10 tasks x 50 official trials.
LIBERO,goal,VLANeXt: Recipes for Building Strong VLA Models,leaderboards/stat_significance_sam_export_20260522T233929/sam_libero_official_prev_sota.csv,292,libero_goal,libero_goal_prev_sota,96.6,97.9,-1.3,percent,489.5,483,490,483,-0.5,0,python_round_nearest_even_matches_significance_cutoffs,-7,10,50,1,0.05,1.644853627,3,7,0.6,1.4,no_improvement,Per-suite binary success rate over 10 tasks x 50 official trials.
LIBERO,goal,HBVLA: Pushing 1-Bit Post-Training Quantization for Vision-Language-Action Models,leaderboards/stat_significance_sam_export_20260522T233929/sam_libero_official_prev_sota.csv,293,libero_goal,libero_goal_prev_sota,91.3,89.6,1.7,percent,448,456.5,448,456,-5.684341886e-14,0.5,python_round_nearest_even_matches_significance_cutoffs,8,10,50,1,0.05,1.644853627,3,16,0.6,3.2,indeterminate,Per-suite binary success rate over 10 tasks x 50 official trials.
LIBERO,goal,IVRA: Improving Visual-Token Relations for Robot Action Policy with Training-Free Hint-Based Guidance,leaderboards/stat_significance_sam_export_20260522T233929/sam_libero_official_prev_sota.csv,294,libero_goal,libero_goal_prev_sota,97.6,96.9,0.7,percent,484.5,488,485,488,-0.5,0,python_round_nearest_even_matches_significance_cutoffs,3,10,50,1,0.05,1.644853627,3,8,0.6,1.6,indeterminate,Per-suite binary success rate over 10 tasks x 50 official trials.
LIBERO,goal,VAT: Vision Action Transformer by Unlocking Full Representation of ViT,leaderboards/stat_significance_sam_export_20260522T233929/sam_libero_official_prev_sota.csv,295,libero_goal,libero_goal_prev_sota,97.6,97.9,-0.3,percent,489.5,488,490,488,-0.5,0,python_round_nearest_even_matches_significance_cutoffs,-2,10,50,1,0.05,1.644853627,3,7,0.6,1.4,no_improvement,Per-suite binary success rate over 10 tasks x 50 official trials.
LIBERO,goal,Much Ado About Noising: Dispelling the Myths of Generative Robotic Control,leaderboards/stat_significance_sam_export_20260522T233929/sam_libero_official_prev_sota.csv,297,libero_goal,libero_goal_prev_sota,95.2,95,0.2,percent,475,476,475,476,0,5.684341886e-14,python_round_nearest_even_matches_significance_cutoffs,1,10,50,1,0.05,1.644853627,3,11,0.6,2.2,provably_not_significant,Per-suite binary success rate over 10 tasks x 50 official trials.
LIBERO,goal,Expertise Need Not Monopolize: Action-Specialized Mixture of Experts for Vision-Language-Action Learning,leaderboards/stat_significance_sam_export_20260522T233929/sam_libero_official_prev_sota.csv,299,libero_goal,libero_goal_prev_sota,97.2,95.8,1.4,percent,479,486,479,486,0,0,python_round_nearest_even_matches_significance_cutoffs,7,10,50,1,0.05,1.644853627,3,10,0.6,2,indeterminate,Per-suite binary success rate over 10 tasks x 50 official trials.
LIBERO,goal,3D CAVLA: Leveraging Depth and 3D Context to Generalize Vision Language Action Models for Unseen Tasks,leaderboards/stat_significance_sam_export_20260522T233929/sam_libero_official_prev_sota.csv,300,libero_goal,libero_goal_prev_sota,98.2,97.9,0.3,percent,489.5,491,490,491,-0.5,0,python_round_nearest_even_matches_significance_cutoffs,1,10,50,1,0.05,1.644853627,3,7,0.6,1.4,provably_not_significant,Per-suite binary success rate over 10 tasks x 50 official trials.
LIBERO,goal,VGGT-$\Omega$,leaderboards/stat_significance_sam_export_20260522T233929/sam_libero_official_prev_sota.csv,301,libero_goal,libero_goal_prev_sota,99,97.9,1.1,percent,489.5,495,490,495,-0.5,0,python_round_nearest_even_matches_significance_cutoffs,5,10,50,1,0.05,1.644853627,3,7,0.6,1.4,indeterminate,Per-suite binary success rate over 10 tasks x 50 official trials.
LIBERO,goal,IntentVLA: Short-Horizon Intent Modeling for Aliased Robot Manipulation,leaderboards/stat_significance_sam_export_20260522T233929/sam_libero_official_prev_sota.csv,302,libero_goal,libero_goal_prev_sota,98.1,98,0.1,percent,490,490.5,490,490,0,0.5,python_round_nearest_even_matches_significance_cutoffs,0,10,50,1,0.05,1.644853627,3,7,0.6,1.4,provably_not_significant,Per-suite binary success rate over 10 tasks x 50 official trials.
LIBERO,goal,BlockVLA: Accelerating Autoregressive VLA via Block Diffusion Finetuning,leaderboards/stat_significance_sam_export_20260522T233929/sam_libero_official_prev_sota.csv,303,libero_goal,libero_goal_prev_sota,93.2,94.2,-1,percent,471,466,471,466,5.684341886e-14,0,python_round_nearest_even_matches_significance_cutoffs,-5,10,50,1,0.05,1.644853627,3,12,0.6,2.4,no_improvement,Per-suite binary success rate over 10 tasks x 50 official trials.
LIBERO,goal,FrameSkip: Learning from Fewer but More Informative Frames in VLA Training,leaderboards/stat_significance_sam_export_20260522T233929/sam_libero_official_prev_sota.csv,304,libero_goal,libero_goal_prev_sota,98.2,98,0.2,percent,490,491,490,491,0,0,python_round_nearest_even_matches_significance_cutoffs,1,10,50,1,0.05,1.644853627,3,7,0.6,1.4,provably_not_significant,Per-suite binary success rate over 10 tasks x 50 official trials.
LIBERO,goal,Realtime-VLA FLASH: Speculative Inference Framework for Diffusion-based VLAs,leaderboards/stat_significance_sam_export_20260522T233929/sam_libero_official_prev_sota.csv,305,libero_goal,libero_goal_prev_sota,94.4,95.8,-1.4,percent,479,472,479,472,0,5.684341886e-14,python_round_nearest_even_matches_significance_cutoffs,-7,10,50,1,0.05,1.644853627,3,10,0.6,2,no_improvement,Per-suite binary success rate over 10 tasks x 50 official trials.
LIBERO,goal,"Guide, Think, Act: Interactive Embodied Reasoning in Vision-Language-Action Models",leaderboards/stat_significance_sam_export_20260522T233929/sam_libero_official_prev_sota.csv,306,libero_goal,libero_goal_prev_sota,98.4,98,0.4,percent,490,492,490,492,0,5.684341886e-14,python_round_nearest_even_matches_significance_cutoffs,2,10,50,1,0.05,1.644853627,3,7,0.6,1.4,provably_not_significant,Per-suite binary success rate over 10 tasks x 50 official trials.
LIBERO,goal,DreamAvoid: Critical-Phase Test-Time Dreaming to Avoid Failures in VLA Policies,leaderboards/stat_significance_sam_export_20260522T233929/sam_libero_official_prev_sota.csv,307,libero_goal,libero_goal_prev_sota,99,98,1,percent,490,495,490,495,0,0,python_round_nearest_even_matches_significance_cutoffs,5,10,50,1,0.05,1.644853627,3,7,0.6,1.4,indeterminate,Per-suite binary success rate over 10 tasks x 50 official trials.
LIBERO,goal,Beyond World-Frame Action Heads: Motion-Centric Action Frames for Vision-Language-Action Models,leaderboards/stat_significance_sam_export_20260522T233929/sam_libero_official_prev_sota.csv,308,libero_goal,libero_goal_prev_sota,98.4,97.9,0.5,percent,489.5,492,490,492,-0.5,5.684341886e-14,python_round_nearest_even_matches_significance_cutoffs,2,10,50,1,0.05,1.644853627,3,7,0.6,1.4,provably_not_significant,Per-suite binary success rate over 10 tasks x 50 official trials.
LIBERO,goal,Learning Action Manifold with Multi-view Latent Priors for Robotic Manipulation,leaderboards/stat_significance_sam_export_20260522T233929/sam_libero_official_prev_sota.csv,309,libero_goal,libero_goal_prev_sota,99,98.8,0.2,percent,494,495,494,495,0,0,python_round_nearest_even_matches_significance_cutoffs,1,10,50,1,0.05,1.644853627,3,5,0.6,1,provably_not_significant,Per-suite binary success rate over 10 tasks x 50 official trials.
LIBERO,goal,See What Matters: Differentiable Grid Sample Pruning for Generalizable Vision-Language-Action Model,leaderboards/stat_significance_sam_export_20260522T233929/sam_libero_official_prev_sota.csv,310,libero_goal,libero_goal_prev_sota,98.4,97.6,0.8,percent,488,492,488,492,0,5.684341886e-14,python_round_nearest_even_matches_significance_cutoffs,4,10,50,1,0.05,1.644853627,3,7,0.6,1.4,indeterminate,Per-suite binary success rate over 10 tasks x 50 official trials.
LIBERO,goal,Premover: Fast Vision-Language-Action Control by Acting Before Instructions Are Complete,leaderboards/stat_significance_sam_export_20260522T233929/sam_libero_official_prev_sota.csv,311,libero_goal,libero_goal_prev_sota,93.7,94.9,-1.2,percent,474.5,468.5,475,468,-0.5,0.5,python_round_nearest_even_matches_significance_cutoffs,-7,10,50,1,0.05,1.644853627,3,11,0.6,2.2,no_improvement,Per-suite binary success rate over 10 tasks x 50 official trials.
LIBERO,goal,From Imagined Futures to Executable Actions: Mixture of Latent Actions for Robot Manipulation,leaderboards/stat_significance_sam_export_20260522T233929/sam_libero_official_prev_sota.csv,312,libero_goal,libero_goal_prev_sota,99.5,92,7.5,percent,460,497.5,460,498,0,-0.5,python_round_nearest_even_matches_significance_cutoffs,38,10,50,1,0.05,1.644853627,3,14,0.6,2.8,provably_significant,Per-suite binary success rate over 10 tasks x 50 official trials.
LIBERO,goal,Dynamic Execution Commitment of Vision-Language-Action Models,leaderboards/stat_significance_sam_export_20260522T233929/sam_libero_official_prev_sota.csv,313,libero_goal,libero_goal_prev_sota,98,98.2,-0.2,percent,491,490,491,490,0,0,python_round_nearest_even_matches_significance_cutoffs,-1,10,50,1,0.05,1.644853627,3,6,0.6,1.2,no_improvement,Per-suite binary success rate over 10 tasks x 50 official trials.
LIBERO,goal,ALAM: Algebraically Consistent Latent Action Model for Vision-Language-Action Models,leaderboards/stat_significance_sam_export_20260522T233929/sam_libero_official_prev_sota.csv,314,libero_goal,libero_goal_prev_sota,99,98,1,percent,490,495,490,495,0,0,python_round_nearest_even_matches_significance_cutoffs,5,10,50,1,0.05,1.644853627,3,7,0.6,1.4,indeterminate,Per-suite binary success rate over 10 tasks x 50 official trials.
LIBERO,goal,PriorVLA: Prior-Preserving Adaptation for Vision-Language-Action Models,leaderboards/stat_significance_sam_export_20260522T233929/sam_libero_official_prev_sota.csv,315,libero_goal,libero_goal_prev_sota,99.4,98,1.4,percent,490,497,490,497,0,5.684341886e-14,python_round_nearest_even_matches_significance_cutoffs,7,10,50,1,0.05,1.644853627,3,7,0.6,1.4,provably_significant,Per-suite binary success rate over 10 tasks x 50 official trials.
LIBERO,goal,CapVector: Learning Transferable Capability Vectors in Parametric Space for Vision-Language-Action Models,leaderboards/stat_significance_sam_export_20260522T233929/sam_libero_official_prev_sota.csv,316,libero_goal,libero_goal_prev_sota,96.8,96.8,0,percent,484,484,484,484,0,0,python_round_nearest_even_matches_significance_cutoffs,0,10,50,1,0.05,1.644853627,3,9,0.6,1.8,no_improvement,Per-suite binary success rate over 10 tasks x 50 official trials.
LIBERO,goal,LoopVLA: Learning Sufficiency in Recurrent Refinement for Vision-Language-Action Models,leaderboards/stat_significance_sam_export_20260522T233929/sam_libero_official_prev_sota.csv,317,libero_goal,libero_goal_prev_sota,97.4,97.2,0.2,percent,486,487,486,487,0,5.684341886e-14,python_round_nearest_even_matches_significance_cutoffs,1,10,50,1,0.05,1.644853627,3,8,0.6,1.6,provably_not_significant,Per-suite binary success rate over 10 tasks x 50 official trials.
LIBERO,goal,ECHO: Continuous Hierarchical Memory for Vision-Language-Action Models,leaderboards/stat_significance_sam_export_20260522T233929/sam_libero_official_prev_sota.csv,318,libero_goal,libero_goal_prev_sota,98.6,96.4,2.2,percent,482,493,482,493,5.684341886e-14,0,python_round_nearest_even_matches_significance_cutoffs,11,10,50,1,0.05,1.644853627,3,9,0.6,1.8,provably_significant,Per-suite binary success rate over 10 tasks x 50 official trials.
LIBERO,goal,ElasticFlow: One-Step Physics-Consistent Policy with Elastic Time Horizons for Language-Guided Manipulation,leaderboards/stat_significance_sam_export_20260522T233929/sam_libero_official_prev_sota.csv,319,libero_goal,libero_goal_prev_sota,98.7,97.9,0.8,percent,489.5,493.5,490,494,-0.5,-0.5,python_round_nearest_even_matches_significance_cutoffs,4,10,50,1,0.05,1.644853627,3,7,0.6,1.4,indeterminate,Per-suite binary success rate over 10 tasks x 50 official trials.
LIBERO,goal,ForgeVLA: Federated Vision-Language-Action Learning without Language Annotations,leaderboards/stat_significance_sam_export_20260522T233929/sam_libero_official_prev_sota.csv,320,libero_goal,libero_goal_prev_sota,55.2,28.8,26.4,percent,144,276,144,276,2.842170943e-14,0,python_round_nearest_even_matches_significance_cutoffs,132,10,50,1,0.05,1.644853627,3,30,0.6,6,provably_significant,Per-suite binary success rate over 10 tasks x 50 official trials.
LIBERO,goal,Failing Forward: Adaptive Failure-Informed Learning for Vision-Language-Action Models,leaderboards/stat_significance_sam_export_20260522T233929/sam_libero_official_prev_sota.csv,321,libero_goal,libero_goal_prev_sota,98.1,98,0.1,percent,490,490.5,490,490,0,0.5,python_round_nearest_even_matches_significance_cutoffs,0,10,50,1,0.05,1.644853627,3,7,0.6,1.4,provably_not_significant,Per-suite binary success rate over 10 tasks x 50 official trials.
LIBERO,long10,TAIL: Task-specific Adapters for Imitation Learning with Large Pretrained Models,leaderboards/stat_significance_sam_export_20260522T233929/sam_libero_official_prev_sota.csv,2,libero_long10,libero_long10_prev_sota,70,48,22,percent,240,350,240,350,0,0,python_round_nearest_even_matches_significance_cutoffs,110,10,50,1,0.05,1.644853627,3,37,0.6,7.4,provably_significant,Per-suite binary success rate over 10 tasks x 50 official trials.
LIBERO,long10,BAKU: An Efficient Transformer for Multi-Task Policy Learning,leaderboards/stat_significance_sam_export_20260522T233929/sam_libero_official_prev_sota.csv,4,libero_long10,libero_long10_prev_sota,86,68,18,percent,340,430,340,430,0,0,python_round_nearest_even_matches_significance_cutoffs,90,10,50,1,0.05,1.644853627,3,29,0.6,5.8,provably_significant,Per-suite binary success rate over 10 tasks x 50 official trials.
LIBERO,long10,Depth Helps: Improving Pre-trained RGB-based Policy with Depth Information Injection,leaderboards/stat_significance_sam_export_20260522T233929/sam_libero_official_prev_sota.csv,5,libero_long10,libero_long10_prev_sota,36.4,28,8.4,percent,140,182,140,182,0,0,python_round_nearest_even_matches_significance_cutoffs,42,10,50,1,0.05,1.644853627,3,30,0.6,6,provably_significant,Per-suite binary success rate over 10 tasks x 50 official trials.
LIBERO,long10,Diffusion Transformer Policy,leaderboards/stat_significance_sam_export_20260522T233929/sam_libero_official_prev_sota.csv,6,libero_long10,libero_long10_prev_sota,63.8,53.7,10.1,percent,268.5,319,268,319,0.5,0,python_round_nearest_even_matches_significance_cutoffs,51,10,50,1,0.05,1.644853627,3,35,0.6,7,provably_significant,Per-suite binary success rate over 10 tasks x 50 official trials.
LIBERO,long10,Efficient Diffusion Transformer Policies with Mixture of Expert Denoisers for Multitask Learning,leaderboards/stat_significance_sam_export_20260522T233929/sam_libero_official_prev_sota.csv,7,libero_long10,libero_long10_prev_sota,92,73,19,percent,365,460,365,460,0,0,python_round_nearest_even_matches_significance_cutoffs,95,10,50,1,0.05,1.644853627,3,26,0.6,5.2,provably_significant,Per-suite binary success rate over 10 tasks x 50 official trials.
LIBERO,long10,GRAPE: Generalizing Robot Policy via Preference Alignment,leaderboards/stat_significance_sam_export_20260522T233929/sam_libero_official_prev_sota.csv,9,libero_long10,libero_long10_prev_sota,57.2,52.6,4.6,percent,263,286,263,286,0,5.684341886e-14,python_round_nearest_even_matches_significance_cutoffs,23,10,50,1,0.05,1.644853627,3,35,0.6,7,indeterminate,Per-suite binary success rate over 10 tasks x 50 official trials.
LIBERO,long10,MaIL: Improving Imitation Learning with Mamba,leaderboards/stat_significance_sam_export_20260522T233929/sam_libero_official_prev_sota.csv,10,libero_long10,libero_long10_prev_sota,41.7,37.3,4.4,percent,186.5,208.5,186,209,0.5,-0.5,python_round_nearest_even_matches_significance_cutoffs,23,10,50,1,0.05,1.644853627,3,34,0.6,6.8,indeterminate,Per-suite binary success rate over 10 tasks x 50 official trials.
LIBERO,long10,Multimodal Diffusion Transformer: Learning Versatile Behavior from Multimodal Goals,leaderboards/stat_significance_sam_export_20260522T233929/sam_libero_official_prev_sota.csv,11,libero_long10,libero_long10_prev_sota,64.8,47.3,17.5,percent,236.5,324,236,324,0.5,0,python_round_nearest_even_matches_significance_cutoffs,88,10,50,1,0.05,1.644853627,3,37,0.6,7.4,provably_significant,Per-suite binary success rate over 10 tasks x 50 official trials.
LIBERO,long10,OpenVLA: An Open-Source Vision-Language-Action Model,leaderboards/stat_significance_sam_export_20260522T233929/sam_libero_official_prev_sota.csv,12,libero_long10,libero_long10_prev_sota,53.7,51.1,2.6,percent,255.5,268.5,256,268,-0.5,0.5,python_round_nearest_even_matches_significance_cutoffs,12,10,50,1,0.05,1.644853627,3,36,0.6,7.2,indeterminate,Per-suite binary success rate over 10 tasks x 50 official trials.
LIBERO,long10,Predictive Inverse Dynamics Models are Scalable Learners for Robotic Manipulation,leaderboards/stat_significance_sam_export_20260522T233929/sam_libero_official_prev_sota.csv,13,libero_long10,libero_long10_prev_sota,87.7,77.3,10.4,percent,386.5,438.5,386,438,0.5,0.5,python_round_nearest_even_matches_significance_cutoffs,52,10,50,1,0.05,1.644853627,3,24,0.6,4.8,provably_significant,Per-suite binary success rate over 10 tasks x 50 official trials.
LIBERO,long10,Quantization-Aware Imitation-Learning for Resource-Efficient Robotic Control,leaderboards/stat_significance_sam_export_20260522T233929/sam_libero_official_prev_sota.csv,14,libero_long10,libero_long10_prev_sota,50.4,50.8,-0.4,percent,254,252,254,252,0,0,python_round_nearest_even_matches_significance_cutoffs,-2,10,50,1,0.05,1.644853627,3,36,0.6,7.2,no_improvement,Per-suite binary success rate over 10 tasks x 50 official trials.
LIBERO,long10,QueST: Self-Supervised Skill Abstractions for Learning Continuous Control,leaderboards/stat_significance_sam_export_20260522T233929/sam_libero_official_prev_sota.csv,15,libero_long10,libero_long10_prev_sota,68.8,59.3,9.5,percent,296.5,344,296,344,0.5,0,python_round_nearest_even_matches_significance_cutoffs,48,10,50,1,0.05,1.644853627,3,33,0.6,6.6,provably_significant,Per-suite binary success rate over 10 tasks x 50 official trials.
LIBERO,long10,TraceVLA: Visual Trace Prompting Enhances Spatial-Temporal Awareness for Generalist Robotic Policies,leaderboards/stat_significance_sam_export_20260522T233929/sam_libero_official_prev_sota.csv,18,libero_long10,libero_long10_prev_sota,54.1,45.7,8.4,percent,228.5,270.5,228,270,0.5,0.5,python_round_nearest_even_matches_significance_cutoffs,42,10,50,1,0.05,1.644853627,3,37,0.6,7.4,provably_significant,Per-suite binary success rate over 10 tasks x 50 official trials.
LIBERO,long10,3D Dynamics-Aware Manipulation: Endowing Manipulation Policies with 3D Foresight,leaderboards/stat_significance_sam_export_20260522T233929/sam_libero_official_prev_sota.csv,19,libero_long10,libero_long10_prev_sota,92,86.4,5.6,percent,432,460,432,460,5.684341886e-14,0,python_round_nearest_even_matches_significance_cutoffs,28,10,50,1,0.05,1.644853627,3,18,0.6,3.6,provably_significant,Per-suite binary success rate over 10 tasks x 50 official trials.
LIBERO,long10,4D-VLA: Spatiotemporal Vision-Language-Action Pretraining with Cross-Scene Calibration,leaderboards/stat_significance_sam_export_20260522T233929/sam_libero_official_prev_sota.csv,20,libero_long10,libero_long10_prev_sota,79.1,55.5,23.6,percent,277.5,395.5,278,395,-0.5,0.5,python_round_nearest_even_matches_significance_cutoffs,117,10,50,1,0.05,1.644853627,3,34,0.6,6.8,provably_significant,Per-suite binary success rate over 10 tasks x 50 official trials.
LIBERO,long10,ActDistill: General Action-Guided Self-Derived Distillation for Efficient Vision-Language-Action Models,leaderboards/stat_significance_sam_export_20260522T233929/sam_libero_official_prev_sota.csv,21,libero_long10,libero_long10_prev_sota,55.8,53.2,2.6,percent,266,279,266,279,0,-5.684341886e-14,python_round_nearest_even_matches_significance_cutoffs,13,10,50,1,0.05,1.644853627,3,35,0.6,7,indeterminate,Per-suite binary success rate over 10 tasks x 50 official trials.
LIBERO,long10,Action-aware Dynamic Pruning for Efficient Vision-Language-Action Manipulation,leaderboards/stat_significance_sam_export_20260522T233929/sam_libero_official_prev_sota.csv,22,libero_long10,libero_long10_prev_sota,91.2,94.8,-3.6,percent,474,456,474,456,0,0,python_round_nearest_even_matches_significance_cutoffs,-18,10,50,1,0.05,1.644853627,3,11,0.6,2.2,no_improvement,Per-suite binary success rate over 10 tasks x 50 official trials.
LIBERO,long10,ActionSink: Toward Precise Robot Manipulation with Dynamic Integration of Action Flow,leaderboards/stat_significance_sam_export_20260522T233929/sam_libero_official_prev_sota.csv,23,libero_long10,libero_long10_prev_sota,47,39.33,7.67,percent,196.65,235,197,235,-0.35,0,python_round_nearest_even_matches_significance_cutoffs,38,10,50,1,0.05,1.644853627,3,35,0.6,7,provably_significant,Per-suite binary success rate over 10 tasks x 50 official trials.
LIBERO,long10,AsyncVLA: Asynchronous Flow Matching for Vision-Language-Action Models,leaderboards/stat_significance_sam_export_20260522T233929/sam_libero_official_prev_sota.csv,24,libero_long10,libero_long10_prev_sota,93.4,92.4,1,percent,462,467,462,467,0,0,python_round_nearest_even_matches_significance_cutoffs,5,10,50,1,0.05,1.644853627,3,14,0.6,2.8,indeterminate,Per-suite binary success rate over 10 tasks x 50 official trials.
LIBERO,long10,Atomic Action Slicing: Planner-Aligned Options for Generalist VLA Agents,leaderboards/stat_significance_sam_export_20260522T233929/sam_libero_official_prev_sota.csv,25,libero_long10,libero_long10_prev_sota,88.8,83.8,5,percent,419,444,419,444,0,0,python_round_nearest_even_matches_significance_cutoffs,25,10,50,1,0.05,1.644853627,3,20,0.6,4,provably_significant,Per-suite binary success rate over 10 tasks x 50 official trials.
LIBERO,long10,Audio-VLA: Adding Contact Audio Perception to Vision-Language-Action Model for Robotic Manipulation,leaderboards/stat_significance_sam_export_20260522T233929/sam_libero_official_prev_sota.csv,26,libero_long10,libero_long10_prev_sota,95.4,94.5,0.9,percent,472.5,477,472,477,0.5,5.684341886e-14,python_round_nearest_even_matches_significance_cutoffs,5,10,50,1,0.05,1.644853627,3,12,0.6,2.4,indeterminate,Per-suite binary success rate over 10 tasks x 50 official trials.
LIBERO,long10,BadVLA: Towards Backdoor Attacks on Vision-Language-Action Models via Objective-Decoupled Optimization,leaderboards/stat_significance_sam_export_20260522T233929/sam_libero_official_prev_sota.csv,27,libero_long10,libero_long10_prev_sota,95,95,0,percent,475,475,475,475,0,0,python_round_nearest_even_matches_significance_cutoffs,0,10,50,1,0.05,1.644853627,3,11,0.6,2.2,no_improvement,Per-suite binary success rate over 10 tasks x 50 official trials.
LIBERO,long10,Balancing Signal and Variance: Adaptive Offline RL Post-Training for VLA Flow Models,leaderboards/stat_significance_sam_export_20260522T233929/sam_libero_official_prev_sota.csv,28,libero_long10,libero_long10_prev_sota,82.6,81.4,1.2,percent,407,413,407,413,0,0,python_round_nearest_even_matches_significance_cutoffs,6,10,50,1,0.05,1.644853627,3,22,0.6,4.4,indeterminate,Per-suite binary success rate over 10 tasks x 50 official trials.
LIBERO,long10,Beyond Human Demonstrations: Diffusion-Based Reinforcement Learning to Generate Data for VLA Training,leaderboards/stat_significance_sam_export_20260522T233929/sam_libero_official_prev_sota.csv,29,libero_long10,libero_long10_prev_sota,63,66,-3,percent,330,315,330,315,0,0,python_round_nearest_even_matches_significance_cutoffs,-15,10,50,1,0.05,1.644853627,3,30,0.6,6,no_improvement,Per-suite binary success rate over 10 tasks x 50 official trials.
LIBERO,long10,BitVLA: 1-bit Vision-Language-Action Models for Robotics Manipulation,leaderboards/stat_significance_sam_export_20260522T233929/sam_libero_official_prev_sota.csv,30,libero_long10,libero_long10_prev_sota,92.8,94.5,-1.7,percent,472.5,464,472,464,0.5,-5.684341886e-14,python_round_nearest_even_matches_significance_cutoffs,-8,10,50,1,0.05,1.644853627,3,12,0.6,2.4,no_improvement,Per-suite binary success rate over 10 tasks x 50 official trials.
LIBERO,long10,Bridging Scale Discrepancies in Robotic Control via Language-Based Action Representations,leaderboards/stat_significance_sam_export_20260522T233929/sam_libero_official_prev_sota.csv,31,libero_long10,libero_long10_prev_sota,55.4,53.7,1.7,percent,268.5,277,268,277,0.5,-5.684341886e-14,python_round_nearest_even_matches_significance_cutoffs,9,10,50,1,0.05,1.644853627,3,35,0.6,7,indeterminate,Per-suite binary success rate over 10 tasks x 50 official trials.
LIBERO,long10,CLIP-RT: Learning Language-Conditioned Robotic Policies from Natural Language Supervision,leaderboards/stat_significance_sam_export_20260522T233929/sam_libero_official_prev_sota.csv,32,libero_long10,libero_long10_prev_sota,83.8,90.7,-6.9,percent,453.5,419,454,419,-0.5,0,python_round_nearest_even_matches_significance_cutoffs,-35,10,50,1,0.05,1.644853627,3,15,0.6,3,no_improvement,Per-suite binary success rate over 10 tasks x 50 official trials.
LIBERO,long10,CoA-VLA: Improving Vision-Language-Action Models via Visual-Textual Chain-of-Affordance,leaderboards/stat_significance_sam_export_20260522T233929/sam_libero_official_prev_sota.csv,33,libero_long10,libero_long10_prev_sota,55,53.7,1.3,percent,268.5,275,268,275,0.5,0,python_round_nearest_even_matches_significance_cutoffs,7,10,50,1,0.05,1.644853627,3,35,0.6,7,indeterminate,Per-suite binary success rate over 10 tasks x 50 official trials.
LIBERO,long10,CogVLA: Cognition-Aligned Vision-Language-Action Model via Instruction-Driven Routing &amp; Sparsification,leaderboards/stat_significance_sam_export_20260522T233929/sam_libero_official_prev_sota.csv,34,libero_long10,libero_long10_prev_sota,95.4,94.5,0.9,percent,472.5,477,472,477,0.5,5.684341886e-14,python_round_nearest_even_matches_significance_cutoffs,5,10,50,1,0.05,1.644853627,3,12,0.6,2.4,indeterminate,Per-suite binary success rate over 10 tasks x 50 official trials.
LIBERO,long10,Compressor-VLA: Instruction-Guided Visual Token Compression for Efficient Robotic Manipulation,leaderboards/stat_significance_sam_export_20260522T233929/sam_libero_official_prev_sota.csv,35,libero_long10,libero_long10_prev_sota,94.8,94.5,0.3,percent,472.5,474,472,474,0.5,0,python_round_nearest_even_matches_significance_cutoffs,2,10,50,1,0.05,1.644853627,3,12,0.6,2.4,provably_not_significant,Per-suite binary success rate over 10 tasks x 50 official trials.
LIBERO,long10,Conditioning Matters: Training Diffusion Policies is Faster Than You Think,leaderboards/stat_significance_sam_export_20260522T233929/sam_libero_official_prev_sota.csv,36,libero_long10,libero_long10_prev_sota,88.7,94.5,-5.8,percent,472.5,443.5,472,444,0.5,-0.5,python_round_nearest_even_matches_significance_cutoffs,-28,10,50,1,0.05,1.644853627,3,12,0.6,2.4,no_improvement,Per-suite binary success rate over 10 tasks x 50 official trials.
LIBERO,long10,CoT-VLA: Visual Chain-of-Thought Reasoning for Vision-Language-Action Models,leaderboards/stat_significance_sam_export_20260522T233929/sam_libero_official_prev_sota.csv,38,libero_long10,libero_long10_prev_sota,69,53.7,15.3,percent,268.5,345,268,345,0.5,0,python_round_nearest_even_matches_significance_cutoffs,77,10,50,1,0.05,1.644853627,3,35,0.6,7,provably_significant,Per-suite binary success rate over 10 tasks x 50 official trials.
LIBERO,long10,CronusVLA: Towards Efficient and Robust Manipulation via Multi-Frame Vision-Language-Action Modeling,leaderboards/stat_significance_sam_export_20260522T233929/sam_libero_official_prev_sota.csv,39,libero_long10,libero_long10_prev_sota,94,94.5,-0.5,percent,472.5,470,472,470,0.5,0,python_round_nearest_even_matches_significance_cutoffs,-2,10,50,1,0.05,1.644853627,3,12,0.6,2.4,no_improvement,Per-suite binary success rate over 10 tasks x 50 official trials.
LIBERO,long10,Cross-Platform Scaling of Vision-Language-Action Models from Edge to Cloud GPUs,leaderboards/stat_significance_sam_export_20260522T233929/sam_libero_official_prev_sota.csv,40,libero_long10,libero_long10_prev_sota,94,90.7,3.3,percent,453.5,470,454,470,-0.5,0,python_round_nearest_even_matches_significance_cutoffs,16,10,50,1,0.05,1.644853627,3,15,0.6,3,provably_significant,Per-suite binary success rate over 10 tasks x 50 official trials.
LIBERO,long10,D2E: Scaling Vision-Action Pretraining on Desktop Data for Transfer to Embodied AI,leaderboards/stat_significance_sam_export_20260522T233929/sam_libero_official_prev_sota.csv,41,libero_long10,libero_long10_prev_sota,93.6,94.5,-0.9,percent,472.5,468,472,468,0.5,0,python_round_nearest_even_matches_significance_cutoffs,-4,10,50,1,0.05,1.644853627,3,12,0.6,2.4,no_improvement,Per-suite binary success rate over 10 tasks x 50 official trials.
LIBERO,long10,Decoupled Action Expert: Confining Task Knowledge to the Conditioning Pathway,leaderboards/stat_significance_sam_export_20260522T233929/sam_libero_official_prev_sota.csv,42,libero_long10,libero_long10_prev_sota,68.9,56.2,12.7,percent,281,344.5,281,344,0,0.5,python_round_nearest_even_matches_significance_cutoffs,63,10,50,1,0.05,1.644853627,3,34,0.6,6.8,provably_significant,Per-suite binary success rate over 10 tasks x 50 official trials.
LIBERO,long10,DeepThinkVLA: Enhancing Reasoning Capability of Vision-Language-Action Models,leaderboards/stat_significance_sam_export_20260522T233929/sam_libero_official_prev_sota.csv,43,libero_long10,libero_long10_prev_sota,96.2,92,4.2,percent,460,481,460,481,0,5.684341886e-14,python_round_nearest_even_matches_significance_cutoffs,21,10,50,1,0.05,1.644853627,3,14,0.6,2.8,provably_significant,Per-suite binary success rate over 10 tasks x 50 official trials.
LIBERO,long10,Dejavu: Towards Experience Feedback Learning for Embodied Intelligence,leaderboards/stat_significance_sam_export_20260522T233929/sam_libero_official_prev_sota.csv,44,libero_long10,libero_long10_prev_sota,94.6,92,2.6,percent,460,473,460,473,0,0,python_round_nearest_even_matches_significance_cutoffs,13,10,50,1,0.05,1.644853627,3,14,0.6,2.8,indeterminate,Per-suite binary success rate over 10 tasks x 50 official trials.
LIBERO,long10,DepthVLA: Enhancing Vision-Language-Action Models with Depth-Aware Spatial Reasoning,leaderboards/stat_significance_sam_export_20260522T233929/sam_libero_official_prev_sota.csv,45,libero_long10,libero_long10_prev_sota,89.2,89.5,-0.3,percent,447.5,446,448,446,-0.5,0,python_round_nearest_even_matches_significance_cutoffs,-2,10,50,1,0.05,1.644853627,3,16,0.6,3.2,no_improvement,Per-suite binary success rate over 10 tasks x 50 official trials.
LIBERO,long10,DiG-Flow: Discrepancy-Guided Flow Matching for Robust VLA Models,leaderboards/stat_significance_sam_export_20260522T233929/sam_libero_official_prev_sota.csv,46,libero_long10,libero_long10_prev_sota,96.4,94.5,1.9,percent,472.5,482,472,482,0.5,5.684341886e-14,python_round_nearest_even_matches_significance_cutoffs,10,10,50,1,0.05,1.644853627,3,12,0.6,2.4,indeterminate,Per-suite binary success rate over 10 tasks x 50 official trials.
LIBERO,long10,Discrete Diffusion VLA: Bringing Discrete Diffusion to Action Decoding in Vision-Language-Action Policies,leaderboards/stat_significance_sam_export_20260522T233929/sam_libero_official_prev_sota.csv,47,libero_long10,libero_long10_prev_sota,92,92,0,percent,460,460,460,460,0,0,python_round_nearest_even_matches_significance_cutoffs,0,10,50,1,0.05,1.644853627,3,14,0.6,2.8,no_improvement,Per-suite binary success rate over 10 tasks x 50 official trials.
LIBERO,long10,Dita: Scaling Diffusion Transformer for Generalist Vision-Language-Action Policy,leaderboards/stat_significance_sam_export_20260522T233929/sam_libero_official_prev_sota.csv,49,libero_long10,libero_long10_prev_sota,83.6,53.7,29.9,percent,268.5,418,268,418,0.5,0,python_round_nearest_even_matches_significance_cutoffs,150,10,50,1,0.05,1.644853627,3,35,0.6,7,provably_significant,Per-suite binary success rate over 10 tasks x 50 official trials.
LIBERO,long10,Don't Run with Scissors: Pruning Breaks VLA Models but They Can Be Recovered,leaderboards/stat_significance_sam_export_20260522T233929/sam_libero_official_prev_sota.csv,50,libero_long10,libero_long10_prev_sota,26.6,55.8,-29.2,percent,279,133,279,133,-5.684341886e-14,0,python_round_nearest_even_matches_significance_cutoffs,-146,10,50,1,0.05,1.644853627,3,34,0.6,6.8,no_improvement,Per-suite binary success rate over 10 tasks x 50 official trials.
LIBERO,long10,Dream-VL & Dream-VLA: Open Vision-Language and Vision-Language-Action Models with Diffusion Language Model Backbone,leaderboards/stat_significance_sam_export_20260522T233929/sam_libero_official_prev_sota.csv,51,libero_long10,libero_long10_prev_sota,95,94.5,0.5,percent,472.5,475,472,475,0.5,0,python_round_nearest_even_matches_significance_cutoffs,3,10,50,1,0.05,1.644853627,3,12,0.6,2.4,indeterminate,Per-suite binary success rate over 10 tasks x 50 official trials.
LIBERO,long10,dVLA: Diffusion Vision-Language-Action Model with Multimodal Chain-of-Thought,leaderboards/stat_significance_sam_export_20260522T233929/sam_libero_official_prev_sota.csv,52,libero_long10,libero_long10_prev_sota,92.2,92,0.2,percent,460,461,460,461,0,0,python_round_nearest_even_matches_significance_cutoffs,1,10,50,1,0.05,1.644853627,3,14,0.6,2.8,provably_not_significant,Per-suite binary success rate over 10 tasks x 50 official trials.
LIBERO,long10,E0: Enhancing Generalization and Fine-Grained Control in VLA Models via Tweedie Discrete Diffusion,leaderboards/stat_significance_sam_export_20260522T233929/sam_libero_official_prev_sota.csv,53,libero_long10,libero_long10_prev_sota,92.2,89.6,2.6,percent,448,461,448,461,-5.684341886e-14,0,python_round_nearest_even_matches_significance_cutoffs,13,10,50,1,0.05,1.644853627,3,16,0.6,3.2,indeterminate,Per-suite binary success rate over 10 tasks x 50 official trials.
LIBERO,long10,"End-to-end Listen, Look, Speak and Act",leaderboards/stat_significance_sam_export_20260522T233929/sam_libero_official_prev_sota.csv,55,libero_long10,libero_long10_prev_sota,84.4,69,15.4,percent,345,422,345,422,0,5.684341886e-14,python_round_nearest_even_matches_significance_cutoffs,77,10,50,1,0.05,1.644853627,3,28,0.6,5.6,provably_significant,Per-suite binary success rate over 10 tasks x 50 official trials.
LIBERO,long10,EnerVerse: Envisioning Embodied Future Space for Robotics Manipulation,leaderboards/stat_significance_sam_export_20260522T233929/sam_libero_official_prev_sota.csv,56,libero_long10,libero_long10_prev_sota,80,78.6,1.4,percent,393,400,393,400,-5.684341886e-14,0,python_round_nearest_even_matches_significance_cutoffs,7,10,50,1,0.05,1.644853627,3,23,0.6,4.6,indeterminate,Per-suite binary success rate over 10 tasks x 50 official trials.
LIBERO,long10,Evo-1: Lightweight Vision-Language-Action Model with Preserved Semantic Alignment,leaderboards/stat_significance_sam_export_20260522T233929/sam_libero_official_prev_sota.csv,57,libero_long10,libero_long10_prev_sota,92.3,90.6,1.7,percent,453,461.5,453,461,-5.684341886e-14,0.5,python_round_nearest_even_matches_significance_cutoffs,8,10,50,1,0.05,1.644853627,3,15,0.6,3,indeterminate,Per-suite binary success rate over 10 tasks x 50 official trials.
LIBERO,long10,EVOLVE-VLA: Test-Time Training from Environment Feedback for Vision-Language-Action Models,leaderboards/stat_significance_sam_export_20260522T233929/sam_libero_official_prev_sota.csv,58,libero_long10,libero_long10_prev_sota,94.4,92,2.4,percent,460,472,460,472,0,5.684341886e-14,python_round_nearest_even_matches_significance_cutoffs,12,10,50,1,0.05,1.644853627,3,14,0.6,2.8,indeterminate,Per-suite binary success rate over 10 tasks x 50 official trials.
LIBERO,long10,ExpReS-VLA: Specializing Vision-Language-Action Models Through Experience Replay and Retrieval,leaderboards/stat_significance_sam_export_20260522T233929/sam_libero_official_prev_sota.csv,59,libero_long10,libero_long10_prev_sota,72.3,95.6,-23.3,percent,478,361.5,478,362,0,-0.5,python_round_nearest_even_matches_significance_cutoffs,-116,10,50,1,0.05,1.644853627,3,10,0.6,2,no_improvement,Per-suite binary success rate over 10 tasks x 50 official trials.
LIBERO,long10,Fast ECoT: Efficient Embodied Chain-of-Thought via Thoughts Reuse,leaderboards/stat_significance_sam_export_20260522T233929/sam_libero_official_prev_sota.csv,60,libero_long10,libero_long10_prev_sota,69,57,12,percent,285,345,285,345,0,0,python_round_nearest_even_matches_significance_cutoffs,60,10,50,1,0.05,1.644853627,3,34,0.6,6.8,provably_significant,Per-suite binary success rate over 10 tasks x 50 official trials.
LIBERO,long10,FASTer: Toward Efficient Autoregressive Vision Language Action Modeling via Neural Action Tokenization,leaderboards/stat_significance_sam_export_20260522T233929/sam_libero_official_prev_sota.csv,62,libero_long10,libero_long10_prev_sota,95.4,94.5,0.9,percent,472.5,477,472,477,0.5,5.684341886e-14,python_round_nearest_even_matches_significance_cutoffs,5,10,50,1,0.05,1.644853627,3,12,0.6,2.4,indeterminate,Per-suite binary success rate over 10 tasks x 50 official trials.
LIBERO,long10,Fine-Tuning Vision-Language-Action Models: Optimizing Speed and Success,leaderboards/stat_significance_sam_export_20260522T233929/sam_libero_official_prev_sota.csv,63,libero_long10,libero_long10_prev_sota,94.5,87.7,6.8,percent,438.5,472.5,438,472,0.5,0.5,python_round_nearest_even_matches_significance_cutoffs,34,10,50,1,0.05,1.644853627,3,18,0.6,3.6,provably_significant,Per-suite binary success rate over 10 tasks x 50 official trials.
LIBERO,long10,FLOWER: Democratizing Generalist Robot Policies with Efficient Vision-Language-Action Flow Policies,leaderboards/stat_significance_sam_export_20260522T233929/sam_libero_official_prev_sota.csv,64,libero_long10,libero_long10_prev_sota,94.9,94.5,0.4,percent,472.5,474.5,472,475,0.5,-0.5,python_round_nearest_even_matches_significance_cutoffs,3,10,50,1,0.05,1.644853627,3,12,0.6,2.4,indeterminate,Per-suite binary success rate over 10 tasks x 50 official trials.
LIBERO,long10,Focusing on What Matters: Object-Agent-centric Tokenization for Vision Language Action models,leaderboards/stat_significance_sam_export_20260522T233929/sam_libero_official_prev_sota.csv,65,libero_long10,libero_long10_prev_sota,55.9,53.7,2.2,percent,268.5,279.5,268,279,0.5,0.5,python_round_nearest_even_matches_significance_cutoffs,11,10,50,1,0.05,1.644853627,3,35,0.6,7,indeterminate,Per-suite binary success rate over 10 tasks x 50 official trials.
LIBERO,long10,FreqPolicy: Efficient Flow-based Visuomotor Policy via Frequency Consistency,leaderboards/stat_significance_sam_export_20260522T233929/sam_libero_official_prev_sota.csv,66,libero_long10,libero_long10_prev_sota,87.6,90.6,-3,percent,453,438,453,438,-5.684341886e-14,-5.684341886e-14,python_round_nearest_even_matches_significance_cutoffs,-15,10,50,1,0.05,1.644853627,3,15,0.6,3,no_improvement,Per-suite binary success rate over 10 tasks x 50 official trials.
LIBERO,long10,From Grounding to Manipulation: Case Studies of Foundation Model Integration in Embodied Robotic Systems,leaderboards/stat_significance_sam_export_20260522T233929/sam_libero_official_prev_sota.csv,67,libero_long10,libero_long10_prev_sota,74.6,85.2,-10.6,percent,426,373,426,373,0,0,python_round_nearest_even_matches_significance_cutoffs,-53,10,50,1,0.05,1.644853627,3,19,0.6,3.8,no_improvement,Per-suite binary success rate over 10 tasks x 50 official trials.
LIBERO,long10,GeoAware-VLA: Implicit Geometry Aware Vision-Language-Action Model,leaderboards/stat_significance_sam_export_20260522T233929/sam_libero_official_prev_sota.csv,68,libero_long10,libero_long10_prev_sota,93,93,0,percent,465,465,465,465,0,0,python_round_nearest_even_matches_significance_cutoffs,0,10,50,1,0.05,1.644853627,3,13,0.6,2.6,no_improvement,Per-suite binary success rate over 10 tasks x 50 official trials.
LIBERO,long10,GeoPredict: Leveraging Predictive Kinematics and 3D Gaussian Geometry for Precise VLA Manipulation,leaderboards/stat_significance_sam_export_20260522T233929/sam_libero_official_prev_sota.csv,69,libero_long10,libero_long10_prev_sota,94,93.2,0.8,percent,466,470,466,470,0,0,python_round_nearest_even_matches_significance_cutoffs,4,10,50,1,0.05,1.644853627,3,13,0.6,2.6,indeterminate,Per-suite binary success rate over 10 tasks x 50 official trials.
LIBERO,long10,Goal-oriented Backdoor Attack against Vision-Language-Action Models via Physical Objects,leaderboards/stat_significance_sam_export_20260522T233929/sam_libero_official_prev_sota.csv,70,libero_long10,libero_long10_prev_sota,87.3,85.2,2.1,percent,426,436.5,426,436,0,0.5,python_round_nearest_even_matches_significance_cutoffs,10,10,50,1,0.05,1.644853627,3,19,0.6,3.8,indeterminate,Per-suite binary success rate over 10 tasks x 50 official trials.
LIBERO,long10,H-GAR: A Hierarchical Interaction Framework via Goal-Driven Observation-Action Refinement for Robotic Manipulation,leaderboards/stat_significance_sam_export_20260522T233929/sam_libero_official_prev_sota.csv,71,libero_long10,libero_long10_prev_sota,94,92,2,percent,460,470,460,470,0,0,python_round_nearest_even_matches_significance_cutoffs,10,10,50,1,0.05,1.644853627,3,14,0.6,2.8,indeterminate,Per-suite binary success rate over 10 tasks x 50 official trials.
LIBERO,long10,"HiF-VLA: Hindsight, Insight and Foresight through Motion Representation for Vision-Language-Action Models",leaderboards/stat_significance_sam_export_20260522T233929/sam_libero_official_prev_sota.csv,72,libero_long10,libero_long10_prev_sota,96.4,94.5,1.9,percent,472.5,482,472,482,0.5,5.684341886e-14,python_round_nearest_even_matches_significance_cutoffs,10,10,50,1,0.05,1.644853627,3,12,0.6,2.4,indeterminate,Per-suite binary success rate over 10 tasks x 50 official trials.
LIBERO,long10,HiMoE-VLA: Hierarchical Mixture-of-Experts for Generalist Vision-Language-Action Policies,leaderboards/stat_significance_sam_export_20260522T233929/sam_libero_official_prev_sota.csv,73,libero_long10,libero_long10_prev_sota,94.8,94.5,0.3,percent,472.5,474,472,474,0.5,0,python_round_nearest_even_matches_significance_cutoffs,2,10,50,1,0.05,1.644853627,3,12,0.6,2.4,provably_not_significant,Per-suite binary success rate over 10 tasks x 50 official trials.
LIBERO,long10,How Do VLAs Effectively Inherit from VLMs?,leaderboards/stat_significance_sam_export_20260522T233929/sam_libero_official_prev_sota.csv,74,libero_long10,libero_long10_prev_sota,83,85,-2,percent,425,415,425,415,0,0,python_round_nearest_even_matches_significance_cutoffs,-10,10,50,1,0.05,1.644853627,3,19,0.6,3.8,no_improvement,Per-suite binary success rate over 10 tasks x 50 official trials.
LIBERO,long10,Hybrid Training for Vision-Language-Action Models,leaderboards/stat_significance_sam_export_20260522T233929/sam_libero_official_prev_sota.csv,75,libero_long10,libero_long10_prev_sota,89.4,84.8,4.6,percent,424,447,424,447,0,0,python_round_nearest_even_matches_significance_cutoffs,23,10,50,1,0.05,1.644853627,3,20,0.6,4,provably_significant,Per-suite binary success rate over 10 tasks x 50 official trials.
LIBERO,long10,HyperVLA: Efficient Inference in Vision-Language-Action Models via Hypernetworks,leaderboards/stat_significance_sam_export_20260522T233929/sam_libero_official_prev_sota.csv,76,libero_long10,libero_long10_prev_sota,74,54,20,percent,270,370,270,370,0,0,python_round_nearest_even_matches_significance_cutoffs,100,10,50,1,0.05,1.644853627,3,35,0.6,7,provably_significant,Per-suite binary success rate over 10 tasks x 50 official trials.
LIBERO,long10,IDAGC: Adaptive Generalized Human-Robot Collaboration via Human Intent Estimation and Multimodal Policy Learning,leaderboards/stat_significance_sam_export_20260522T233929/sam_libero_official_prev_sota.csv,77,libero_long10,libero_long10_prev_sota,91,85,6,percent,425,455,425,455,0,0,python_round_nearest_even_matches_significance_cutoffs,30,10,50,1,0.05,1.644853627,3,19,0.6,3.8,provably_significant,Per-suite binary success rate over 10 tasks x 50 official trials.
LIBERO,long10,Interactive Post-Training for Vision-Language-Action Models,leaderboards/stat_significance_sam_export_20260522T233929/sam_libero_official_prev_sota.csv,79,libero_long10,libero_long10_prev_sota,93.8,92.9,0.9,percent,464.5,469,464,469,0.5,0,python_round_nearest_even_matches_significance_cutoffs,5,10,50,1,0.05,1.644853627,3,13,0.6,2.6,indeterminate,Per-suite binary success rate over 10 tasks x 50 official trials.
LIBERO,long10,InternVLA-M1: A Spatially Guided Vision-Language-Action Framework for Generalist Robot Policy,leaderboards/stat_significance_sam_export_20260522T233929/sam_libero_official_prev_sota.csv,80,libero_long10,libero_long10_prev_sota,92.6,90.6,2,percent,453,463,453,463,-5.684341886e-14,-5.684341886e-14,python_round_nearest_even_matches_significance_cutoffs,10,10,50,1,0.05,1.644853627,3,15,0.6,3,indeterminate,Per-suite binary success rate over 10 tasks x 50 official trials.
LIBERO,long10,"Knowledge Insulating Vision-Language-Action Models: Train Fast, Run Fast, Generalize Better",leaderboards/stat_significance_sam_export_20260522T233929/sam_libero_official_prev_sota.csv,81,libero_long10,libero_long10_prev_sota,85.8,94.5,-8.7,percent,472.5,429,472,429,0.5,0,python_round_nearest_even_matches_significance_cutoffs,-43,10,50,1,0.05,1.644853627,3,12,0.6,2.4,no_improvement,Per-suite binary success rate over 10 tasks x 50 official trials.
LIBERO,long10,LaDi-WM: A Latent Diffusion-based World Model for Predictive Manipulation,leaderboards/stat_significance_sam_export_20260522T233929/sam_libero_official_prev_sota.csv,82,libero_long10,libero_long10_prev_sota,68.7,53.6,15.1,percent,268,343.5,268,344,0,-0.5,python_round_nearest_even_matches_significance_cutoffs,76,10,50,1,0.05,1.644853627,3,35,0.6,7,provably_significant,Per-suite binary success rate over 10 tasks x 50 official trials.
LIBERO,long10,LatBot: Distilling Universal Latent Actions for Vision-Language-Action Models,leaderboards/stat_significance_sam_export_20260522T233929/sam_libero_official_prev_sota.csv,83,libero_long10,libero_long10_prev_sota,95.4,93.4,2,percent,467,477,467,477,0,5.684341886e-14,python_round_nearest_even_matches_significance_cutoffs,10,10,50,1,0.05,1.644853627,3,13,0.6,2.6,indeterminate,Per-suite binary success rate over 10 tasks x 50 official trials.
LIBERO,long10,Latent Action Pretraining Through World Modeling,leaderboards/stat_significance_sam_export_20260522T233929/sam_libero_official_prev_sota.csv,84,libero_long10,libero_long10_prev_sota,94,92.4,1.6,percent,462,470,462,470,0,0,python_round_nearest_even_matches_significance_cutoffs,8,10,50,1,0.05,1.644853627,3,14,0.6,2.8,indeterminate,Per-suite binary success rate over 10 tasks x 50 official trials.
LIBERO,long10,LoLA: Long Horizon Latent Action Learning for General Robot Manipulation,leaderboards/stat_significance_sam_export_20260522T233929/sam_libero_official_prev_sota.csv,88,libero_long10,libero_long10_prev_sota,88.2,85.4,2.8,percent,427,441,427,441,5.684341886e-14,0,python_round_nearest_even_matches_significance_cutoffs,14,10,50,1,0.05,1.644853627,3,19,0.6,3.8,indeterminate,Per-suite binary success rate over 10 tasks x 50 official trials.
LIBERO,long10,Mantis: A Versatile Vision-Language-Action Model with Disentangled Visual Foresight,leaderboards/stat_significance_sam_export_20260522T233929/sam_libero_official_prev_sota.csv,89,libero_long10,libero_long10_prev_sota,94.2,94,0.2,percent,470,471,470,471,0,5.684341886e-14,python_round_nearest_even_matches_significance_cutoffs,1,10,50,1,0.05,1.644853627,3,12,0.6,2.4,provably_not_significant,Per-suite binary success rate over 10 tasks x 50 official trials.
LIBERO,long10,MAP-VLA: Memory-Augmented Prompting for Vision-Language-Action Model in Robotic Manipulation,leaderboards/stat_significance_sam_export_20260522T233929/sam_libero_official_prev_sota.csv,90,libero_long10,libero_long10_prev_sota,83.4,76.4,7,percent,382,417,382,417,0,5.684341886e-14,python_round_nearest_even_matches_significance_cutoffs,35,10,50,1,0.05,1.644853627,3,25,0.6,5,provably_significant,Per-suite binary success rate over 10 tasks x 50 official trials.
LIBERO,long10,MAPS: Preserving Vision-Language Representations via Module-Wise Proximity Scheduling for Better Vision-Language-Action Generalization,leaderboards/stat_significance_sam_export_20260522T233929/sam_libero_official_prev_sota.csv,91,libero_long10,libero_long10_prev_sota,8,7,1,percent,35,40,35,40,0,0,python_round_nearest_even_matches_significance_cutoffs,5,10,50,1,0.05,1.644853627,3,16,0.6,3.2,indeterminate,Per-suite binary success rate over 10 tasks x 50 official trials.
LIBERO,long10,Masked Generative Policy for Robotic Control,leaderboards/stat_significance_sam_export_20260522T233929/sam_libero_official_prev_sota.csv,92,libero_long10,libero_long10_prev_sota,82,68,14,percent,340,410,340,410,0,0,python_round_nearest_even_matches_significance_cutoffs,70,10,50,1,0.05,1.644853627,3,29,0.6,5.8,provably_significant,Per-suite binary success rate over 10 tasks x 50 official trials.
LIBERO,long10,MemoryVLA: Perceptual-Cognitive Memory in Vision-Language-Action Models for Robotic Manipulation,leaderboards/stat_significance_sam_export_20260522T233929/sam_libero_official_prev_sota.csv,93,libero_long10,libero_long10_prev_sota,93.4,88.8,4.6,percent,444,467,444,467,0,0,python_round_nearest_even_matches_significance_cutoffs,23,10,50,1,0.05,1.644853627,3,17,0.6,3.4,provably_significant,Per-suite binary success rate over 10 tasks x 50 official trials.
LIBERO,long10,MergeVLA: Cross-Skill Model Merging Toward a Generalist Vision-Language-Action Agent,leaderboards/stat_significance_sam_export_20260522T233929/sam_libero_official_prev_sota.csv,94,libero_long10,libero_long10_prev_sota,79.4,96.4,-17,percent,482,397,482,397,5.684341886e-14,0,python_round_nearest_even_matches_significance_cutoffs,-85,10,50,1,0.05,1.644853627,3,9,0.6,1.8,no_improvement,Per-suite binary success rate over 10 tasks x 50 official trials.
LIBERO,long10,MetaVLA: Unified Meta Co-training For Efficient Embodied Adaption,leaderboards/stat_significance_sam_export_20260522T233929/sam_libero_official_prev_sota.csv,95,libero_long10,libero_long10_prev_sota,59.8,92.4,-32.6,percent,462,299,462,299,0,0,python_round_nearest_even_matches_significance_cutoffs,-163,10,50,1,0.05,1.644853627,3,14,0.6,2.8,no_improvement,Per-suite binary success rate over 10 tasks x 50 official trials.
LIBERO,long10,Mixture of Horizons in Action Chunking,leaderboards/stat_significance_sam_export_20260522T233929/sam_libero_official_prev_sota.csv,96,libero_long10,libero_long10_prev_sota,98.4,97.6,0.8,percent,488,492,488,492,0,5.684341886e-14,python_round_nearest_even_matches_significance_cutoffs,4,10,50,1,0.05,1.644853627,3,7,0.6,1.4,indeterminate,Per-suite binary success rate over 10 tasks x 50 official trials.
LIBERO,long10,Multimodal Reinforcement Learning with Adaptive Verifier for AI Agents,leaderboards/stat_significance_sam_export_20260522T233929/sam_libero_official_prev_sota.csv,97,libero_long10,libero_long10_prev_sota,63.8,67.8,-4,percent,339,319,339,319,-5.684341886e-14,0,python_round_nearest_even_matches_significance_cutoffs,-20,10,50,1,0.05,1.644853627,3,29,0.6,5.8,no_improvement,Per-suite binary success rate over 10 tasks x 50 official trials.
LIBERO,long10,NORA: A Small Open-Sourced Generalist Vision Language Action Model for Embodied Tasks,leaderboards/stat_significance_sam_export_20260522T233929/sam_libero_official_prev_sota.csv,98,libero_long10,libero_long10_prev_sota,74.6,55.5,19.1,percent,277.5,373,278,373,-0.5,0,python_round_nearest_even_matches_significance_cutoffs,95,10,50,1,0.05,1.644853627,3,34,0.6,6.8,provably_significant,Per-suite binary success rate over 10 tasks x 50 official trials.
LIBERO,long10,PixelVLA: Advancing Pixel-level Understanding in Vision-Language-Action Model,leaderboards/stat_significance_sam_export_20260522T233929/sam_libero_official_prev_sota.csv,99,libero_long10,libero_long10_prev_sota,82.6,69,13.6,percent,345,413,345,413,0,0,python_round_nearest_even_matches_significance_cutoffs,68,10,50,1,0.05,1.644853627,3,28,0.6,5.6,provably_significant,Per-suite binary success rate over 10 tasks x 50 official trials.
LIBERO,long10,Reflection-Based Task Adaptation for Self-Improving VLA,leaderboards/stat_significance_sam_export_20260522T233929/sam_libero_official_prev_sota.csv,100,libero_long10,libero_long10_prev_sota,63.6,60.2,3.4,percent,301,318,301,318,0,0,python_round_nearest_even_matches_significance_cutoffs,17,10,50,1,0.05,1.644853627,3,32,0.6,6.4,indeterminate,Per-suite binary success rate over 10 tasks x 50 official trials.
LIBERO,long10,Reinforcement Fine-Tuning of Flow-Matching Policies for Vision-Language-Action Models,leaderboards/stat_significance_sam_export_20260522T233929/sam_libero_official_prev_sota.csv,101,libero_long10,libero_long10_prev_sota,65.3,60.2,5.1,percent,301,326.5,301,326,0,0.5,python_round_nearest_even_matches_significance_cutoffs,25,10,50,1,0.05,1.644853627,3,32,0.6,6.4,indeterminate,Per-suite binary success rate over 10 tasks x 50 official trials.
LIBERO,long10,RESample: A Robust Data Augmentation Framework via Exploratory Sampling for Robotic Manipulation,leaderboards/stat_significance_sam_export_20260522T233929/sam_libero_official_prev_sota.csv,102,libero_long10,libero_long10_prev_sota,87.4,79.8,7.6,percent,399,437,399,437,-5.684341886e-14,5.684341886e-14,python_round_nearest_even_matches_significance_cutoffs,38,10,50,1,0.05,1.644853627,3,23,0.6,4.6,provably_significant,Per-suite binary success rate over 10 tasks x 50 official trials.
LIBERO,long10,Resolving State Ambiguity in Robot Manipulation via Adaptive Working Memory Recoding,leaderboards/stat_significance_sam_export_20260522T233929/sam_libero_official_prev_sota.csv,103,libero_long10,libero_long10_prev_sota,84.7,85.2,-0.5,percent,426,423.5,426,424,0,-0.5,python_round_nearest_even_matches_significance_cutoffs,-2,10,50,1,0.05,1.644853627,3,19,0.6,3.8,no_improvement,Per-suite binary success rate over 10 tasks x 50 official trials.
LIBERO,long10,Rethinking Latent Redundancy in Behavior Cloning: An Information Bottleneck Approach for Robot Manipulation,leaderboards/stat_significance_sam_export_20260522T233929/sam_libero_official_prev_sota.csv,104,libero_long10,libero_long10_prev_sota,8.67,15.83,-7.16,percent,79.15,43.35,79,43,0.15,0.35,python_round_nearest_even_matches_significance_cutoffs,-36,10,50,1,0.05,1.644853627,3,23,0.6,4.6,no_improvement,Per-suite binary success rate over 10 tasks x 50 official trials.
LIBERO,long10,RetoVLA: Reusing Register Tokens for Spatial Reasoning in Vision-Language-Action Models,leaderboards/stat_significance_sam_export_20260522T233929/sam_libero_official_prev_sota.csv,105,libero_long10,libero_long10_prev_sota,50.4,50.4,0,percent,252,252,252,252,0,0,python_round_nearest_even_matches_significance_cutoffs,0,10,50,1,0.05,1.644853627,3,36,0.6,7.2,no_improvement,Per-suite binary success rate over 10 tasks x 50 official trials.
LIBERO,long10,RLinf-VLA: A Unified and Efficient Framework for Reinforcement Learning of Vision-Language-Action Models,leaderboards/stat_significance_sam_export_20260522T233929/sam_libero_official_prev_sota.csv,106,libero_long10,libero_long10_prev_sota,93.55,11.9,81.65,percent,59.5,467.75,60,468,-0.5,-0.25,python_round_nearest_even_matches_significance_cutoffs,408,10,50,1,0.05,1.644853627,3,20,0.6,4,provably_significant,Per-suite binary success rate over 10 tasks x 50 official trials.
LIBERO,long10,RoboNeuron: A Middle-Layer Infrastructure for Agent-Driven Orchestration in Embodied AI,leaderboards/stat_significance_sam_export_20260522T233929/sam_libero_official_prev_sota.csv,107,libero_long10,libero_long10_prev_sota,94.4,95.8,-1.4,percent,479,472,479,472,0,5.684341886e-14,python_round_nearest_even_matches_significance_cutoffs,-7,10,50,1,0.05,1.644853627,3,10,0.6,2,no_improvement,Per-suite binary success rate over 10 tasks x 50 official trials.
LIBERO,long10,Robotic VLA Benefits from Joint Learning with Motion Image Diffusion,leaderboards/stat_significance_sam_export_20260522T233929/sam_libero_official_prev_sota.csv,108,libero_long10,libero_long10_prev_sota,96.2,92.4,3.8,percent,462,481,462,481,0,5.684341886e-14,python_round_nearest_even_matches_significance_cutoffs,19,10,50,1,0.05,1.644853627,3,14,0.6,2.8,provably_significant,Per-suite binary success rate over 10 tasks x 50 official trials.
LIBERO,long10,RynnVLA-002: A Unified Vision-Language-Action and World Model,leaderboards/stat_significance_sam_export_20260522T233929/sam_libero_official_prev_sota.csv,109,libero_long10,libero_long10_prev_sota,94.4,94.5,-0.1,percent,472.5,472,472,472,0.5,5.684341886e-14,python_round_nearest_even_matches_significance_cutoffs,0,10,50,1,0.05,1.644853627,3,12,0.6,2.4,no_improvement,Per-suite binary success rate over 10 tasks x 50 official trials.
LIBERO,long10,Saliency-Aware Quantized Imitation Learning for Efficient Robotic Control,leaderboards/stat_significance_sam_export_20260522T233929/sam_libero_official_prev_sota.csv,110,libero_long10,libero_long10_prev_sota,49.2,50.7,-1.5,percent,253.5,246,254,246,-0.5,2.842170943e-14,python_round_nearest_even_matches_significance_cutoffs,-8,10,50,1,0.05,1.644853627,3,36,0.6,7.2,no_improvement,Per-suite binary success rate over 10 tasks x 50 official trials.
LIBERO,long10,SemanticVLA: Semantic-Aligned Sparsification and Enhancement for Efficient Robotic Manipulation,leaderboards/stat_significance_sam_export_20260522T233929/sam_libero_official_prev_sota.csv,112,libero_long10,libero_long10_prev_sota,94.8,94.5,0.3,percent,472.5,474,472,474,0.5,0,python_round_nearest_even_matches_significance_cutoffs,2,10,50,1,0.05,1.644853627,3,12,0.6,2.4,provably_not_significant,Per-suite binary success rate over 10 tasks x 50 official trials.
LIBERO,long10,SimpleVLA-RL: Scaling VLA Training via Reinforcement Learning,leaderboards/stat_significance_sam_export_20260522T233929/sam_libero_official_prev_sota.csv,113,libero_long10,libero_long10_prev_sota,98.5,92,6.5,percent,460,492.5,460,492,0,0.5,python_round_nearest_even_matches_significance_cutoffs,32,10,50,1,0.05,1.644853627,3,14,0.6,2.8,provably_significant,Per-suite binary success rate over 10 tasks x 50 official trials.
LIBERO,long10,SmolVLA: A Vision-Language-Action Model for Affordable and Efficient Robotics,leaderboards/stat_significance_sam_export_20260522T233929/sam_libero_official_prev_sota.csv,114,libero_long10,libero_long10_prev_sota,71,73,-2,percent,365,355,365,355,0,0,python_round_nearest_even_matches_significance_cutoffs,-10,10,50,1,0.05,1.644853627,3,26,0.6,5.2,no_improvement,Per-suite binary success rate over 10 tasks x 50 official trials.
LIBERO,long10,Spatial-Aware VLA Pretraining through Visual-Physical Alignment from Human Videos,leaderboards/stat_significance_sam_export_20260522T233929/sam_libero_official_prev_sota.csv,115,libero_long10,libero_long10_prev_sota,85.6,85.6,0,percent,428,428,428,428,0,0,python_round_nearest_even_matches_significance_cutoffs,0,10,50,1,0.05,1.644853627,3,19,0.6,3.8,no_improvement,Per-suite binary success rate over 10 tasks x 50 official trials.
LIBERO,long10,Spatial Forcing: Implicit Spatial Representation Alignment for Vision-language-action Model,leaderboards/stat_significance_sam_export_20260522T233929/sam_libero_official_prev_sota.csv,116,libero_long10,libero_long10_prev_sota,96,96.6,-0.6,percent,483,480,483,480,0,0,python_round_nearest_even_matches_significance_cutoffs,-3,10,50,1,0.05,1.644853627,3,9,0.6,1.8,no_improvement,Per-suite binary success rate over 10 tasks x 50 official trials.
LIBERO,long10,SpatialVLA: Exploring Spatial Representations for Visual-Language-Action Model,leaderboards/stat_significance_sam_export_20260522T233929/sam_libero_official_prev_sota.csv,117,libero_long10,libero_long10_prev_sota,55.5,54.1,1.4,percent,270.5,277.5,270,278,0.5,-0.5,python_round_nearest_even_matches_significance_cutoffs,8,10,50,1,0.05,1.644853627,3,35,0.6,7,indeterminate,Per-suite binary success rate over 10 tasks x 50 official trials.
LIBERO,long10,Spec-VLA: Speculative Decoding for Vision-Language-Action Models with Relaxed Acceptance,leaderboards/stat_significance_sam_export_20260522T233929/sam_libero_official_prev_sota.csv,118,libero_long10,libero_long10_prev_sota,55,52,3,percent,260,275,260,275,0,0,python_round_nearest_even_matches_significance_cutoffs,15,10,50,1,0.05,1.644853627,3,35,0.6,7,indeterminate,Per-suite binary success rate over 10 tasks x 50 official trials.
LIBERO,long10,SpecPrune-VLA: Accelerating Vision-Language-Action Models via Action-Aware Self-Speculative Pruning,leaderboards/stat_significance_sam_export_20260522T233929/sam_libero_official_prev_sota.csv,119,libero_long10,libero_long10_prev_sota,93.4,94.5,-1.1,percent,472.5,467,472,467,0.5,0,python_round_nearest_even_matches_significance_cutoffs,-5,10,50,1,0.05,1.644853627,3,12,0.6,2.4,no_improvement,Per-suite binary success rate over 10 tasks x 50 official trials.
LIBERO,long10,STAR: Learning Diverse Robot Skill Abstractions through Rotation-Augmented Vector Quantization,leaderboards/stat_significance_sam_export_20260522T233929/sam_libero_official_prev_sota.csv,120,libero_long10,libero_long10_prev_sota,88.5,69.1,19.4,percent,345.5,442.5,346,442,-0.5,0.5,python_round_nearest_even_matches_significance_cutoffs,96,10,50,1,0.05,1.644853627,3,28,0.6,5.6,provably_significant,Per-suite binary success rate over 10 tasks x 50 official trials.
LIBERO,long10,TGRPO: Fine-tuning Vision-Language-Action Model via Trajectory-wise Group Relative Policy Optimization,leaderboards/stat_significance_sam_export_20260522T233929/sam_libero_official_prev_sota.csv,122,libero_long10,libero_long10_prev_sota,59.2,57.2,2,percent,286,296,286,296,5.684341886e-14,5.684341886e-14,python_round_nearest_even_matches_significance_cutoffs,10,10,50,1,0.05,1.644853627,3,33,0.6,6.6,indeterminate,Per-suite binary success rate over 10 tasks x 50 official trials.
LIBERO,long10,"The Better You Learn, The Smarter You Prune: Towards Efficient Vision-language-action Models via Differentiable Token Pruning",leaderboards/stat_significance_sam_export_20260522T233929/sam_libero_official_prev_sota.csv,123,libero_long10,libero_long10_prev_sota,94.6,92,2.6,percent,460,473,460,473,0,0,python_round_nearest_even_matches_significance_cutoffs,13,10,50,1,0.05,1.644853627,3,14,0.6,2.8,indeterminate,Per-suite binary success rate over 10 tasks x 50 official trials.
LIBERO,long10,"Think Twice, Act Once: Token-Aware Compression and Action Reuse for Efficient Inference in Vision-Language-Action Models",leaderboards/stat_significance_sam_export_20260522T233929/sam_libero_official_prev_sota.csv,124,libero_long10,libero_long10_prev_sota,46.8,51.4,-4.6,percent,257,234,257,234,0,0,python_round_nearest_even_matches_significance_cutoffs,-23,10,50,1,0.05,1.644853627,3,36,0.6,7.2,no_improvement,Per-suite binary success rate over 10 tasks x 50 official trials.
LIBERO,long10,Token Expand-Merge: Training-Free Token Compression for Vision-Language-Action Models,leaderboards/stat_significance_sam_export_20260522T233929/sam_libero_official_prev_sota.csv,125,libero_long10,libero_long10_prev_sota,93.8,94.5,-0.7,percent,472.5,469,472,469,0.5,0,python_round_nearest_even_matches_significance_cutoffs,-3,10,50,1,0.05,1.644853627,3,12,0.6,2.4,no_improvement,Per-suite binary success rate over 10 tasks x 50 official trials.
LIBERO,long10,Unified Diffusion VLA: Vision-Language-Action Model via Joint Discrete Denoising Diffusion Process,leaderboards/stat_significance_sam_export_20260522T233929/sam_libero_official_prev_sota.csv,126,libero_long10,libero_long10_prev_sota,89.6,89.5,0.1,percent,447.5,448,448,448,-0.5,-5.684341886e-14,python_round_nearest_even_matches_significance_cutoffs,0,10,50,1,0.05,1.644853627,3,16,0.6,3.2,provably_not_significant,Per-suite binary success rate over 10 tasks x 50 official trials.
LIBERO,long10,Unified Video Action Model,leaderboards/stat_significance_sam_export_20260522T233929/sam_libero_official_prev_sota.csv,127,libero_long10,libero_long10_prev_sota,90,85,5,percent,425,450,425,450,0,0,python_round_nearest_even_matches_significance_cutoffs,25,10,50,1,0.05,1.644853627,3,19,0.6,3.8,provably_significant,Per-suite binary success rate over 10 tasks x 50 official trials.
LIBERO,long10,Unified Vision-Language-Action Model,leaderboards/stat_significance_sam_export_20260522T233929/sam_libero_official_prev_sota.csv,128,libero_long10,libero_long10_prev_sota,94,69,25,percent,345,470,345,470,0,0,python_round_nearest_even_matches_significance_cutoffs,125,10,50,1,0.05,1.644853627,3,28,0.6,5.6,provably_significant,Per-suite binary success rate over 10 tasks x 50 official trials.
LIBERO,long10,UniVLA: Learning to Act Anywhere with Task-centric Latent Actions,leaderboards/stat_significance_sam_export_20260522T233929/sam_libero_official_prev_sota.csv,129,libero_long10,libero_long10_prev_sota,92,78.6,13.4,percent,393,460,393,460,-5.684341886e-14,0,python_round_nearest_even_matches_significance_cutoffs,67,10,50,1,0.05,1.644853627,3,23,0.6,4.6,provably_significant,Per-suite binary success rate over 10 tasks x 50 official trials.
LIBERO,long10,Verifier-free Test-Time Sampling for Vision Language Action Models,leaderboards/stat_significance_sam_export_20260522T233929/sam_libero_official_prev_sota.csv,130,libero_long10,libero_long10_prev_sota,82.7,79.6,3.1,percent,398,413.5,398,414,-5.684341886e-14,-0.5,python_round_nearest_even_matches_significance_cutoffs,16,10,50,1,0.05,1.644853627,3,23,0.6,4.6,indeterminate,Per-suite binary success rate over 10 tasks x 50 official trials.
LIBERO,long10,ViPRA: Video Prediction for Robot Actions,leaderboards/stat_significance_sam_export_20260522T233929/sam_libero_official_prev_sota.csv,131,libero_long10,libero_long10_prev_sota,79,92,-13,percent,460,395,460,395,0,0,python_round_nearest_even_matches_significance_cutoffs,-65,10,50,1,0.05,1.644853627,3,14,0.6,2.8,no_improvement,Per-suite binary success rate over 10 tasks x 50 official trials.
LIBERO,long10,VITA-VLA: Efficiently Teaching Vision-Language Models to Act via Action Expert Distillation,leaderboards/stat_significance_sam_export_20260522T233929/sam_libero_official_prev_sota.csv,132,libero_long10,libero_long10_prev_sota,93.5,69,24.5,percent,345,467.5,345,468,0,-0.5,python_round_nearest_even_matches_significance_cutoffs,123,10,50,1,0.05,1.644853627,3,28,0.6,5.6,provably_significant,Per-suite binary success rate over 10 tasks x 50 official trials.
LIBERO,long10,VLA-0: Building State-of-the-Art VLAs with Zero Modification,leaderboards/stat_significance_sam_export_20260522T233929/sam_libero_official_prev_sota.csv,133,libero_long10,libero_long10_prev_sota,87.6,94.5,-6.9,percent,472.5,438,472,438,0.5,-5.684341886e-14,python_round_nearest_even_matches_significance_cutoffs,-34,10,50,1,0.05,1.644853627,3,12,0.6,2.4,no_improvement,Per-suite binary success rate over 10 tasks x 50 official trials.
LIBERO,long10,VLA-Cache: Efficient Vision-Language-Action Manipulation via Adaptive Token Caching,leaderboards/stat_significance_sam_export_20260522T233929/sam_libero_official_prev_sota.csv,134,libero_long10,libero_long10_prev_sota,95.4,94.2,1.2,percent,471,477,471,477,5.684341886e-14,5.684341886e-14,python_round_nearest_even_matches_significance_cutoffs,6,10,50,1,0.05,1.644853627,3,12,0.6,2.4,indeterminate,Per-suite binary success rate over 10 tasks x 50 official trials.
LIBERO,long10,VLA-Pruner: Temporal-Aware Dual-Level Visual Token Pruning for Efficient Vision-Language-Action Inference,leaderboards/stat_significance_sam_export_20260522T233929/sam_libero_official_prev_sota.csv,135,libero_long10,libero_long10_prev_sota,92.6,90.7,1.9,percent,453.5,463,454,463,-0.5,-5.684341886e-14,python_round_nearest_even_matches_significance_cutoffs,9,10,50,1,0.05,1.644853627,3,15,0.6,3,indeterminate,Per-suite binary success rate over 10 tasks x 50 official trials.
LIBERO,long10,VLA-RFT: Vision-Language-Action Reinforcement Fine-tuning with Verified Rewards in World Simulators,leaderboards/stat_significance_sam_export_20260522T233929/sam_libero_official_prev_sota.csv,136,libero_long10,libero_long10_prev_sota,80.2,77.2,3,percent,386,401,386,401,0,0,python_round_nearest_even_matches_significance_cutoffs,15,10,50,1,0.05,1.644853627,3,24,0.6,4.8,indeterminate,Per-suite binary success rate over 10 tasks x 50 official trials.
LIBERO,long10,VLA-RL: Towards Masterful and General Robotic Manipulation with Scalable Reinforcement Learning,leaderboards/stat_significance_sam_export_20260522T233929/sam_libero_official_prev_sota.csv,137,libero_long10,libero_long10_prev_sota,59.8,60.2,-0.4,percent,301,299,301,299,0,0,python_round_nearest_even_matches_significance_cutoffs,-2,10,50,1,0.05,1.644853627,3,32,0.6,6.4,no_improvement,Per-suite binary success rate over 10 tasks x 50 official trials.
LIBERO,long10,VQ-VLA: Improving Vision-Language-Action Models via Scaling Vector-Quantized Action Tokenizers,leaderboards/stat_significance_sam_export_20260522T233929/sam_libero_official_prev_sota.csv,139,libero_long10,libero_long10_prev_sota,60,51,9,percent,255,300,255,300,0,0,python_round_nearest_even_matches_significance_cutoffs,45,10,50,1,0.05,1.644853627,3,36,0.6,7.2,provably_significant,Per-suite binary success rate over 10 tasks x 50 official trials.
LIBERO,long10,WorldVLA: Towards Autoregressive Action World Model,leaderboards/stat_significance_sam_export_20260522T233929/sam_libero_official_prev_sota.csv,141,libero_long10,libero_long10_prev_sota,60,94,-34,percent,470,300,470,300,0,0,python_round_nearest_even_matches_significance_cutoffs,-170,10,50,1,0.05,1.644853627,3,12,0.6,2.4,no_improvement,Per-suite binary success rate over 10 tasks x 50 official trials.
LIBERO,long10,X-VLA: Soft-Prompted Transformer as Scalable Cross-Embodiment Vision-Language-Action Model,leaderboards/stat_significance_sam_export_20260522T233929/sam_libero_official_prev_sota.csv,142,libero_long10,libero_long10_prev_sota,97.6,94.5,3.1,percent,472.5,488,472,488,0.5,0,python_round_nearest_even_matches_significance_cutoffs,16,10,50,1,0.05,1.644853627,3,12,0.6,2.4,provably_significant,Per-suite binary success rate over 10 tasks x 50 official trials.
LIBERO,long10,"A1: A Fully Transparent Open-Source, Adaptive and Efficient Truncated Vision-Language-Action Model",leaderboards/stat_significance_sam_export_20260522T233929/sam_libero_official_prev_sota.csv,144,libero_long10,libero_long10_prev_sota,91.4,94.5,-3.1,percent,472.5,457,472,457,0.5,0,python_round_nearest_even_matches_significance_cutoffs,-15,10,50,1,0.05,1.644853627,3,12,0.6,2.4,no_improvement,Per-suite binary success rate over 10 tasks x 50 official trials.
LIBERO,long10,AcceRL: A Distributed Asynchronous Reinforcement Learning and World Model Framework for Vision-Language-Action Models,leaderboards/stat_significance_sam_export_20260522T233929/sam_libero_official_prev_sota.csv,145,libero_long10,libero_long10_prev_sota,99.1,98.5,0.6,percent,492.5,495.5,492,496,0.5,-0.5,python_round_nearest_even_matches_significance_cutoffs,4,10,50,1,0.05,1.644853627,3,6,0.6,1.2,indeterminate,Per-suite binary success rate over 10 tasks x 50 official trials.
LIBERO,long10,ACoT-VLA: Action Chain-of-Thought for Vision-Language-Action Models,leaderboards/stat_significance_sam_export_20260522T233929/sam_libero_official_prev_sota.csv,146,libero_long10,libero_long10_prev_sota,97,95,2,percent,475,485,475,485,0,0,python_round_nearest_even_matches_significance_cutoffs,10,10,50,1,0.05,1.644853627,3,11,0.6,2.2,indeterminate,Per-suite binary success rate over 10 tasks x 50 official trials.
LIBERO,long10,"Act, Think or Abstain: Complexity-Aware Adaptive Inference for Vision-Language-Action Models",leaderboards/stat_significance_sam_export_20260522T233929/sam_libero_official_prev_sota.csv,147,libero_long10,libero_long10_prev_sota,60,53.33,6.67,percent,266.65,300,267,300,-0.35,0,python_round_nearest_even_matches_significance_cutoffs,33,10,50,1,0.05,1.644853627,3,35,0.6,7,indeterminate,Per-suite binary success rate over 10 tasks x 50 official trials.
LIBERO,long10,Action Draft and Verify: A Self-Verifying Framework for Vision-Language-Action Model,leaderboards/stat_significance_sam_export_20260522T233929/sam_libero_official_prev_sota.csv,148,libero_long10,libero_long10_prev_sota,97.6,93,4.6,percent,465,488,465,488,0,0,python_round_nearest_even_matches_significance_cutoffs,23,10,50,1,0.05,1.644853627,3,13,0.6,2.6,provably_significant,Per-suite binary success rate over 10 tasks x 50 official trials.
LIBERO,long10,ActionCodec: What Makes for Good Action Tokenizers,leaderboards/stat_significance_sam_export_20260522T233929/sam_libero_official_prev_sota.csv,149,libero_long10,libero_long10_prev_sota,94.8,87.6,7.2,percent,438,474,438,474,-5.684341886e-14,0,python_round_nearest_even_matches_significance_cutoffs,36,10,50,1,0.05,1.644853627,3,18,0.6,3.6,provably_significant,Per-suite binary success rate over 10 tasks x 50 official trials.
LIBERO,long10,Adaptive Action Chunking at Inference-time for Vision-Language-Action Models,leaderboards/stat_significance_sam_export_20260522T233929/sam_libero_official_prev_sota.csv,150,libero_long10,libero_long10_prev_sota,92.8,93.4,-0.6,percent,467,464,467,464,0,-5.684341886e-14,python_round_nearest_even_matches_significance_cutoffs,-3,10,50,1,0.05,1.644853627,3,13,0.6,2.6,no_improvement,Per-suite binary success rate over 10 tasks x 50 official trials.
LIBERO,long10,AdaWorldPolicy: World-Model-Driven Diffusion Policy with Online Adaptive Learning for Robotic Manipulation,leaderboards/stat_significance_sam_export_20260522T233929/sam_libero_official_prev_sota.csv,151,libero_long10,libero_long10_prev_sota,96,94,2,percent,470,480,470,480,0,0,python_round_nearest_even_matches_significance_cutoffs,10,10,50,1,0.05,1.644853627,3,12,0.6,2.4,indeterminate,Per-suite binary success rate over 10 tasks x 50 official trials.
LIBERO,long10,AnchorRefine: Synergy-Manipulation Based on Trajectory Anchor and Residual Refinement for Vision-Language-Action Models,leaderboards/stat_significance_sam_export_20260522T233929/sam_libero_official_prev_sota.csv,153,libero_long10,libero_long10_prev_sota,97.4,95.8,1.6,percent,479,487,479,487,0,5.684341886e-14,python_round_nearest_even_matches_significance_cutoffs,8,10,50,1,0.05,1.644853627,3,10,0.6,2,indeterminate,Per-suite binary success rate over 10 tasks x 50 official trials.
LIBERO,long10,ATA: Bridging Implicit Reasoning with Attention-Guided and Action-Guided Inference for Vision-Language Action Models,leaderboards/stat_significance_sam_export_20260522T233929/sam_libero_official_prev_sota.csv,154,libero_long10,libero_long10_prev_sota,63.2,60.8,2.4,percent,304,316,304,316,0,0,python_round_nearest_even_matches_significance_cutoffs,12,10,50,1,0.05,1.644853627,3,32,0.6,6.4,indeterminate,Per-suite binary success rate over 10 tasks x 50 official trials.
LIBERO,long10,AtomicVLA: Unlocking the Potential of Atomic Skill Learning in Robots,leaderboards/stat_significance_sam_export_20260522T233929/sam_libero_official_prev_sota.csv,155,libero_long10,libero_long10_prev_sota,96.2,92.4,3.8,percent,462,481,462,481,0,5.684341886e-14,python_round_nearest_even_matches_significance_cutoffs,19,10,50,1,0.05,1.644853627,3,14,0.6,2.8,provably_significant,Per-suite binary success rate over 10 tasks x 50 official trials.
LIBERO,long10,AtomVLA: Scalable Post-Training for Robotic Manipulation via Predictive Latent World Models,leaderboards/stat_significance_sam_export_20260522T233929/sam_libero_official_prev_sota.csv,156,libero_long10,libero_long10_prev_sota,94.4,89.6,4.8,percent,448,472,448,472,-5.684341886e-14,5.684341886e-14,python_round_nearest_even_matches_significance_cutoffs,24,10,50,1,0.05,1.644853627,3,16,0.6,3.2,provably_significant,Per-suite binary success rate over 10 tasks x 50 official trials.
LIBERO,long10,Beyond Dense Futures: World Models as Structured Planners for Robotic Manipulation,leaderboards/stat_significance_sam_export_20260522T233929/sam_libero_official_prev_sota.csv,159,libero_long10,libero_long10_prev_sota,92.2,89.6,2.6,percent,448,461,448,461,-5.684341886e-14,0,python_round_nearest_even_matches_significance_cutoffs,13,10,50,1,0.05,1.644853627,3,16,0.6,3.2,indeterminate,Per-suite binary success rate over 10 tasks x 50 official trials.
LIBERO,long10,Causal World Modeling for Robot Control,leaderboards/stat_significance_sam_export_20260522T233929/sam_libero_official_prev_sota.csv,160,libero_long10,libero_long10_prev_sota,98.5,97.6,0.9,percent,488,492.5,488,492,0,0.5,python_round_nearest_even_matches_significance_cutoffs,4,10,50,1,0.05,1.644853627,3,7,0.6,1.4,indeterminate,Per-suite binary success rate over 10 tasks x 50 official trials.
LIBERO,long10,CF-VLA: Efficient Coarse-to-Fine Action Generation for Vision-Language-Action Policies,leaderboards/stat_significance_sam_export_20260522T233929/sam_libero_official_prev_sota.csv,161,libero_long10,libero_long10_prev_sota,92,97.6,-5.6,percent,488,460,488,460,0,0,python_round_nearest_even_matches_significance_cutoffs,-28,10,50,1,0.05,1.644853627,3,7,0.6,1.4,no_improvement,Per-suite binary success rate over 10 tasks x 50 official trials.
LIBERO,long10,Chain of World: World Model Thinking in Latent Motion,leaderboards/stat_significance_sam_export_20260522T233929/sam_libero_official_prev_sota.csv,162,libero_long10,libero_long10_prev_sota,92.8,92,0.8,percent,460,464,460,464,0,-5.684341886e-14,python_round_nearest_even_matches_significance_cutoffs,4,10,50,1,0.05,1.644853627,3,14,0.6,2.8,indeterminate,Per-suite binary success rate over 10 tasks x 50 official trials.
LIBERO,long10,CKT-WAM: Parameter-Efficient Context Knowledge Transfer Between World Action Models,leaderboards/stat_significance_sam_export_20260522T233929/sam_libero_official_prev_sota.csv,163,libero_long10,libero_long10_prev_sota,97.8,97.6,0.2,percent,488,489,488,489,0,0,python_round_nearest_even_matches_significance_cutoffs,1,10,50,1,0.05,1.644853627,3,7,0.6,1.4,provably_not_significant,Per-suite binary success rate over 10 tasks x 50 official trials.
LIBERO,long10,CLaD: Planning with Grounded Foresight via Cross-Modal Latent Dynamics,leaderboards/stat_significance_sam_export_20260522T233929/sam_libero_official_prev_sota.csv,164,libero_long10,libero_long10_prev_sota,94.7,93.8,0.9,percent,469,473.5,469,474,0,-0.5,python_round_nearest_even_matches_significance_cutoffs,5,10,50,1,0.05,1.644853627,3,12,0.6,2.4,indeterminate,Per-suite binary success rate over 10 tasks x 50 official trials.
LIBERO,long10,CLAP: Contrastive Latent Action Pretraining for Learning Vision-Language-Action Models from Human Videos,leaderboards/stat_significance_sam_export_20260522T233929/sam_libero_official_prev_sota.csv,165,libero_long10,libero_long10_prev_sota,82,77,5,percent,385,410,385,410,0,0,python_round_nearest_even_matches_significance_cutoffs,25,10,50,1,0.05,1.644853627,3,24,0.6,4.8,provably_significant,Per-suite binary success rate over 10 tasks x 50 official trials.
LIBERO,long10,Conservative Offline Robot Policy Learning via Posterior-Transition Reweighting,leaderboards/stat_significance_sam_export_20260522T233929/sam_libero_official_prev_sota.csv,166,libero_long10,libero_long10_prev_sota,97,96.8,0.2,percent,484,485,484,485,0,0,python_round_nearest_even_matches_significance_cutoffs,1,10,50,1,0.05,1.644853627,3,9,0.6,1.8,provably_not_significant,Per-suite binary success rate over 10 tasks x 50 official trials.
LIBERO,long10,ConsisVLA-4D: Advancing Spatiotemporal Consistency in Efficient 3D-Perception and 4D-Reasoning for Robotic Manipulation,leaderboards/stat_significance_sam_export_20260522T233929/sam_libero_official_prev_sota.csv,167,libero_long10,libero_long10_prev_sota,95.6,94.5,1.1,percent,472.5,478,472,478,0.5,0,python_round_nearest_even_matches_significance_cutoffs,6,10,50,1,0.05,1.644853627,3,12,0.6,2.4,indeterminate,Per-suite binary success rate over 10 tasks x 50 official trials.
LIBERO,long10,CORAL: Scalable Multi-Task Robot Learning via LoRA Experts,leaderboards/stat_significance_sam_export_20260522T233929/sam_libero_official_prev_sota.csv,168,libero_long10,libero_long10_prev_sota,98.8,97.6,1.2,percent,488,494,488,494,0,0,python_round_nearest_even_matches_significance_cutoffs,6,10,50,1,0.05,1.644853627,3,7,0.6,1.4,indeterminate,Per-suite binary success rate over 10 tasks x 50 official trials.
LIBERO,long10,CorridorVLA: Explicit Spatial Constraints for Generative Action Heads via Sparse Anchors,leaderboards/stat_significance_sam_export_20260522T233929/sam_libero_official_prev_sota.csv,169,libero_long10,libero_long10_prev_sota,85.2,82,3.2,percent,410,426,410,426,0,0,python_round_nearest_even_matches_significance_cutoffs,16,10,50,1,0.05,1.644853627,3,21,0.6,4.2,indeterminate,Per-suite binary success rate over 10 tasks x 50 official trials.
LIBERO,long10,Cosmos Policy: Fine-Tuning Video Models for Visuomotor Control and Planning,leaderboards/stat_significance_sam_export_20260522T233929/sam_libero_official_prev_sota.csv,170,libero_long10,libero_long10_prev_sota,97.6,95.4,2.2,percent,477,488,477,488,5.684341886e-14,0,python_round_nearest_even_matches_significance_cutoffs,11,10,50,1,0.05,1.644853627,3,10,0.6,2,provably_significant,Per-suite binary success rate over 10 tasks x 50 official trials.
LIBERO,long10,COT-FM: Cluster-wise Optimal Transport Flow Matching,leaderboards/stat_significance_sam_export_20260522T233929/sam_libero_official_prev_sota.csv,171,libero_long10,libero_long10_prev_sota,94.5,93.5,1,percent,467.5,472.5,468,472,-0.5,0.5,python_round_nearest_even_matches_significance_cutoffs,4,10,50,1,0.05,1.644853627,3,12,0.6,2.4,indeterminate,Per-suite binary success rate over 10 tasks x 50 official trials.
LIBERO,long10,CycleVLA: Proactive Self-Correcting Vision-Language-Action Models via Subtask Backtracking and Minimum Bayes Risk Decoding,leaderboards/stat_significance_sam_export_20260522T233929/sam_libero_official_prev_sota.csv,172,libero_long10,libero_long10_prev_sota,93.6,90.6,3,percent,453,468,453,468,-5.684341886e-14,0,python_round_nearest_even_matches_significance_cutoffs,15,10,50,1,0.05,1.644853627,3,15,0.6,3,provably_significant,Per-suite binary success rate over 10 tasks x 50 official trials.
LIBERO,long10,DepthCache: Depth-Guided Training-Free Visual Token Merging for Vision-Language-Action Model Inference,leaderboards/stat_significance_sam_export_20260522T233929/sam_libero_official_prev_sota.csv,173,libero_long10,libero_long10_prev_sota,96.1,96.5,-0.4,percent,482.5,480.5,482,480,0.5,0.5,python_round_nearest_even_matches_significance_cutoffs,-2,10,50,1,0.05,1.644853627,3,9,0.6,1.8,no_improvement,Per-suite binary success rate over 10 tasks x 50 official trials.
LIBERO,long10,Device-Conditioned Neural Architecture Search for Efficient Robotic Manipulation,leaderboards/stat_significance_sam_export_20260522T233929/sam_libero_official_prev_sota.csv,174,libero_long10,libero_long10_prev_sota,93.9,94.5,-0.6,percent,472.5,469.5,472,470,0.5,-0.5,python_round_nearest_even_matches_significance_cutoffs,-2,10,50,1,0.05,1.644853627,3,12,0.6,2.4,no_improvement,Per-suite binary success rate over 10 tasks x 50 official trials.
LIBERO,long10,DFM-VLA: Iterative Action Refinement for Robot Manipulation via Discrete Flow Matching,leaderboards/stat_significance_sam_export_20260522T233929/sam_libero_official_prev_sota.csv,175,libero_long10,libero_long10_prev_sota,92.6,89.5,3.1,percent,447.5,463,448,463,-0.5,-5.684341886e-14,python_round_nearest_even_matches_significance_cutoffs,15,10,50,1,0.05,1.644853627,3,16,0.6,3.2,indeterminate,Per-suite binary success rate over 10 tasks x 50 official trials.
LIBERO,long10,DiT4DiT: Jointly Modeling Video Dynamics and Actions for Generalizable Robot Control,leaderboards/stat_significance_sam_export_20260522T233929/sam_libero_official_prev_sota.csv,176,libero_long10,libero_long10_prev_sota,97.6,95.4,2.2,percent,477,488,477,488,5.684341886e-14,0,python_round_nearest_even_matches_significance_cutoffs,11,10,50,1,0.05,1.644853627,3,10,0.6,2,provably_significant,Per-suite binary success rate over 10 tasks x 50 official trials.
LIBERO,long10,DualCoT-VLA: Visual-Linguistic Chain of Thought via Parallel Reasoning for Vision-Language-Action Models,leaderboards/stat_significance_sam_export_20260522T233929/sam_libero_official_prev_sota.csv,177,libero_long10,libero_long10_prev_sota,98.2,96.6,1.6,percent,483,491,483,491,0,0,python_round_nearest_even_matches_significance_cutoffs,8,10,50,1,0.05,1.644853627,3,9,0.6,1.8,indeterminate,Per-suite binary success rate over 10 tasks x 50 official trials.
LIBERO,long10,DyQ-VLA: Temporal-Dynamic-Aware Quantization for Embodied Vision-Language-Action Models,leaderboards/stat_significance_sam_export_20260522T233929/sam_libero_official_prev_sota.csv,178,libero_long10,libero_long10_prev_sota,53.4,53.7,-0.3,percent,268.5,267,268,267,0.5,0,python_round_nearest_even_matches_significance_cutoffs,-1,10,50,1,0.05,1.644853627,3,35,0.6,7,no_improvement,Per-suite binary success rate over 10 tasks x 50 official trials.
LIBERO,long10,DySL-VLA: Efficient Vision-Language-Action Model Inference via Dynamic-Static Layer-Skipping for Robot Manipulation,leaderboards/stat_significance_sam_export_20260522T233929/sam_libero_official_prev_sota.csv,179,libero_long10,libero_long10_prev_sota,92.6,94.5,-1.9,percent,472.5,463,472,463,0.5,-5.684341886e-14,python_round_nearest_even_matches_significance_cutoffs,-9,10,50,1,0.05,1.644853627,3,12,0.6,2.4,no_improvement,Per-suite binary success rate over 10 tasks x 50 official trials.
LIBERO,long10,Efficient Long-Horizon Vision-Language-Action Models via Static-Dynamic Disentanglement,leaderboards/stat_significance_sam_export_20260522T233929/sam_libero_official_prev_sota.csv,180,libero_long10,libero_long10_prev_sota,92.4,90.7,1.7,percent,453.5,462,454,462,-0.5,0,python_round_nearest_even_matches_significance_cutoffs,8,10,50,1,0.05,1.644853627,3,15,0.6,3,indeterminate,Per-suite binary success rate over 10 tasks x 50 official trials.
LIBERO,long10,EmbodiedMidtrain: Bridging the Gap between Vision-Language Models and Vision-Language-Action Models via Mid-training,leaderboards/stat_significance_sam_export_20260522T233929/sam_libero_official_prev_sota.csv,181,libero_long10,libero_long10_prev_sota,54.2,55.8,-1.6,percent,279,271,279,271,-5.684341886e-14,0,python_round_nearest_even_matches_significance_cutoffs,-8,10,50,1,0.05,1.644853627,3,34,0.6,6.8,no_improvement,Per-suite binary success rate over 10 tasks x 50 official trials.
LIBERO,long10,Fast-dVLA: Accelerating Discrete Diffusion VLA to Real-Time Performance,leaderboards/stat_significance_sam_export_20260522T233929/sam_libero_official_prev_sota.csv,182,libero_long10,libero_long10_prev_sota,92.8,92.4,0.4,percent,462,464,462,464,0,-5.684341886e-14,python_round_nearest_even_matches_significance_cutoffs,2,10,50,1,0.05,1.644853627,3,14,0.6,2.8,provably_not_significant,Per-suite binary success rate over 10 tasks x 50 official trials.
LIBERO,long10,Fast-ThinkAct: Efficient Vision-Language-Action Reasoning via Verbalizable Latent Planning,leaderboards/stat_significance_sam_export_20260522T233929/sam_libero_official_prev_sota.csv,183,libero_long10,libero_long10_prev_sota,79.4,77.2,2.2,percent,386,397,386,397,0,0,python_round_nearest_even_matches_significance_cutoffs,11,10,50,1,0.05,1.644853627,3,24,0.6,4.8,indeterminate,Per-suite binary success rate over 10 tasks x 50 official trials.
LIBERO,long10,Fast-WAM: Do World Action Models Need Test-time Future Imagination?,leaderboards/stat_significance_sam_export_20260522T233929/sam_libero_official_prev_sota.csv,184,libero_long10,libero_long10_prev_sota,95.2,98.5,-3.3,percent,492.5,476,492,476,0.5,5.684341886e-14,python_round_nearest_even_matches_significance_cutoffs,-16,10,50,1,0.05,1.644853627,3,6,0.6,1.2,no_improvement,Per-suite binary success rate over 10 tasks x 50 official trials.
LIBERO,long10,FASTER: Rethinking Real-Time Flow VLAs,leaderboards/stat_significance_sam_export_20260522T233929/sam_libero_official_prev_sota.csv,185,libero_long10,libero_long10_prev_sota,92,96.8,-4.8,percent,484,460,484,460,0,0,python_round_nearest_even_matches_significance_cutoffs,-24,10,50,1,0.05,1.644853627,3,9,0.6,1.8,no_improvement,Per-suite binary success rate over 10 tasks x 50 official trials.
LIBERO,long10,FlowHijack: A Dynamics-Aware Backdoor Attack on Flow-Matching Vision-Language-Action Models,leaderboards/stat_significance_sam_export_20260522T233929/sam_libero_official_prev_sota.csv,186,libero_long10,libero_long10_prev_sota,82.8,85.2,-2.4,percent,426,414,426,414,0,0,python_round_nearest_even_matches_significance_cutoffs,-12,10,50,1,0.05,1.644853627,3,19,0.6,3.8,no_improvement,Per-suite binary success rate over 10 tasks x 50 official trials.
LIBERO,long10,From Noise to Intent: Anchoring Generative VLA Policies with Residual Bridges,leaderboards/stat_significance_sam_export_20260522T233929/sam_libero_official_prev_sota.csv,187,libero_long10,libero_long10_prev_sota,92.4,95,-2.6,percent,475,462,475,462,0,0,python_round_nearest_even_matches_significance_cutoffs,-13,10,50,1,0.05,1.644853627,3,11,0.6,2.2,no_improvement,Per-suite binary success rate over 10 tasks x 50 official trials.
LIBERO,long10,From Pixels to Tokens: A Systematic Study of Latent Action Supervision for Vision-Language-Action Models,leaderboards/stat_significance_sam_export_20260522T233929/sam_libero_official_prev_sota.csv,188,libero_long10,libero_long10_prev_sota,96.6,94.5,2.1,percent,472.5,483,472,483,0.5,0,python_round_nearest_even_matches_significance_cutoffs,11,10,50,1,0.05,1.644853627,3,12,0.6,2.4,indeterminate,Per-suite binary success rate over 10 tasks x 50 official trials.
LIBERO,long10,Generative Control as Optimization: Time Unconditional Flow Matching for Adaptive and Robust Robotic Control,leaderboards/stat_significance_sam_export_20260522T233929/sam_libero_official_prev_sota.csv,189,libero_long10,libero_long10_prev_sota,92.4,92.4,0,percent,462,462,462,462,0,0,python_round_nearest_even_matches_significance_cutoffs,0,10,50,1,0.05,1.644853627,3,14,0.6,2.8,no_improvement,Per-suite binary success rate over 10 tasks x 50 official trials.
LIBERO,long10,GST-VLA: Structured Gaussian Spatial Tokens for 3D Depth-Aware Vision-Language-Action Models,leaderboards/stat_significance_sam_export_20260522T233929/sam_libero_official_prev_sota.csv,191,libero_long10,libero_long10_prev_sota,92.6,89.5,3.1,percent,447.5,463,448,463,-0.5,-5.684341886e-14,python_round_nearest_even_matches_significance_cutoffs,15,10,50,1,0.05,1.644853627,3,16,0.6,3.2,indeterminate,Per-suite binary success rate over 10 tasks x 50 official trials.
LIBERO,long10,HeiSD: Hybrid Speculative Decoding for Embodied Vision-Language-Action Models with Kinematic Awareness,leaderboards/stat_significance_sam_export_20260522T233929/sam_libero_official_prev_sota.csv,192,libero_long10,libero_long10_prev_sota,47,46.2,0.8,percent,231,235,231,235,0,0,python_round_nearest_even_matches_significance_cutoffs,4,10,50,1,0.05,1.644853627,3,38,0.6,7.6,indeterminate,Per-suite binary success rate over 10 tasks x 50 official trials.
LIBERO,long10,Hierarchical Latent Action Model,leaderboards/stat_significance_sam_export_20260522T233929/sam_libero_official_prev_sota.csv,193,libero_long10,libero_long10_prev_sota,94,91,3,percent,455,470,455,470,0,0,python_round_nearest_even_matches_significance_cutoffs,15,10,50,1,0.05,1.644853627,3,15,0.6,3,provably_significant,Per-suite binary success rate over 10 tasks x 50 official trials.
LIBERO,long10,HoloBrain-0 Technical Report,leaderboards/stat_significance_sam_export_20260522T233929/sam_libero_official_prev_sota.csv,194,libero_long10,libero_long10_prev_sota,95.2,97.6,-2.4,percent,488,476,488,476,0,5.684341886e-14,python_round_nearest_even_matches_significance_cutoffs,-12,10,50,1,0.05,1.644853627,3,7,0.6,1.4,no_improvement,Per-suite binary success rate over 10 tasks x 50 official trials.
LIBERO,long10,Improving Robustness of Vision-Language-Action Models by Restoring Corrupted Visual Inputs,leaderboards/stat_significance_sam_export_20260522T233929/sam_libero_official_prev_sota.csv,195,libero_long10,libero_long10_prev_sota,89,90,-1,percent,450,445,450,445,0,0,python_round_nearest_even_matches_significance_cutoffs,-5,10,50,1,0.05,1.644853627,3,16,0.6,3.2,no_improvement,Per-suite binary success rate over 10 tasks x 50 official trials.
LIBERO,long10,JEPA-VLA: Video Predictive Embedding is Needed for VLA Models,leaderboards/stat_significance_sam_export_20260522T233929/sam_libero_official_prev_sota.csv,196,libero_long10,libero_long10_prev_sota,94.8,90.7,4.1,percent,453.5,474,454,474,-0.5,0,python_round_nearest_even_matches_significance_cutoffs,20,10,50,1,0.05,1.644853627,3,15,0.6,3,provably_significant,Per-suite binary success rate over 10 tasks x 50 official trials.
LIBERO,long10,Joint-Aligned Latent Action: Towards Scalable VLA Pretraining in the Wild,leaderboards/stat_significance_sam_export_20260522T233929/sam_libero_official_prev_sota.csv,197,libero_long10,libero_long10_prev_sota,96,94,2,percent,470,480,470,480,0,0,python_round_nearest_even_matches_significance_cutoffs,10,10,50,1,0.05,1.644853627,3,12,0.6,2.4,indeterminate,Per-suite binary success rate over 10 tasks x 50 official trials.
LIBERO,long10,KERV: Kinematic-Rectified Speculative Decoding for Embodied VLA Models,leaderboards/stat_significance_sam_export_20260522T233929/sam_libero_official_prev_sota.csv,198,libero_long10,libero_long10_prev_sota,48.8,50.2,-1.4,percent,251,244,251,244,0,0,python_round_nearest_even_matches_significance_cutoffs,-7,10,50,1,0.05,1.644853627,3,36,0.6,7.2,no_improvement,Per-suite binary success rate over 10 tasks x 50 official trials.
LIBERO,long10,LaMP: Learning Vision-Language-Action Policies with 3D Scene Flow as Latent Motion Prior,leaderboards/stat_significance_sam_export_20260522T233929/sam_libero_official_prev_sota.csv,199,libero_long10,libero_long10_prev_sota,96.7,94.5,2.2,percent,472.5,483.5,472,484,0.5,-0.5,python_round_nearest_even_matches_significance_cutoffs,12,10,50,1,0.05,1.644853627,3,12,0.6,2.4,provably_significant,Per-suite binary success rate over 10 tasks x 50 official trials.
LIBERO,long10,LangForce: Bayesian Decomposition of Vision Language Action Models via Latent Action Queries,leaderboards/stat_significance_sam_export_20260522T233929/sam_libero_official_prev_sota.csv,200,libero_long10,libero_long10_prev_sota,95.2,94.5,0.7,percent,472.5,476,472,476,0.5,5.684341886e-14,python_round_nearest_even_matches_significance_cutoffs,4,10,50,1,0.05,1.644853627,3,12,0.6,2.4,indeterminate,Per-suite binary success rate over 10 tasks x 50 official trials.
LIBERO,long10,LangGap: Diagnosing and Closing the Language Gap in Vision-Language-Action Models,leaderboards/stat_significance_sam_export_20260522T233929/sam_libero_official_prev_sota.csv,201,libero_long10,libero_long10_prev_sota,70,81,-11,percent,405,350,405,350,0,0,python_round_nearest_even_matches_significance_cutoffs,-55,10,50,1,0.05,1.644853627,3,22,0.6,4.4,no_improvement,Per-suite binary success rate over 10 tasks x 50 official trials.
LIBERO,long10,Language-Grounded Decoupled Action Representation for Robotic Manipulation,leaderboards/stat_significance_sam_export_20260522T233929/sam_libero_official_prev_sota.csv,202,libero_long10,libero_long10_prev_sota,86.4,83.8,2.6,percent,419,432,419,432,0,5.684341886e-14,python_round_nearest_even_matches_significance_cutoffs,13,10,50,1,0.05,1.644853627,3,20,0.6,4,indeterminate,Per-suite binary success rate over 10 tasks x 50 official trials.
LIBERO,long10,LAR-MoE: Latent-Aligned Routing for Mixture of Experts in Robotic Imitation Learning,leaderboards/stat_significance_sam_export_20260522T233929/sam_libero_official_prev_sota.csv,203,libero_long10,libero_long10_prev_sota,88,92,-4,percent,460,440,460,440,0,0,python_round_nearest_even_matches_significance_cutoffs,-20,10,50,1,0.05,1.644853627,3,14,0.6,2.8,no_improvement,Per-suite binary success rate over 10 tasks x 50 official trials.
LIBERO,long10,Latent Bridge: Feature Delta Prediction for Efficient Dual-System Vision-Language-Action Model Inference,leaderboards/stat_significance_sam_export_20260522T233929/sam_libero_official_prev_sota.csv,204,libero_long10,libero_long10_prev_sota,93.67,93.83,-0.16,percent,469.15,468.35,469,468,0.15,0.35,python_round_nearest_even_matches_significance_cutoffs,-1,10,50,1,0.05,1.644853627,3,12,0.6,2.4,no_improvement,Per-suite binary success rate over 10 tasks x 50 official trials.
LIBERO,long10,Learning Diffusion Policy from Primitive Skills for Robot Manipulation,leaderboards/stat_significance_sam_export_20260522T233929/sam_libero_official_prev_sota.csv,205,libero_long10,libero_long10_prev_sota,93.8,87.5,6.3,percent,437.5,469,438,469,-0.5,0,python_round_nearest_even_matches_significance_cutoffs,31,10,50,1,0.05,1.644853627,3,18,0.6,3.6,provably_significant,Per-suite binary success rate over 10 tasks x 50 official trials.
LIBERO,long10,Learning Physics from Pretrained Video Models: A Multimodal Continuous and Sequential World Interaction Models for Robotic Manipulation,leaderboards/stat_significance_sam_export_20260522T233929/sam_libero_official_prev_sota.csv,206,libero_long10,libero_long10_prev_sota,78.8,77,1.8,percent,385,394,385,394,0,-5.684341886e-14,python_round_nearest_even_matches_significance_cutoffs,9,10,50,1,0.05,1.644853627,3,24,0.6,4.8,indeterminate,Per-suite binary success rate over 10 tasks x 50 official trials.
LIBERO,long10,Learning to Accelerate Vision-Language-Action Models through Adaptive Visual Token Caching,leaderboards/stat_significance_sam_export_20260522T233929/sam_libero_official_prev_sota.csv,207,libero_long10,libero_long10_prev_sota,59.2,53.2,6,percent,266,296,266,296,0,5.684341886e-14,python_round_nearest_even_matches_significance_cutoffs,30,10,50,1,0.05,1.644853627,3,35,0.6,7,indeterminate,Per-suite binary success rate over 10 tasks x 50 official trials.
LIBERO,long10,Libra-VLA: Achieving Learning Equilibrium via Asynchronous Coarse-to-Fine Dual-System,leaderboards/stat_significance_sam_export_20260522T233929/sam_libero_official_prev_sota.csv,209,libero_long10,libero_long10_prev_sota,92.8,94.4,-1.6,percent,472,464,472,464,5.684341886e-14,-5.684341886e-14,python_round_nearest_even_matches_significance_cutoffs,-8,10,50,1,0.05,1.644853627,3,12,0.6,2.4,no_improvement,Per-suite binary success rate over 10 tasks x 50 official trials.
LIBERO,long10,$M^2$-VLA: Boosting Vision-Language Models for Generalizable Manipulation via Layer Mixture and Meta-Skills,leaderboards/stat_significance_sam_export_20260522T233929/sam_libero_official_prev_sota.csv,210,libero_long10,libero_long10_prev_sota,87,82,5,percent,410,435,410,435,0,0,python_round_nearest_even_matches_significance_cutoffs,25,10,50,1,0.05,1.644853627,3,21,0.6,4.2,provably_significant,Per-suite binary success rate over 10 tasks x 50 official trials.
LIBERO,long10,Mask World Model: Predicting What Matters for Robust Robot Policy Learning,leaderboards/stat_significance_sam_export_20260522T233929/sam_libero_official_prev_sota.csv,211,libero_long10,libero_long10_prev_sota,96,94.4,1.6,percent,472,480,472,480,5.684341886e-14,0,python_round_nearest_even_matches_significance_cutoffs,8,10,50,1,0.05,1.644853627,3,12,0.6,2.4,indeterminate,Per-suite binary success rate over 10 tasks x 50 official trials.
LIBERO,long10,MMaDA-VLA: Large Diffusion Vision-Language-Action Model with Unified Multi-Modal Instruction and Generation,leaderboards/stat_significance_sam_export_20260522T233929/sam_libero_official_prev_sota.csv,212,libero_long10,libero_long10_prev_sota,95.2,95,0.2,percent,475,476,475,476,0,5.684341886e-14,python_round_nearest_even_matches_significance_cutoffs,1,10,50,1,0.05,1.644853627,3,11,0.6,2.2,provably_not_significant,Per-suite binary success rate over 10 tasks x 50 official trials.
LIBERO,long10,MVP-LAM: Learning Action-Centric Latent Action via Cross-Viewpoint Reconstruction,leaderboards/stat_significance_sam_export_20260522T233929/sam_libero_official_prev_sota.csv,214,libero_long10,libero_long10_prev_sota,90.8,85.2,5.6,percent,426,454,426,454,0,-5.684341886e-14,python_round_nearest_even_matches_significance_cutoffs,28,10,50,1,0.05,1.644853627,3,19,0.6,3.8,provably_significant,Per-suite binary success rate over 10 tasks x 50 official trials.
LIBERO,long10,Neural Implicit Action Fields: From Discrete Waypoints to Continuous Functions for Vision-Language-Action Models,leaderboards/stat_significance_sam_export_20260522T233929/sam_libero_official_prev_sota.csv,215,libero_long10,libero_long10_prev_sota,95.5,93.5,2,percent,467.5,477.5,468,478,-0.5,-0.5,python_round_nearest_even_matches_significance_cutoffs,10,10,50,1,0.05,1.644853627,3,12,0.6,2.4,indeterminate,Per-suite binary success rate over 10 tasks x 50 official trials.
LIBERO,long10,OAT: Ordered Action Tokenization,leaderboards/stat_significance_sam_export_20260522T233929/sam_libero_official_prev_sota.csv,217,libero_long10,libero_long10_prev_sota,56.3,48.2,8.1,percent,241,281.5,241,282,2.842170943e-14,-0.5,python_round_nearest_even_matches_significance_cutoffs,41,10,50,1,0.05,1.644853627,3,37,0.6,7.4,provably_significant,Per-suite binary success rate over 10 tasks x 50 official trials.
LIBERO,long10,OFlow: Injecting Object-Aware Temporal Flow Matching for Robust Robotic Manipulation,leaderboards/stat_significance_sam_export_20260522T233929/sam_libero_official_prev_sota.csv,218,libero_long10,libero_long10_prev_sota,94.5,94,0.5,percent,470,472.5,470,472,0,0.5,python_round_nearest_even_matches_significance_cutoffs,2,10,50,1,0.05,1.644853627,3,12,0.6,2.4,provably_not_significant,Per-suite binary success rate over 10 tasks x 50 official trials.
LIBERO,long10,OmniVLA-RL: A Vision-Language-Action Model with Spatial Understanding and Online RL,leaderboards/stat_significance_sam_export_20260522T233929/sam_libero_official_prev_sota.csv,219,libero_long10,libero_long10_prev_sota,93.5,92.4,1.1,percent,462,467.5,462,468,0,-0.5,python_round_nearest_even_matches_significance_cutoffs,6,10,50,1,0.05,1.644853627,3,14,0.6,2.8,indeterminate,Per-suite binary success rate over 10 tasks x 50 official trials.
LIBERO,long10,OxyGen: Unified KV Cache Management for Vision-Language-Action Models under Multi-Task Parallelism,leaderboards/stat_significance_sam_export_20260522T233929/sam_libero_official_prev_sota.csv,220,libero_long10,libero_long10_prev_sota,93.2,92.4,0.8,percent,462,466,462,466,0,0,python_round_nearest_even_matches_significance_cutoffs,4,10,50,1,0.05,1.644853627,3,14,0.6,2.8,indeterminate,Per-suite binary success rate over 10 tasks x 50 official trials.
LIBERO,long10,PALM: Progress-Aware Policy Learning via Affordance Reasoning for Long-Horizon Robotic Manipulation,leaderboards/stat_significance_sam_export_20260522T233929/sam_libero_official_prev_sota.csv,221,libero_long10,libero_long10_prev_sota,91.8,69,22.8,percent,345,459,345,459,0,-5.684341886e-14,python_round_nearest_even_matches_significance_cutoffs,114,10,50,1,0.05,1.644853627,3,28,0.6,5.6,provably_significant,Per-suite binary success rate over 10 tasks x 50 official trials.
LIBERO,long10,Phantom Menace: Exploring and Enhancing the Robustness of VLA Models Against Physical Sensor Attacks,leaderboards/stat_significance_sam_export_20260522T233929/sam_libero_official_prev_sota.csv,222,libero_long10,libero_long10_prev_sota,94.5,94.5,0,percent,472.5,472.5,472,472,0.5,0.5,python_round_nearest_even_matches_significance_cutoffs,0,10,50,1,0.05,1.644853627,3,12,0.6,2.4,no_improvement,Per-suite binary success rate over 10 tasks x 50 official trials.
LIBERO,long10,PokeVLA: Empowering Pocket-Sized Vision-Language-Action Model with Comprehensive World Knowledge Guidance,leaderboards/stat_significance_sam_export_20260522T233929/sam_libero_official_prev_sota.csv,223,libero_long10,libero_long10_prev_sota,95.2,96.4,-1.2,percent,482,476,482,476,5.684341886e-14,5.684341886e-14,python_round_nearest_even_matches_significance_cutoffs,-6,10,50,1,0.05,1.644853627,3,9,0.6,1.8,no_improvement,Per-suite binary success rate over 10 tasks x 50 official trials.
LIBERO,long10,Pri4R: Learning World Dynamics for Vision-Language-Action Models with Privileged 4D Representation,leaderboards/stat_significance_sam_export_20260522T233929/sam_libero_official_prev_sota.csv,224,libero_long10,libero_long10_prev_sota,95.3,90.5,4.8,percent,452.5,476.5,452,476,0.5,0.5,python_round_nearest_even_matches_significance_cutoffs,24,10,50,1,0.05,1.644853627,3,15,0.6,3,provably_significant,Per-suite binary success rate over 10 tasks x 50 official trials.
LIBERO,long10,Privileged Foresight Distillation: Zero-Cost Future Correction for World Action Models,leaderboards/stat_significance_sam_export_20260522T233929/sam_libero_official_prev_sota.csv,225,libero_long10,libero_long10_prev_sota,95.4,98.5,-3.1,percent,492.5,477,492,477,0.5,5.684341886e-14,python_round_nearest_even_matches_significance_cutoffs,-15,10,50,1,0.05,1.644853627,3,6,0.6,1.2,no_improvement,Per-suite binary success rate over 10 tasks x 50 official trials.
LIBERO,long10,ProgressVLA: Progress-Guided Diffusion Policy for Vision-Language Robotic Manipulation,leaderboards/stat_significance_sam_export_20260522T233929/sam_libero_official_prev_sota.csv,226,libero_long10,libero_long10_prev_sota,66.2,78.6,-12.4,percent,393,331,393,331,-5.684341886e-14,0,python_round_nearest_even_matches_significance_cutoffs,-62,10,50,1,0.05,1.644853627,3,23,0.6,4.6,no_improvement,Per-suite binary success rate over 10 tasks x 50 official trials.
LIBERO,long10,QuantVLA: Scale-Calibrated Post-Training Quantization for Vision-Language-Action Models,leaderboards/stat_significance_sam_export_20260522T233929/sam_libero_official_prev_sota.csv,227,libero_long10,libero_long10_prev_sota,96,93.5,2.5,percent,467.5,480,468,480,-0.5,0,python_round_nearest_even_matches_significance_cutoffs,12,10,50,1,0.05,1.644853627,3,12,0.6,2.4,provably_significant,Per-suite binary success rate over 10 tasks x 50 official trials.
LIBERO,long10,QVLA: Not All Channels Are Equal in Vision-Language-Action Model's Quantization,leaderboards/stat_significance_sam_export_20260522T233929/sam_libero_official_prev_sota.csv,228,libero_long10,libero_long10_prev_sota,93.8,94.5,-0.7,percent,472.5,469,472,469,0.5,0,python_round_nearest_even_matches_significance_cutoffs,-3,10,50,1,0.05,1.644853627,3,12,0.6,2.4,no_improvement,Per-suite binary success rate over 10 tasks x 50 official trials.
LIBERO,long10,Recurrent-Depth VLA: Implicit Test-Time Compute Scaling of Vision-Language-Action Models via Latent Iterative Reasoning,leaderboards/stat_significance_sam_export_20260522T233929/sam_libero_official_prev_sota.csv,229,libero_long10,libero_long10_prev_sota,84.8,79.4,5.4,percent,397,424,397,424,0,0,python_round_nearest_even_matches_significance_cutoffs,27,10,50,1,0.05,1.644853627,3,23,0.6,4.6,provably_significant,Per-suite binary success rate over 10 tasks x 50 official trials.
LIBERO,long10,Reshaping Action Error Distributions for Reliable Vision-Language-Action Models,leaderboards/stat_significance_sam_export_20260522T233929/sam_libero_official_prev_sota.csv,231,libero_long10,libero_long10_prev_sota,95.6,92.8,2.8,percent,464,478,464,478,-5.684341886e-14,0,python_round_nearest_even_matches_significance_cutoffs,14,10,50,1,0.05,1.644853627,3,13,0.6,2.6,provably_significant,Per-suite binary success rate over 10 tasks x 50 official trials.
LIBERO,long10,"Rethinking Visual-Language-Action Model Scaling: Alignment, Mixture, and Regularization",leaderboards/stat_significance_sam_export_20260522T233929/sam_libero_official_prev_sota.csv,234,libero_long10,libero_long10_prev_sota,98.2,92.4,5.8,percent,462,491,462,491,0,0,python_round_nearest_even_matches_significance_cutoffs,29,10,50,1,0.05,1.644853627,3,14,0.6,2.8,provably_significant,Per-suite binary success rate over 10 tasks x 50 official trials.
LIBERO,long10,ReViP: Mitigating False Completion in Vision-Language-Action Models with Vision-Proprioception Rebalance,leaderboards/stat_significance_sam_export_20260522T233929/sam_libero_official_prev_sota.csv,235,libero_long10,libero_long10_prev_sota,92.2,92,0.2,percent,460,461,460,461,0,0,python_round_nearest_even_matches_significance_cutoffs,1,10,50,1,0.05,1.644853627,3,14,0.6,2.8,provably_not_significant,Per-suite binary success rate over 10 tasks x 50 official trials.
LIBERO,long10,RLDX-1 Technical Report,leaderboards/stat_significance_sam_export_20260522T233929/sam_libero_official_prev_sota.csv,236,libero_long10,libero_long10_prev_sota,95.3,94.4,0.9,percent,472,476.5,472,476,5.684341886e-14,0.5,python_round_nearest_even_matches_significance_cutoffs,4,10,50,1,0.05,1.644853627,3,12,0.6,2.4,indeterminate,Per-suite binary success rate over 10 tasks x 50 official trials.
LIBERO,long10,RoboAlign: Learning Test-Time Reasoning for Language-Action Alignment in Vision-Language-Action Models,leaderboards/stat_significance_sam_export_20260522T233929/sam_libero_official_prev_sota.csv,237,libero_long10,libero_long10_prev_sota,70,70.9,-0.9,percent,354.5,350,355,350,-0.5,0,python_round_nearest_even_matches_significance_cutoffs,-5,10,50,1,0.05,1.644853627,3,27,0.6,5.4,no_improvement,Per-suite binary success rate over 10 tasks x 50 official trials.
LIBERO,long10,Robotic Manipulation is Vision-to-Geometry Mapping ($f(v) \rightarrow G$): Vision-Geometry Backbones over Language and Video Models,leaderboards/stat_significance_sam_export_20260522T233929/sam_libero_official_prev_sota.csv,239,libero_long10,libero_long10_prev_sota,95,97.6,-2.6,percent,488,475,488,475,0,0,python_round_nearest_even_matches_significance_cutoffs,-13,10,50,1,0.05,1.644853627,3,7,0.6,1.4,no_improvement,Per-suite binary success rate over 10 tasks x 50 official trials.
LIBERO,long10,ROCKET: Residual-Oriented Multi-Layer Alignment for Spatially-Aware Vision-Language-Action Models,leaderboards/stat_significance_sam_export_20260522T233929/sam_libero_official_prev_sota.csv,240,libero_long10,libero_long10_prev_sota,97,96.6,0.4,percent,483,485,483,485,0,0,python_round_nearest_even_matches_significance_cutoffs,2,10,50,1,0.05,1.644853627,3,9,0.6,1.8,provably_not_significant,Per-suite binary success rate over 10 tasks x 50 official trials.
LIBERO,long10,SaiVLA-0: Cerebrum--Pons--Cerebellum Tripartite Architecture for Compute-Aware Vision-Language-Action,leaderboards/stat_significance_sam_export_20260522T233929/sam_libero_official_prev_sota.csv,241,libero_long10,libero_long10_prev_sota,97.8,94.5,3.3,percent,472.5,489,472,489,0.5,0,python_round_nearest_even_matches_significance_cutoffs,17,10,50,1,0.05,1.644853627,3,12,0.6,2.4,provably_significant,Per-suite binary success rate over 10 tasks x 50 official trials.
LIBERO,long10,"Say, Dream, and Act: Learning Video World Models for Instruction-Driven Robot Manipulation",leaderboards/stat_significance_sam_export_20260522T233929/sam_libero_official_prev_sota.csv,242,libero_long10,libero_long10_prev_sota,95.4,94.5,0.9,percent,472.5,477,472,477,0.5,5.684341886e-14,python_round_nearest_even_matches_significance_cutoffs,5,10,50,1,0.05,1.644853627,3,12,0.6,2.4,indeterminate,Per-suite binary success rate over 10 tasks x 50 official trials.
LIBERO,long10,"See, Plan, Rewind: Progress-Aware Vision-Language-Action Models for Robust Robotic Manipulation",leaderboards/stat_significance_sam_export_20260522T233929/sam_libero_official_prev_sota.csv,243,libero_long10,libero_long10_prev_sota,85.4,77.2,8.2,percent,386,427,386,427,0,5.684341886e-14,python_round_nearest_even_matches_significance_cutoffs,41,10,50,1,0.05,1.644853627,3,24,0.6,4.8,provably_significant,Per-suite binary success rate over 10 tasks x 50 official trials.
LIBERO,long10,Sentinel-VLA: A Metacognitive VLA Model with Active Status Monitoring for Dynamic Reasoning and Error Recovery,leaderboards/stat_significance_sam_export_20260522T233929/sam_libero_official_prev_sota.csv,244,libero_long10,libero_long10_prev_sota,90.7,87.8,2.9,percent,439,453.5,439,454,0,-0.5,python_round_nearest_even_matches_significance_cutoffs,15,10,50,1,0.05,1.644853627,3,17,0.6,3.4,indeterminate,Per-suite binary success rate over 10 tasks x 50 official trials.
LIBERO,long10,Shallow-π: Knowledge Distillation for Flow-based VLAs,leaderboards/stat_significance_sam_export_20260522T233929/sam_libero_official_prev_sota.csv,245,libero_long10,libero_long10_prev_sota,93,95,-2,percent,475,465,475,465,0,0,python_round_nearest_even_matches_significance_cutoffs,-10,10,50,1,0.05,1.644853627,3,11,0.6,2.2,no_improvement,Per-suite binary success rate over 10 tasks x 50 official trials.
LIBERO,long10,SimVLA: A Simple VLA Baseline for Robotic Manipulation,leaderboards/stat_significance_sam_export_20260522T233929/sam_libero_official_prev_sota.csv,247,libero_long10,libero_long10_prev_sota,96.4,97.6,-1.2,percent,488,482,488,482,0,5.684341886e-14,python_round_nearest_even_matches_significance_cutoffs,-6,10,50,1,0.05,1.644853627,3,7,0.6,1.4,no_improvement,Per-suite binary success rate over 10 tasks x 50 official trials.
LIBERO,long10,SmoothVLA: Aligning Vision-Language-Action Models with Physical Constraints via Intrinsic Smoothness Optimization,leaderboards/stat_significance_sam_export_20260522T233929/sam_libero_official_prev_sota.csv,248,libero_long10,libero_long10_prev_sota,58.3,52.9,5.4,percent,264.5,291.5,264,292,0.5,-0.5,python_round_nearest_even_matches_significance_cutoffs,28,10,50,1,0.05,1.644853627,3,35,0.6,7,indeterminate,Per-suite binary success rate over 10 tasks x 50 official trials.
LIBERO,long10,SnapFlow: One-Step Action Generation for Flow-Matching VLAs via Progressive Self-Distillation,leaderboards/stat_significance_sam_export_20260522T233929/sam_libero_official_prev_sota.csv,249,libero_long10,libero_long10_prev_sota,97,97,0,percent,485,485,485,485,0,0,python_round_nearest_even_matches_significance_cutoffs,0,10,50,1,0.05,1.644853627,3,8,0.6,1.6,no_improvement,Per-suite binary success rate over 10 tasks x 50 official trials.
LIBERO,long10,Speedup Patch: Learning a Plug-and-Play Policy to Accelerate Embodied Manipulation,leaderboards/stat_significance_sam_export_20260522T233929/sam_libero_official_prev_sota.csv,250,libero_long10,libero_long10_prev_sota,94,93.2,0.8,percent,466,470,466,470,0,0,python_round_nearest_even_matches_significance_cutoffs,4,10,50,1,0.05,1.644853627,3,13,0.6,2.6,indeterminate,Per-suite binary success rate over 10 tasks x 50 official trials.
LIBERO,long10,ST-$π$: Structured SpatioTemporal VLA for Robotic Manipulation,leaderboards/stat_significance_sam_export_20260522T233929/sam_libero_official_prev_sota.csv,251,libero_long10,libero_long10_prev_sota,94.3,92.4,1.9,percent,462,471.5,462,472,0,-0.5,python_round_nearest_even_matches_significance_cutoffs,10,10,50,1,0.05,1.644853627,3,14,0.6,2.8,indeterminate,Per-suite binary success rate over 10 tasks x 50 official trials.
LIBERO,long10,Stable Language Guidance for Vision-Language-Action Models,leaderboards/stat_significance_sam_export_20260522T233929/sam_libero_official_prev_sota.csv,252,libero_long10,libero_long10_prev_sota,92.8,89.6,3.2,percent,448,464,448,464,-5.684341886e-14,-5.684341886e-14,python_round_nearest_even_matches_significance_cutoffs,16,10,50,1,0.05,1.644853627,3,16,0.6,3.2,provably_significant,Per-suite binary success rate over 10 tasks x 50 official trials.
LIBERO,long10,StarVLA: A Lego-like Codebase for Vision-Language-Action Model Developing,leaderboards/stat_significance_sam_export_20260522T233929/sam_libero_official_prev_sota.csv,253,libero_long10,libero_long10_prev_sota,93.8,94.5,-0.7,percent,472.5,469,472,469,0.5,0,python_round_nearest_even_matches_significance_cutoffs,-3,10,50,1,0.05,1.644853627,3,12,0.6,2.4,no_improvement,Per-suite binary success rate over 10 tasks x 50 official trials.
LIBERO,long10,StarVLA-$α$: Reducing Complexity in Vision-Language-Action Systems,leaderboards/stat_significance_sam_export_20260522T233929/sam_libero_official_prev_sota.csv,254,libero_long10,libero_long10_prev_sota,94.1,94.5,-0.4,percent,472.5,470.5,472,470,0.5,0.5,python_round_nearest_even_matches_significance_cutoffs,-2,10,50,1,0.05,1.644853627,3,12,0.6,2.4,no_improvement,Per-suite binary success rate over 10 tasks x 50 official trials.
LIBERO,long10,StreamingVLA: Streaming Vision-Language-Action Model with Action Flow Matching and Adaptive Early Observation,leaderboards/stat_significance_sam_export_20260522T233929/sam_libero_official_prev_sota.csv,255,libero_long10,libero_long10_prev_sota,91,94.6,-3.6,percent,473,455,473,455,0,0,python_round_nearest_even_matches_significance_cutoffs,-18,10,50,1,0.05,1.644853627,3,11,0.6,2.2,no_improvement,Per-suite binary success rate over 10 tasks x 50 official trials.
LIBERO,long10,StreamVLA: Breaking the Reason-Act Cycle via Completion-State Gating,leaderboards/stat_significance_sam_export_20260522T233929/sam_libero_official_prev_sota.csv,256,libero_long10,libero_long10_prev_sota,96.6,95.6,1,percent,478,483,478,483,0,0,python_round_nearest_even_matches_significance_cutoffs,5,10,50,1,0.05,1.644853627,3,10,0.6,2,indeterminate,Per-suite binary success rate over 10 tasks x 50 official trials.
LIBERO,long10,TempoFit: Plug-and-Play Layer-Wise Temporal KV Memory for Long-Horizon Vision-Language-Action Manipulation,leaderboards/stat_significance_sam_export_20260522T233929/sam_libero_official_prev_sota.csv,258,libero_long10,libero_long10_prev_sota,96.6,96.4,0.2,percent,482,483,482,483,5.684341886e-14,0,python_round_nearest_even_matches_significance_cutoffs,1,10,50,1,0.05,1.644853627,3,9,0.6,1.8,provably_not_significant,Per-suite binary success rate over 10 tasks x 50 official trials.
LIBERO,long10,Test-Time Perturbation Learning with Delayed Feedback for Vision-Language-Action Models,leaderboards/stat_significance_sam_export_20260522T233929/sam_libero_official_prev_sota.csv,259,libero_long10,libero_long10_prev_sota,59,55,4,percent,275,295,275,295,0,0,python_round_nearest_even_matches_significance_cutoffs,20,10,50,1,0.05,1.644853627,3,34,0.6,6.8,indeterminate,Per-suite binary success rate over 10 tasks x 50 official trials.
LIBERO,long10,Thinking in Text and Images: Interleaved Vision--Language Reasoning Traces for Long-Horizon Robot Manipulation,leaderboards/stat_significance_sam_export_20260522T233929/sam_libero_official_prev_sota.csv,261,libero_long10,libero_long10_prev_sota,92.4,87.6,4.8,percent,438,462,438,462,-5.684341886e-14,0,python_round_nearest_even_matches_significance_cutoffs,24,10,50,1,0.05,1.644853627,3,18,0.6,3.6,provably_significant,Per-suite binary success rate over 10 tasks x 50 official trials.
LIBERO,long10,Towards Long-Lived Robots: Continual Learning VLA Models via Reinforcement Fine-Tuning,leaderboards/stat_significance_sam_export_20260522T233929/sam_libero_official_prev_sota.csv,262,libero_long10,libero_long10_prev_sota,89,91.1,-2.1,percent,455.5,445,455,445,0.5,0,python_round_nearest_even_matches_significance_cutoffs,-10,10,50,1,0.05,1.644853627,3,15,0.6,3,no_improvement,Per-suite binary success rate over 10 tasks x 50 official trials.
LIBERO,long10,Towards Practical World Model-based Reinforcement Learning for Vision-Language-Action Models,leaderboards/stat_significance_sam_export_20260522T233929/sam_libero_official_prev_sota.csv,263,libero_long10,libero_long10_prev_sota,66.8,61.2,5.6,percent,306,334,306,334,0,-5.684341886e-14,python_round_nearest_even_matches_significance_cutoffs,28,10,50,1,0.05,1.644853627,3,32,0.6,6.4,indeterminate,Per-suite binary success rate over 10 tasks x 50 official trials.
LIBERO,long10,TTQ: Activation-Aware Test-Time Quantization to Accelerate LLM Inference On The Fly,leaderboards/stat_significance_sam_export_20260522T233929/sam_libero_official_prev_sota.csv,264,libero_long10,libero_long10_prev_sota,87.5,96.5,-9,percent,482.5,437.5,482,438,0.5,-0.5,python_round_nearest_even_matches_significance_cutoffs,-44,10,50,1,0.05,1.644853627,3,9,0.6,1.8,no_improvement,Per-suite binary success rate over 10 tasks x 50 official trials.
LIBERO,long10,Universal Pose Pretraining for Generalizable Vision-Language-Action Policies,leaderboards/stat_significance_sam_export_20260522T233929/sam_libero_official_prev_sota.csv,266,libero_long10,libero_long10_prev_sota,92.4,92.4,0,percent,462,462,462,462,0,0,python_round_nearest_even_matches_significance_cutoffs,0,10,50,1,0.05,1.644853627,3,14,0.6,2.8,no_improvement,Per-suite binary success rate over 10 tasks x 50 official trials.
LIBERO,long10,Unmasking the Illusion of Embodied Reasoning in Vision-Language-Action Models,leaderboards/stat_significance_sam_export_20260522T233929/sam_libero_official_prev_sota.csv,267,libero_long10,libero_long10_prev_sota,96.4,97.4,-1,percent,487,482,487,482,5.684341886e-14,5.684341886e-14,python_round_nearest_even_matches_significance_cutoffs,-5,10,50,1,0.05,1.644853627,3,8,0.6,1.6,no_improvement,Per-suite binary success rate over 10 tasks x 50 official trials.
LIBERO,long10,VISTA: Enhancing Visual Conditioning via Track-Following Preference Optimization in Vision-Language-Action Models,leaderboards/stat_significance_sam_export_20260522T233929/sam_libero_official_prev_sota.csv,268,libero_long10,libero_long10_prev_sota,57,55.5,1.5,percent,277.5,285,278,285,-0.5,0,python_round_nearest_even_matches_significance_cutoffs,7,10,50,1,0.05,1.644853627,3,34,0.6,6.8,indeterminate,Per-suite binary success rate over 10 tasks x 50 official trials.
LIBERO,long10,VLA-Adapter: An Effective Paradigm for Tiny-Scale Vision-Language-Action Model,leaderboards/stat_significance_sam_export_20260522T233929/sam_libero_official_prev_sota.csv,269,libero_long10,libero_long10_prev_sota,95,94.5,0.5,percent,472.5,475,472,475,0.5,0,python_round_nearest_even_matches_significance_cutoffs,3,10,50,1,0.05,1.644853627,3,12,0.6,2.4,indeterminate,Per-suite binary success rate over 10 tasks x 50 official trials.
LIBERO,long10,VLA-ATTC: Adaptive Test-Time Compute for VLA Models with Relative Action Critic Model,leaderboards/stat_significance_sam_export_20260522T233929/sam_libero_official_prev_sota.csv,270,libero_long10,libero_long10_prev_sota,94,90.6,3.4,percent,453,470,453,470,-5.684341886e-14,0,python_round_nearest_even_matches_significance_cutoffs,17,10,50,1,0.05,1.644853627,3,15,0.6,3,provably_significant,Per-suite binary success rate over 10 tasks x 50 official trials.
LIBERO,long10,VLA-GSE: Boosting Parameter-Efficient Fine-Tuning in VLA with Generalized and Specialized Experts,leaderboards/stat_significance_sam_export_20260522T233929/sam_libero_official_prev_sota.csv,272,libero_long10,libero_long10_prev_sota,96.8,97.6,-0.8,percent,488,484,488,484,0,0,python_round_nearest_even_matches_significance_cutoffs,-4,10,50,1,0.05,1.644853627,3,7,0.6,1.4,no_improvement,Per-suite binary success rate over 10 tasks x 50 official trials.
LIBERO,long10,VLA-IAP: Training-Free Visual Token Pruning via Interaction Alignment for Vision-Language-Action Models,leaderboards/stat_significance_sam_export_20260522T233929/sam_libero_official_prev_sota.csv,273,libero_long10,libero_long10_prev_sota,95.6,95.4,0.2,percent,477,478,477,478,5.684341886e-14,0,python_round_nearest_even_matches_significance_cutoffs,1,10,50,1,0.05,1.644853627,3,10,0.6,2,provably_not_significant,Per-suite binary success rate over 10 tasks x 50 official trials.
LIBERO,long10,VLA-InfoEntropy: A Training-Free Vision-Attention Information Entropy Approach for Vision-Language-Action Models Inference Acceleration and Success,leaderboards/stat_significance_sam_export_20260522T233929/sam_libero_official_prev_sota.csv,274,libero_long10,libero_long10_prev_sota,52.2,55,-2.8,percent,275,261,275,261,0,0,python_round_nearest_even_matches_significance_cutoffs,-14,10,50,1,0.05,1.644853627,3,34,0.6,6.8,no_improvement,Per-suite binary success rate over 10 tasks x 50 official trials.
LIBERO,long10,VLA-JEPA: Enhancing Vision-Language-Action Model with Latent World Model,leaderboards/stat_significance_sam_export_20260522T233929/sam_libero_official_prev_sota.csv,275,libero_long10,libero_long10_prev_sota,95.8,94.5,1.3,percent,472.5,479,472,479,0.5,0,python_round_nearest_even_matches_significance_cutoffs,7,10,50,1,0.05,1.644853627,3,12,0.6,2.4,indeterminate,Per-suite binary success rate over 10 tasks x 50 official trials.
LIBERO,long10,VLA-Thinker: Boosting Vision-Language-Action Models through Thinking-with-Image Reasoning,leaderboards/stat_significance_sam_export_20260522T233929/sam_libero_official_prev_sota.csv,276,libero_long10,libero_long10_prev_sota,96.9,94,2.9,percent,470,484.5,470,485,0,-0.5,python_round_nearest_even_matches_significance_cutoffs,15,10,50,1,0.05,1.644853627,3,12,0.6,2.4,provably_significant,Per-suite binary success rate over 10 tasks x 50 official trials.
LIBERO,long10,VolumeDP: Modeling Volumetric Representation for Manipulation Policy Learning,leaderboards/stat_significance_sam_export_20260522T233929/sam_libero_official_prev_sota.csv,277,libero_long10,libero_long10_prev_sota,78.7,57.6,21.1,percent,288,393.5,288,394,5.684341886e-14,-0.5,python_round_nearest_even_matches_significance_cutoffs,106,10,50,1,0.05,1.644853627,3,33,0.6,6.6,provably_significant,Per-suite binary success rate over 10 tasks x 50 official trials.
LIBERO,long10,When Vision Overrides Language: Evaluating and Mitigating Counterfactual Failures in VLAs,leaderboards/stat_significance_sam_export_20260522T233929/sam_libero_official_prev_sota.csv,278,libero_long10,libero_long10_prev_sota,92.4,94.5,-2.1,percent,472.5,462,472,462,0.5,0,python_round_nearest_even_matches_significance_cutoffs,-10,10,50,1,0.05,1.644853627,3,12,0.6,2.4,no_improvement,Per-suite binary success rate over 10 tasks x 50 official trials.
LIBERO,long10,World-Value-Action Model: Implicit Planning for Vision-Language-Action Systems,leaderboards/stat_significance_sam_export_20260522T233929/sam_libero_official_prev_sota.csv,280,libero_long10,libero_long10_prev_sota,94.4,95,-0.6,percent,475,472,475,472,0,5.684341886e-14,python_round_nearest_even_matches_significance_cutoffs,-3,10,50,1,0.05,1.644853627,3,11,0.6,2.2,no_improvement,Per-suite binary success rate over 10 tasks x 50 official trials.
LIBERO,long10,World2Act: Latent Action Post-Training via Skill-Compositional World Models,leaderboards/stat_significance_sam_export_20260522T233929/sam_libero_official_prev_sota.csv,281,libero_long10,libero_long10_prev_sota,98,97.6,0.4,percent,488,490,488,490,0,0,python_round_nearest_even_matches_significance_cutoffs,2,10,50,1,0.05,1.644853627,3,7,0.6,1.4,provably_not_significant,Per-suite binary success rate over 10 tasks x 50 official trials.
LIBERO,long10,WoVR: World Models as Reliable Simulators for Post-Training VLA Policies with RL,leaderboards/stat_significance_sam_export_20260522T233929/sam_libero_official_prev_sota.csv,282,libero_long10,libero_long10_prev_sota,35.8,14.5,21.3,percent,72.5,179,72,179,0.5,0,python_round_nearest_even_matches_significance_cutoffs,107,10,50,1,0.05,1.644853627,3,22,0.6,4.4,provably_significant,Per-suite binary success rate over 10 tasks x 50 official trials.
LIBERO,long10,Xiaomi-Robotics-0: An Open-Sourced Vision-Language-Action Model with Real-Time Execution,leaderboards/stat_significance_sam_export_20260522T233929/sam_libero_official_prev_sota.csv,283,libero_long10,libero_long10_prev_sota,97.2,94.9,2.3,percent,474.5,486,475,486,-0.5,0,python_round_nearest_even_matches_significance_cutoffs,11,10,50,1,0.05,1.644853627,3,11,0.6,2.2,provably_significant,Per-suite binary success rate over 10 tasks x 50 official trials.
LIBERO,long10,One Token Per Frame: Reconsidering Visual Bandwidth in World Models for VLA Policy,leaderboards/stat_significance_sam_export_20260522T233929/sam_libero_official_prev_sota.csv,285,libero_long10,libero_long10_prev_sota,95.6,92.4,3.2,percent,462,478,462,478,0,0,python_round_nearest_even_matches_significance_cutoffs,16,10,50,1,0.05,1.644853627,3,14,0.6,2.8,provably_significant,Per-suite binary success rate over 10 tasks x 50 official trials.
LIBERO,long10,OA-WAM: Object-Addressable World Action Model for Robust Robot Manipulation,leaderboards/stat_significance_sam_export_20260522T233929/sam_libero_official_prev_sota.csv,287,libero_long10,libero_long10_prev_sota,95.9,96.8,-0.9,percent,484,479.5,484,480,0,-0.5,python_round_nearest_even_matches_significance_cutoffs,-4,10,50,1,0.05,1.644853627,3,9,0.6,1.8,no_improvement,Per-suite binary success rate over 10 tasks x 50 official trials.
LIBERO,long10,PRTS: A Primitive Reasoning and Tasking System via Contrastive Representations,leaderboards/stat_significance_sam_export_20260522T233929/sam_libero_official_prev_sota.csv,288,libero_long10,libero_long10_prev_sota,96.6,97.6,-1,percent,488,483,488,483,0,0,python_round_nearest_even_matches_significance_cutoffs,-5,10,50,1,0.05,1.644853627,3,7,0.6,1.4,no_improvement,Per-suite binary success rate over 10 tasks x 50 official trials.
LIBERO,long10,TAG: Target-Agnostic Guidance for Stable Object-Centric Inference in Vision-Language-Action Models,leaderboards/stat_significance_sam_export_20260522T233929/sam_libero_official_prev_sota.csv,289,libero_long10,libero_long10_prev_sota,97,94.4,2.6,percent,472,485,472,485,5.684341886e-14,0,python_round_nearest_even_matches_significance_cutoffs,13,10,50,1,0.05,1.644853627,3,12,0.6,2.4,provably_significant,Per-suite binary success rate over 10 tasks x 50 official trials.
LIBERO,long10,Global Prior Meets Local Consistency: Dual-Memory Augmented Vision-Language-Action Model for Efficient Robotic Manipulation,leaderboards/stat_significance_sam_export_20260522T233929/sam_libero_official_prev_sota.csv,291,libero_long10,libero_long10_prev_sota,96.4,94.5,1.9,percent,472.5,482,472,482,0.5,5.684341886e-14,python_round_nearest_even_matches_significance_cutoffs,10,10,50,1,0.05,1.644853627,3,12,0.6,2.4,indeterminate,Per-suite binary success rate over 10 tasks x 50 official trials.
LIBERO,long10,VLANeXt: Recipes for Building Strong VLA Models,leaderboards/stat_significance_sam_export_20260522T233929/sam_libero_official_prev_sota.csv,292,libero_long10,libero_long10_prev_sota,94.6,94.9,-0.3,percent,474.5,473,475,473,-0.5,0,python_round_nearest_even_matches_significance_cutoffs,-2,10,50,1,0.05,1.644853627,3,11,0.6,2.2,no_improvement,Per-suite binary success rate over 10 tasks x 50 official trials.
LIBERO,long10,HBVLA: Pushing 1-Bit Post-Training Quantization for Vision-Language-Action Models,leaderboards/stat_significance_sam_export_20260522T233929/sam_libero_official_prev_sota.csv,293,libero_long10,libero_long10_prev_sota,82.7,62,20.7,percent,310,413.5,310,414,0,-0.5,python_round_nearest_even_matches_significance_cutoffs,104,10,50,1,0.05,1.644853627,3,31,0.6,6.2,provably_significant,Per-suite binary success rate over 10 tasks x 50 official trials.
LIBERO,long10,IVRA: Improving Visual-Token Relations for Robot Action Policy with Training-Free Hint-Based Guidance,leaderboards/stat_significance_sam_export_20260522T233929/sam_libero_official_prev_sota.csv,294,libero_long10,libero_long10_prev_sota,94.9,94.5,0.4,percent,472.5,474.5,472,475,0.5,-0.5,python_round_nearest_even_matches_significance_cutoffs,3,10,50,1,0.05,1.644853627,3,12,0.6,2.4,indeterminate,Per-suite binary success rate over 10 tasks x 50 official trials.
LIBERO,long10,VAT: Vision Action Transformer by Unlocking Full Representation of ViT,leaderboards/stat_significance_sam_export_20260522T233929/sam_libero_official_prev_sota.csv,295,libero_long10,libero_long10_prev_sota,96.8,94.5,2.3,percent,472.5,484,472,484,0.5,0,python_round_nearest_even_matches_significance_cutoffs,12,10,50,1,0.05,1.644853627,3,12,0.6,2.4,provably_significant,Per-suite binary success rate over 10 tasks x 50 official trials.
LIBERO,long10,Steering Vision-Language-Action Models as Anti-Exploration: A Test-Time Scaling Approach,leaderboards/stat_significance_sam_export_20260522T233929/sam_libero_official_prev_sota.csv,296,libero_long10,libero_long10_prev_sota,96.6,94.8,1.8,percent,474,483,474,483,0,0,python_round_nearest_even_matches_significance_cutoffs,9,10,50,1,0.05,1.644853627,3,11,0.6,2.2,indeterminate,Per-suite binary success rate over 10 tasks x 50 official trials.
LIBERO,long10,Much Ado About Noising: Dispelling the Myths of Generative Robotic Control,leaderboards/stat_significance_sam_export_20260522T233929/sam_libero_official_prev_sota.csv,297,libero_long10,libero_long10_prev_sota,82.2,81.6,0.6,percent,408,411,408,411,0,5.684341886e-14,python_round_nearest_even_matches_significance_cutoffs,3,10,50,1,0.05,1.644853627,3,22,0.6,4.4,indeterminate,Per-suite binary success rate over 10 tasks x 50 official trials.
LIBERO,long10,Expertise Need Not Monopolize: Action-Specialized Mixture of Experts for Vision-Language-Action Learning,leaderboards/stat_significance_sam_export_20260522T233929/sam_libero_official_prev_sota.csv,299,libero_long10,libero_long10_prev_sota,92,85.2,6.8,percent,426,460,426,460,0,0,python_round_nearest_even_matches_significance_cutoffs,34,10,50,1,0.05,1.644853627,3,19,0.6,3.8,provably_significant,Per-suite binary success rate over 10 tasks x 50 official trials.
LIBERO,long10,3D CAVLA: Leveraging Depth and 3D Context to Generalize Vision Language Action Models for Unseen Tasks,leaderboards/stat_significance_sam_export_20260522T233929/sam_libero_official_prev_sota.csv,300,libero_long10,libero_long10_prev_sota,96.1,94.5,1.6,percent,472.5,480.5,472,480,0.5,0.5,python_round_nearest_even_matches_significance_cutoffs,8,10,50,1,0.05,1.644853627,3,12,0.6,2.4,indeterminate,Per-suite binary success rate over 10 tasks x 50 official trials.
LIBERO,long10,VGGT-$\Omega$,leaderboards/stat_significance_sam_export_20260522T233929/sam_libero_official_prev_sota.csv,301,libero_long10,libero_long10_prev_sota,96.7,94.5,2.2,percent,472.5,483.5,472,484,0.5,-0.5,python_round_nearest_even_matches_significance_cutoffs,12,10,50,1,0.05,1.644853627,3,12,0.6,2.4,provably_significant,Per-suite binary success rate over 10 tasks x 50 official trials.
LIBERO,long10,IntentVLA: Short-Horizon Intent Modeling for Aliased Robot Manipulation,leaderboards/stat_significance_sam_export_20260522T233929/sam_libero_official_prev_sota.csv,302,libero_long10,libero_long10_prev_sota,97.4,95.4,2,percent,477,487,477,487,5.684341886e-14,5.684341886e-14,python_round_nearest_even_matches_significance_cutoffs,10,10,50,1,0.05,1.644853627,3,10,0.6,2,provably_significant,Per-suite binary success rate over 10 tasks x 50 official trials.
LIBERO,long10,BlockVLA: Accelerating Autoregressive VLA via Block Diffusion Finetuning,leaderboards/stat_significance_sam_export_20260522T233929/sam_libero_official_prev_sota.csv,303,libero_long10,libero_long10_prev_sota,85.2,53.7,31.5,percent,268.5,426,268,426,0.5,0,python_round_nearest_even_matches_significance_cutoffs,158,10,50,1,0.05,1.644853627,3,35,0.6,7,provably_significant,Per-suite binary success rate over 10 tasks x 50 official trials.
LIBERO,long10,FrameSkip: Learning from Fewer but More Informative Frames in VLA Training,leaderboards/stat_significance_sam_export_20260522T233929/sam_libero_official_prev_sota.csv,304,libero_long10,libero_long10_prev_sota,93.8,94.4,-0.6,percent,472,469,472,469,5.684341886e-14,0,python_round_nearest_even_matches_significance_cutoffs,-3,10,50,1,0.05,1.644853627,3,12,0.6,2.4,no_improvement,Per-suite binary success rate over 10 tasks x 50 official trials.
LIBERO,long10,Realtime-VLA FLASH: Speculative Inference Framework for Diffusion-based VLAs,leaderboards/stat_significance_sam_export_20260522T233929/sam_libero_official_prev_sota.csv,305,libero_long10,libero_long10_prev_sota,84.6,86.6,-2,percent,433,423,433,423,0,0,python_round_nearest_even_matches_significance_cutoffs,-10,10,50,1,0.05,1.644853627,3,18,0.6,3.6,no_improvement,Per-suite binary success rate over 10 tasks x 50 official trials.
LIBERO,long10,"Guide, Think, Act: Interactive Embodied Reasoning in Vision-Language-Action Models",leaderboards/stat_significance_sam_export_20260522T233929/sam_libero_official_prev_sota.csv,306,libero_long10,libero_long10_prev_sota,97.6,97.6,0,percent,488,488,488,488,0,0,python_round_nearest_even_matches_significance_cutoffs,0,10,50,1,0.05,1.644853627,3,7,0.6,1.4,no_improvement,Per-suite binary success rate over 10 tasks x 50 official trials.
LIBERO,long10,DreamAvoid: Critical-Phase Test-Time Dreaming to Avoid Failures in VLA Policies,leaderboards/stat_significance_sam_export_20260522T233929/sam_libero_official_prev_sota.csv,307,libero_long10,libero_long10_prev_sota,94.5,92,2.5,percent,460,472.5,460,472,0,0.5,python_round_nearest_even_matches_significance_cutoffs,12,10,50,1,0.05,1.644853627,3,14,0.6,2.8,indeterminate,Per-suite binary success rate over 10 tasks x 50 official trials.
LIBERO,long10,Beyond World-Frame Action Heads: Motion-Centric Action Frames for Vision-Language-Action Models,leaderboards/stat_significance_sam_export_20260522T233929/sam_libero_official_prev_sota.csv,308,libero_long10,libero_long10_prev_sota,95,94.5,0.5,percent,472.5,475,472,475,0.5,0,python_round_nearest_even_matches_significance_cutoffs,3,10,50,1,0.05,1.644853627,3,12,0.6,2.4,indeterminate,Per-suite binary success rate over 10 tasks x 50 official trials.
LIBERO,long10,Learning Action Manifold with Multi-view Latent Priors for Robotic Manipulation,leaderboards/stat_significance_sam_export_20260522T233929/sam_libero_official_prev_sota.csv,309,libero_long10,libero_long10_prev_sota,96.6,97.6,-1,percent,488,483,488,483,0,0,python_round_nearest_even_matches_significance_cutoffs,-5,10,50,1,0.05,1.644853627,3,7,0.6,1.4,no_improvement,Per-suite binary success rate over 10 tasks x 50 official trials.
LIBERO,long10,See What Matters: Differentiable Grid Sample Pruning for Generalizable Vision-Language-Action Model,leaderboards/stat_significance_sam_export_20260522T233929/sam_libero_official_prev_sota.csv,310,libero_long10,libero_long10_prev_sota,95.2,92.8,2.4,percent,464,476,464,476,-5.684341886e-14,5.684341886e-14,python_round_nearest_even_matches_significance_cutoffs,12,10,50,1,0.05,1.644853627,3,13,0.6,2.6,indeterminate,Per-suite binary success rate over 10 tasks x 50 official trials.
LIBERO,long10,Premover: Fast Vision-Language-Action Control by Acting Before Instructions Are Complete,leaderboards/stat_significance_sam_export_20260522T233929/sam_libero_official_prev_sota.csv,311,libero_long10,libero_long10_prev_sota,88.9,88.3,0.6,percent,441.5,444.5,442,444,-0.5,0.5,python_round_nearest_even_matches_significance_cutoffs,2,10,50,1,0.05,1.644853627,3,17,0.6,3.4,provably_not_significant,Per-suite binary success rate over 10 tasks x 50 official trials.
LIBERO,long10,From Imagined Futures to Executable Actions: Mixture of Latent Actions for Robot Manipulation,leaderboards/stat_significance_sam_export_20260522T233929/sam_libero_official_prev_sota.csv,312,libero_long10,libero_long10_prev_sota,96,91.5,4.5,percent,457.5,480,458,480,-0.5,0,python_round_nearest_even_matches_significance_cutoffs,22,10,50,1,0.05,1.644853627,3,14,0.6,2.8,provably_significant,Per-suite binary success rate over 10 tasks x 50 official trials.
LIBERO,long10,Dynamic Execution Commitment of Vision-Language-Action Models,leaderboards/stat_significance_sam_export_20260522T233929/sam_libero_official_prev_sota.csv,313,libero_long10,libero_long10_prev_sota,96.2,95.6,0.6,percent,478,481,478,481,0,5.684341886e-14,python_round_nearest_even_matches_significance_cutoffs,3,10,50,1,0.05,1.644853627,3,10,0.6,2,indeterminate,Per-suite binary success rate over 10 tasks x 50 official trials.
LIBERO,long10,ALAM: Algebraically Consistent Latent Action Model for Vision-Language-Action Models,leaderboards/stat_significance_sam_export_20260522T233929/sam_libero_official_prev_sota.csv,314,libero_long10,libero_long10_prev_sota,94.4,96,-1.6,percent,480,472,480,472,0,5.684341886e-14,python_round_nearest_even_matches_significance_cutoffs,-8,10,50,1,0.05,1.644853627,3,10,0.6,2,no_improvement,Per-suite binary success rate over 10 tasks x 50 official trials.
LIBERO,long10,PriorVLA: Prior-Preserving Adaptation for Vision-Language-Action Models,leaderboards/stat_significance_sam_export_20260522T233929/sam_libero_official_prev_sota.csv,315,libero_long10,libero_long10_prev_sota,97.6,94.5,3.1,percent,472.5,488,472,488,0.5,0,python_round_nearest_even_matches_significance_cutoffs,16,10,50,1,0.05,1.644853627,3,12,0.6,2.4,provably_significant,Per-suite binary success rate over 10 tasks x 50 official trials.
LIBERO,long10,CapVector: Learning Transferable Capability Vectors in Parametric Space for Vision-Language-Action Models,leaderboards/stat_significance_sam_export_20260522T233929/sam_libero_official_prev_sota.csv,316,libero_long10,libero_long10_prev_sota,94.8,94.2,0.6,percent,471,474,471,474,5.684341886e-14,0,python_round_nearest_even_matches_significance_cutoffs,3,10,50,1,0.05,1.644853627,3,12,0.6,2.4,indeterminate,Per-suite binary success rate over 10 tasks x 50 official trials.
LIBERO,long10,LoopVLA: Learning Sufficiency in Recurrent Refinement for Vision-Language-Action Models,leaderboards/stat_significance_sam_export_20260522T233929/sam_libero_official_prev_sota.csv,317,libero_long10,libero_long10_prev_sota,91,91.3,-0.3,percent,456.5,455,456,455,0.5,0,python_round_nearest_even_matches_significance_cutoffs,-1,10,50,1,0.05,1.644853627,3,15,0.6,3,no_improvement,Per-suite binary success rate over 10 tasks x 50 official trials.
LIBERO,long10,ECHO: Continuous Hierarchical Memory for Vision-Language-Action Models,leaderboards/stat_significance_sam_export_20260522T233929/sam_libero_official_prev_sota.csv,318,libero_long10,libero_long10_prev_sota,93.5,92.4,1.1,percent,462,467.5,462,468,0,-0.5,python_round_nearest_even_matches_significance_cutoffs,6,10,50,1,0.05,1.644853627,3,14,0.6,2.8,indeterminate,Per-suite binary success rate over 10 tasks x 50 official trials.
LIBERO,long10,ElasticFlow: One-Step Physics-Consistent Policy with Elastic Time Horizons for Language-Guided Manipulation,leaderboards/stat_significance_sam_export_20260522T233929/sam_libero_official_prev_sota.csv,319,libero_long10,libero_long10_prev_sota,97.6,96.4,1.2,percent,482,488,482,488,5.684341886e-14,0,python_round_nearest_even_matches_significance_cutoffs,6,10,50,1,0.05,1.644853627,3,9,0.6,1.8,indeterminate,Per-suite binary success rate over 10 tasks x 50 official trials.
LIBERO,long10,ForgeVLA: Federated Vision-Language-Action Learning without Language Annotations,leaderboards/stat_significance_sam_export_20260522T233929/sam_libero_official_prev_sota.csv,320,libero_long10,libero_long10_prev_sota,63.6,52.8,10.8,percent,264,318,264,318,0,0,python_round_nearest_even_matches_significance_cutoffs,54,10,50,1,0.05,1.644853627,3,35,0.6,7,provably_significant,Per-suite binary success rate over 10 tasks x 50 official trials.
LIBERO,long10,Failing Forward: Adaptive Failure-Informed Learning for Vision-Language-Action Models,leaderboards/stat_significance_sam_export_20260522T233929/sam_libero_official_prev_sota.csv,321,libero_long10,libero_long10_prev_sota,95.8,92.4,3.4,percent,462,479,462,479,0,0,python_round_nearest_even_matches_significance_cutoffs,17,10,50,1,0.05,1.644853627,3,14,0.6,2.8,provably_significant,Per-suite binary success rate over 10 tasks x 50 official trials.
CALVIN,abc_d_atc,AdaWorldPolicy: World-Model-Driven Diffusion Policy with Online Adaptive Learning for Robotic Manipulation,leaderboards/stat_significance_sam_export_20260522T233929/sam_calvin_abc_d_official_prev_sota.csv,2,calvin_abc_d_atc,calvin_abc_d_prev_sota_atc,3.54,3.42,0.12,raw_atc,3420,3540,3420,3540,0,0,python_round_nearest_even_matches_significance_cutoffs,120,1,1000,5,0.05,1.644853627,3,200,0.003,0.2,indeterminate,Aggregate ABC-D average-tasks-completed score over 1000 sequences; each sequence contributes 0..5.
CALVIN,abc_d_atc,A Dual-System Vision-Language-Action Model for Rational Manipulation,leaderboards/stat_significance_sam_export_20260522T233929/sam_calvin_abc_d_official_prev_sota.csv,3,calvin_abc_d_atc,calvin_abc_d_prev_sota_atc,3.53,3.35,0.18,raw_atc,3350,3530,3350,3530,0,0,python_round_nearest_even_matches_significance_cutoffs,180,1,1000,5,0.05,1.644853627,3,205,0.003,0.205,indeterminate,Aggregate ABC-D average-tasks-completed score over 1000 sequences; each sequence contributes 0..5.
CALVIN,abc_d_atc,AnchorRefine: Synergy-Manipulation Based on Trajectory Anchor and Residual Refinement for Vision-Language-Action Models,leaderboards/stat_significance_sam_export_20260522T233929/sam_calvin_abc_d_official_prev_sota.csv,4,calvin_abc_d_atc,calvin_abc_d_prev_sota_atc,4.4,4.31,0.09,raw_atc,4310,4400,4310,4400,0,0,python_round_nearest_even_matches_significance_cutoffs,90,1,1000,5,0.05,1.644853627,3,130,0.003,0.13,indeterminate,Aggregate ABC-D average-tasks-completed score over 1000 sequences; each sequence contributes 0..5.
CALVIN,abc_d_atc,Any3D-VLA: Enhancing VLA Robustness via Diverse Point Clouds,leaderboards/stat_significance_sam_export_20260522T233929/sam_calvin_abc_d_official_prev_sota.csv,5,calvin_abc_d_atc,calvin_abc_d_prev_sota_atc,2.68,3.22,-0.54,raw_atc,3220,2680,3220,2680,0,0,python_round_nearest_even_matches_significance_cutoffs,-540,1,1000,5,0.05,1.644853627,3,213,0.003,0.213,no_improvement,Aggregate ABC-D average-tasks-completed score over 1000 sequences; each sequence contributes 0..5.
CALVIN,abc_d_atc,AtomicVLA: Unlocking the Potential of Atomic Skill Learning in Robots,leaderboards/stat_significance_sam_export_20260522T233929/sam_calvin_abc_d_official_prev_sota.csv,6,calvin_abc_d_atc,calvin_abc_d_prev_sota_atc,4.09,4.02,0.07,raw_atc,4020,4090,4020,4090,-4.547473509e-13,0,python_round_nearest_even_matches_significance_cutoffs,70,1,1000,5,0.05,1.644853627,3,157,0.003,0.157,indeterminate,Aggregate ABC-D average-tasks-completed score over 1000 sequences; each sequence contributes 0..5.
CALVIN,abc_d_atc,BagelVLA: Enhancing Long-Horizon Manipulation via Interleaved Vision-Language-Action Generation,leaderboards/stat_significance_sam_export_20260522T233929/sam_calvin_abc_d_official_prev_sota.csv,7,calvin_abc_d_atc,calvin_abc_d_prev_sota_atc,4.405,4.33,0.075,raw_atc,4330,4405,4330,4405,0,0,python_round_nearest_even_matches_significance_cutoffs,75,1,1000,5,0.05,1.644853627,3,128,0.003,0.128,indeterminate,Aggregate ABC-D average-tasks-completed score over 1000 sequences; each sequence contributes 0..5.
CALVIN,abc_d_atc,Being-H0.7: A Latent World-Action Model from Egocentric Videos,leaderboards/stat_significance_sam_export_20260522T233929/sam_calvin_abc_d_official_prev_sota.csv,8,calvin_abc_d_atc,calvin_abc_d_prev_sota_atc,4.48,4.48,0,raw_atc,4480,4480,4480,4480,0,0,python_round_nearest_even_matches_significance_cutoffs,0,1,1000,5,0.05,1.644853627,3,112,0.003,0.112,no_improvement,Aggregate ABC-D average-tasks-completed score over 1000 sequences; each sequence contributes 0..5.
CALVIN,abc_d_atc,Chain of World: World Model Thinking in Latent Motion,leaderboards/stat_significance_sam_export_20260522T233929/sam_calvin_abc_d_official_prev_sota.csv,9,calvin_abc_d_atc,calvin_abc_d_prev_sota_atc,4.211,4.102,0.109,raw_atc,4102,4211,4102,4211,0,0,python_round_nearest_even_matches_significance_cutoffs,109,1,1000,5,0.05,1.644853627,3,150,0.003,0.15,indeterminate,Aggregate ABC-D average-tasks-completed score over 1000 sequences; each sequence contributes 0..5.
CALVIN,abc_d_atc,Device-Conditioned Neural Architecture Search for Efficient Robotic Manipulation,leaderboards/stat_significance_sam_export_20260522T233929/sam_calvin_abc_d_official_prev_sota.csv,10,calvin_abc_d_atc,calvin_abc_d_prev_sota_atc,3.67,3.72,-0.05,raw_atc,3720,3670,3720,3670,0,0,python_round_nearest_even_matches_significance_cutoffs,-50,1,1000,5,0.05,1.644853627,3,180,0.003,0.18,no_improvement,Aggregate ABC-D average-tasks-completed score over 1000 sequences; each sequence contributes 0..5.
CALVIN,abc_d_atc,Disentangled Robot Learning via Separate Forward and Inverse Dynamics Pretraining,leaderboards/stat_significance_sam_export_20260522T233929/sam_calvin_abc_d_official_prev_sota.csv,11,calvin_abc_d_atc,calvin_abc_d_prev_sota_atc,4.51,4.33,0.18,raw_atc,4330,4510,4330,4510,0,0,python_round_nearest_even_matches_significance_cutoffs,180,1,1000,5,0.05,1.644853627,3,128,0.003,0.128,provably_significant,Aggregate ABC-D average-tasks-completed score over 1000 sequences; each sequence contributes 0..5.
CALVIN,abc_d_atc,DySL-VLA: Efficient Vision-Language-Action Model Inference via Dynamic-Static Layer-Skipping for Robot Manipulation,leaderboards/stat_significance_sam_export_20260522T233929/sam_calvin_abc_d_official_prev_sota.csv,12,calvin_abc_d_atc,calvin_abc_d_prev_sota_atc,2.83,2.85,-0.02,raw_atc,2850,2830,2850,2830,0,0,python_round_nearest_even_matches_significance_cutoffs,-20,1,1000,5,0.05,1.644853627,3,235,0.003,0.235,no_improvement,Aggregate ABC-D average-tasks-completed score over 1000 sequences; each sequence contributes 0..5.
CALVIN,abc_d_atc,EmbodiedMidtrain: Bridging the Gap between Vision-Language Models and Vision-Language-Action Models via Mid-training,leaderboards/stat_significance_sam_export_20260522T233929/sam_calvin_abc_d_official_prev_sota.csv,13,calvin_abc_d_atc,calvin_abc_d_prev_sota_atc,3.714,4.142,-0.428,raw_atc,4142,3714,4142,3714,0,0,python_round_nearest_even_matches_significance_cutoffs,-428,1,1000,5,0.05,1.644853627,3,146,0.003,0.146,no_improvement,Aggregate ABC-D average-tasks-completed score over 1000 sequences; each sequence contributes 0..5.
CALVIN,abc_d_atc,FASTER: Rethinking Real-Time Flow VLAs,leaderboards/stat_significance_sam_export_20260522T233929/sam_calvin_abc_d_official_prev_sota.csv,14,calvin_abc_d_atc,calvin_abc_d_prev_sota_atc,4.292,4.313,-0.021,raw_atc,4313,4292,4313,4292,0,0,python_round_nearest_even_matches_significance_cutoffs,-21,1,1000,5,0.05,1.644853627,3,130,0.003,0.13,no_improvement,Aggregate ABC-D average-tasks-completed score over 1000 sequences; each sequence contributes 0..5.
CALVIN,abc_d_atc,From Video to Control: A Survey of Learning Manipulation Interfaces from Temporal Visual Data,leaderboards/stat_significance_sam_export_20260522T233929/sam_calvin_abc_d_official_prev_sota.csv,15,calvin_abc_d_atc,calvin_abc_d_prev_sota_atc,4.33,4.33,0,raw_atc,4330,4330,4330,4330,0,0,python_round_nearest_even_matches_significance_cutoffs,0,1,1000,5,0.05,1.644853627,3,128,0.003,0.128,no_improvement,Aggregate ABC-D average-tasks-completed score over 1000 sequences; each sequence contributes 0..5.
CALVIN,abc_d_atc,Future Optical Flow Prediction Improves Robot Control & Video Generation,leaderboards/stat_significance_sam_export_20260522T233929/sam_calvin_abc_d_official_prev_sota.csv,16,calvin_abc_d_atc,calvin_abc_d_prev_sota_atc,4.48,4.44,0.04,raw_atc,4440,4480,4440,4480,0,0,python_round_nearest_even_matches_significance_cutoffs,40,1,1000,5,0.05,1.644853627,3,117,0.003,0.117,indeterminate,Aggregate ABC-D average-tasks-completed score over 1000 sequences; each sequence contributes 0..5.
CALVIN,abc_d_atc,Global Prior Meets Local Consistency: Dual-Memory Augmented Vision-Language-Action Model for Efficient Robotic Manipulation,leaderboards/stat_significance_sam_export_20260522T233929/sam_calvin_abc_d_official_prev_sota.csv,17,calvin_abc_d_atc,calvin_abc_d_prev_sota_atc,4.45,4.29,0.16,raw_atc,4290,4450,4290,4450,0,0,python_round_nearest_even_matches_significance_cutoffs,160,1,1000,5,0.05,1.644853627,3,132,0.003,0.132,provably_significant,Aggregate ABC-D average-tasks-completed score over 1000 sequences; each sequence contributes 0..5.
CALVIN,abc_d_atc,Green-VLA: Staged Vision-Language-Action Model for Generalist Robots,leaderboards/stat_significance_sam_export_20260522T233929/sam_calvin_abc_d_official_prev_sota.csv,18,calvin_abc_d_atc,calvin_abc_d_prev_sota_atc,4.63,4.53,0.1,raw_atc,4530,4630,4530,4630,0,0,python_round_nearest_even_matches_significance_cutoffs,100,1,1000,5,0.05,1.644853627,3,107,0.003,0.107,indeterminate,Aggregate ABC-D average-tasks-completed score over 1000 sequences; each sequence contributes 0..5.
CALVIN,abc_d_atc,HELM: Harness-Enhanced Long-horizon Memory for Vision-Language-Action Manipulation,leaderboards/stat_significance_sam_export_20260522T233929/sam_calvin_abc_d_official_prev_sota.csv,19,calvin_abc_d_atc,calvin_abc_d_prev_sota_atc,3.58,3.41,0.17,raw_atc,3410,3580,3410,3580,0,0,python_round_nearest_even_matches_significance_cutoffs,170,1,1000,5,0.05,1.644853627,3,201,0.003,0.201,indeterminate,Aggregate ABC-D average-tasks-completed score over 1000 sequences; each sequence contributes 0..5.
CALVIN,abc_d_atc,Learning Diffusion Policy from Primitive Skills for Robot Manipulation,leaderboards/stat_significance_sam_export_20260522T233929/sam_calvin_abc_d_official_prev_sota.csv,20,calvin_abc_d_atc,calvin_abc_d_prev_sota_atc,4.49,3.92,0.57,raw_atc,3920,4490,3920,4490,0,0,python_round_nearest_even_matches_significance_cutoffs,570,1,1000,5,0.05,1.644853627,3,165,0.003,0.165,provably_significant,Aggregate ABC-D average-tasks-completed score over 1000 sequences; each sequence contributes 0..5.
CALVIN,abc_d_atc,MMaDA-VLA: Large Diffusion Vision-Language-Action Model with Unified Multi-Modal Instruction and Generation,leaderboards/stat_significance_sam_export_20260522T233929/sam_calvin_abc_d_official_prev_sota.csv,21,calvin_abc_d_atc,calvin_abc_d_prev_sota_atc,4.78,4.44,0.34,raw_atc,4440,4780,4440,4780,0,0,python_round_nearest_even_matches_significance_cutoffs,340,1,1000,5,0.05,1.644853627,3,117,0.003,0.117,provably_significant,Aggregate ABC-D average-tasks-completed score over 1000 sequences; each sequence contributes 0..5.
CALVIN,abc_d_atc,MultihopSpatial: Multi-hop Compositional Spatial Reasoning Benchmark for Vision-Language Model,leaderboards/stat_significance_sam_export_20260522T233929/sam_calvin_abc_d_official_prev_sota.csv,22,calvin_abc_d_atc,calvin_abc_d_prev_sota_atc,3.98,3.75,0.23,raw_atc,3750,3980,3750,3980,0,0,python_round_nearest_even_matches_significance_cutoffs,230,1,1000,5,0.05,1.644853627,3,178,0.003,0.178,provably_significant,Aggregate ABC-D average-tasks-completed score over 1000 sequences; each sequence contributes 0..5.
CALVIN,abc_d_atc,Neural Implicit Action Fields: From Discrete Waypoints to Continuous Functions for Vision-Language-Action Models,leaderboards/stat_significance_sam_export_20260522T233929/sam_calvin_abc_d_official_prev_sota.csv,23,calvin_abc_d_atc,calvin_abc_d_prev_sota_atc,4.47,4.44,0.03,raw_atc,4440,4470,4440,4470,0,0,python_round_nearest_even_matches_significance_cutoffs,30,1,1000,5,0.05,1.644853627,3,117,0.003,0.117,indeterminate,Aggregate ABC-D average-tasks-completed score over 1000 sequences; each sequence contributes 0..5.
CALVIN,abc_d_atc,NS-VLA: Towards Neuro-Symbolic Vision-Language-Action Models,leaderboards/stat_significance_sam_export_20260522T233929/sam_calvin_abc_d_official_prev_sota.csv,24,calvin_abc_d_atc,calvin_abc_d_prev_sota_atc,4.72,4.5,0.22,raw_atc,4500,4720,4500,4720,0,0,python_round_nearest_even_matches_significance_cutoffs,220,1,1000,5,0.05,1.644853627,3,110,0.003,0.11,provably_significant,Aggregate ABC-D average-tasks-completed score over 1000 sequences; each sequence contributes 0..5.
CALVIN,abc_d_atc,"OmniStream: Mastering Perception, Reconstruction and Action in Continuous Streams",leaderboards/stat_significance_sam_export_20260522T233929/sam_calvin_abc_d_official_prev_sota.csv,25,calvin_abc_d_atc,calvin_abc_d_prev_sota_atc,3.885,4.057,-0.172,raw_atc,4057,3885,4057,3885,4.547473509e-13,0,python_round_nearest_even_matches_significance_cutoffs,-172,1,1000,5,0.05,1.644853627,3,153,0.003,0.153,no_improvement,Aggregate ABC-D average-tasks-completed score over 1000 sequences; each sequence contributes 0..5.
CALVIN,abc_d_atc,ProgressVLA: Progress-Guided Diffusion Policy for Vision-Language Robotic Manipulation,leaderboards/stat_significance_sam_export_20260522T233929/sam_calvin_abc_d_official_prev_sota.csv,26,calvin_abc_d_atc,calvin_abc_d_prev_sota_atc,3.73,4.04,-0.31,raw_atc,4040,3730,4040,3730,0,0,python_round_nearest_even_matches_significance_cutoffs,-310,1,1000,5,0.05,1.644853627,3,155,0.003,0.155,no_improvement,Aggregate ABC-D average-tasks-completed score over 1000 sequences; each sequence contributes 0..5.
CALVIN,abc_d_atc,Recurrent-Depth VLA: Implicit Test-Time Compute Scaling of Vision-Language-Action Models via Latent Iterative Reasoning,leaderboards/stat_significance_sam_export_20260522T233929/sam_calvin_abc_d_official_prev_sota.csv,27,calvin_abc_d_atc,calvin_abc_d_prev_sota_atc,3.39,3.27,0.12,raw_atc,3270,3390,3270,3390,0,0,python_round_nearest_even_matches_significance_cutoffs,120,1,1000,5,0.05,1.644853627,3,210,0.003,0.21,indeterminate,Aggregate ABC-D average-tasks-completed score over 1000 sequences; each sequence contributes 0..5.
CALVIN,abc_d_atc,Rethinking the Practicality of Vision-language-action Model: A Comprehensive Benchmark and An Improved Baseline,leaderboards/stat_significance_sam_export_20260522T233929/sam_calvin_abc_d_official_prev_sota.csv,28,calvin_abc_d_atc,calvin_abc_d_prev_sota_atc,3.68,3.42,0.26,raw_atc,3420,3680,3420,3680,0,0,python_round_nearest_even_matches_significance_cutoffs,260,1,1000,5,0.05,1.644853627,3,200,0.003,0.2,provably_significant,Aggregate ABC-D average-tasks-completed score over 1000 sequences; each sequence contributes 0..5.
CALVIN,abc_d_atc,RoboAlign: Learning Test-Time Reasoning for Language-Action Alignment in Vision-Language-Action Models,leaderboards/stat_significance_sam_export_20260522T233929/sam_calvin_abc_d_official_prev_sota.csv,29,calvin_abc_d_atc,calvin_abc_d_prev_sota_atc,2.57,2.32,0.25,raw_atc,2320,2570,2320,2570,0,0,python_round_nearest_even_matches_significance_cutoffs,250,1,1000,5,0.05,1.644853627,3,258,0.003,0.258,indeterminate,Aggregate ABC-D average-tasks-completed score over 1000 sequences; each sequence contributes 0..5.
CALVIN,abc_d_atc,S-VAM: Shortcut Video-Action Model by Self-Distilling Geometric and Semantic Foresight,leaderboards/stat_significance_sam_export_20260522T233929/sam_calvin_abc_d_official_prev_sota.csv,30,calvin_abc_d_atc,calvin_abc_d_prev_sota_atc,4.16,4.08,0.08,raw_atc,4080,4160,4080,4160,0,0,python_round_nearest_even_matches_significance_cutoffs,80,1,1000,5,0.05,1.644853627,3,151,0.003,0.151,indeterminate,Aggregate ABC-D average-tasks-completed score over 1000 sequences; each sequence contributes 0..5.
CALVIN,abc_d_atc,TempoFit: Plug-and-Play Layer-Wise Temporal KV Memory for Long-Horizon Vision-Language-Action Manipulation,leaderboards/stat_significance_sam_export_20260522T233929/sam_calvin_abc_d_official_prev_sota.csv,31,calvin_abc_d_atc,calvin_abc_d_prev_sota_atc,3.87,3.83,0.04,raw_atc,3830,3870,3830,3870,0,0,python_round_nearest_even_matches_significance_cutoffs,40,1,1000,5,0.05,1.644853627,3,172,0.003,0.172,indeterminate,Aggregate ABC-D average-tasks-completed score over 1000 sequences; each sequence contributes 0..5.
CALVIN,abc_d_atc,Think Proprioceptively: Embodied Visual Reasoning for VLA Manipulation,leaderboards/stat_significance_sam_export_20260522T233929/sam_calvin_abc_d_official_prev_sota.csv,32,calvin_abc_d_atc,calvin_abc_d_prev_sota_atc,4.55,4.53,0.02,raw_atc,4530,4550,4530,4550,0,0,python_round_nearest_even_matches_significance_cutoffs,20,1,1000,5,0.05,1.644853627,3,107,0.003,0.107,indeterminate,Aggregate ABC-D average-tasks-completed score over 1000 sequences; each sequence contributes 0..5.
CALVIN,abc_d_atc,UAOR: Uncertainty-aware Observation Reinjection for Vision-Language-Action Models,leaderboards/stat_significance_sam_export_20260522T233929/sam_calvin_abc_d_official_prev_sota.csv,33,calvin_abc_d_atc,calvin_abc_d_prev_sota_atc,3.67,3.55,0.12,raw_atc,3550,3670,3550,3670,0,0,python_round_nearest_even_matches_significance_cutoffs,120,1,1000,5,0.05,1.644853627,3,192,0.003,0.192,indeterminate,Aggregate ABC-D average-tasks-completed score over 1000 sequences; each sequence contributes 0..5.
CALVIN,abc_d_atc,UniLACT: Depth-Aware RGB Latent Action Learning for Vision-Language-Action Models,leaderboards/stat_significance_sam_export_20260522T233929/sam_calvin_abc_d_official_prev_sota.csv,34,calvin_abc_d_atc,calvin_abc_d_prev_sota_atc,3.1,3.06,0.04,raw_atc,3060,3100,3060,3100,0,0,python_round_nearest_even_matches_significance_cutoffs,40,1,1000,5,0.05,1.644853627,3,223,0.003,0.223,indeterminate,Aggregate ABC-D average-tasks-completed score over 1000 sequences; each sequence contributes 0..5.
CALVIN,abc_d_atc,Unmasking the Illusion of Embodied Reasoning in Vision-Language-Action Models,leaderboards/stat_significance_sam_export_20260522T233929/sam_calvin_abc_d_official_prev_sota.csv,35,calvin_abc_d_atc,calvin_abc_d_prev_sota_atc,4.086,4.244,-0.158,raw_atc,4244,4086,4244,4086,0,4.547473509e-13,python_round_nearest_even_matches_significance_cutoffs,-158,1,1000,5,0.05,1.644853627,3,137,0.003,0.137,no_improvement,Aggregate ABC-D average-tasks-completed score over 1000 sequences; each sequence contributes 0..5.
CALVIN,abc_d_atc,VAMPO: Policy Optimization for Improving Visual Dynamics in Video Action Models,leaderboards/stat_significance_sam_export_20260522T233929/sam_calvin_abc_d_official_prev_sota.csv,36,calvin_abc_d_atc,calvin_abc_d_prev_sota_atc,4.56,4.37,0.19,raw_atc,4370,4560,4370,4560,0,0,python_round_nearest_even_matches_significance_cutoffs,190,1,1000,5,0.05,1.644853627,3,124,0.003,0.124,provably_significant,Aggregate ABC-D average-tasks-completed score over 1000 sequences; each sequence contributes 0..5.
CALVIN,abc_d_atc,VISTA: Enhancing Visual Conditioning via Track-Following Preference Optimization in Vision-Language-Action Models,leaderboards/stat_significance_sam_export_20260522T233929/sam_calvin_abc_d_official_prev_sota.csv,37,calvin_abc_d_atc,calvin_abc_d_prev_sota_atc,4.02,3.95,0.07,raw_atc,3950,4020,3950,4020,0,-4.547473509e-13,python_round_nearest_even_matches_significance_cutoffs,70,1,1000,5,0.05,1.644853627,3,162,0.003,0.162,indeterminate,Aggregate ABC-D average-tasks-completed score over 1000 sequences; each sequence contributes 0..5.
CALVIN,abc_d_atc,vla-eval: A Unified Evaluation Harness for Vision-Language-Action Models,leaderboards/stat_significance_sam_export_20260522T233929/sam_calvin_abc_d_official_prev_sota.csv,38,calvin_abc_d_atc,calvin_abc_d_prev_sota_atc,4.3,4.43,-0.13,raw_atc,4430,4300,4430,4300,0,0,python_round_nearest_even_matches_significance_cutoffs,-130,1,1000,5,0.05,1.644853627,3,118,0.003,0.118,no_improvement,Aggregate ABC-D average-tasks-completed score over 1000 sequences; each sequence contributes 0..5.
CALVIN,abc_d_atc,VLA-IAP: Training-Free Visual Token Pruning via Interaction Alignment for Vision-Language-Action Models,leaderboards/stat_significance_sam_export_20260522T233929/sam_calvin_abc_d_official_prev_sota.csv,39,calvin_abc_d_atc,calvin_abc_d_prev_sota_atc,4.45,4.43,0.02,raw_atc,4430,4450,4430,4450,0,0,python_round_nearest_even_matches_significance_cutoffs,20,1,1000,5,0.05,1.644853627,3,118,0.003,0.118,indeterminate,Aggregate ABC-D average-tasks-completed score over 1000 sequences; each sequence contributes 0..5.
CALVIN,abc_d_atc,VLM4VLA: Revisiting Vision-Language-Models in Vision-Language-Action Models,leaderboards/stat_significance_sam_export_20260522T233929/sam_calvin_abc_d_official_prev_sota.csv,40,calvin_abc_d_atc,calvin_abc_d_prev_sota_atc,4.142,3.509,0.633,raw_atc,3509,4142,3509,4142,0,0,python_round_nearest_even_matches_significance_cutoffs,633,1,1000,5,0.05,1.644853627,3,194,0.003,0.194,provably_significant,Aggregate ABC-D average-tasks-completed score over 1000 sequences; each sequence contributes 0..5.
CALVIN,abc_d_atc,World Model for Robot Learning: A Comprehensive Survey,leaderboards/stat_significance_sam_export_20260522T233929/sam_calvin_abc_d_official_prev_sota.csv,41,calvin_abc_d_atc,calvin_abc_d_prev_sota_atc,4.44,4.44,0,raw_atc,4440,4440,4440,4440,0,0,python_round_nearest_even_matches_significance_cutoffs,0,1,1000,5,0.05,1.644853627,3,117,0.003,0.117,no_improvement,Aggregate ABC-D average-tasks-completed score over 1000 sequences; each sequence contributes 0..5.
CALVIN,abc_d_atc,Xiaomi-Robotics-0: An Open-Sourced Vision-Language-Action Model with Real-Time Execution,leaderboards/stat_significance_sam_export_20260522T233929/sam_calvin_abc_d_official_prev_sota.csv,42,calvin_abc_d_atc,calvin_abc_d_prev_sota_atc,4.75,4.53,0.22,raw_atc,4530,4750,4530,4750,0,0,python_round_nearest_even_matches_significance_cutoffs,220,1,1000,5,0.05,1.644853627,3,107,0.003,0.107,provably_significant,Aggregate ABC-D average-tasks-completed score over 1000 sequences; each sequence contributes 0..5.
CALVIN,abc_d_atc,3D Dynamics-Aware Manipulation: Endowing Manipulation Policies with 3D Foresight,leaderboards/stat_significance_sam_export_20260522T233929/sam_calvin_abc_d_official_prev_sota.csv,43,calvin_abc_d_atc,calvin_abc_d_prev_sota_atc,4.23,4.08,0.15,raw_atc,4080,4230,4080,4230,0,0,python_round_nearest_even_matches_significance_cutoffs,150,1,1000,5,0.05,1.644853627,3,151,0.003,0.151,indeterminate,Aggregate ABC-D average-tasks-completed score over 1000 sequences; each sequence contributes 0..5.
CALVIN,abc_d_atc,ADPro: a Test-time Adaptive Diffusion Policy via Manifold-constrained Denoising and Task-aware Initialization for Robotic Manipulation,leaderboards/stat_significance_sam_export_20260522T233929/sam_calvin_abc_d_official_prev_sota.csv,44,calvin_abc_d_atc,calvin_abc_d_prev_sota_atc,3.64,3.35,0.29,raw_atc,3350,3640,3350,3640,0,0,python_round_nearest_even_matches_significance_cutoffs,290,1,1000,5,0.05,1.644853627,3,205,0.003,0.205,provably_significant,Aggregate ABC-D average-tasks-completed score over 1000 sequences; each sequence contributes 0..5.
CALVIN,abc_d_atc,AR-VRM: Imitating Human Motions for Visual Robot Manipulation with Analogical Reasoning,leaderboards/stat_significance_sam_export_20260522T233929/sam_calvin_abc_d_official_prev_sota.csv,45,calvin_abc_d_atc,calvin_abc_d_prev_sota_atc,3.29,3.06,0.23,raw_atc,3060,3290,3060,3290,0,0,python_round_nearest_even_matches_significance_cutoffs,230,1,1000,5,0.05,1.644853627,3,223,0.003,0.223,provably_significant,Aggregate ABC-D average-tasks-completed score over 1000 sequences; each sequence contributes 0..5.
CALVIN,abc_d_atc,Autoregressive Flow Matching for Motion Prediction,leaderboards/stat_significance_sam_export_20260522T233929/sam_calvin_abc_d_official_prev_sota.csv,46,calvin_abc_d_atc,calvin_abc_d_prev_sota_atc,3.74,3.31,0.43,raw_atc,3310,3740,3310,3740,0,0,python_round_nearest_even_matches_significance_cutoffs,430,1,1000,5,0.05,1.644853627,3,207,0.003,0.207,provably_significant,Aggregate ABC-D average-tasks-completed score over 1000 sequences; each sequence contributes 0..5.
CALVIN,abc_d_atc,AVA-VLA: Improving Vision-Language-Action models with Active Visual Attention,leaderboards/stat_significance_sam_export_20260522T233929/sam_calvin_abc_d_official_prev_sota.csv,47,calvin_abc_d_atc,calvin_abc_d_prev_sota_atc,4.65,4.53,0.12,raw_atc,4530,4650,4530,4650,0,0,python_round_nearest_even_matches_significance_cutoffs,120,1,1000,5,0.05,1.644853627,3,107,0.003,0.107,provably_significant,Aggregate ABC-D average-tasks-completed score over 1000 sequences; each sequence contributes 0..5.
CALVIN,abc_d_atc,BEAST: Efficient Tokenization of B-Splines Encoded Action Sequences for Imitation Learning,leaderboards/stat_significance_sam_export_20260522T233929/sam_calvin_abc_d_official_prev_sota.csv,48,calvin_abc_d_atc,calvin_abc_d_prev_sota_atc,4.42,4.29,0.13,raw_atc,4290,4420,4290,4420,0,0,python_round_nearest_even_matches_significance_cutoffs,130,1,1000,5,0.05,1.644853627,3,132,0.003,0.132,indeterminate,Aggregate ABC-D average-tasks-completed score over 1000 sequences; each sequence contributes 0..5.
CALVIN,abc_d_atc,CEED-VLA: Consistency Vision-Language-Action Model with Early-Exit Decoding,leaderboards/stat_significance_sam_export_20260522T233929/sam_calvin_abc_d_official_prev_sota.csv,49,calvin_abc_d_atc,calvin_abc_d_prev_sota_atc,3.67,3.7,-0.03,raw_atc,3700,3670,3700,3670,0,0,python_round_nearest_even_matches_significance_cutoffs,-30,1,1000,5,0.05,1.644853627,3,181,0.003,0.181,no_improvement,Aggregate ABC-D average-tasks-completed score over 1000 sequences; each sequence contributes 0..5.
CALVIN,abc_d_atc,CoMo: Learning Continuous Latent Motion from Internet Videos for Scalable Robot Learning,leaderboards/stat_significance_sam_export_20260522T233929/sam_calvin_abc_d_official_prev_sota.csv,50,calvin_abc_d_atc,calvin_abc_d_prev_sota_atc,3.247,2.255,0.992,raw_atc,2255,3247,2255,3247,0,0,python_round_nearest_even_matches_significance_cutoffs,992,1,1000,5,0.05,1.644853627,3,254,0.003,0.254,provably_significant,Aggregate ABC-D average-tasks-completed score over 1000 sequences; each sequence contributes 0..5.
CALVIN,abc_d_atc,Dexbotic: Open-Source Vision-Language-Action Toolbox,leaderboards/stat_significance_sam_export_20260522T233929/sam_calvin_abc_d_official_prev_sota.csv,51,calvin_abc_d_atc,calvin_abc_d_prev_sota_atc,4.063,3.47,0.593,raw_atc,3470,4063,3470,4063,0,-4.547473509e-13,python_round_nearest_even_matches_significance_cutoffs,593,1,1000,5,0.05,1.644853627,3,197,0.003,0.197,provably_significant,Aggregate ABC-D average-tasks-completed score over 1000 sequences; each sequence contributes 0..5.
CALVIN,abc_d_atc,Diffusion Trajectory-guided Policy for Long-horizon Robot Manipulation,leaderboards/stat_significance_sam_export_20260522T233929/sam_calvin_abc_d_official_prev_sota.csv,52,calvin_abc_d_atc,calvin_abc_d_prev_sota_atc,3.43,3.27,0.16,raw_atc,3270,3430,3270,3430,0,0,python_round_nearest_even_matches_significance_cutoffs,160,1,1000,5,0.05,1.644853627,3,210,0.003,0.21,indeterminate,Aggregate ABC-D average-tasks-completed score over 1000 sequences; each sequence contributes 0..5.
CALVIN,abc_d_atc,DISCO: Language-Guided Manipulation With Diffusion Policies and Constrained Inpainting,leaderboards/stat_significance_sam_export_20260522T233929/sam_calvin_abc_d_official_prev_sota.csv,53,calvin_abc_d_atc,calvin_abc_d_prev_sota_atc,3.57,3.27,0.3,raw_atc,3270,3570,3270,3570,0,0,python_round_nearest_even_matches_significance_cutoffs,300,1,1000,5,0.05,1.644853627,3,210,0.003,0.21,provably_significant,Aggregate ABC-D average-tasks-completed score over 1000 sequences; each sequence contributes 0..5.
CALVIN,abc_d_atc,Dita: Scaling Diffusion Transformer for Generalist Vision-Language-Action Policy,leaderboards/stat_significance_sam_export_20260522T233929/sam_calvin_abc_d_official_prev_sota.csv,54,calvin_abc_d_atc,calvin_abc_d_prev_sota_atc,3.61,4.04,-0.43,raw_atc,4040,3610,4040,3610,0,0,python_round_nearest_even_matches_significance_cutoffs,-430,1,1000,5,0.05,1.644853627,3,155,0.003,0.155,no_improvement,Aggregate ABC-D average-tasks-completed score over 1000 sequences; each sequence contributes 0..5.
CALVIN,abc_d_atc,DreamVLA: A Vision-Language-Action Model Dreamed with Comprehensive World Knowledge,leaderboards/stat_significance_sam_export_20260522T233929/sam_calvin_abc_d_official_prev_sota.csv,55,calvin_abc_d_atc,calvin_abc_d_prev_sota_atc,4.44,4.29,0.15,raw_atc,4290,4440,4290,4440,0,0,python_round_nearest_even_matches_significance_cutoffs,150,1,1000,5,0.05,1.644853627,3,132,0.003,0.132,provably_significant,Aggregate ABC-D average-tasks-completed score over 1000 sequences; each sequence contributes 0..5.
CALVIN,abc_d_atc,EL3DD: Extended Latent 3D Diffusion for Language Conditioned Multitask Manipulation,leaderboards/stat_significance_sam_export_20260522T233929/sam_calvin_abc_d_official_prev_sota.csv,56,calvin_abc_d_atc,calvin_abc_d_prev_sota_atc,4.09,3.34,0.75,raw_atc,3340,4090,3340,4090,0,0,python_round_nearest_even_matches_significance_cutoffs,750,1,1000,5,0.05,1.644853627,3,206,0.003,0.206,provably_significant,Aggregate ABC-D average-tasks-completed score over 1000 sequences; each sequence contributes 0..5.
CALVIN,abc_d_atc,EnerVerse: Envisioning Embodied Future Space for Robotics Manipulation,leaderboards/stat_significance_sam_export_20260522T233929/sam_calvin_abc_d_official_prev_sota.csv,57,calvin_abc_d_atc,calvin_abc_d_prev_sota_atc,3,3.27,-0.27,raw_atc,3270,3000,3270,3000,0,0,python_round_nearest_even_matches_significance_cutoffs,-270,1,1000,5,0.05,1.644853627,3,210,0.003,0.21,no_improvement,Aggregate ABC-D average-tasks-completed score over 1000 sequences; each sequence contributes 0..5.
CALVIN,abc_d_atc,FLOWER: Democratizing Generalist Robot Policies with Efficient Vision-Language-Action Flow Policies,leaderboards/stat_significance_sam_export_20260522T233929/sam_calvin_abc_d_official_prev_sota.csv,58,calvin_abc_d_atc,calvin_abc_d_prev_sota_atc,4.53,4.29,0.24,raw_atc,4290,4530,4290,4530,0,0,python_round_nearest_even_matches_significance_cutoffs,240,1,1000,5,0.05,1.644853627,3,132,0.003,0.132,provably_significant,Aggregate ABC-D average-tasks-completed score over 1000 sequences; each sequence contributes 0..5.
CALVIN,abc_d_atc,From Spatial to Actions: Grounding Vision-Language-Action Model in Spatial Foundation Priors,leaderboards/stat_significance_sam_export_20260522T233929/sam_calvin_abc_d_official_prev_sota.csv,59,calvin_abc_d_atc,calvin_abc_d_prev_sota_atc,4.4,4.28,0.12,raw_atc,4280,4400,4280,4400,0,0,python_round_nearest_even_matches_significance_cutoffs,120,1,1000,5,0.05,1.644853627,3,133,0.003,0.133,indeterminate,Aggregate ABC-D average-tasks-completed score over 1000 sequences; each sequence contributes 0..5.
CALVIN,abc_d_atc,FT-NCFM: An Influence-Aware Data Distillation Framework for Efficient VLA Models,leaderboards/stat_significance_sam_export_20260522T233929/sam_calvin_abc_d_official_prev_sota.csv,60,calvin_abc_d_atc,calvin_abc_d_prev_sota_atc,3.47,3.65,-0.18,raw_atc,3650,3470,3650,3470,0,0,python_round_nearest_even_matches_significance_cutoffs,-180,1,1000,5,0.05,1.644853627,3,185,0.003,0.185,no_improvement,Aggregate ABC-D average-tasks-completed score over 1000 sequences; each sequence contributes 0..5.
CALVIN,abc_d_atc,GEVRM: Goal-Expressive Video Generation Model For Robust Visual Manipulation,leaderboards/stat_significance_sam_export_20260522T233929/sam_calvin_abc_d_official_prev_sota.csv,61,calvin_abc_d_atc,calvin_abc_d_prev_sota_atc,2.83,2.69,0.14,raw_atc,2690,2830,2690,2830,0,0,python_round_nearest_even_matches_significance_cutoffs,140,1,1000,5,0.05,1.644853627,3,244,0.003,0.244,indeterminate,Aggregate ABC-D average-tasks-completed score over 1000 sequences; each sequence contributes 0..5.
CALVIN,abc_d_atc,GraspCorrect: Robotic Grasp Correction via Vision-Language Model-Guided Feedback,leaderboards/stat_significance_sam_export_20260522T233929/sam_calvin_abc_d_official_prev_sota.csv,62,calvin_abc_d_atc,calvin_abc_d_prev_sota_atc,4.5,4.4,0.1,raw_atc,4400,4500,4400,4500,0,0,python_round_nearest_even_matches_significance_cutoffs,100,1,1000,5,0.05,1.644853627,3,121,0.003,0.121,indeterminate,Aggregate ABC-D average-tasks-completed score over 1000 sequences; each sequence contributes 0..5.
CALVIN,abc_d_atc,GR-MG: Leveraging Partially-Annotated Data via Multi-Modal Goal-Conditioned Policy,leaderboards/stat_significance_sam_export_20260522T233929/sam_calvin_abc_d_official_prev_sota.csv,63,calvin_abc_d_atc,calvin_abc_d_prev_sota_atc,4.04,3.35,0.69,raw_atc,3350,4040,3350,4040,0,0,python_round_nearest_even_matches_significance_cutoffs,690,1,1000,5,0.05,1.644853627,3,205,0.003,0.205,provably_significant,Aggregate ABC-D average-tasks-completed score over 1000 sequences; each sequence contributes 0..5.
CALVIN,abc_d_atc,"HiF-VLA: Hindsight, Insight and Foresight through Motion Representation for Vision-Language-Action Models",leaderboards/stat_significance_sam_export_20260522T233929/sam_calvin_abc_d_official_prev_sota.csv,64,calvin_abc_d_atc,calvin_abc_d_prev_sota_atc,4.35,4.33,0.02,raw_atc,4330,4350,4330,4350,0,0,python_round_nearest_even_matches_significance_cutoffs,20,1,1000,5,0.05,1.644853627,3,128,0.003,0.128,indeterminate,Aggregate ABC-D average-tasks-completed score over 1000 sequences; each sequence contributes 0..5.
CALVIN,abc_d_atc,LLaDA-VLA: Vision Language Diffusion Action Models,leaderboards/stat_significance_sam_export_20260522T233929/sam_calvin_abc_d_official_prev_sota.csv,65,calvin_abc_d_atc,calvin_abc_d_prev_sota_atc,4.01,3.27,0.74,raw_atc,3270,4010,3270,4010,0,0,python_round_nearest_even_matches_significance_cutoffs,740,1,1000,5,0.05,1.644853627,3,210,0.003,0.21,provably_significant,Aggregate ABC-D average-tasks-completed score over 1000 sequences; each sequence contributes 0..5.
CALVIN,abc_d_atc,MoWM: Mixture-of-World-Models for Embodied Planning via Latent-to-Pixel Feature Modulation,leaderboards/stat_significance_sam_export_20260522T233929/sam_calvin_abc_d_official_prev_sota.csv,66,calvin_abc_d_atc,calvin_abc_d_prev_sota_atc,4.1,3.92,0.18,raw_atc,3920,4100,3920,4100,0,0,python_round_nearest_even_matches_significance_cutoffs,180,1,1000,5,0.05,1.644853627,3,165,0.003,0.165,provably_significant,Aggregate ABC-D average-tasks-completed score over 1000 sequences; each sequence contributes 0..5.
CALVIN,abc_d_atc,$\pi_\texttt{RL}$: Online RL Fine-tuning for Flow-based Vision-Language-Action Models,leaderboards/stat_significance_sam_export_20260522T233929/sam_calvin_abc_d_official_prev_sota.csv,67,calvin_abc_d_atc,calvin_abc_d_prev_sota_atc,4.717,3.838,0.879,raw_atc,3838,4717,3838,4717,0,0,python_round_nearest_even_matches_significance_cutoffs,879,1,1000,5,0.05,1.644853627,3,171,0.003,0.171,provably_significant,Aggregate ABC-D average-tasks-completed score over 1000 sequences; each sequence contributes 0..5.
CALVIN,abc_d_atc,Pixel Motion as Universal Representation for Robot Control,leaderboards/stat_significance_sam_export_20260522T233929/sam_calvin_abc_d_official_prev_sota.csv,68,calvin_abc_d_atc,calvin_abc_d_prev_sota_atc,3.81,4.44,-0.63,raw_atc,4440,3810,4440,3810,0,0,python_round_nearest_even_matches_significance_cutoffs,-630,1,1000,5,0.05,1.644853627,3,117,0.003,0.117,no_improvement,Aggregate ABC-D average-tasks-completed score over 1000 sequences; each sequence contributes 0..5.
CALVIN,abc_d_atc,Pixel Motion Diffusion is What We Need for Robot Control,leaderboards/stat_significance_sam_export_20260522T233929/sam_calvin_abc_d_official_prev_sota.csv,69,calvin_abc_d_atc,calvin_abc_d_prev_sota_atc,4.1,4.44,-0.34,raw_atc,4440,4100,4440,4100,0,0,python_round_nearest_even_matches_significance_cutoffs,-340,1,1000,5,0.05,1.644853627,3,117,0.003,0.117,no_improvement,Aggregate ABC-D average-tasks-completed score over 1000 sequences; each sequence contributes 0..5.
CALVIN,abc_d_atc,PointMapPolicy: Structured Point Cloud Processing for Multi-Modal Imitation Learning,leaderboards/stat_significance_sam_export_20260522T233929/sam_calvin_abc_d_official_prev_sota.csv,70,calvin_abc_d_atc,calvin_abc_d_prev_sota_atc,4.01,4.28,-0.27,raw_atc,4280,4010,4280,4010,0,0,python_round_nearest_even_matches_significance_cutoffs,-270,1,1000,5,0.05,1.644853627,3,133,0.003,0.133,no_improvement,Aggregate ABC-D average-tasks-completed score over 1000 sequences; each sequence contributes 0..5.
CALVIN,abc_d_atc,RFTF: Reinforcement Fine-tuning for Embodied Agents with Temporal Feedback,leaderboards/stat_significance_sam_export_20260522T233929/sam_calvin_abc_d_official_prev_sota.csv,71,calvin_abc_d_atc,calvin_abc_d_prev_sota_atc,4.296,4.283,0.013,raw_atc,4283,4296,4283,4296,0,0,python_round_nearest_even_matches_significance_cutoffs,13,1,1000,5,0.05,1.644853627,3,133,0.003,0.133,indeterminate,Aggregate ABC-D average-tasks-completed score over 1000 sequences; each sequence contributes 0..5.
CALVIN,abc_d_atc,RoboBERT: An End-to-end Multimodal Robotic Manipulation Model,leaderboards/stat_significance_sam_export_20260522T233929/sam_calvin_abc_d_official_prev_sota.csv,72,calvin_abc_d_atc,calvin_abc_d_prev_sota_atc,3.79,3.39,0.4,raw_atc,3390,3790,3390,3790,0,0,python_round_nearest_even_matches_significance_cutoffs,400,1,1000,5,0.05,1.644853627,3,202,0.003,0.202,provably_significant,Aggregate ABC-D average-tasks-completed score over 1000 sequences; each sequence contributes 0..5.
CALVIN,abc_d_atc,RoboFlamingo-Plus: Fusion of Depth and RGB Perception with Vision-Language Models for Enhanced Robotic Manipulation,leaderboards/stat_significance_sam_export_20260522T233929/sam_calvin_abc_d_official_prev_sota.csv,73,calvin_abc_d_atc,calvin_abc_d_prev_sota_atc,3,2.062,0.938,raw_atc,2062,3000,2062,3000,0,0,python_round_nearest_even_matches_significance_cutoffs,938,1,1000,5,0.05,1.644853627,3,243,0.003,0.243,provably_significant,Aggregate ABC-D average-tasks-completed score over 1000 sequences; each sequence contributes 0..5.
CALVIN,abc_d_atc,RoVer: Robot Reward Model as Test-Time Verifier for Vision-Language-Action Model,leaderboards/stat_significance_sam_export_20260522T233929/sam_calvin_abc_d_official_prev_sota.csv,74,calvin_abc_d_atc,calvin_abc_d_prev_sota_atc,4.12,4.01,0.11,raw_atc,4010,4120,4010,4120,0,0,python_round_nearest_even_matches_significance_cutoffs,110,1,1000,5,0.05,1.644853627,3,157,0.003,0.157,indeterminate,Aggregate ABC-D average-tasks-completed score over 1000 sequences; each sequence contributes 0..5.
CALVIN,abc_d_atc,Seeing Space and Motion: Enhancing Latent Actions with Geometric and Dynamic Awareness for Vision-Language-Action Models,leaderboards/stat_significance_sam_export_20260522T233929/sam_calvin_abc_d_official_prev_sota.csv,76,calvin_abc_d_atc,calvin_abc_d_prev_sota_atc,4.38,4.29,0.09,raw_atc,4290,4380,4290,4380,0,0,python_round_nearest_even_matches_significance_cutoffs,90,1,1000,5,0.05,1.644853627,3,132,0.003,0.132,indeterminate,Aggregate ABC-D average-tasks-completed score over 1000 sequences; each sequence contributes 0..5.
CALVIN,abc_d_atc,TriVLA: A Triple-System-Based Unified Vision-Language-Action Model with Episodic World Modeling for General Robot Control,leaderboards/stat_significance_sam_export_20260522T233929/sam_calvin_abc_d_official_prev_sota.csv,77,calvin_abc_d_atc,calvin_abc_d_prev_sota_atc,4.37,4.33,0.04,raw_atc,4330,4370,4330,4370,0,0,python_round_nearest_even_matches_significance_cutoffs,40,1,1000,5,0.05,1.644853627,3,128,0.003,0.128,indeterminate,Aggregate ABC-D average-tasks-completed score over 1000 sequences; each sequence contributes 0..5.
CALVIN,abc_d_atc,Unified Vision-Language-Action Model,leaderboards/stat_significance_sam_export_20260522T233929/sam_calvin_abc_d_official_prev_sota.csv,78,calvin_abc_d_atc,calvin_abc_d_prev_sota_atc,4.41,4.28,0.13,raw_atc,4280,4410,4280,4410,0,0,python_round_nearest_even_matches_significance_cutoffs,130,1,1000,5,0.05,1.644853627,3,133,0.003,0.133,indeterminate,Aggregate ABC-D average-tasks-completed score over 1000 sequences; each sequence contributes 0..5.
CALVIN,abc_d_atc,Unifying Perception and Action: A Hybrid-Modality Pipeline with Implicit Visual Chain-of-Thought for Robotic Action Generation,leaderboards/stat_significance_sam_export_20260522T233929/sam_calvin_abc_d_official_prev_sota.csv,79,calvin_abc_d_atc,calvin_abc_d_prev_sota_atc,4.73,4.51,0.22,raw_atc,4510,4730,4510,4730,0,0,python_round_nearest_even_matches_significance_cutoffs,220,1,1000,5,0.05,1.644853627,3,109,0.003,0.109,provably_significant,Aggregate ABC-D average-tasks-completed score over 1000 sequences; each sequence contributes 0..5.
CALVIN,abc_d_atc,UniVLA: Learning to Act Anywhere with Task-centric Latent Actions,leaderboards/stat_significance_sam_export_20260522T233929/sam_calvin_abc_d_official_prev_sota.csv,80,calvin_abc_d_atc,calvin_abc_d_prev_sota_atc,3.8,3.66,0.14,raw_atc,3660,3800,3660,3800,0,0,python_round_nearest_even_matches_significance_cutoffs,140,1,1000,5,0.05,1.644853627,3,184,0.003,0.184,indeterminate,Aggregate ABC-D average-tasks-completed score over 1000 sequences; each sequence contributes 0..5.
CALVIN,abc_d_atc,Unveiling the Potential of Vision-Language-Action Models with Open-Ended Multimodal Instructions,leaderboards/stat_significance_sam_export_20260522T233929/sam_calvin_abc_d_official_prev_sota.csv,81,calvin_abc_d_atc,calvin_abc_d_prev_sota_atc,2.99,2.7,0.29,raw_atc,2700,2990,2700,2990,0,0,python_round_nearest_even_matches_significance_cutoffs,290,1,1000,5,0.05,1.644853627,3,243,0.003,0.243,provably_significant,Aggregate ABC-D average-tasks-completed score over 1000 sequences; each sequence contributes 0..5.
CALVIN,abc_d_atc,UP-VLA: A Unified Understanding and Prediction Model for Embodied Agent,leaderboards/stat_significance_sam_export_20260522T233929/sam_calvin_abc_d_official_prev_sota.csv,82,calvin_abc_d_atc,calvin_abc_d_prev_sota_atc,4.08,3.35,0.73,raw_atc,3350,4080,3350,4080,0,0,python_round_nearest_even_matches_significance_cutoffs,730,1,1000,5,0.05,1.644853627,3,205,0.003,0.205,provably_significant,Aggregate ABC-D average-tasks-completed score over 1000 sequences; each sequence contributes 0..5.
CALVIN,abc_d_atc,ViSA-Flow: Accelerating Robot Skill Learning via Large-Scale Video Semantic Action Flow,leaderboards/stat_significance_sam_export_20260522T233929/sam_calvin_abc_d_official_prev_sota.csv,83,calvin_abc_d_atc,calvin_abc_d_prev_sota_atc,2.96,2.69,0.27,raw_atc,2690,2960,2690,2960,0,0,python_round_nearest_even_matches_significance_cutoffs,270,1,1000,5,0.05,1.644853627,3,244,0.003,0.244,provably_significant,Aggregate ABC-D average-tasks-completed score over 1000 sequences; each sequence contributes 0..5.
CALVIN,abc_d_atc,VITA-VLA: Efficiently Teaching Vision-Language Models to Act via Action Expert Distillation,leaderboards/stat_significance_sam_export_20260522T233929/sam_calvin_abc_d_official_prev_sota.csv,84,calvin_abc_d_atc,calvin_abc_d_prev_sota_atc,3.18,3.76,-0.58,raw_atc,3760,3180,3760,3180,0,0,python_round_nearest_even_matches_significance_cutoffs,-580,1,1000,5,0.05,1.644853627,3,177,0.003,0.177,no_improvement,Aggregate ABC-D average-tasks-completed score over 1000 sequences; each sequence contributes 0..5.
CALVIN,abc_d_atc,VLA-Adapter: An Effective Paradigm for Tiny-Scale Vision-Language-Action Model,leaderboards/stat_significance_sam_export_20260522T233929/sam_calvin_abc_d_official_prev_sota.csv,85,calvin_abc_d_atc,calvin_abc_d_prev_sota_atc,4.42,4.33,0.09,raw_atc,4330,4420,4330,4420,0,0,python_round_nearest_even_matches_significance_cutoffs,90,1,1000,5,0.05,1.644853627,3,128,0.003,0.128,indeterminate,Aggregate ABC-D average-tasks-completed score over 1000 sequences; each sequence contributes 0..5.
CALVIN,abc_d_atc,VLAS: Vision-Language-Action Model With Speech Instructions For Customized Robot Manipulation,leaderboards/stat_significance_sam_export_20260522T233929/sam_calvin_abc_d_official_prev_sota.csv,86,calvin_abc_d_atc,calvin_abc_d_prev_sota_atc,2.4,2.48,-0.08,raw_atc,2480,2400,2480,2400,0,0,python_round_nearest_even_matches_significance_cutoffs,-80,1,1000,5,0.05,1.644853627,3,255,0.003,0.255,no_improvement,Aggregate ABC-D average-tasks-completed score over 1000 sequences; each sequence contributes 0..5.
CALVIN,abc_d_atc,X-VLA: Soft-Prompted Transformer as Scalable Cross-Embodiment Vision-Language-Action Model,leaderboards/stat_significance_sam_export_20260522T233929/sam_calvin_abc_d_official_prev_sota.csv,87,calvin_abc_d_atc,calvin_abc_d_prev_sota_atc,4.43,4.53,-0.1,raw_atc,4530,4430,4530,4430,0,0,python_round_nearest_even_matches_significance_cutoffs,-100,1,1000,5,0.05,1.644853627,3,107,0.003,0.107,no_improvement,Aggregate ABC-D average-tasks-completed score over 1000 sequences; each sequence contributes 0..5.
CALVIN,abc_d_atc,3D Diffuser Actor: Policy Diffusion with 3D Scene Representations,leaderboards/stat_significance_sam_export_20260522T233929/sam_calvin_abc_d_official_prev_sota.csv,88,calvin_abc_d_atc,calvin_abc_d_prev_sota_atc,3.35,3.06,0.29,raw_atc,3060,3350,3060,3350,0,0,python_round_nearest_even_matches_significance_cutoffs,290,1,1000,5,0.05,1.644853627,3,223,0.003,0.223,provably_significant,Aggregate ABC-D average-tasks-completed score over 1000 sequences; each sequence contributes 0..5.
CALVIN,abc_d_atc,Astra: Efficient Transformer Architecture and Contrastive Dynamics Learning for Embodied Instruction Following,leaderboards/stat_significance_sam_export_20260522T233929/sam_calvin_abc_d_official_prev_sota.csv,89,calvin_abc_d_atc,calvin_abc_d_prev_sota_atc,3.29,3.06,0.23,raw_atc,3060,3290,3060,3290,0,0,python_round_nearest_even_matches_significance_cutoffs,230,1,1000,5,0.05,1.644853627,3,223,0.003,0.223,provably_significant,Aggregate ABC-D average-tasks-completed score over 1000 sequences; each sequence contributes 0..5.
CALVIN,abc_d_atc,Closed-Loop Visuomotor Control with Generative Expectation for Robotic Manipulation,leaderboards/stat_significance_sam_export_20260522T233929/sam_calvin_abc_d_official_prev_sota.csv,90,calvin_abc_d_atc,calvin_abc_d_prev_sota_atc,3.53,3.27,0.26,raw_atc,3270,3530,3270,3530,0,0,python_round_nearest_even_matches_significance_cutoffs,260,1,1000,5,0.05,1.644853627,3,210,0.003,0.21,provably_significant,Aggregate ABC-D average-tasks-completed score over 1000 sequences; each sequence contributes 0..5.
CALVIN,abc_d_atc,DeeR-VLA: Dynamic Inference of Multimodal Large Language Models for Efficient Robot Execution,leaderboards/stat_significance_sam_export_20260522T233929/sam_calvin_abc_d_official_prev_sota.csv,91,calvin_abc_d_atc,calvin_abc_d_prev_sota_atc,2.9,3.06,-0.16,raw_atc,3060,2900,3060,2900,0,0,python_round_nearest_even_matches_significance_cutoffs,-160,1,1000,5,0.05,1.644853627,3,223,0.003,0.223,no_improvement,Aggregate ABC-D average-tasks-completed score over 1000 sequences; each sequence contributes 0..5.
CALVIN,abc_d_atc,Diffusion Transformer Policy,leaderboards/stat_significance_sam_export_20260522T233929/sam_calvin_abc_d_official_prev_sota.csv,92,calvin_abc_d_atc,calvin_abc_d_prev_sota_atc,3.61,3.27,0.34,raw_atc,3270,3610,3270,3610,0,0,python_round_nearest_even_matches_significance_cutoffs,340,1,1000,5,0.05,1.644853627,3,210,0.003,0.21,provably_significant,Aggregate ABC-D average-tasks-completed score over 1000 sequences; each sequence contributes 0..5.
CALVIN,abc_d_atc,Efficient Diffusion Transformer Policies with Mixture of Expert Denoisers for Multitask Learning,leaderboards/stat_significance_sam_export_20260522T233929/sam_calvin_abc_d_official_prev_sota.csv,93,calvin_abc_d_atc,calvin_abc_d_prev_sota_atc,4.01,3.06,0.95,raw_atc,3060,4010,3060,4010,0,0,python_round_nearest_even_matches_significance_cutoffs,950,1,1000,5,0.05,1.644853627,3,223,0.003,0.223,provably_significant,Aggregate ABC-D average-tasks-completed score over 1000 sequences; each sequence contributes 0..5.
CALVIN,abc_d_atc,From LLMs to Actions: Latent Codes as Bridges in Hierarchical Robot Control,leaderboards/stat_significance_sam_export_20260522T233929/sam_calvin_abc_d_official_prev_sota.csv,94,calvin_abc_d_atc,calvin_abc_d_prev_sota_atc,1.78,1.42,0.36,raw_atc,1420,1780,1420,1780,0,0,python_round_nearest_even_matches_significance_cutoffs,360,1,1000,5,0.05,1.644853627,3,203,0.003,0.203,provably_significant,Aggregate ABC-D average-tasks-completed score over 1000 sequences; each sequence contributes 0..5.
CALVIN,abc_d_atc,GHIL-Glue: Hierarchical Control with Filtered Subgoal Images,leaderboards/stat_significance_sam_export_20260522T233929/sam_calvin_abc_d_official_prev_sota.csv,95,calvin_abc_d_atc,calvin_abc_d_prev_sota_atc,3.69,2.94,0.75,raw_atc,2940,3690,2940,3690,0,0,python_round_nearest_even_matches_significance_cutoffs,750,1,1000,5,0.05,1.644853627,3,230,0.003,0.23,provably_significant,Aggregate ABC-D average-tasks-completed score over 1000 sequences; each sequence contributes 0..5.
CALVIN,abc_d_atc,Moto: Latent Motion Token as the Bridging Language for Learning Robot Manipulation from Videos,leaderboards/stat_significance_sam_export_20260522T233929/sam_calvin_abc_d_official_prev_sota.csv,96,calvin_abc_d_atc,calvin_abc_d_prev_sota_atc,3.1,3.06,0.04,raw_atc,3060,3100,3060,3100,0,0,python_round_nearest_even_matches_significance_cutoffs,40,1,1000,5,0.05,1.644853627,3,223,0.003,0.223,indeterminate,Aggregate ABC-D average-tasks-completed score over 1000 sequences; each sequence contributes 0..5.
CALVIN,abc_d_atc,Predictive Inverse Dynamics Models are Scalable Learners for Robotic Manipulation,leaderboards/stat_significance_sam_export_20260522T233929/sam_calvin_abc_d_official_prev_sota.csv,97,calvin_abc_d_atc,calvin_abc_d_prev_sota_atc,4.28,3.53,0.75,raw_atc,3530,4280,3530,4280,0,0,python_round_nearest_even_matches_significance_cutoffs,750,1,1000,5,0.05,1.644853627,3,193,0.003,0.193,provably_significant,Aggregate ABC-D average-tasks-completed score over 1000 sequences; each sequence contributes 0..5.
CALVIN,abc_d_atc,RoboUniView: Visual-Language Model with Unified View Representation for Robotic Manipulation,leaderboards/stat_significance_sam_export_20260522T233929/sam_calvin_abc_d_official_prev_sota.csv,98,calvin_abc_d_atc,calvin_abc_d_prev_sota_atc,3.647,3.27,0.377,raw_atc,3270,3647,3270,3647,0,0,python_round_nearest_even_matches_significance_cutoffs,377,1,1000,5,0.05,1.644853627,3,210,0.003,0.21,provably_significant,Aggregate ABC-D average-tasks-completed score over 1000 sequences; each sequence contributes 0..5.
CALVIN,abc_d_atc,"Towards Synergistic, Generalized, and Efficient Dual-System for Robotic Manipulation",leaderboards/stat_significance_sam_export_20260522T233929/sam_calvin_abc_d_official_prev_sota.csv,99,calvin_abc_d_atc,calvin_abc_d_prev_sota_atc,3.66,3.27,0.39,raw_atc,3270,3660,3270,3660,0,0,python_round_nearest_even_matches_significance_cutoffs,390,1,1000,5,0.05,1.644853627,3,210,0.003,0.21,provably_significant,Aggregate ABC-D average-tasks-completed score over 1000 sequences; each sequence contributes 0..5.
CALVIN,abc_d_atc,Video Prediction Policy: A Generalist Robot Policy with Predictive Visual Representations,leaderboards/stat_significance_sam_export_20260522T233929/sam_calvin_abc_d_official_prev_sota.csv,100,calvin_abc_d_atc,calvin_abc_d_prev_sota_atc,4.33,3.65,0.68,raw_atc,3650,4330,3650,4330,0,0,python_round_nearest_even_matches_significance_cutoffs,680,1,1000,5,0.05,1.644853627,3,185,0.003,0.185,provably_significant,Aggregate ABC-D average-tasks-completed score over 1000 sequences; each sequence contributes 0..5.
CALVIN,abc_d_atc,VidMan: Exploiting Implicit Dynamics from Video Diffusion Model for Effective Robot Manipulation,leaderboards/stat_significance_sam_export_20260522T233929/sam_calvin_abc_d_official_prev_sota.csv,101,calvin_abc_d_atc,calvin_abc_d_prev_sota_atc,3.42,3.35,0.07,raw_atc,3350,3420,3350,3420,0,0,python_round_nearest_even_matches_significance_cutoffs,70,1,1000,5,0.05,1.644853627,3,205,0.003,0.205,indeterminate,Aggregate ABC-D average-tasks-completed score over 1000 sequences; each sequence contributes 0..5.
CALVIN,abc_d_atc,What Matters in Building Vision-Language-Action Models for Generalist Robots,leaderboards/stat_significance_sam_export_20260522T233929/sam_calvin_abc_d_official_prev_sota.csv,102,calvin_abc_d_atc,calvin_abc_d_prev_sota_atc,4.25,3.06,1.19,raw_atc,3060,4250,3060,4250,0,0,python_round_nearest_even_matches_significance_cutoffs,1190,1,1000,5,0.05,1.644853627,3,223,0.003,0.223,provably_significant,Aggregate ABC-D average-tasks-completed score over 1000 sequences; each sequence contributes 0..5.
CALVIN,abc_d_atc,Language-Conditioned Imitation Learning with Base Skill Priors under Unstructured Data,leaderboards/stat_significance_sam_export_20260522T233929/sam_calvin_abc_d_official_prev_sota.csv,103,calvin_abc_d_atc,calvin_abc_d_prev_sota_atc,1.71,3.27,-1.56,raw_atc,3270,1710,3270,1710,0,0,python_round_nearest_even_matches_significance_cutoffs,-1560,1,1000,5,0.05,1.644853627,3,210,0.003,0.21,no_improvement,Aggregate ABC-D average-tasks-completed score over 1000 sequences; each sequence contributes 0..5.
CALVIN,abc_d_atc,Policy Adaptation from Foundation Model Feedback,leaderboards/stat_significance_sam_export_20260522T233929/sam_calvin_abc_d_official_prev_sota.csv,104,calvin_abc_d_atc,calvin_abc_d_prev_sota_atc,1.73,1.48,0.25,raw_atc,1480,1730,1480,1730,0,0,python_round_nearest_even_matches_significance_cutoffs,250,1,1000,5,0.05,1.644853627,3,207,0.003,0.207,provably_significant,Aggregate ABC-D average-tasks-completed score over 1000 sequences; each sequence contributes 0..5.
CALVIN,abc_d_atc,Unleashing Large-Scale Video Generative Pre-training for Visual Robot Manipulation,leaderboards/stat_significance_sam_export_20260522T233929/sam_calvin_abc_d_official_prev_sota.csv,105,calvin_abc_d_atc,calvin_abc_d_prev_sota_atc,3.06,0.93,2.13,raw_atc,930,3060,930,3060,0,0,python_round_nearest_even_matches_significance_cutoffs,2130,1,1000,5,0.05,1.644853627,3,166,0.003,0.166,provably_significant,Aggregate ABC-D average-tasks-completed score over 1000 sequences; each sequence contributes 0..5.
CALVIN,abc_d_atc,Vision-Language Foundation Models as Effective Robot Imitators,leaderboards/stat_significance_sam_export_20260522T233929/sam_calvin_abc_d_official_prev_sota.csv,106,calvin_abc_d_atc,calvin_abc_d_prev_sota_atc,2.48,0.9,1.58,raw_atc,900,2480,900,2480,0,0,python_round_nearest_even_matches_significance_cutoffs,1580,1,1000,5,0.05,1.644853627,3,163,0.003,0.163,provably_significant,Aggregate ABC-D average-tasks-completed score over 1000 sequences; each sequence contributes 0..5.
CALVIN,abc_d_atc,Zero-Shot Robotic Manipulation with Pretrained Image-Editing Diffusion Models,leaderboards/stat_significance_sam_export_20260522T233929/sam_calvin_abc_d_official_prev_sota.csv,107,calvin_abc_d_atc,calvin_abc_d_prev_sota_atc,2.69,1.48,1.21,raw_atc,1480,2690,1480,2690,0,0,python_round_nearest_even_matches_significance_cutoffs,1210,1,1000,5,0.05,1.644853627,3,207,0.003,0.207,provably_significant,Aggregate ABC-D average-tasks-completed score over 1000 sequences; each sequence contributes 0..5.
CALVIN,abc_d_atc,What Matters in Language Conditioned Robotic Imitation Learning Over Unstructured Data,leaderboards/stat_significance_sam_export_20260522T233929/sam_calvin_abc_d_official_prev_sota.csv,108,calvin_abc_d_atc,calvin_abc_d_prev_sota_atc,0.67,0.31,0.36,raw_atc,310,670,310,670,0,0,python_round_nearest_even_matches_significance_cutoffs,360,1,1000,5,0.05,1.644853627,3,99,0.003,0.099,provably_significant,Aggregate ABC-D average-tasks-completed score over 1000 sequences; each sequence contributes 0..5.
CALVIN,abc_d_atc,D IFFUSION T RAJECTORY - GUIDED P OLICY : A N OVEL F RAMEWORK FOR L ONG -H ORIZON R OBOT M ANIPU - LATION,leaderboards/stat_significance_sam_export_20260522T233929/sam_calvin_abc_d_official_prev_sota.csv,109,calvin_abc_d_atc,calvin_abc_d_prev_sota_atc,3.43,3.27,0.16,raw_atc,3270,3430,3270,3430,0,0,python_round_nearest_even_matches_significance_cutoffs,160,1,1000,5,0.05,1.644853627,3,210,0.003,0.21,indeterminate,Aggregate ABC-D average-tasks-completed score over 1000 sequences; each sequence contributes 0..5.
SimplerEnv,widowx_bridge,3D-Mix for VLA: A Plug-and-Play Module for Integrating VGGT-based 3D Information into Vision-Language-Action Models,leaderboards/stat_significance_sam_export_20260522T233929/sam_simplerenv_widowx_bridge_official_prev_sota.csv,2,simplerenv_widowx_bridge_success_rate,simplerenv_widowx_bridge_prev_sota_success_rate,68.23,64.58,3.65,percent,61.9968,65.5008,62,66,-0.0032,-0.4992,python_round_nearest_even_matches_significance_cutoffs,4,1,96,1,0.05,1.644853627,3,13,3.125,13.54166667,indeterminate,Protocol-level binary success rate over 4 tasks x 24 trials; per-task scores are not used in this public aggregate audit.
SimplerEnv,widowx_bridge,AC^2-VLA: Action-Context-Aware Adaptive Computation in Vision-Language-Action Models for Efficient Robotic Manipulation,leaderboards/stat_significance_sam_export_20260522T233929/sam_simplerenv_widowx_bridge_official_prev_sota.csv,3,simplerenv_widowx_bridge_success_rate,simplerenv_widowx_bridge_prev_sota_success_rate,54.5,51.3,3.2,percent,49.248,52.32,49,52,0.248,0.32,python_round_nearest_even_matches_significance_cutoffs,3,1,96,1,0.05,1.644853627,3,15,3.125,15.625,indeterminate,Protocol-level binary success rate over 4 tasks x 24 trials; per-task scores are not used in this public aggregate audit.
SimplerEnv,widowx_bridge,ActionCodec: What Makes for Good Action Tokenizers,leaderboards/stat_significance_sam_export_20260522T233929/sam_simplerenv_widowx_bridge_official_prev_sota.csv,4,simplerenv_widowx_bridge_success_rate,simplerenv_widowx_bridge_prev_sota_success_rate,65.2,67.9,-2.7,percent,65.184,62.592,65,63,0.184,-0.408,python_round_nearest_even_matches_significance_cutoffs,-2,1,96,1,0.05,1.644853627,3,12,3.125,12.5,no_improvement,Protocol-level binary success rate over 4 tasks x 24 trials; per-task scores are not used in this public aggregate audit.
SimplerEnv,widowx_bridge,AnchorVLA4D: an Anchor-Based Spatial-Temporal Vision-Language-Action Model for Robotic Manipulation,leaderboards/stat_significance_sam_export_20260522T233929/sam_simplerenv_widowx_bridge_official_prev_sota.csv,5,simplerenv_widowx_bridge_success_rate,simplerenv_widowx_bridge_prev_sota_success_rate,64.6,71.9,-7.3,percent,69.024,62.016,69,62,0.024,0.016,python_round_nearest_even_matches_significance_cutoffs,-7,1,96,1,0.05,1.644853627,3,11,3.125,11.45833333,no_improvement,Protocol-level binary success rate over 4 tasks x 24 trials; per-task scores are not used in this public aggregate audit.
SimplerEnv,widowx_bridge,AR-VLA: True Autoregressive Action Expert for Vision-Language-Action Models,leaderboards/stat_significance_sam_export_20260522T233929/sam_simplerenv_widowx_bridge_official_prev_sota.csv,6,simplerenv_widowx_bridge_success_rate,simplerenv_widowx_bridge_prev_sota_success_rate,61.5,52.1,9.4,percent,50.016,59.04,50,59,0.016,0.04,python_round_nearest_even_matches_significance_cutoffs,9,1,96,1,0.05,1.644853627,3,15,3.125,15.625,indeterminate,Protocol-level binary success rate over 4 tasks x 24 trials; per-task scores are not used in this public aggregate audit.
SimplerEnv,widowx_bridge,Beyond Dense Futures: World Models as Structured Planners for Robotic Manipulation,leaderboards/stat_significance_sam_export_20260522T233929/sam_simplerenv_widowx_bridge_official_prev_sota.csv,7,simplerenv_widowx_bridge_success_rate,simplerenv_widowx_bridge_prev_sota_success_rate,75,69.8,5.2,percent,67.008,72,67,72,0.008,0,python_round_nearest_even_matches_significance_cutoffs,5,1,96,1,0.05,1.644853627,3,12,3.125,12.5,indeterminate,Protocol-level binary success rate over 4 tasks x 24 trials; per-task scores are not used in this public aggregate audit.
SimplerEnv,widowx_bridge,Chain of World: World Model Thinking in Latent Motion,leaderboards/stat_significance_sam_export_20260522T233929/sam_simplerenv_widowx_bridge_official_prev_sota.csv,8,simplerenv_widowx_bridge_success_rate,simplerenv_widowx_bridge_prev_sota_success_rate,76,74,2,percent,71.04,72.96,71,73,0.04,-0.04,python_round_nearest_even_matches_significance_cutoffs,2,1,96,1,0.05,1.644853627,3,11,3.125,11.45833333,provably_not_significant,Protocol-level binary success rate over 4 tasks x 24 trials; per-task scores are not used in this public aggregate audit.
SimplerEnv,widowx_bridge,ConLA: Contrastive Latent Action Learning from Human Videos for Robotic Manipulation,leaderboards/stat_significance_sam_export_20260522T233929/sam_simplerenv_widowx_bridge_official_prev_sota.csv,9,simplerenv_widowx_bridge_success_rate,simplerenv_widowx_bridge_prev_sota_success_rate,64.6,63.5,1.1,percent,60.96,62.016,61,62,-0.04,0.016,python_round_nearest_even_matches_significance_cutoffs,1,1,96,1,0.05,1.644853627,3,13,3.125,13.54166667,provably_not_significant,Protocol-level binary success rate over 4 tasks x 24 trials; per-task scores are not used in this public aggregate audit.
SimplerEnv,widowx_bridge,CORAL: Scalable Multi-Task Robot Learning via LoRA Experts,leaderboards/stat_significance_sam_export_20260522T233929/sam_simplerenv_widowx_bridge_official_prev_sota.csv,10,simplerenv_widowx_bridge_success_rate,simplerenv_widowx_bridge_prev_sota_success_rate,97.9,95.8,2.1,percent,91.968,93.984,92,94,-0.032,-0.016,python_round_nearest_even_matches_significance_cutoffs,2,1,96,1,0.05,1.644853627,3,4,3.125,4.166666667,provably_not_significant,Protocol-level binary success rate over 4 tasks x 24 trials; per-task scores are not used in this public aggregate audit.
SimplerEnv,widowx_bridge,DAM-VLA: A Dynamic Action Model-Based Vision-Language-Action Framework for Robot Manipulation,leaderboards/stat_significance_sam_export_20260522T233929/sam_simplerenv_widowx_bridge_official_prev_sota.csv,11,simplerenv_widowx_bridge_success_rate,simplerenv_widowx_bridge_prev_sota_success_rate,71,57,14,percent,54.72,68.16,55,68,-0.28,0.16,python_round_nearest_even_matches_significance_cutoffs,13,1,96,1,0.05,1.644853627,3,14,3.125,14.58333333,indeterminate,Protocol-level binary success rate over 4 tasks x 24 trials; per-task scores are not used in this public aggregate audit.
SimplerEnv,widowx_bridge,DTP: A Simple yet Effective Distracting Token Pruning Framework for Vision-Language Action Models,leaderboards/stat_significance_sam_export_20260522T233929/sam_simplerenv_widowx_bridge_official_prev_sota.csv,12,simplerenv_widowx_bridge_success_rate,simplerenv_widowx_bridge_prev_sota_success_rate,74,68.7,5.3,percent,65.952,71.04,66,71,-0.048,0.04,python_round_nearest_even_matches_significance_cutoffs,5,1,96,1,0.05,1.644853627,3,12,3.125,12.5,indeterminate,Protocol-level binary success rate over 4 tasks x 24 trials; per-task scores are not used in this public aggregate audit.
SimplerEnv,widowx_bridge,EmbodiedMidtrain: Bridging the Gap between Vision-Language Models and Vision-Language-Action Models via Mid-training,leaderboards/stat_significance_sam_export_20260522T233929/sam_simplerenv_widowx_bridge_official_prev_sota.csv,13,simplerenv_widowx_bridge_success_rate,simplerenv_widowx_bridge_prev_sota_success_rate,56.3,60.4,-4.1,percent,57.984,54.048,58,54,-0.016,0.048,python_round_nearest_even_matches_significance_cutoffs,-4,1,96,1,0.05,1.644853627,3,13,3.125,13.54166667,no_improvement,Protocol-level binary success rate over 4 tasks x 24 trials; per-task scores are not used in this public aggregate audit.
SimplerEnv,widowx_bridge,Fast-dVLA: Accelerating Discrete Diffusion VLA to Real-Time Performance,leaderboards/stat_significance_sam_export_20260522T233929/sam_simplerenv_widowx_bridge_official_prev_sota.csv,14,simplerenv_widowx_bridge_success_rate,simplerenv_widowx_bridge_prev_sota_success_rate,59.3,55.2,4.1,percent,52.992,56.928,53,57,-0.008,-0.072,python_round_nearest_even_matches_significance_cutoffs,4,1,96,1,0.05,1.644853627,3,14,3.125,14.58333333,indeterminate,Protocol-level binary success rate over 4 tasks x 24 trials; per-task scores are not used in this public aggregate audit.
SimplerEnv,widowx_bridge,FPC-VLA: A vision-language-action framework with a supervisor for failure prediction and correction,leaderboards/stat_significance_sam_export_20260522T233929/sam_simplerenv_widowx_bridge_official_prev_sota.csv,15,simplerenv_widowx_bridge_success_rate,simplerenv_widowx_bridge_prev_sota_success_rate,64.6,51.8,12.8,percent,49.728,62.016,50,62,-0.272,0.016,python_round_nearest_even_matches_significance_cutoffs,12,1,96,1,0.05,1.644853627,3,15,3.125,15.625,indeterminate,Protocol-level binary success rate over 4 tasks x 24 trials; per-task scores are not used in this public aggregate audit.
SimplerEnv,widowx_bridge,From Noise to Intent: Anchoring Generative VLA Policies with Residual Bridges,leaderboards/stat_significance_sam_export_20260522T233929/sam_simplerenv_widowx_bridge_official_prev_sota.csv,16,simplerenv_widowx_bridge_success_rate,simplerenv_widowx_bridge_prev_sota_success_rate,57.9,71.7,-13.8,percent,68.832,55.584,69,56,-0.168,-0.416,python_round_nearest_even_matches_significance_cutoffs,-13,1,96,1,0.05,1.644853627,3,11,3.125,11.45833333,no_improvement,Protocol-level binary success rate over 4 tasks x 24 trials; per-task scores are not used in this public aggregate audit.
SimplerEnv,widowx_bridge,FutureVLA: Joint Visuomotor Prediction for Vision-Language-Action Model,leaderboards/stat_significance_sam_export_20260522T233929/sam_simplerenv_widowx_bridge_official_prev_sota.csv,17,simplerenv_widowx_bridge_success_rate,simplerenv_widowx_bridge_prev_sota_success_rate,71.9,61.9,10,percent,59.424,69.024,59,69,0.424,0.024,python_round_nearest_even_matches_significance_cutoffs,10,1,96,1,0.05,1.644853627,3,13,3.125,13.54166667,indeterminate,Protocol-level binary success rate over 4 tasks x 24 trials; per-task scores are not used in this public aggregate audit.
SimplerEnv,widowx_bridge,LaMP: Learning Vision-Language-Action Policies with 3D Scene Flow as Latent Motion Prior,leaderboards/stat_significance_sam_export_20260522T233929/sam_simplerenv_widowx_bridge_official_prev_sota.csv,18,simplerenv_widowx_bridge_success_rate,simplerenv_widowx_bridge_prev_sota_success_rate,79.2,74,5.2,percent,71.04,76.032,71,76,0.04,0.032,python_round_nearest_even_matches_significance_cutoffs,5,1,96,1,0.05,1.644853627,3,11,3.125,11.45833333,indeterminate,Protocol-level binary success rate over 4 tasks x 24 trials; per-task scores are not used in this public aggregate audit.
SimplerEnv,widowx_bridge,LangForce: Bayesian Decomposition of Vision Language Action Models via Latent Action Queries,leaderboards/stat_significance_sam_export_20260522T233929/sam_simplerenv_widowx_bridge_official_prev_sota.csv,19,simplerenv_widowx_bridge_success_rate,simplerenv_widowx_bridge_prev_sota_success_rate,66.5,57.1,9.4,percent,54.816,63.84,55,64,-0.184,-0.16,python_round_nearest_even_matches_significance_cutoffs,9,1,96,1,0.05,1.644853627,3,14,3.125,14.58333333,indeterminate,Protocol-level binary success rate over 4 tasks x 24 trials; per-task scores are not used in this public aggregate audit.
SimplerEnv,widowx_bridge,Latent Reasoning VLA: Latent Thinking and Prediction for Vision-Language-Action Models,leaderboards/stat_significance_sam_export_20260522T233929/sam_simplerenv_widowx_bridge_official_prev_sota.csv,20,simplerenv_widowx_bridge_success_rate,simplerenv_widowx_bridge_prev_sota_success_rate,68.8,62.5,6.3,percent,60,66.048,60,66,0,0.048,python_round_nearest_even_matches_significance_cutoffs,6,1,96,1,0.05,1.644853627,3,13,3.125,13.54166667,indeterminate,Protocol-level binary success rate over 4 tasks x 24 trials; per-task scores are not used in this public aggregate audit.
SimplerEnv,widowx_bridge,Learning Human-Intention Priors from Large-Scale Human Demonstrations for Robotic Manipulation,leaderboards/stat_significance_sam_export_20260522T233929/sam_simplerenv_widowx_bridge_official_prev_sota.csv,21,simplerenv_widowx_bridge_success_rate,simplerenv_widowx_bridge_prev_sota_success_rate,66.1,43.8,22.3,percent,42.048,63.456,42,63,0.048,0.456,python_round_nearest_even_matches_significance_cutoffs,21,1,96,1,0.05,1.644853627,3,16,3.125,16.66666667,provably_significant,Protocol-level binary success rate over 4 tasks x 24 trials; per-task scores are not used in this public aggregate audit.
SimplerEnv,widowx_bridge,MVP-LAM: Learning Action-Centric Latent Action via Cross-Viewpoint Reconstruction,leaderboards/stat_significance_sam_export_20260522T233929/sam_simplerenv_widowx_bridge_official_prev_sota.csv,22,simplerenv_widowx_bridge_success_rate,simplerenv_widowx_bridge_prev_sota_success_rate,60.4,57.3,3.1,percent,55.008,57.984,55,58,0.008,-0.016,python_round_nearest_even_matches_significance_cutoffs,3,1,96,1,0.05,1.644853627,3,14,3.125,14.58333333,indeterminate,Protocol-level binary success rate over 4 tasks x 24 trials; per-task scores are not used in this public aggregate audit.
SimplerEnv,widowx_bridge,"OmniStream: Mastering Perception, Reconstruction and Action in Continuous Streams",leaderboards/stat_significance_sam_export_20260522T233929/sam_simplerenv_widowx_bridge_official_prev_sota.csv,23,simplerenv_widowx_bridge_success_rate,simplerenv_widowx_bridge_prev_sota_success_rate,45.8,60.4,-14.6,percent,57.984,43.968,58,44,-0.016,-0.032,python_round_nearest_even_matches_significance_cutoffs,-14,1,96,1,0.05,1.644853627,3,13,3.125,13.54166667,no_improvement,Protocol-level binary success rate over 4 tasks x 24 trials; per-task scores are not used in this public aggregate audit.
SimplerEnv,widowx_bridge,Reshaping Action Error Distributions for Reliable Vision-Language-Action Models,leaderboards/stat_significance_sam_export_20260522T233929/sam_simplerenv_widowx_bridge_official_prev_sota.csv,24,simplerenv_widowx_bridge_success_rate,simplerenv_widowx_bridge_prev_sota_success_rate,61.5,53.1,8.4,percent,50.976,59.04,51,59,-0.024,0.04,python_round_nearest_even_matches_significance_cutoffs,8,1,96,1,0.05,1.644853627,3,15,3.125,15.625,indeterminate,Protocol-level binary success rate over 4 tasks x 24 trials; per-task scores are not used in this public aggregate audit.
SimplerEnv,widowx_bridge,RoboStream: Weaving Spatio-Temporal Reasoning with Memory in Vision-Language Models for Robotics,leaderboards/stat_significance_sam_export_20260522T233929/sam_simplerenv_widowx_bridge_official_prev_sota.csv,25,simplerenv_widowx_bridge_success_rate,simplerenv_widowx_bridge_prev_sota_success_rate,74.8,58.3,16.5,percent,55.968,71.808,56,72,-0.032,-0.192,python_round_nearest_even_matches_significance_cutoffs,16,1,96,1,0.05,1.644853627,3,14,3.125,14.58333333,provably_significant,Protocol-level binary success rate over 4 tasks x 24 trials; per-task scores are not used in this public aggregate audit.
SimplerEnv,widowx_bridge,RoboVIP: Multi-View Video Generation with Visual Identity Prompting Augments Robot Manipulation,leaderboards/stat_significance_sam_export_20260522T233929/sam_simplerenv_widowx_bridge_official_prev_sota.csv,26,simplerenv_widowx_bridge_success_rate,simplerenv_widowx_bridge_prev_sota_success_rate,29,18.5,10.5,percent,17.76,27.84,18,28,-0.24,-0.16,python_round_nearest_even_matches_significance_cutoffs,10,1,96,1,0.05,1.644853627,3,12,3.125,12.5,indeterminate,Protocol-level binary success rate over 4 tasks x 24 trials; per-task scores are not used in this public aggregate audit.
SimplerEnv,widowx_bridge,SCALE: Self-uncertainty Conditioned Adaptive Looking and Execution for Vision-Language-Action Models,leaderboards/stat_significance_sam_export_20260522T233929/sam_simplerenv_widowx_bridge_official_prev_sota.csv,27,simplerenv_widowx_bridge_success_rate,simplerenv_widowx_bridge_prev_sota_success_rate,49,41.7,7.3,percent,40.032,47.04,40,47,0.032,0.04,python_round_nearest_even_matches_significance_cutoffs,7,1,96,1,0.05,1.644853627,3,16,3.125,16.66666667,indeterminate,Protocol-level binary success rate over 4 tasks x 24 trials; per-task scores are not used in this public aggregate audit.
SimplerEnv,widowx_bridge,SimVLA: A Simple VLA Baseline for Robotic Manipulation,leaderboards/stat_significance_sam_export_20260522T233929/sam_simplerenv_widowx_bridge_official_prev_sota.csv,28,simplerenv_widowx_bridge_success_rate,simplerenv_widowx_bridge_prev_sota_success_rate,95.8,95.8,0,percent,91.968,91.968,92,92,-0.032,-0.032,python_round_nearest_even_matches_significance_cutoffs,0,1,96,1,0.05,1.644853627,3,4,3.125,4.166666667,no_improvement,Protocol-level binary success rate over 4 tasks x 24 trials; per-task scores are not used in this public aggregate audit.
SimplerEnv,widowx_bridge,StarVLA: A Lego-like Codebase for Vision-Language-Action Model Developing,leaderboards/stat_significance_sam_export_20260522T233929/sam_simplerenv_widowx_bridge_official_prev_sota.csv,29,simplerenv_widowx_bridge_success_rate,simplerenv_widowx_bridge_prev_sota_success_rate,70.2,67.8,2.4,percent,65.088,67.392,65,67,0.088,0.392,python_round_nearest_even_matches_significance_cutoffs,2,1,96,1,0.05,1.644853627,3,12,3.125,12.5,provably_not_significant,Protocol-level binary success rate over 4 tasks x 24 trials; per-task scores are not used in this public aggregate audit.
SimplerEnv,widowx_bridge,StarVLA-$\alpha$: Reducing Complexity in Vision-Language-Action Systems,leaderboards/stat_significance_sam_export_20260522T233929/sam_simplerenv_widowx_bridge_official_prev_sota.csv,30,simplerenv_widowx_bridge_success_rate,simplerenv_widowx_bridge_prev_sota_success_rate,64.6,62,2.6,percent,59.52,62.016,60,62,-0.48,0.016,python_round_nearest_even_matches_significance_cutoffs,2,1,96,1,0.05,1.644853627,3,13,3.125,13.54166667,provably_not_significant,Protocol-level binary success rate over 4 tasks x 24 trials; per-task scores are not used in this public aggregate audit.
SimplerEnv,widowx_bridge,Thinking in Text and Images: Interleaved Vision--Language Reasoning Traces for Long-Horizon Robot Manipulation,leaderboards/stat_significance_sam_export_20260522T233929/sam_simplerenv_widowx_bridge_official_prev_sota.csv,31,simplerenv_widowx_bridge_success_rate,simplerenv_widowx_bridge_prev_sota_success_rate,59.4,42.7,16.7,percent,40.992,57.024,41,57,-0.008,0.024,python_round_nearest_even_matches_significance_cutoffs,16,1,96,1,0.05,1.644853627,3,16,3.125,16.66666667,provably_significant,Protocol-level binary success rate over 4 tasks x 24 trials; per-task scores are not used in this public aggregate audit.
SimplerEnv,widowx_bridge,Towards Long-Lived Robots: Continual Learning VLA Models via Reinforcement Fine-Tuning,leaderboards/stat_significance_sam_export_20260522T233929/sam_simplerenv_widowx_bridge_official_prev_sota.csv,32,simplerenv_widowx_bridge_success_rate,simplerenv_widowx_bridge_prev_sota_success_rate,69,65.5,3.5,percent,62.88,66.24,63,66,-0.12,0.24,python_round_nearest_even_matches_significance_cutoffs,3,1,96,1,0.05,1.644853627,3,12,3.125,12.5,indeterminate,Protocol-level binary success rate over 4 tasks x 24 trials; per-task scores are not used in this public aggregate audit.
SimplerEnv,widowx_bridge,TwinBrainVLA: Unleashing the Potential of Generalist VLMs for Embodied Tasks via Asymmetric Mixture-of-Transformers,leaderboards/stat_significance_sam_export_20260522T233929/sam_simplerenv_widowx_bridge_official_prev_sota.csv,33,simplerenv_widowx_bridge_success_rate,simplerenv_widowx_bridge_prev_sota_success_rate,64.5,57.1,7.4,percent,54.816,61.92,55,62,-0.184,-0.08,python_round_nearest_even_matches_significance_cutoffs,7,1,96,1,0.05,1.644853627,3,14,3.125,14.58333333,indeterminate,Protocol-level binary success rate over 4 tasks x 24 trials; per-task scores are not used in this public aggregate audit.
SimplerEnv,widowx_bridge,VLA-JEPA: Enhancing Vision-Language-Action Model with Latent World Model,leaderboards/stat_significance_sam_export_20260522T233929/sam_simplerenv_widowx_bridge_official_prev_sota.csv,34,simplerenv_widowx_bridge_success_rate,simplerenv_widowx_bridge_prev_sota_success_rate,57.3,57.3,0,percent,55.008,55.008,55,55,0.008,0.008,python_round_nearest_even_matches_significance_cutoffs,0,1,96,1,0.05,1.644853627,3,14,3.125,14.58333333,no_improvement,Protocol-level binary success rate over 4 tasks x 24 trials; per-task scores are not used in this public aggregate audit.
SimplerEnv,widowx_bridge,VLM4VLA: Revisiting Vision-Language-Models in Vision-Language-Action Models,leaderboards/stat_significance_sam_export_20260522T233929/sam_simplerenv_widowx_bridge_official_prev_sota.csv,35,simplerenv_widowx_bridge_success_rate,simplerenv_widowx_bridge_prev_sota_success_rate,60.4,60.4,0,percent,57.984,57.984,58,58,-0.016,-0.016,python_round_nearest_even_matches_significance_cutoffs,0,1,96,1,0.05,1.644853627,3,13,3.125,13.54166667,no_improvement,Protocol-level binary success rate over 4 tasks x 24 trials; per-task scores are not used in this public aggregate audit.
SimplerEnv,widowx_bridge,VP-VLA: Visual Prompting as an Interface for Vision-Language-Action Models,leaderboards/stat_significance_sam_export_20260522T233929/sam_simplerenv_widowx_bridge_official_prev_sota.csv,36,simplerenv_widowx_bridge_success_rate,simplerenv_widowx_bridge_prev_sota_success_rate,58.3,57.1,1.2,percent,54.816,55.968,55,56,-0.184,-0.032,python_round_nearest_even_matches_significance_cutoffs,1,1,96,1,0.05,1.644853627,3,14,3.125,14.58333333,provably_not_significant,Protocol-level binary success rate over 4 tasks x 24 trials; per-task scores are not used in this public aggregate audit.
SimplerEnv,widowx_bridge,World Guidance: World Modeling in Condition Space for Action Generation,leaderboards/stat_significance_sam_export_20260522T233929/sam_simplerenv_widowx_bridge_official_prev_sota.csv,37,simplerenv_widowx_bridge_success_rate,simplerenv_widowx_bridge_prev_sota_success_rate,63.5,62.5,1,percent,60,60.96,60,61,0,-0.04,python_round_nearest_even_matches_significance_cutoffs,1,1,96,1,0.05,1.644853627,3,13,3.125,13.54166667,provably_not_significant,Protocol-level binary success rate over 4 tasks x 24 trials; per-task scores are not used in this public aggregate audit.
SimplerEnv,widowx_bridge,Xiaomi-Robotics-0: An Open-Sourced Vision-Language-Action Model with Real-Time Execution,leaderboards/stat_significance_sam_export_20260522T233929/sam_simplerenv_widowx_bridge_official_prev_sota.csv,38,simplerenv_widowx_bridge_success_rate,simplerenv_widowx_bridge_prev_sota_success_rate,79.2,72.7,6.5,percent,69.792,76.032,70,76,-0.208,0.032,python_round_nearest_even_matches_significance_cutoffs,6,1,96,1,0.05,1.644853627,3,11,3.125,11.45833333,indeterminate,Protocol-level binary success rate over 4 tasks x 24 trials; per-task scores are not used in this public aggregate audit.
SimplerEnv,widowx_bridge,Anyprefer: An Agentic Framework for Preference Data Synthesis,leaderboards/stat_significance_sam_export_20260522T233929/sam_simplerenv_widowx_bridge_official_prev_sota.csv,39,simplerenv_widowx_bridge_success_rate,simplerenv_widowx_bridge_prev_sota_success_rate,43.5,28.5,15,percent,27.36,41.76,27,42,0.36,-0.24,python_round_nearest_even_matches_significance_cutoffs,15,1,96,1,0.05,1.644853627,3,14,3.125,14.58333333,provably_significant,Protocol-level binary success rate over 4 tasks x 24 trials; per-task scores are not used in this public aggregate audit.
SimplerEnv,widowx_bridge,AsyncVLA: Asynchronous Flow Matching for Vision-Language-Action Models,leaderboards/stat_significance_sam_export_20260522T233929/sam_simplerenv_widowx_bridge_official_prev_sota.csv,40,simplerenv_widowx_bridge_success_rate,simplerenv_widowx_bridge_prev_sota_success_rate,70.8,62.5,8.3,percent,60,67.968,60,68,0,-0.032,python_round_nearest_even_matches_significance_cutoffs,8,1,96,1,0.05,1.644853627,3,13,3.125,13.54166667,indeterminate,Protocol-level binary success rate over 4 tasks x 24 trials; per-task scores are not used in this public aggregate audit.
SimplerEnv,widowx_bridge,BLURR: A Boosted Low-Resource Inference for Vision-Language-Action Models,leaderboards/stat_significance_sam_export_20260522T233929/sam_simplerenv_widowx_bridge_official_prev_sota.csv,41,simplerenv_widowx_bridge_success_rate,simplerenv_widowx_bridge_prev_sota_success_rate,71,70,1,percent,67.2,68.16,67,68,0.2,0.16,python_round_nearest_even_matches_significance_cutoffs,1,1,96,1,0.05,1.644853627,3,12,3.125,12.5,provably_not_significant,Protocol-level binary success rate over 4 tasks x 24 trials; per-task scores are not used in this public aggregate audit.
SimplerEnv,widowx_bridge,Bridging Scale Discrepancies in Robotic Control via Language-Based Action Representations,leaderboards/stat_significance_sam_export_20260522T233929/sam_simplerenv_widowx_bridge_official_prev_sota.csv,42,simplerenv_widowx_bridge_success_rate,simplerenv_widowx_bridge_prev_sota_success_rate,35.3,26.7,8.6,percent,25.632,33.888,26,34,-0.368,-0.112,python_round_nearest_even_matches_significance_cutoffs,8,1,96,1,0.05,1.644853627,3,14,3.125,14.58333333,indeterminate,Protocol-level binary success rate over 4 tasks x 24 trials; per-task scores are not used in this public aggregate audit.
SimplerEnv,widowx_bridge,ContextVLA: Vision-Language-Action Model with Amortized Multi-Frame Context,leaderboards/stat_significance_sam_export_20260522T233929/sam_simplerenv_widowx_bridge_official_prev_sota.csv,43,simplerenv_widowx_bridge_success_rate,simplerenv_widowx_bridge_prev_sota_success_rate,70.7,59,11.7,percent,56.64,67.872,57,68,-0.36,-0.128,python_round_nearest_even_matches_significance_cutoffs,11,1,96,1,0.05,1.644853627,3,14,3.125,14.58333333,indeterminate,Protocol-level binary success rate over 4 tasks x 24 trials; per-task scores are not used in this public aggregate audit.
SimplerEnv,widowx_bridge,CronusVLA: Towards Efficient and Robust Manipulation via Multi-Frame Vision-Language-Action Modeling,leaderboards/stat_significance_sam_export_20260522T233929/sam_simplerenv_widowx_bridge_official_prev_sota.csv,44,simplerenv_widowx_bridge_success_rate,simplerenv_widowx_bridge_prev_sota_success_rate,60.4,61.9,-1.5,percent,59.424,57.984,59,58,0.424,-0.016,python_round_nearest_even_matches_significance_cutoffs,-1,1,96,1,0.05,1.644853627,3,13,3.125,13.54166667,no_improvement,Protocol-level binary success rate over 4 tasks x 24 trials; per-task scores are not used in this public aggregate audit.
SimplerEnv,widowx_bridge,DepthVLA: Enhancing Vision-Language-Action Models with Depth-Aware Spatial Reasoning,leaderboards/stat_significance_sam_export_20260522T233929/sam_simplerenv_widowx_bridge_official_prev_sota.csv,45,simplerenv_widowx_bridge_success_rate,simplerenv_widowx_bridge_prev_sota_success_rate,74.8,58.8,16,percent,56.448,71.808,56,72,0.448,-0.192,python_round_nearest_even_matches_significance_cutoffs,16,1,96,1,0.05,1.644853627,3,14,3.125,14.58333333,provably_significant,Protocol-level binary success rate over 4 tasks x 24 trials; per-task scores are not used in this public aggregate audit.
SimplerEnv,widowx_bridge,Developing Vision-Language-Action Model from Egocentric Videos,leaderboards/stat_significance_sam_export_20260522T233929/sam_simplerenv_widowx_bridge_official_prev_sota.csv,46,simplerenv_widowx_bridge_success_rate,simplerenv_widowx_bridge_prev_sota_success_rate,27,23,4,percent,22.08,25.92,22,26,0.08,-0.08,python_round_nearest_even_matches_significance_cutoffs,4,1,96,1,0.05,1.644853627,3,13,3.125,13.54166667,indeterminate,Protocol-level binary success rate over 4 tasks x 24 trials; per-task scores are not used in this public aggregate audit.
SimplerEnv,widowx_bridge,Dexbotic: Open-Source Vision-Language-Action Toolbox,leaderboards/stat_significance_sam_export_20260522T233929/sam_simplerenv_widowx_bridge_official_prev_sota.csv,47,simplerenv_widowx_bridge_success_rate,simplerenv_widowx_bridge_prev_sota_success_rate,84.4,71.9,12.5,percent,69.024,81.024,69,81,0.024,0.024,python_round_nearest_even_matches_significance_cutoffs,12,1,96,1,0.05,1.644853627,3,11,3.125,11.45833333,provably_significant,Protocol-level binary success rate over 4 tasks x 24 trials; per-task scores are not used in this public aggregate audit.
SimplerEnv,widowx_bridge,Discrete Diffusion VLA: Bringing Discrete Diffusion to Action Decoding in Vision-Language-Action Policies,leaderboards/stat_significance_sam_export_20260522T233929/sam_simplerenv_widowx_bridge_official_prev_sota.csv,48,simplerenv_widowx_bridge_success_rate,simplerenv_widowx_bridge_prev_sota_success_rate,37.5,36.5,1,percent,35.04,36,35,36,0.04,0,python_round_nearest_even_matches_significance_cutoffs,1,1,96,1,0.05,1.644853627,3,16,3.125,16.66666667,provably_not_significant,Protocol-level binary success rate over 4 tasks x 24 trials; per-task scores are not used in this public aggregate audit.
SimplerEnv,widowx_bridge,Dream-VL & Dream-VLA: Open Vision-Language and Vision-Language-Action Models with Diffusion Language Model Backbone,leaderboards/stat_significance_sam_export_20260522T233929/sam_simplerenv_widowx_bridge_official_prev_sota.csv,49,simplerenv_widowx_bridge_success_rate,simplerenv_widowx_bridge_prev_sota_success_rate,60.4,55.5,4.9,percent,53.28,57.984,53,58,0.28,-0.016,python_round_nearest_even_matches_significance_cutoffs,5,1,96,1,0.05,1.644853627,3,14,3.125,14.58333333,indeterminate,Protocol-level binary success rate over 4 tasks x 24 trials; per-task scores are not used in this public aggregate audit.
SimplerEnv,widowx_bridge,DualVLA: Building a Generalizable Embodied Agent via Partial Decoupling of Reasoning and Action,leaderboards/stat_significance_sam_export_20260522T233929/sam_simplerenv_widowx_bridge_official_prev_sota.csv,50,simplerenv_widowx_bridge_success_rate,simplerenv_widowx_bridge_prev_sota_success_rate,36.1,34.8,1.3,percent,33.408,34.656,33,35,0.408,-0.344,python_round_nearest_even_matches_significance_cutoffs,2,1,96,1,0.05,1.644853627,3,15,3.125,15.625,provably_not_significant,Protocol-level binary success rate over 4 tasks x 24 trials; per-task scores are not used in this public aggregate audit.
SimplerEnv,widowx_bridge,Embodied-R1: Reinforced Embodied Reasoning for General Robotic Manipulation,leaderboards/stat_significance_sam_export_20260522T233929/sam_simplerenv_widowx_bridge_official_prev_sota.csv,51,simplerenv_widowx_bridge_success_rate,simplerenv_widowx_bridge_prev_sota_success_rate,56.2,53.8,2.4,percent,51.648,53.952,52,54,-0.352,-0.048,python_round_nearest_even_matches_significance_cutoffs,2,1,96,1,0.05,1.644853627,3,15,3.125,15.625,provably_not_significant,Protocol-level binary success rate over 4 tasks x 24 trials; per-task scores are not used in this public aggregate audit.
SimplerEnv,widowx_bridge,EO-1: An Open Unified Embodied Foundation Model for General Robot Control,leaderboards/stat_significance_sam_export_20260522T233929/sam_simplerenv_widowx_bridge_official_prev_sota.csv,52,simplerenv_widowx_bridge_success_rate,simplerenv_widowx_bridge_prev_sota_success_rate,72.7,69.2,3.5,percent,66.432,69.792,66,70,0.432,-0.208,python_round_nearest_even_matches_significance_cutoffs,4,1,96,1,0.05,1.644853627,3,12,3.125,12.5,indeterminate,Protocol-level binary success rate over 4 tasks x 24 trials; per-task scores are not used in this public aggregate audit.
SimplerEnv,widowx_bridge,Executable Analytic Concepts as the Missing Link Between VLM Insight and Precise Manipulation,leaderboards/stat_significance_sam_export_20260522T233929/sam_simplerenv_widowx_bridge_official_prev_sota.csv,53,simplerenv_widowx_bridge_success_rate,simplerenv_widowx_bridge_prev_sota_success_rate,86.1,58.3,27.8,percent,55.968,82.656,56,83,-0.032,-0.344,python_round_nearest_even_matches_significance_cutoffs,27,1,96,1,0.05,1.644853627,3,14,3.125,14.58333333,provably_significant,Protocol-level binary success rate over 4 tasks x 24 trials; per-task scores are not used in this public aggregate audit.
SimplerEnv,widowx_bridge,F1: A Vision-Language-Action Model Bridging Understanding and Generation to Actions,leaderboards/stat_significance_sam_export_20260522T233929/sam_simplerenv_widowx_bridge_official_prev_sota.csv,54,simplerenv_widowx_bridge_success_rate,simplerenv_widowx_bridge_prev_sota_success_rate,59.4,42.7,16.7,percent,40.992,57.024,41,57,-0.008,0.024,python_round_nearest_even_matches_significance_cutoffs,16,1,96,1,0.05,1.644853627,3,16,3.125,16.66666667,provably_significant,Protocol-level binary success rate over 4 tasks x 24 trials; per-task scores are not used in this public aggregate audit.
SimplerEnv,widowx_bridge,FASTer: Toward Efficient Autoregressive Vision Language Action Modeling via Neural Action Tokenization,leaderboards/stat_significance_sam_export_20260522T233929/sam_simplerenv_widowx_bridge_official_prev_sota.csv,55,simplerenv_widowx_bridge_success_rate,simplerenv_widowx_bridge_prev_sota_success_rate,87.9,76.5,11.4,percent,73.44,84.384,73,84,0.44,0.384,python_round_nearest_even_matches_significance_cutoffs,11,1,96,1,0.05,1.644853627,3,10,3.125,10.41666667,provably_significant,Protocol-level binary success rate over 4 tasks x 24 trials; per-task scores are not used in this public aggregate audit.
SimplerEnv,widowx_bridge,FLOWER: Democratizing Generalist Robot Policies with Efficient Vision-Language-Action Flow Policies,leaderboards/stat_significance_sam_export_20260522T233929/sam_simplerenv_widowx_bridge_official_prev_sota.csv,56,simplerenv_widowx_bridge_success_rate,simplerenv_widowx_bridge_prev_sota_success_rate,45,30,15,percent,28.8,43.2,29,43,-0.2,0.2,python_round_nearest_even_matches_significance_cutoffs,14,1,96,1,0.05,1.644853627,3,14,3.125,14.58333333,provably_significant,Protocol-level binary success rate over 4 tasks x 24 trials; per-task scores are not used in this public aggregate audit.
SimplerEnv,widowx_bridge,FlowVLA: Visual Chain of Thought-based Motion Reasoning for Vision-Language-Action Models,leaderboards/stat_significance_sam_export_20260522T233929/sam_simplerenv_widowx_bridge_official_prev_sota.csv,57,simplerenv_widowx_bridge_success_rate,simplerenv_widowx_bridge_prev_sota_success_rate,74,65.6,8.4,percent,62.976,71.04,63,71,-0.024,0.04,python_round_nearest_even_matches_significance_cutoffs,8,1,96,1,0.05,1.644853627,3,12,3.125,12.5,indeterminate,Protocol-level binary success rate over 4 tasks x 24 trials; per-task scores are not used in this public aggregate audit.
SimplerEnv,widowx_bridge,From Seeing to Doing: Bridging Reasoning and Decision for Robotic Manipulation,leaderboards/stat_significance_sam_export_20260522T233929/sam_simplerenv_widowx_bridge_official_prev_sota.csv,58,simplerenv_widowx_bridge_success_rate,simplerenv_widowx_bridge_prev_sota_success_rate,40.6,48.3,-7.7,percent,46.368,38.976,46,39,0.368,-0.024,python_round_nearest_even_matches_significance_cutoffs,-7,1,96,1,0.05,1.644853627,3,16,3.125,16.66666667,no_improvement,Protocol-level binary success rate over 4 tasks x 24 trials; per-task scores are not used in this public aggregate audit.
SimplerEnv,widowx_bridge,From Spatial to Actions: Grounding Vision-Language-Action Model in Spatial Foundation Priors,leaderboards/stat_significance_sam_export_20260522T233929/sam_simplerenv_widowx_bridge_official_prev_sota.csv,59,simplerenv_widowx_bridge_success_rate,simplerenv_widowx_bridge_prev_sota_success_rate,56.3,42.7,13.6,percent,40.992,54.048,41,54,-0.008,0.048,python_round_nearest_even_matches_significance_cutoffs,13,1,96,1,0.05,1.644853627,3,16,3.125,16.66666667,indeterminate,Protocol-level binary success rate over 4 tasks x 24 trials; per-task scores are not used in this public aggregate audit.
SimplerEnv,widowx_bridge,Generalist Robot Manipulation beyond Action Labeled Data,leaderboards/stat_significance_sam_export_20260522T233929/sam_simplerenv_widowx_bridge_official_prev_sota.csv,60,simplerenv_widowx_bridge_success_rate,simplerenv_widowx_bridge_prev_sota_success_rate,68.2,56.8,11.4,percent,54.528,65.472,55,65,-0.472,0.472,python_round_nearest_even_matches_significance_cutoffs,10,1,96,1,0.05,1.644853627,3,14,3.125,14.58333333,indeterminate,Protocol-level binary success rate over 4 tasks x 24 trials; per-task scores are not used in this public aggregate audit.
SimplerEnv,widowx_bridge,HAMLET: Switch your Vision-Language-Action Model into a History-Aware Policy,leaderboards/stat_significance_sam_export_20260522T233929/sam_simplerenv_widowx_bridge_official_prev_sota.csv,61,simplerenv_widowx_bridge_success_rate,simplerenv_widowx_bridge_prev_sota_success_rate,63.5,52.1,11.4,percent,50.016,60.96,50,61,0.016,-0.04,python_round_nearest_even_matches_significance_cutoffs,11,1,96,1,0.05,1.644853627,3,15,3.125,15.625,indeterminate,Protocol-level binary success rate over 4 tasks x 24 trials; per-task scores are not used in this public aggregate audit.
SimplerEnv,widowx_bridge,Hierarchical Vision Language Action Model Using Success and Failure Demonstrations,leaderboards/stat_significance_sam_export_20260522T233929/sam_simplerenv_widowx_bridge_official_prev_sota.csv,62,simplerenv_widowx_bridge_success_rate,simplerenv_widowx_bridge_prev_sota_success_rate,40.6,38.9,1.7,percent,37.344,38.976,37,39,0.344,-0.024,python_round_nearest_even_matches_significance_cutoffs,2,1,96,1,0.05,1.644853627,3,16,3.125,16.66666667,provably_not_significant,Protocol-level binary success rate over 4 tasks x 24 trials; per-task scores are not used in this public aggregate audit.
SimplerEnv,widowx_bridge,How Do VLAs Effectively Inherit from VLMs?,leaderboards/stat_significance_sam_export_20260522T233929/sam_simplerenv_widowx_bridge_official_prev_sota.csv,63,simplerenv_widowx_bridge_success_rate,simplerenv_widowx_bridge_prev_sota_success_rate,49,27,22,percent,25.92,47.04,26,47,-0.08,0.04,python_round_nearest_even_matches_significance_cutoffs,21,1,96,1,0.05,1.644853627,3,14,3.125,14.58333333,provably_significant,Protocol-level binary success rate over 4 tasks x 24 trials; per-task scores are not used in this public aggregate audit.
SimplerEnv,widowx_bridge,Hume: Introducing System-2 Thinking in Visual-Language-Action Model,leaderboards/stat_significance_sam_export_20260522T233929/sam_simplerenv_widowx_bridge_official_prev_sota.csv,64,simplerenv_widowx_bridge_success_rate,simplerenv_widowx_bridge_prev_sota_success_rate,72.6,48.3,24.3,percent,46.368,69.696,46,70,0.368,-0.304,python_round_nearest_even_matches_significance_cutoffs,24,1,96,1,0.05,1.644853627,3,16,3.125,16.66666667,provably_significant,Protocol-level binary success rate over 4 tasks x 24 trials; per-task scores are not used in this public aggregate audit.
SimplerEnv,widowx_bridge,HyperVLA: Efficient Inference in Vision-Language-Action Models via Hypernetworks,leaderboards/stat_significance_sam_export_20260522T233929/sam_simplerenv_widowx_bridge_official_prev_sota.csv,65,simplerenv_widowx_bridge_success_rate,simplerenv_widowx_bridge_prev_sota_success_rate,40,36,4,percent,34.56,38.4,35,38,-0.44,0.4,python_round_nearest_even_matches_significance_cutoffs,3,1,96,1,0.05,1.644853627,3,16,3.125,16.66666667,indeterminate,Protocol-level binary success rate over 4 tasks x 24 trials; per-task scores are not used in this public aggregate audit.
SimplerEnv,widowx_bridge,Interleave-VLA: Enhancing Robot Manipulation with Interleaved Image-Text Instructions,leaderboards/stat_significance_sam_export_20260522T233929/sam_simplerenv_widowx_bridge_official_prev_sota.csv,66,simplerenv_widowx_bridge_success_rate,simplerenv_widowx_bridge_prev_sota_success_rate,71,69.2,1.8,percent,66.432,68.16,66,68,0.432,0.16,python_round_nearest_even_matches_significance_cutoffs,2,1,96,1,0.05,1.644853627,3,12,3.125,12.5,provably_not_significant,Protocol-level binary success rate over 4 tasks x 24 trials; per-task scores are not used in this public aggregate audit.
SimplerEnv,widowx_bridge,LatBot: Distilling Universal Latent Actions for Vision-Language-Action Models,leaderboards/stat_significance_sam_export_20260522T233929/sam_simplerenv_widowx_bridge_official_prev_sota.csv,67,simplerenv_widowx_bridge_success_rate,simplerenv_widowx_bridge_prev_sota_success_rate,87.5,71.9,15.6,percent,69.024,84,69,84,0.024,0,python_round_nearest_even_matches_significance_cutoffs,15,1,96,1,0.05,1.644853627,3,11,3.125,11.45833333,provably_significant,Protocol-level binary success rate over 4 tasks x 24 trials; per-task scores are not used in this public aggregate audit.
SimplerEnv,widowx_bridge,LLaDA-VLA: Vision Language Diffusion Action Models,leaderboards/stat_significance_sam_export_20260522T233929/sam_simplerenv_widowx_bridge_official_prev_sota.csv,68,simplerenv_widowx_bridge_success_rate,simplerenv_widowx_bridge_prev_sota_success_rate,55.5,51.3,4.2,percent,49.248,53.28,49,53,0.248,0.28,python_round_nearest_even_matches_significance_cutoffs,4,1,96,1,0.05,1.644853627,3,15,3.125,15.625,indeterminate,Protocol-level binary success rate over 4 tasks x 24 trials; per-task scores are not used in this public aggregate audit.
SimplerEnv,widowx_bridge,LoLA: Long Horizon Latent Action Learning for General Robot Manipulation,leaderboards/stat_significance_sam_export_20260522T233929/sam_simplerenv_widowx_bridge_official_prev_sota.csv,69,simplerenv_widowx_bridge_success_rate,simplerenv_widowx_bridge_prev_sota_success_rate,71.9,51.3,20.6,percent,49.248,69.024,49,69,0.248,0.024,python_round_nearest_even_matches_significance_cutoffs,20,1,96,1,0.05,1.644853627,3,15,3.125,15.625,provably_significant,Protocol-level binary success rate over 4 tasks x 24 trials; per-task scores are not used in this public aggregate audit.
SimplerEnv,widowx_bridge,Magma: A Foundation Model for Multimodal AI Agents,leaderboards/stat_significance_sam_export_20260522T233929/sam_simplerenv_widowx_bridge_official_prev_sota.csv,70,simplerenv_widowx_bridge_success_rate,simplerenv_widowx_bridge_prev_sota_success_rate,35.4,15.9,19.5,percent,15.264,33.984,15,34,0.264,-0.016,python_round_nearest_even_matches_significance_cutoffs,19,1,96,1,0.05,1.644853627,3,11,3.125,11.45833333,provably_significant,Protocol-level binary success rate over 4 tasks x 24 trials; per-task scores are not used in this public aggregate audit.
SimplerEnv,widowx_bridge,ManiAgent: An Agentic Framework for General Robotic Manipulation,leaderboards/stat_significance_sam_export_20260522T233929/sam_simplerenv_widowx_bridge_official_prev_sota.csv,71,simplerenv_widowx_bridge_success_rate,simplerenv_widowx_bridge_prev_sota_success_rate,86.8,55.7,31.1,percent,53.472,83.328,53,83,0.472,0.328,python_round_nearest_even_matches_significance_cutoffs,30,1,96,1,0.05,1.644853627,3,14,3.125,14.58333333,provably_significant,Protocol-level binary success rate over 4 tasks x 24 trials; per-task scores are not used in this public aggregate audit.
SimplerEnv,widowx_bridge,MAPS: Preserving Vision-Language Representations via Module-Wise Proximity Scheduling for Better Vision-Language-Action Generalization,leaderboards/stat_significance_sam_export_20260522T233929/sam_simplerenv_widowx_bridge_official_prev_sota.csv,72,simplerenv_widowx_bridge_success_rate,simplerenv_widowx_bridge_prev_sota_success_rate,42.5,69.2,-26.7,percent,66.432,40.8,66,41,0.432,-0.2,python_round_nearest_even_matches_significance_cutoffs,-25,1,96,1,0.05,1.644853627,3,12,3.125,12.5,no_improvement,Protocol-level binary success rate over 4 tasks x 24 trials; per-task scores are not used in this public aggregate audit.
SimplerEnv,widowx_bridge,MemoryVLA: Perceptual-Cognitive Memory in Vision-Language-Action Models for Robotic Manipulation,leaderboards/stat_significance_sam_export_20260522T233929/sam_simplerenv_widowx_bridge_official_prev_sota.csv,73,simplerenv_widowx_bridge_success_rate,simplerenv_widowx_bridge_prev_sota_success_rate,71.9,68.4,3.5,percent,65.664,69.024,66,69,-0.336,0.024,python_round_nearest_even_matches_significance_cutoffs,3,1,96,1,0.05,1.644853627,3,12,3.125,12.5,indeterminate,Protocol-level binary success rate over 4 tasks x 24 trials; per-task scores are not used in this public aggregate audit.
SimplerEnv,widowx_bridge,mimic-video: Video-Action Models for Generalizable Robot Control Beyond VLAs,leaderboards/stat_significance_sam_export_20260522T233929/sam_simplerenv_widowx_bridge_official_prev_sota.csv,74,simplerenv_widowx_bridge_success_rate,simplerenv_widowx_bridge_prev_sota_success_rate,56.3,45,11.3,percent,43.2,54.048,43,54,0.2,0.048,python_round_nearest_even_matches_significance_cutoffs,11,1,96,1,0.05,1.644853627,3,16,3.125,16.66666667,indeterminate,Protocol-level binary success rate over 4 tasks x 24 trials; per-task scores are not used in this public aggregate audit.
SimplerEnv,widowx_bridge,More than A Point: Capturing Uncertainty with Adaptive Affordance Heatmaps for Spatial Grounding in Robotic Tasks,leaderboards/stat_significance_sam_export_20260522T233929/sam_simplerenv_widowx_bridge_official_prev_sota.csv,75,simplerenv_widowx_bridge_success_rate,simplerenv_widowx_bridge_prev_sota_success_rate,60.5,56.2,4.3,percent,53.952,58.08,54,58,-0.048,0.08,python_round_nearest_even_matches_significance_cutoffs,4,1,96,1,0.05,1.644853627,3,14,3.125,14.58333333,indeterminate,Protocol-level binary success rate over 4 tasks x 24 trials; per-task scores are not used in this public aggregate audit.
SimplerEnv,widowx_bridge,ORV: 4D Occupancy-centric Robot Video Generation,leaderboards/stat_significance_sam_export_20260522T233929/sam_simplerenv_widowx_bridge_official_prev_sota.csv,76,simplerenv_widowx_bridge_success_rate,simplerenv_widowx_bridge_prev_sota_success_rate,38.5,36.2,2.3,percent,34.752,36.96,35,37,-0.248,-0.04,python_round_nearest_even_matches_significance_cutoffs,2,1,96,1,0.05,1.644853627,3,16,3.125,16.66666667,provably_not_significant,Protocol-level binary success rate over 4 tasks x 24 trials; per-task scores are not used in this public aggregate audit.
SimplerEnv,widowx_bridge,PhysBrain: Human Egocentric Data as a Bridge from Vision Language Models to Physical Intelligence,leaderboards/stat_significance_sam_export_20260522T233929/sam_simplerenv_widowx_bridge_official_prev_sota.csv,77,simplerenv_widowx_bridge_success_rate,simplerenv_widowx_bridge_prev_sota_success_rate,67.4,67.6,-0.2,percent,64.896,64.704,65,65,-0.104,-0.296,python_round_nearest_even_matches_significance_cutoffs,0,1,96,1,0.05,1.644853627,3,12,3.125,12.5,no_improvement,Protocol-level binary success rate over 4 tasks x 24 trials; per-task scores are not used in this public aggregate audit.
SimplerEnv,widowx_bridge,$\pi_\texttt{RL}$: Online RL Fine-tuning for Flow-based Vision-Language-Action Models,leaderboards/stat_significance_sam_export_20260522T233929/sam_simplerenv_widowx_bridge_official_prev_sota.csv,78,simplerenv_widowx_bridge_success_rate,simplerenv_widowx_bridge_prev_sota_success_rate,86.7,67.2,19.5,percent,64.512,83.232,65,83,-0.488,0.232,python_round_nearest_even_matches_significance_cutoffs,18,1,96,1,0.05,1.644853627,3,12,3.125,12.5,provably_significant,Protocol-level binary success rate over 4 tasks x 24 trials; per-task scores are not used in this public aggregate audit.
SimplerEnv,widowx_bridge,PixelVLA: Advancing Pixel-level Understanding in Vision-Language-Action Model,leaderboards/stat_significance_sam_export_20260522T233929/sam_simplerenv_widowx_bridge_official_prev_sota.csv,79,simplerenv_widowx_bridge_success_rate,simplerenv_widowx_bridge_prev_sota_success_rate,33.8,34.4,-0.6,percent,33.024,32.448,33,32,0.024,0.448,python_round_nearest_even_matches_significance_cutoffs,-1,1,96,1,0.05,1.644853627,3,15,3.125,15.625,no_improvement,Protocol-level binary success rate over 4 tasks x 24 trials; per-task scores are not used in this public aggregate audit.
SimplerEnv,widowx_bridge,QDepth-VLA: Quantized Depth Prediction as Auxiliary Supervision for Vision-Language-Action Models,leaderboards/stat_significance_sam_export_20260522T233929/sam_simplerenv_widowx_bridge_official_prev_sota.csv,80,simplerenv_widowx_bridge_success_rate,simplerenv_widowx_bridge_prev_sota_success_rate,68.5,60,8.5,percent,57.6,65.76,58,66,-0.4,-0.24,python_round_nearest_even_matches_significance_cutoffs,8,1,96,1,0.05,1.644853627,3,13,3.125,13.54166667,indeterminate,Protocol-level binary success rate over 4 tasks x 24 trials; per-task scores are not used in this public aggregate audit.
SimplerEnv,widowx_bridge,ReBot: Scaling Robot Learning with Real-to-Sim-to-Real Robotic Video Synthesis,leaderboards/stat_significance_sam_export_20260522T233929/sam_simplerenv_widowx_bridge_official_prev_sota.csv,81,simplerenv_widowx_bridge_success_rate,simplerenv_widowx_bridge_prev_sota_success_rate,23.2,16,7.2,percent,15.36,22.272,15,22,0.36,0.272,python_round_nearest_even_matches_significance_cutoffs,7,1,96,1,0.05,1.644853627,3,11,3.125,11.45833333,indeterminate,Protocol-level binary success rate over 4 tasks x 24 trials; per-task scores are not used in this public aggregate audit.
SimplerEnv,widowx_bridge,Reinforcing Action Policies by Prophesying,leaderboards/stat_significance_sam_export_20260522T233929/sam_simplerenv_widowx_bridge_official_prev_sota.csv,82,simplerenv_widowx_bridge_success_rate,simplerenv_widowx_bridge_prev_sota_success_rate,51,42.7,8.3,percent,40.992,48.96,41,49,-0.008,-0.04,python_round_nearest_even_matches_significance_cutoffs,8,1,96,1,0.05,1.644853627,3,16,3.125,16.66666667,indeterminate,Protocol-level binary success rate over 4 tasks x 24 trials; per-task scores are not used in this public aggregate audit.
SimplerEnv,widowx_bridge,RoboMonkey: Scaling Test-Time Sampling and Verification for Vision-Language-Action Models,leaderboards/stat_significance_sam_export_20260522T233929/sam_simplerenv_widowx_bridge_official_prev_sota.csv,83,simplerenv_widowx_bridge_success_rate,simplerenv_widowx_bridge_prev_sota_success_rate,47.5,38.5,9,percent,36.96,45.6,37,46,-0.04,-0.4,python_round_nearest_even_matches_significance_cutoffs,9,1,96,1,0.05,1.644853627,3,16,3.125,16.66666667,indeterminate,Protocol-level binary success rate over 4 tasks x 24 trials; per-task scores are not used in this public aggregate audit.
SimplerEnv,widowx_bridge,SITCOM: Scaling Inference-Time COMpute for VLAs,leaderboards/stat_significance_sam_export_20260522T233929/sam_simplerenv_widowx_bridge_official_prev_sota.csv,84,simplerenv_widowx_bridge_success_rate,simplerenv_widowx_bridge_prev_sota_success_rate,72,48,24,percent,46.08,69.12,46,69,0.08,0.12,python_round_nearest_even_matches_significance_cutoffs,23,1,96,1,0.05,1.644853627,3,16,3.125,16.66666667,provably_significant,Protocol-level binary success rate over 4 tasks x 24 trials; per-task scores are not used in this public aggregate audit.
SimplerEnv,widowx_bridge,SoFar: Language-Grounded Orientation Bridges Spatial Reasoning and Object Manipulation,leaderboards/stat_significance_sam_export_20260522T233929/sam_simplerenv_widowx_bridge_official_prev_sota.csv,85,simplerenv_widowx_bridge_success_rate,simplerenv_widowx_bridge_prev_sota_success_rate,58.3,42.7,15.6,percent,40.992,55.968,41,56,-0.008,-0.032,python_round_nearest_even_matches_significance_cutoffs,15,1,96,1,0.05,1.644853627,3,16,3.125,16.66666667,indeterminate,Protocol-level binary success rate over 4 tasks x 24 trials; per-task scores are not used in this public aggregate audit.
SimplerEnv,widowx_bridge,SP-VLA: A Joint Model Scheduling and Token Pruning Approach for VLA Model Acceleration,leaderboards/stat_significance_sam_export_20260522T233929/sam_simplerenv_widowx_bridge_official_prev_sota.csv,86,simplerenv_widowx_bridge_success_rate,simplerenv_widowx_bridge_prev_sota_success_rate,57.29,51.3,5.99,percent,49.248,54.9984,49,55,0.248,-0.0016,python_round_nearest_even_matches_significance_cutoffs,6,1,96,1,0.05,1.644853627,3,15,3.125,15.625,indeterminate,Protocol-level binary success rate over 4 tasks x 24 trials; per-task scores are not used in this public aggregate audit.
SimplerEnv,widowx_bridge,Spatial Traces: Enhancing VLA Models with Spatial-Temporal Understanding,leaderboards/stat_significance_sam_export_20260522T233929/sam_simplerenv_widowx_bridge_official_prev_sota.csv,87,simplerenv_widowx_bridge_success_rate,simplerenv_widowx_bridge_prev_sota_success_rate,38.1,34.1,4,percent,32.736,36.576,33,37,-0.264,-0.424,python_round_nearest_even_matches_significance_cutoffs,4,1,96,1,0.05,1.644853627,3,15,3.125,15.625,indeterminate,Protocol-level binary success rate over 4 tasks x 24 trials; per-task scores are not used in this public aggregate audit.
SimplerEnv,widowx_bridge,SpatialVLA: Exploring Spatial Representations for Visual-Language-Action Model,leaderboards/stat_significance_sam_export_20260522T233929/sam_simplerenv_widowx_bridge_official_prev_sota.csv,88,simplerenv_widowx_bridge_success_rate,simplerenv_widowx_bridge_prev_sota_success_rate,42.7,31.3,11.4,percent,30.048,40.992,30,41,0.048,-0.008,python_round_nearest_even_matches_significance_cutoffs,11,1,96,1,0.05,1.644853627,3,15,3.125,15.625,indeterminate,Protocol-level binary success rate over 4 tasks x 24 trials; per-task scores are not used in this public aggregate audit.
SimplerEnv,widowx_bridge,SPEAR-1: Scaling Beyond Robot Demonstrations via 3D Understanding,leaderboards/stat_significance_sam_export_20260522T233929/sam_simplerenv_widowx_bridge_official_prev_sota.csv,89,simplerenv_widowx_bridge_success_rate,simplerenv_widowx_bridge_prev_sota_success_rate,57.3,42.7,14.6,percent,40.992,55.008,41,55,-0.008,0.008,python_round_nearest_even_matches_significance_cutoffs,14,1,96,1,0.05,1.644853627,3,16,3.125,16.66666667,indeterminate,Protocol-level binary success rate over 4 tasks x 24 trials; per-task scores are not used in this public aggregate audit.
SimplerEnv,widowx_bridge,STARE-VLA: Progressive Stage-Aware Reinforcement for Fine-Tuning Vision-Language-Action Models,leaderboards/stat_significance_sam_export_20260522T233929/sam_simplerenv_widowx_bridge_official_prev_sota.csv,90,simplerenv_widowx_bridge_success_rate,simplerenv_widowx_bridge_prev_sota_success_rate,98,92.5,5.5,percent,88.8,94.08,89,94,-0.2,0.08,python_round_nearest_even_matches_significance_cutoffs,5,1,96,1,0.05,1.644853627,3,5,3.125,5.208333333,provably_significant,Protocol-level binary success rate over 4 tasks x 24 trials; per-task scores are not used in this public aggregate audit.
SimplerEnv,widowx_bridge,STORM: Search-Guided Generative World Models for Robotic Manipulation,leaderboards/stat_significance_sam_export_20260522T233929/sam_simplerenv_widowx_bridge_official_prev_sota.csv,91,simplerenv_widowx_bridge_success_rate,simplerenv_widowx_bridge_prev_sota_success_rate,51,47.9,3.1,percent,45.984,48.96,46,49,-0.016,-0.04,python_round_nearest_even_matches_significance_cutoffs,3,1,96,1,0.05,1.644853627,3,16,3.125,16.66666667,indeterminate,Protocol-level binary success rate over 4 tasks x 24 trials; per-task scores are not used in this public aggregate audit.
SimplerEnv,widowx_bridge,ThinkAct: Vision-Language-Action Reasoning via Reinforced Visual Latent Planning,leaderboards/stat_significance_sam_export_20260522T233929/sam_simplerenv_widowx_bridge_official_prev_sota.csv,92,simplerenv_widowx_bridge_success_rate,simplerenv_widowx_bridge_prev_sota_success_rate,43.8,35.4,8.4,percent,33.984,42.048,34,42,-0.016,0.048,python_round_nearest_even_matches_significance_cutoffs,8,1,96,1,0.05,1.644853627,3,15,3.125,15.625,indeterminate,Protocol-level binary success rate over 4 tasks x 24 trials; per-task scores are not used in this public aggregate audit.
SimplerEnv,widowx_bridge,Unified Diffusion VLA: Vision-Language-Action Model via Joint Discrete Denoising Diffusion Process,leaderboards/stat_significance_sam_export_20260522T233929/sam_simplerenv_widowx_bridge_official_prev_sota.csv,93,simplerenv_widowx_bridge_success_rate,simplerenv_widowx_bridge_prev_sota_success_rate,62.5,59.4,3.1,percent,57.024,60,57,60,0.024,0,python_round_nearest_even_matches_significance_cutoffs,3,1,96,1,0.05,1.644853627,3,14,3.125,14.58333333,indeterminate,Protocol-level binary success rate over 4 tasks x 24 trials; per-task scores are not used in this public aggregate audit.
SimplerEnv,widowx_bridge,Unified Vision-Language-Action Model,leaderboards/stat_significance_sam_export_20260522T233929/sam_simplerenv_widowx_bridge_official_prev_sota.csv,94,simplerenv_widowx_bridge_success_rate,simplerenv_widowx_bridge_prev_sota_success_rate,69.8,42.7,27.1,percent,40.992,67.008,41,67,-0.008,0.008,python_round_nearest_even_matches_significance_cutoffs,26,1,96,1,0.05,1.644853627,3,16,3.125,16.66666667,provably_significant,Protocol-level binary success rate over 4 tasks x 24 trials; per-task scores are not used in this public aggregate audit.
SimplerEnv,widowx_bridge,Unifying Perception and Action: A Hybrid-Modality Pipeline with Implicit Visual Chain-of-Thought for Robotic Action Generation,leaderboards/stat_significance_sam_export_20260522T233929/sam_simplerenv_widowx_bridge_official_prev_sota.csv,95,simplerenv_widowx_bridge_success_rate,simplerenv_widowx_bridge_prev_sota_success_rate,71.5,69.8,1.7,percent,67.008,68.64,67,69,0.008,-0.36,python_round_nearest_even_matches_significance_cutoffs,2,1,96,1,0.05,1.644853627,3,12,3.125,12.5,provably_not_significant,Protocol-level binary success rate over 4 tasks x 24 trials; per-task scores are not used in this public aggregate audit.
SimplerEnv,widowx_bridge,UniVLA: Learning to Act Anywhere with Task-centric Latent Actions,leaderboards/stat_significance_sam_export_20260522T233929/sam_simplerenv_widowx_bridge_official_prev_sota.csv,96,simplerenv_widowx_bridge_success_rate,simplerenv_widowx_bridge_prev_sota_success_rate,47.9,31.3,16.6,percent,30.048,45.984,30,46,0.048,-0.016,python_round_nearest_even_matches_significance_cutoffs,16,1,96,1,0.05,1.644853627,3,15,3.125,15.625,provably_significant,Protocol-level binary success rate over 4 tasks x 24 trials; per-task scores are not used in this public aggregate audit.
SimplerEnv,widowx_bridge,Verifier-free Test-Time Sampling for Vision Language Action Models,leaderboards/stat_significance_sam_export_20260522T233929/sam_simplerenv_widowx_bridge_official_prev_sota.csv,97,simplerenv_widowx_bridge_success_rate,simplerenv_widowx_bridge_prev_sota_success_rate,50.3,46.9,3.4,percent,45.024,48.288,45,48,0.024,0.288,python_round_nearest_even_matches_significance_cutoffs,3,1,96,1,0.05,1.644853627,3,16,3.125,16.66666667,indeterminate,Protocol-level binary success rate over 4 tasks x 24 trials; per-task scores are not used in this public aggregate audit.
SimplerEnv,widowx_bridge,VideoVLA: Video Generators Can Be Generalizable Robot Manipulators,leaderboards/stat_significance_sam_export_20260522T233929/sam_simplerenv_widowx_bridge_official_prev_sota.csv,98,simplerenv_widowx_bridge_success_rate,simplerenv_widowx_bridge_prev_sota_success_rate,53.1,53.1,0,percent,50.976,50.976,51,51,-0.024,-0.024,python_round_nearest_even_matches_significance_cutoffs,0,1,96,1,0.05,1.644853627,3,15,3.125,15.625,no_improvement,Protocol-level binary success rate over 4 tasks x 24 trials; per-task scores are not used in this public aggregate audit.
SimplerEnv,widowx_bridge,villa-X: Enhancing Latent Action Modeling in Vision-Language-Action Models,leaderboards/stat_significance_sam_export_20260522T233929/sam_simplerenv_widowx_bridge_official_prev_sota.csv,99,simplerenv_widowx_bridge_success_rate,simplerenv_widowx_bridge_prev_sota_success_rate,62.5,62,0.5,percent,59.52,60,60,60,-0.48,0,python_round_nearest_even_matches_significance_cutoffs,0,1,96,1,0.05,1.644853627,3,13,3.125,13.54166667,provably_not_significant,Protocol-level binary success rate over 4 tasks x 24 trials; per-task scores are not used in this public aggregate audit.
SimplerEnv,widowx_bridge,ViPRA: Video Prediction for Robot Actions,leaderboards/stat_significance_sam_export_20260522T233929/sam_simplerenv_widowx_bridge_official_prev_sota.csv,100,simplerenv_widowx_bridge_success_rate,simplerenv_widowx_bridge_prev_sota_success_rate,62.5,42.7,19.8,percent,40.992,60,41,60,-0.008,0,python_round_nearest_even_matches_significance_cutoffs,19,1,96,1,0.05,1.644853627,3,16,3.125,16.66666667,provably_significant,Protocol-level binary success rate over 4 tasks x 24 trials; per-task scores are not used in this public aggregate audit.
SimplerEnv,widowx_bridge,VLA-Reasoner: Empowering Vision-Language-Action Models with Reasoning via Online Monte Carlo Tree Search,leaderboards/stat_significance_sam_export_20260522T233929/sam_simplerenv_widowx_bridge_official_prev_sota.csv,101,simplerenv_widowx_bridge_success_rate,simplerenv_widowx_bridge_prev_sota_success_rate,41.8,34,7.8,percent,32.64,40.128,33,40,-0.36,0.128,python_round_nearest_even_matches_significance_cutoffs,7,1,96,1,0.05,1.644853627,3,15,3.125,15.625,indeterminate,Protocol-level binary success rate over 4 tasks x 24 trials; per-task scores are not used in this public aggregate audit.
SimplerEnv,widowx_bridge,Vlaser: Vision-Language-Action Model with Synergistic Embodied Reasoning,leaderboards/stat_significance_sam_export_20260522T233929/sam_simplerenv_widowx_bridge_official_prev_sota.csv,102,simplerenv_widowx_bridge_success_rate,simplerenv_widowx_bridge_prev_sota_success_rate,65.1,54.9,10.2,percent,52.704,62.496,53,62,-0.296,0.496,python_round_nearest_even_matches_significance_cutoffs,9,1,96,1,0.05,1.644853627,3,14,3.125,14.58333333,indeterminate,Protocol-level binary success rate over 4 tasks x 24 trials; per-task scores are not used in this public aggregate audit.
SimplerEnv,widowx_bridge,VOTE: Vision-Language-Action Optimization with Trajectory Ensemble Voting,leaderboards/stat_significance_sam_export_20260522T233929/sam_simplerenv_widowx_bridge_official_prev_sota.csv,103,simplerenv_widowx_bridge_success_rate,simplerenv_widowx_bridge_prev_sota_success_rate,58.3,51.3,7,percent,49.248,55.968,49,56,0.248,-0.032,python_round_nearest_even_matches_significance_cutoffs,7,1,96,1,0.05,1.644853627,3,15,3.125,15.625,indeterminate,Protocol-level binary success rate over 4 tasks x 24 trials; per-task scores are not used in this public aggregate audit.
SimplerEnv,widowx_bridge,X-VLA: Soft-Prompted Transformer as Scalable Cross-Embodiment Vision-Language-Action Model,leaderboards/stat_significance_sam_export_20260522T233929/sam_simplerenv_widowx_bridge_official_prev_sota.csv,104,simplerenv_widowx_bridge_success_rate,simplerenv_widowx_bridge_prev_sota_success_rate,95.8,71.9,23.9,percent,69.024,91.968,69,92,0.024,-0.032,python_round_nearest_even_matches_significance_cutoffs,23,1,96,1,0.05,1.644853627,3,11,3.125,11.45833333,provably_significant,Protocol-level binary success rate over 4 tasks x 24 trials; per-task scores are not used in this public aggregate audit.
SimplerEnv,widowx_bridge,CogACT: A Foundational Vision-Language-Action Model for Synergizing Cognition and Action in Robotic Manipulation,leaderboards/stat_significance_sam_export_20260522T233929/sam_simplerenv_widowx_bridge_official_prev_sota.csv,105,simplerenv_widowx_bridge_success_rate,simplerenv_widowx_bridge_prev_sota_success_rate,51.3,26.7,24.6,percent,25.632,49.248,26,49,-0.368,0.248,python_round_nearest_even_matches_significance_cutoffs,23,1,96,1,0.05,1.644853627,3,14,3.125,14.58333333,provably_significant,Protocol-level binary success rate over 4 tasks x 24 trials; per-task scores are not used in this public aggregate audit.
SimplerEnv,widowx_bridge,Latent Action Pretraining from Videos,leaderboards/stat_significance_sam_export_20260522T233929/sam_simplerenv_widowx_bridge_official_prev_sota.csv,106,simplerenv_widowx_bridge_success_rate,simplerenv_widowx_bridge_prev_sota_success_rate,57.3,51,6.3,percent,48.96,55.008,49,55,-0.04,0.008,python_round_nearest_even_matches_significance_cutoffs,6,1,96,1,0.05,1.644853627,3,15,3.125,15.625,indeterminate,Protocol-level binary success rate over 4 tasks x 24 trials; per-task scores are not used in this public aggregate audit.
SimplerEnv,widowx_bridge,PIVOT-R: Primitive-Driven Waypoint-Aware World Model for Robotic Manipulation,leaderboards/stat_significance_sam_export_20260522T233929/sam_simplerenv_widowx_bridge_official_prev_sota.csv,107,simplerenv_widowx_bridge_success_rate,simplerenv_widowx_bridge_prev_sota_success_rate,39.3,29.5,9.8,percent,28.32,37.728,28,38,0.32,-0.272,python_round_nearest_even_matches_significance_cutoffs,10,1,96,1,0.05,1.644853627,3,14,3.125,14.58333333,indeterminate,Protocol-level binary success rate over 4 tasks x 24 trials; per-task scores are not used in this public aggregate audit.
SimplerEnv,widowx_bridge,Scaling Robot Policy Learning via Zero-Shot Labeling with Foundation Models,leaderboards/stat_significance_sam_export_20260522T233929/sam_simplerenv_widowx_bridge_official_prev_sota.csv,108,simplerenv_widowx_bridge_success_rate,simplerenv_widowx_bridge_prev_sota_success_rate,2.8,4.2,-1.4,percent,4.032,2.688,4,3,0.032,-0.312,python_round_nearest_even_matches_significance_cutoffs,-1,1,96,1,0.05,1.644853627,3,7,3.125,7.291666667,no_improvement,Protocol-level binary success rate over 4 tasks x 24 trials; per-task scores are not used in this public aggregate audit.
SimplerEnv,widowx_bridge,What matters in building vision–language–action models for generalist robots,leaderboards/stat_significance_sam_export_20260522T233929/sam_simplerenv_widowx_bridge_official_prev_sota.csv,109,simplerenv_widowx_bridge_success_rate,simplerenv_widowx_bridge_prev_sota_success_rate,50,29.5,20.5,percent,28.32,48,28,48,0.32,0,python_round_nearest_even_matches_significance_cutoffs,20,1,96,1,0.05,1.644853627,3,14,3.125,14.58333333,provably_significant,Protocol-level binary success rate over 4 tasks x 24 trials; per-task scores are not used in this public aggregate audit.
SimplerEnv,widowx_bridge,OA-WAM: Object-Addressable World Action Model for Robust Robot Manipulation,leaderboards/stat_significance_sam_export_20260522T233929/sam_simplerenv_widowx_bridge_official_prev_sota.csv,110,simplerenv_widowx_bridge_success_rate,simplerenv_widowx_bridge_prev_sota_success_rate,79.3,76,3.3,percent,72.96,76.128,73,76,-0.04,0.128,python_round_nearest_even_matches_significance_cutoffs,3,1,96,1,0.05,1.644853627,3,10,3.125,10.41666667,indeterminate,Protocol-level binary success rate over 4 tasks x 24 trials; per-task scores are not used in this public aggregate audit.
SimplerEnv,widowx_bridge,OFlow: Injecting Object-Aware Temporal Flow Matching for Robust Robotic Manipulation,leaderboards/stat_significance_sam_export_20260522T233929/sam_simplerenv_widowx_bridge_official_prev_sota.csv,111,simplerenv_widowx_bridge_success_rate,simplerenv_widowx_bridge_prev_sota_success_rate,67.1,59.8,7.3,percent,57.408,64.416,57,64,0.408,0.416,python_round_nearest_even_matches_significance_cutoffs,7,1,96,1,0.05,1.644853627,3,14,3.125,14.58333333,indeterminate,Protocol-level binary success rate over 4 tasks x 24 trials; per-task scores are not used in this public aggregate audit.
SimplerEnv,widowx_bridge,PRTS: A Primitive Reasoning and Tasking System via Contrastive Representations,leaderboards/stat_significance_sam_export_20260522T233929/sam_simplerenv_widowx_bridge_official_prev_sota.csv,112,simplerenv_widowx_bridge_success_rate,simplerenv_widowx_bridge_prev_sota_success_rate,77.1,61.9,15.2,percent,59.424,74.016,59,74,0.424,0.016,python_round_nearest_even_matches_significance_cutoffs,15,1,96,1,0.05,1.644853627,3,13,3.125,13.54166667,provably_significant,Protocol-level binary success rate over 4 tasks x 24 trials; per-task scores are not used in this public aggregate audit.
SimplerEnv,widowx_bridge,ReFineVLA: Multimodal Reasoning-Aware Generalist Robotic Policies via Teacher-Guided Fine-Tuning,leaderboards/stat_significance_sam_export_20260522T233929/sam_simplerenv_widowx_bridge_official_prev_sota.csv,113,simplerenv_widowx_bridge_success_rate,simplerenv_widowx_bridge_prev_sota_success_rate,47.7,42.7,5,percent,40.992,45.792,41,46,-0.008,-0.208,python_round_nearest_even_matches_significance_cutoffs,5,1,96,1,0.05,1.644853627,3,16,3.125,16.66666667,indeterminate,Protocol-level binary success rate over 4 tasks x 24 trials; per-task scores are not used in this public aggregate audit.
SimplerEnv,widowx_bridge,RLDX-1 Technical Report,leaderboards/stat_significance_sam_export_20260522T233929/sam_simplerenv_widowx_bridge_official_prev_sota.csv,114,simplerenv_widowx_bridge_success_rate,simplerenv_widowx_bridge_prev_sota_success_rate,71.9,62,9.9,percent,59.52,69.024,60,69,-0.48,0.024,python_round_nearest_even_matches_significance_cutoffs,9,1,96,1,0.05,1.644853627,3,13,3.125,13.54166667,indeterminate,Protocol-level binary success rate over 4 tasks x 24 trials; per-task scores are not used in this public aggregate audit.
SimplerEnv,widowx_bridge,ST4VLA: Spatially Guided Training for Vision-Language-Action Models,leaderboards/stat_significance_sam_export_20260522T233929/sam_simplerenv_widowx_bridge_official_prev_sota.csv,115,simplerenv_widowx_bridge_success_rate,simplerenv_widowx_bridge_prev_sota_success_rate,73.2,61.9,11.3,percent,59.424,70.272,59,70,0.424,0.272,python_round_nearest_even_matches_significance_cutoffs,11,1,96,1,0.05,1.644853627,3,13,3.125,13.54166667,indeterminate,Protocol-level binary success rate over 4 tasks x 24 trials; per-task scores are not used in this public aggregate audit.
SimplerEnv,widowx_bridge,InternVLA-M1: A Spatially Guided Vision-Language-Action Framework for Generalist Robot Policy,leaderboards/stat_significance_sam_export_20260522T233929/sam_simplerenv_widowx_bridge_official_prev_sota.csv,116,simplerenv_widowx_bridge_success_rate,simplerenv_widowx_bridge_prev_sota_success_rate,71.7,61.9,9.8,percent,59.424,68.832,59,69,0.424,-0.168,python_round_nearest_even_matches_significance_cutoffs,10,1,96,1,0.05,1.644853627,3,13,3.125,13.54166667,indeterminate,Protocol-level binary success rate over 4 tasks x 24 trials; per-task scores are not used in this public aggregate audit.
SimplerEnv,widowx_bridge,Steering Vision-Language-Action Models as Anti-Exploration: A Test-Time Scaling Approach,leaderboards/stat_significance_sam_export_20260522T233929/sam_simplerenv_widowx_bridge_official_prev_sota.csv,117,simplerenv_widowx_bridge_success_rate,simplerenv_widowx_bridge_prev_sota_success_rate,55.5,48,7.5,percent,46.08,53.28,46,53,0.08,0.28,python_round_nearest_even_matches_significance_cutoffs,7,1,96,1,0.05,1.644853627,3,16,3.125,16.66666667,indeterminate,Protocol-level binary success rate over 4 tasks x 24 trials; per-task scores are not used in this public aggregate audit.
SimplerEnv,widowx_bridge,GRAPE: Generalizing Robot Policy via Preference Alignment,leaderboards/stat_significance_sam_export_20260522T233929/sam_simplerenv_widowx_bridge_official_prev_sota.csv,118,simplerenv_widowx_bridge_success_rate,simplerenv_widowx_bridge_prev_sota_success_rate,45.5,32,13.5,percent,30.72,43.68,31,44,-0.28,-0.32,python_round_nearest_even_matches_significance_cutoffs,13,1,96,1,0.05,1.644853627,3,15,3.125,15.625,indeterminate,Protocol-level binary success rate over 4 tasks x 24 trials; per-task scores are not used in this public aggregate audit.
SimplerEnv,widowx_bridge,DA-PTQ: Drift-Aware Post-Training Quantization for Efficient Vision-Language-Action Models,leaderboards/stat_significance_sam_export_20260522T233929/sam_simplerenv_widowx_bridge_official_prev_sota.csv,119,simplerenv_widowx_bridge_success_rate,simplerenv_widowx_bridge_prev_sota_success_rate,48.9,51.3,-2.4,percent,49.248,46.944,49,47,0.248,-0.056,python_round_nearest_even_matches_significance_cutoffs,-2,1,96,1,0.05,1.644853627,3,15,3.125,15.625,no_improvement,Protocol-level binary success rate over 4 tasks x 24 trials; per-task scores are not used in this public aggregate audit.
SimplerEnv,widowx_bridge,Green-VLA: Staged Vision-Language-Action Model for Generalist Robots,leaderboards/stat_significance_sam_export_20260522T233929/sam_simplerenv_widowx_bridge_official_prev_sota.csv,120,simplerenv_widowx_bridge_success_rate,simplerenv_widowx_bridge_prev_sota_success_rate,80.5,73.2,7.3,percent,70.272,77.28,70,77,0.272,0.28,python_round_nearest_even_matches_significance_cutoffs,7,1,96,1,0.05,1.644853627,3,11,3.125,11.45833333,indeterminate,Protocol-level binary success rate over 4 tasks x 24 trials; per-task scores are not used in this public aggregate audit.
SimplerEnv,widowx_bridge,Split Decisions: VLM-Guided Action Sampling for Efficient RL Exploration,leaderboards/stat_significance_sam_export_20260522T233929/sam_simplerenv_widowx_bridge_official_prev_sota.csv,121,simplerenv_widowx_bridge_success_rate,simplerenv_widowx_bridge_prev_sota_success_rate,55,27.5,27.5,percent,26.4,52.8,26,53,0.4,-0.2,python_round_nearest_even_matches_significance_cutoffs,27,1,96,1,0.05,1.644853627,3,14,3.125,14.58333333,provably_significant,Protocol-level binary success rate over 4 tasks x 24 trials; per-task scores are not used in this public aggregate audit.
SimplerEnv,widowx_bridge,"OmniSAT: Compact Action Token, Faster Auto Regression",leaderboards/stat_significance_sam_export_20260522T233929/sam_simplerenv_widowx_bridge_official_prev_sota.csv,122,simplerenv_widowx_bridge_success_rate,simplerenv_widowx_bridge_prev_sota_success_rate,55.2,42.7,12.5,percent,40.992,52.992,41,53,-0.008,-0.008,python_round_nearest_even_matches_significance_cutoffs,12,1,96,1,0.05,1.644853627,3,16,3.125,16.66666667,indeterminate,Protocol-level binary success rate over 4 tasks x 24 trials; per-task scores are not used in this public aggregate audit.
SimplerEnv,widowx_bridge,RoboInter: A Holistic Intermediate Representation Suite Towards Robotic Manipulation,leaderboards/stat_significance_sam_export_20260522T233929/sam_simplerenv_widowx_bridge_official_prev_sota.csv,123,simplerenv_widowx_bridge_success_rate,simplerenv_widowx_bridge_prev_sota_success_rate,50,55.2,-5.2,percent,52.992,48,53,48,-0.008,0,python_round_nearest_even_matches_significance_cutoffs,-5,1,96,1,0.05,1.644853627,3,14,3.125,14.58333333,no_improvement,Protocol-level binary success rate over 4 tasks x 24 trials; per-task scores are not used in this public aggregate audit.
RoboCasa,rss24,A Hierarchical Spatiotemporal Action Tokenizer for In-Context Imitation Learning in Robotics,leaderboards/stat_significance_sam_export_20260522T233929/sam_robocasa_rss24_official_prev_sota.csv,2,robocasa_rss24_success_rate,robocasa_rss24_prev_sota_success_rate,59,53,6,percent,636,708,636,708,0,0,python_round_nearest_even_matches_significance_cutoffs,72,1,1200,1,0.05,1.644853627,3,54,0.25,4.5,provably_significant,Protocol-level binary success rate over 24 tasks x 50 trials; per-task scores are not used in this public aggregate audit.
RoboCasa,rss24,Adaptive Action Chunking at Inference-time for Vision-Language-Action Models,leaderboards/stat_significance_sam_export_20260522T233929/sam_robocasa_rss24_official_prev_sota.csv,3,robocasa_rss24_success_rate,robocasa_rss24_prev_sota_success_rate,62,61.2,0.8,percent,734.4,744,734,744,0.4,0,python_round_nearest_even_matches_significance_cutoffs,10,1,1200,1,0.05,1.644853627,3,49,0.25,4.083333333,indeterminate,Protocol-level binary success rate over 24 tasks x 50 trials; per-task scores are not used in this public aggregate audit.
RoboCasa,rss24,Being-H0.5: Scaling Human-Centric Robot Learning for Cross-Embodiment Generalization,leaderboards/stat_significance_sam_export_20260522T233929/sam_robocasa_rss24_official_prev_sota.csv,4,robocasa_rss24_success_rate,robocasa_rss24_prev_sota_success_rate,53.9,42.4,11.5,percent,508.8,646.8,509,647,-0.2,-0.2,python_round_nearest_even_matches_significance_cutoffs,138,1,1200,1,0.05,1.644853627,3,54,0.25,4.5,provably_significant,Protocol-level binary success rate over 24 tasks x 50 trials; per-task scores are not used in this public aggregate audit.
RoboCasa,rss24,Being-H0.7: A Latent World-Action Model from Egocentric Videos,leaderboards/stat_significance_sam_export_20260522T233929/sam_robocasa_rss24_official_prev_sota.csv,5,robocasa_rss24_success_rate,robocasa_rss24_prev_sota_success_rate,62.1,67.1,-5,percent,805.2,745.2,805,745,0.2,0.2,python_round_nearest_even_matches_significance_cutoffs,-60,1,1200,1,0.05,1.644853627,3,45,0.25,3.75,no_improvement,Protocol-level binary success rate over 24 tasks x 50 trials; per-task scores are not used in this public aggregate audit.
RoboCasa,rss24,Conservative Offline Robot Policy Learning via Posterior-Transition Reweighting,leaderboards/stat_significance_sam_export_20260522T233929/sam_robocasa_rss24_official_prev_sota.csv,6,robocasa_rss24_success_rate,robocasa_rss24_prev_sota_success_rate,55.6,54.2,1.4,percent,650.4,667.2,650,667,0.4,0.2,python_round_nearest_even_matches_significance_cutoffs,17,1,1200,1,0.05,1.644853627,3,54,0.25,4.5,indeterminate,Protocol-level binary success rate over 24 tasks x 50 trials; per-task scores are not used in this public aggregate audit.
RoboCasa,rss24,Cosmos Policy: Fine-Tuning Video Models for Visuomotor Control and Planning,leaderboards/stat_significance_sam_export_20260522T233929/sam_robocasa_rss24_official_prev_sota.csv,7,robocasa_rss24_success_rate,robocasa_rss24_prev_sota_success_rate,67.1,66.4,0.7,percent,796.8,805.2,797,805,-0.2,0.2,python_round_nearest_even_matches_significance_cutoffs,8,1,1200,1,0.05,1.644853627,3,46,0.25,3.833333333,indeterminate,Protocol-level binary success rate over 24 tasks x 50 trials; per-task scores are not used in this public aggregate audit.
RoboCasa,rss24,Joint-Aligned Latent Action: Towards Scalable VLA Pretraining in the Wild,leaderboards/stat_significance_sam_export_20260522T233929/sam_robocasa_rss24_official_prev_sota.csv,8,robocasa_rss24_success_rate,robocasa_rss24_prev_sota_success_rate,35.42,35.17,0.25,percent,422.04,425.04,422,425,0.04,0.04,python_round_nearest_even_matches_significance_cutoffs,3,1,1200,1,0.05,1.644853627,3,50,0.25,4.166666667,indeterminate,Protocol-level binary success rate over 24 tasks x 50 trials; per-task scores are not used in this public aggregate audit.
RoboCasa,rss24,Latent Bridge: Feature Delta Prediction for Efficient Dual-System Vision-Language-Action Model Inference,leaderboards/stat_significance_sam_export_20260522T233929/sam_robocasa_rss24_official_prev_sota.csv,9,robocasa_rss24_success_rate,robocasa_rss24_prev_sota_success_rate,63.16,66.22,-3.06,percent,794.64,757.92,795,758,-0.36,-0.08,python_round_nearest_even_matches_significance_cutoffs,-37,1,1200,1,0.05,1.644853627,3,46,0.25,3.833333333,no_improvement,Protocol-level binary success rate over 24 tasks x 50 trials; per-task scores are not used in this public aggregate audit.
RoboCasa,rss24,Learning 3D Representations for Spatial Intelligence from Unposed Multi-View Images,leaderboards/stat_significance_sam_export_20260522T233929/sam_robocasa_rss24_official_prev_sota.csv,10,robocasa_rss24_success_rate,robocasa_rss24_prev_sota_success_rate,45.5,39.3,6.2,percent,471.6,546,472,546,-0.4,0,python_round_nearest_even_matches_significance_cutoffs,74,1,1200,1,0.05,1.644853627,3,52,0.25,4.333333333,provably_significant,Protocol-level binary success rate over 24 tasks x 50 trials; per-task scores are not used in this public aggregate audit.
RoboCasa,rss24,Pri4R: Learning World Dynamics for Vision-Language-Action Models with Privileged 4D Representation,leaderboards/stat_significance_sam_export_20260522T233929/sam_robocasa_rss24_official_prev_sota.csv,11,robocasa_rss24_success_rate,robocasa_rss24_prev_sota_success_rate,46.3,52.9,-6.6,percent,634.8,555.6,635,556,-0.2,-0.4,python_round_nearest_even_matches_significance_cutoffs,-79,1,1200,1,0.05,1.644853627,3,54,0.25,4.5,no_improvement,Protocol-level binary success rate over 24 tasks x 50 trials; per-task scores are not used in this public aggregate audit.
RoboCasa,rss24,"Rethinking Visual-Language-Action Model Scaling: Alignment, Mixture, and Regularization",leaderboards/stat_significance_sam_export_20260522T233929/sam_robocasa_rss24_official_prev_sota.csv,12,robocasa_rss24_success_rate,robocasa_rss24_prev_sota_success_rate,54.7,45.1,9.6,percent,541.2,656.4,541,656,0.2,0.4,python_round_nearest_even_matches_significance_cutoffs,115,1,1200,1,0.05,1.644853627,3,56,0.25,4.666666667,provably_significant,Protocol-level binary success rate over 24 tasks x 50 trials; per-task scores are not used in this public aggregate audit.
RoboCasa,rss24,Robot-DIFT: Distilling Diffusion Features for Geometrically Consistent Visuomotor Control,leaderboards/stat_significance_sam_export_20260522T233929/sam_robocasa_rss24_official_prev_sota.csv,13,robocasa_rss24_success_rate,robocasa_rss24_prev_sota_success_rate,49,38,11,percent,456,588,456,588,0,0,python_round_nearest_even_matches_significance_cutoffs,132,1,1200,1,0.05,1.644853627,3,52,0.25,4.333333333,provably_significant,Protocol-level binary success rate over 24 tasks x 50 trials; per-task scores are not used in this public aggregate audit.
RoboCasa,rss24,Unified 4D World Action Modeling from Video Priors with Asynchronous Denoising,leaderboards/stat_significance_sam_export_20260522T233929/sam_robocasa_rss24_official_prev_sota.csv,14,robocasa_rss24_success_rate,robocasa_rss24_prev_sota_success_rate,79.2,67.1,12.1,percent,805.2,950.4,805,950,0.2,0.4,python_round_nearest_even_matches_significance_cutoffs,145,1,1200,1,0.05,1.644853627,3,45,0.25,3.75,provably_significant,Protocol-level binary success rate over 24 tasks x 50 trials; per-task scores are not used in this public aggregate audit.
RoboCasa,rss24,World2Act: Latent Action Post-Training via Skill-Compositional World Models,leaderboards/stat_significance_sam_export_20260522T233929/sam_robocasa_rss24_official_prev_sota.csv,15,robocasa_rss24_success_rate,robocasa_rss24_prev_sota_success_rate,72.6,70.5,2.1,percent,846,871.2,846,871,0,0.2,python_round_nearest_even_matches_significance_cutoffs,25,1,1200,1,0.05,1.644853627,3,43,0.25,3.583333333,indeterminate,Protocol-level binary success rate over 24 tasks x 50 trials; per-task scores are not used in this public aggregate audit.
RoboCasa,rss24,Action Tokenizer Matters in In-Context Imitation Learning,leaderboards/stat_significance_sam_export_20260522T233929/sam_robocasa_rss24_official_prev_sota.csv,16,robocasa_rss24_success_rate,robocasa_rss24_prev_sota_success_rate,53,48.9,4.1,percent,586.8,636,587,636,-0.2,0,python_round_nearest_even_matches_significance_cutoffs,49,1,1200,1,0.05,1.644853627,3,57,0.25,4.75,indeterminate,Protocol-level binary success rate over 24 tasks x 50 trials; per-task scores are not used in this public aggregate audit.
RoboCasa,rss24,AnchorDream: Repurposing Video Diffusion for Embodiment-Aware Robot Data Synthesis,leaderboards/stat_significance_sam_export_20260522T233929/sam_robocasa_rss24_official_prev_sota.csv,17,robocasa_rss24_success_rate,robocasa_rss24_prev_sota_success_rate,30.7,33.3,-2.6,percent,399.6,368.4,400,368,-0.4,0.4,python_round_nearest_even_matches_significance_cutoffs,-32,1,1200,1,0.05,1.644853627,3,48,0.25,4,no_improvement,Protocol-level binary success rate over 24 tasks x 50 trials; per-task scores are not used in this public aggregate audit.
RoboCasa,rss24,DiG-Flow: Discrepancy-Guided Flow Matching for Robust VLA Models,leaderboards/stat_significance_sam_export_20260522T233929/sam_robocasa_rss24_official_prev_sota.csv,18,robocasa_rss24_success_rate,robocasa_rss24_prev_sota_success_rate,52.6,41.4,11.2,percent,496.8,631.2,497,631,-0.2,0.2,python_round_nearest_even_matches_significance_cutoffs,134,1,1200,1,0.05,1.644853627,3,54,0.25,4.5,provably_significant,Protocol-level binary success rate over 24 tasks x 50 trials; per-task scores are not used in this public aggregate audit.
RoboCasa,rss24,FLARE: Robot Learning with Implicit World Modeling,leaderboards/stat_significance_sam_export_20260522T233929/sam_robocasa_rss24_official_prev_sota.csv,19,robocasa_rss24_success_rate,robocasa_rss24_prev_sota_success_rate,70.1,60.8,9.3,percent,729.6,841.2,730,841,-0.4,0.2,python_round_nearest_even_matches_significance_cutoffs,111,1,1200,1,0.05,1.644853627,3,50,0.25,4.166666667,provably_significant,Protocol-level binary success rate over 24 tasks x 50 trials; per-task scores are not used in this public aggregate audit.
RoboCasa,rss24,GeoPredict: Leveraging Predictive Kinematics and 3D Gaussian Geometry for Precise VLA Manipulation,leaderboards/stat_significance_sam_export_20260522T233929/sam_robocasa_rss24_official_prev_sota.csv,20,robocasa_rss24_success_rate,robocasa_rss24_prev_sota_success_rate,52.4,42.3,10.1,percent,507.6,628.8,508,629,-0.4,-0.2,python_round_nearest_even_matches_significance_cutoffs,121,1,1200,1,0.05,1.644853627,3,54,0.25,4.5,provably_significant,Protocol-level binary success rate over 24 tasks x 50 trials; per-task scores are not used in this public aggregate audit.
RoboCasa,rss24,GR00T N1: An Open Foundation Model for Generalist Humanoid Robots,leaderboards/stat_significance_sam_export_20260522T233929/sam_robocasa_rss24_official_prev_sota.csv,21,robocasa_rss24_success_rate,robocasa_rss24_prev_sota_success_rate,49.6,43.2,6.4,percent,518.4,595.2,518,595,0.4,0.2,python_round_nearest_even_matches_significance_cutoffs,77,1,1200,1,0.05,1.644853627,3,55,0.25,4.583333333,provably_significant,Protocol-level binary success rate over 24 tasks x 50 trials; per-task scores are not used in this public aggregate audit.
RoboCasa,rss24,GWM: Towards Scalable Gaussian World Models for Robotic Manipulation,leaderboards/stat_significance_sam_export_20260522T233929/sam_robocasa_rss24_official_prev_sota.csv,23,robocasa_rss24_success_rate,robocasa_rss24_prev_sota_success_rate,39.25,28.75,10.5,percent,345,471,345,471,0,0,python_round_nearest_even_matches_significance_cutoffs,126,1,1200,1,0.05,1.644853627,3,45,0.25,3.75,provably_significant,Protocol-level binary success rate over 24 tasks x 50 trials; per-task scores are not used in this public aggregate audit.
RoboCasa,rss24,Spatial-Aware VLA Pretraining through Visual-Physical Alignment from Human Videos,leaderboards/stat_significance_sam_export_20260522T233929/sam_robocasa_rss24_official_prev_sota.csv,24,robocasa_rss24_success_rate,robocasa_rss24_prev_sota_success_rate,45.8,41.4,4.4,percent,496.8,549.6,497,550,-0.2,-0.4,python_round_nearest_even_matches_significance_cutoffs,53,1,1200,1,0.05,1.644853627,3,54,0.25,4.5,indeterminate,Protocol-level binary success rate over 24 tasks x 50 trials; per-task scores are not used in this public aggregate audit.
RoboCasa,rss24,Towards Fusing Point Cloud and Visual Representations for Imitation Learning,leaderboards/stat_significance_sam_export_20260522T233929/sam_robocasa_rss24_official_prev_sota.csv,25,robocasa_rss24_success_rate,robocasa_rss24_prev_sota_success_rate,50.5,28.8,21.7,percent,345.6,606,346,606,-0.4,0,python_round_nearest_even_matches_significance_cutoffs,260,1,1200,1,0.05,1.644853627,3,45,0.25,3.75,provably_significant,Protocol-level binary success rate over 24 tasks x 50 trials; per-task scores are not used in this public aggregate audit.
RoboCasa,rss24,Verifier-free Test-Time Sampling for Vision Language Action Models,leaderboards/stat_significance_sam_export_20260522T233929/sam_robocasa_rss24_official_prev_sota.csv,26,robocasa_rss24_success_rate,robocasa_rss24_prev_sota_success_rate,62.9,61.2,1.7,percent,734.4,754.8,734,755,0.4,-0.2,python_round_nearest_even_matches_significance_cutoffs,21,1,1200,1,0.05,1.644853627,3,49,0.25,4.083333333,indeterminate,Protocol-level binary success rate over 24 tasks x 50 trials; per-task scores are not used in this public aggregate audit.
RoboCasa,rss24,Video Generators are Robot Policies,leaderboards/stat_significance_sam_export_20260522T233929/sam_robocasa_rss24_official_prev_sota.csv,27,robocasa_rss24_success_rate,robocasa_rss24_prev_sota_success_rate,66,57,9,percent,684,792,684,792,-1.136868377e-13,0,python_round_nearest_even_matches_significance_cutoffs,108,1,1200,1,0.05,1.644853627,3,52,0.25,4.333333333,provably_significant,Protocol-level binary success rate over 24 tasks x 50 trials; per-task scores are not used in this public aggregate audit.
RoboCasa,rss24,A Dual Process VLA: Efficient Robotic Manipulation Leveraging VLM,leaderboards/stat_significance_sam_export_20260522T233929/sam_robocasa_rss24_official_prev_sota.csv,28,robocasa_rss24_success_rate,robocasa_rss24_prev_sota_success_rate,57.3,47.6,9.7,percent,571.2,687.6,571,688,0.2,-0.4,python_round_nearest_even_matches_significance_cutoffs,117,1,1200,1,0.05,1.644853627,3,57,0.25,4.75,provably_significant,Protocol-level binary success rate over 24 tasks x 50 trials; per-task scores are not used in this public aggregate audit.
RoboCasa,rss24,RoboTron-Mani: All-in-One Multimodal Large Model for Robotic Manipulation,leaderboards/stat_significance_sam_export_20260522T233929/sam_robocasa_rss24_official_prev_sota.csv,29,robocasa_rss24_success_rate,robocasa_rss24_prev_sota_success_rate,47.4,40.9,6.5,percent,490.8,568.8,491,569,-0.2,-0.2,python_round_nearest_even_matches_significance_cutoffs,78,1,1200,1,0.05,1.644853627,3,53,0.25,4.416666667,provably_significant,Protocol-level binary success rate over 24 tasks x 50 trials; per-task scores are not used in this public aggregate audit.
RoboCasa,rss24,RLDX-1 Technical Report,leaderboards/stat_significance_sam_export_20260522T233929/sam_robocasa_rss24_official_prev_sota.csv,30,robocasa_rss24_success_rate,robocasa_rss24_prev_sota_success_rate,70.6,66.2,4.4,percent,794.4,847.2,794,847,0.4,0.2,python_round_nearest_even_matches_significance_cutoffs,53,1,1200,1,0.05,1.644853627,3,46,0.25,3.833333333,provably_significant,Protocol-level binary success rate over 24 tasks x 50 trials; per-task scores are not used in this public aggregate audit.
RoboCasa,rss24,Is the Future Compatible? Diagnosing Dynamic Consistency in World Action Models,leaderboards/stat_significance_sam_export_20260522T233929/sam_robocasa_rss24_official_prev_sota.csv,31,robocasa_rss24_success_rate,robocasa_rss24_prev_sota_success_rate,68,67.4,0.6,percent,808.8,816,809,816,-0.2,1.136868377e-13,python_round_nearest_even_matches_significance_cutoffs,7,1,1200,1,0.05,1.644853627,3,45,0.25,3.75,indeterminate,Protocol-level binary success rate over 24 tasks x 50 trials; per-task scores are not used in this public aggregate audit.
RoboCasa,rss24,Being-H0: Vision-Language-Action Pretraining from Large-Scale Human Videos,leaderboards/stat_significance_sam_export_20260522T233929/sam_robocasa_rss24_official_prev_sota.csv,33,robocasa_rss24_success_rate,robocasa_rss24_prev_sota_success_rate,23.8,21,2.8,percent,252,285.6,252,286,0,-0.4,python_round_nearest_even_matches_significance_cutoffs,34,1,1200,1,0.05,1.644853627,3,39,0.25,3.25,indeterminate,Protocol-level binary success rate over 24 tasks x 50 trials; per-task scores are not used in this public aggregate audit.
RoboTwin2,hard_randomized,A Pragmatic VLA Foundation Model,leaderboards/stat_significance_sam_export_20260522T233929/sam_robotwin2_randomized_augmented_official_prev_sota.csv,2,robotwin2_hard_randomized_success_rate,robotwin2_hard_randomized_50clean_500rand_prev_sota_success_rate,86.68,76.76,9.92,percent,3838,4334,3838,4334,4.547473509e-13,0,python_round_nearest_even_matches_significance_cutoffs,496,1,5000,1,0.05,1.644853627,3,78,0.06,1.56,provably_significant,Protocol-level binary success rate over 50 tasks x 100 trials; per-task scores are not used in this public aggregate audit.
RoboTwin2,hard_randomized,ABot-M0: VLA Foundation Model for Robotic Manipulation with Action Manifold Learning,leaderboards/stat_significance_sam_export_20260522T233929/sam_robotwin2_randomized_augmented_official_prev_sota.csv,3,robotwin2_hard_randomized_success_rate,robotwin2_hard_randomized_50clean_500rand_prev_sota_success_rate,85.08,72.84,12.24,percent,3642,4254,3642,4254,4.547473509e-13,0,python_round_nearest_even_matches_significance_cutoffs,612,1,5000,1,0.05,1.644853627,3,85,0.06,1.7,provably_significant,Protocol-level binary success rate over 50 tasks x 100 trials; per-task scores are not used in this public aggregate audit.
RoboTwin2,hard_randomized,AIM: Intent-Aware Unified world action Modeling with Spatial Value Maps,leaderboards/stat_significance_sam_export_20260522T233929/sam_robotwin2_randomized_augmented_official_prev_sota.csv,4,robotwin2_hard_randomized_success_rate,robotwin2_hard_randomized_50clean_500rand_prev_sota_success_rate,92.1,91.8,0.3,percent,4590,4605,4590,4605,0,0,python_round_nearest_even_matches_significance_cutoffs,15,1,5000,1,0.05,1.644853627,3,46,0.06,0.92,indeterminate,Protocol-level binary success rate over 50 tasks x 100 trials; per-task scores are not used in this public aggregate audit.
RoboTwin2,hard_randomized,Being-H0.7: A Latent World-Action Model from Egocentric Videos,leaderboards/stat_significance_sam_export_20260522T233929/sam_robotwin2_randomized_augmented_official_prev_sota.csv,5,robotwin2_hard_randomized_success_rate,robotwin2_hard_randomized_50clean_500rand_prev_sota_success_rate,89.6,91.8,-2.2,percent,4590,4480,4590,4480,0,-9.094947018e-13,python_round_nearest_even_matches_significance_cutoffs,-110,1,5000,1,0.05,1.644853627,3,46,0.06,0.92,no_improvement,Protocol-level binary success rate over 50 tasks x 100 trials; per-task scores are not used in this public aggregate audit.
RoboTwin2,hard_randomized,Causal World Modeling for Robot Control,leaderboards/stat_significance_sam_export_20260522T233929/sam_robotwin2_randomized_augmented_official_prev_sota.csv,6,robotwin2_hard_randomized_success_rate,robotwin2_hard_randomized_50clean_500rand_prev_sota_success_rate,91.55,87,4.55,percent,4350,4577.5,4350,4578,0,-0.5,python_round_nearest_even_matches_significance_cutoffs,228,1,5000,1,0.05,1.644853627,3,58,0.06,1.16,provably_significant,Protocol-level binary success rate over 50 tasks x 100 trials; per-task scores are not used in this public aggregate audit.
RoboTwin2,hard_randomized,DexWorldModel: Causal Latent World Modeling towards Automated Learning of Embodied Tasks,leaderboards/stat_significance_sam_export_20260522T233929/sam_robotwin2_randomized_augmented_official_prev_sota.csv,7,robotwin2_hard_randomized_success_rate,robotwin2_hard_randomized_50clean_500rand_prev_sota_success_rate,94,91.55,2.45,percent,4577.5,4700,4578,4700,-0.5,0,python_round_nearest_even_matches_significance_cutoffs,122,1,5000,1,0.05,1.644853627,3,47,0.06,0.94,provably_significant,Protocol-level binary success rate over 50 tasks x 100 trials; per-task scores are not used in this public aggregate audit.
RoboTwin2,hard_randomized,Fast-WAM: Do World Action Models Need Test-time Future Imagination?,leaderboards/stat_significance_sam_export_20260522T233929/sam_robotwin2_randomized_augmented_official_prev_sota.csv,8,robotwin2_hard_randomized_success_rate,robotwin2_hard_randomized_50clean_500rand_prev_sota_success_rate,91.78,91.5,0.28,percent,4575,4589,4575,4589,0,0,python_round_nearest_even_matches_significance_cutoffs,14,1,5000,1,0.05,1.644853627,3,47,0.06,0.94,indeterminate,Protocol-level binary success rate over 50 tasks x 100 trials; per-task scores are not used in this public aggregate audit.
RoboTwin2,hard_randomized,GigaWorld-Policy: An Efficient Action-Centered World--Action Model,leaderboards/stat_significance_sam_export_20260522T233929/sam_robotwin2_randomized_augmented_official_prev_sota.csv,9,robotwin2_hard_randomized_success_rate,robotwin2_hard_randomized_50clean_500rand_prev_sota_success_rate,85,87,-2,percent,4350,4250,4350,4250,0,0,python_round_nearest_even_matches_significance_cutoffs,-100,1,5000,1,0.05,1.644853627,3,58,0.06,1.16,no_improvement,Protocol-level binary success rate over 50 tasks x 100 trials; per-task scores are not used in this public aggregate audit.
RoboTwin2,hard_randomized,HoloBrain-0 Technical Report,leaderboards/stat_significance_sam_export_20260522T233929/sam_robotwin2_randomized_augmented_official_prev_sota.csv,10,robotwin2_hard_randomized_success_rate,robotwin2_hard_randomized_50clean_500rand_prev_sota_success_rate,92.3,87.02,5.28,percent,4351,4615,4351,4615,0,0,python_round_nearest_even_matches_significance_cutoffs,264,1,5000,1,0.05,1.644853627,3,58,0.06,1.16,provably_significant,Protocol-level binary success rate over 50 tasks x 100 trials; per-task scores are not used in this public aggregate audit.
RoboTwin2,hard_randomized,"InternVLA-A1: Unifying Understanding, Generation and Action for Robotic Manipulation",leaderboards/stat_significance_sam_export_20260522T233929/sam_robotwin2_randomized_augmented_official_prev_sota.csv,11,robotwin2_hard_randomized_success_rate,robotwin2_hard_randomized_50clean_500rand_prev_sota_success_rate,89.6,87,2.6,percent,4350,4480,4350,4480,0,-9.094947018e-13,python_round_nearest_even_matches_significance_cutoffs,130,1,5000,1,0.05,1.644853627,3,58,0.06,1.16,provably_significant,Protocol-level binary success rate over 50 tasks x 100 trials; per-task scores are not used in this public aggregate audit.
RoboTwin2,hard_randomized,JoyAI-RA 0.1: A Foundation Model for Robotic Autonomy,leaderboards/stat_significance_sam_export_20260522T233929/sam_robotwin2_randomized_augmented_official_prev_sota.csv,12,robotwin2_hard_randomized_success_rate,robotwin2_hard_randomized_50clean_500rand_prev_sota_success_rate,89.28,87.02,2.26,percent,4351,4464,4351,4464,0,0,python_round_nearest_even_matches_significance_cutoffs,113,1,5000,1,0.05,1.644853627,3,58,0.06,1.16,provably_significant,Protocol-level binary success rate over 50 tasks x 100 trials; per-task scores are not used in this public aggregate audit.
RoboTwin2,hard_randomized,MotuBrain: An Advanced World Action Model for Robot Control,leaderboards/stat_significance_sam_export_20260522T233929/sam_robotwin2_randomized_augmented_official_prev_sota.csv,13,robotwin2_hard_randomized_success_rate,robotwin2_hard_randomized_50clean_500rand_prev_sota_success_rate,96.1,91.8,4.3,percent,4590,4805,4590,4805,0,0,python_round_nearest_even_matches_significance_cutoffs,215,1,5000,1,0.05,1.644853627,3,46,0.06,0.92,provably_significant,Protocol-level binary success rate over 50 tasks x 100 trials; per-task scores are not used in this public aggregate audit.
RoboTwin2,hard_randomized,Motus: A Unified Latent Action World Model,leaderboards/stat_significance_sam_export_20260522T233929/sam_robotwin2_randomized_augmented_official_prev_sota.csv,14,robotwin2_hard_randomized_success_rate,robotwin2_hard_randomized_50clean_500rand_prev_sota_success_rate,87.02,72.84,14.18,percent,3642,4351,3642,4351,4.547473509e-13,0,python_round_nearest_even_matches_significance_cutoffs,709,1,5000,1,0.05,1.644853627,3,85,0.06,1.7,provably_significant,Protocol-level binary success rate over 50 tasks x 100 trials; per-task scores are not used in this public aggregate audit.
RoboTwin2,hard_randomized,Privileged Foresight Distillation: Zero-Cost Future Correction for World Action Models,leaderboards/stat_significance_sam_export_20260522T233929/sam_robotwin2_randomized_augmented_official_prev_sota.csv,15,robotwin2_hard_randomized_success_rate,robotwin2_hard_randomized_50clean_500rand_prev_sota_success_rate,92.69,91.78,0.91,percent,4589,4634.5,4589,4634,0,0.5,python_round_nearest_even_matches_significance_cutoffs,45,1,5000,1,0.05,1.644853627,3,46,0.06,0.92,indeterminate,Protocol-level binary success rate over 50 tasks x 100 trials; per-task scores are not used in this public aggregate audit.
RoboTwin2,hard_randomized,STARRY: Spatial-Temporal Action-Centric World Modeling for Robotic Manipulation,leaderboards/stat_significance_sam_export_20260522T233929/sam_robotwin2_randomized_augmented_official_prev_sota.csv,16,robotwin2_hard_randomized_success_rate,robotwin2_hard_randomized_50clean_500rand_prev_sota_success_rate,93.3,91.55,1.75,percent,4577.5,4665,4578,4665,-0.5,0,python_round_nearest_even_matches_significance_cutoffs,87,1,5000,1,0.05,1.644853627,3,47,0.06,0.94,provably_significant,Protocol-level binary success rate over 50 tasks x 100 trials; per-task scores are not used in this public aggregate audit.
RoboTwin2,hard_randomized,StarVLA-$α$: Reducing Complexity in Vision-Language-Action Systems,leaderboards/stat_significance_sam_export_20260522T233929/sam_robotwin2_randomized_augmented_official_prev_sota.csv,17,robotwin2_hard_randomized_success_rate,robotwin2_hard_randomized_50clean_500rand_prev_sota_success_rate,88.3,76.8,11.5,percent,3840,4415,3840,4415,0,0,python_round_nearest_even_matches_significance_cutoffs,575,1,5000,1,0.05,1.644853627,3,78,0.06,1.56,provably_significant,Protocol-level binary success rate over 50 tasks x 100 trials; per-task scores are not used in this public aggregate audit.
RoboTwin2,hard_randomized,Unified 4D World Action Modeling from Video Priors with Asynchronous Denoising,leaderboards/stat_significance_sam_export_20260522T233929/sam_robotwin2_randomized_augmented_official_prev_sota.csv,18,robotwin2_hard_randomized_success_rate,robotwin2_hard_randomized_50clean_500rand_prev_sota_success_rate,90.7,87,3.7,percent,4350,4535,4350,4535,0,0,python_round_nearest_even_matches_significance_cutoffs,185,1,5000,1,0.05,1.644853627,3,58,0.06,1.16,provably_significant,Protocol-level binary success rate over 50 tasks x 100 trials; per-task scores are not used in this public aggregate audit.
RoboTwin2,hard_randomized,Universal Pose Pretraining for Generalizable Vision-Language-Action Policies,leaderboards/stat_significance_sam_export_20260522T233929/sam_robotwin2_randomized_augmented_official_prev_sota.csv,19,robotwin2_hard_randomized_success_rate,robotwin2_hard_randomized_50clean_500rand_prev_sota_success_rate,79.1,76.16,2.94,percent,3808,3955,3808,3955,-4.547473509e-13,-4.547473509e-13,python_round_nearest_even_matches_significance_cutoffs,147,1,5000,1,0.05,1.644853627,3,79,0.06,1.58,provably_significant,Protocol-level binary success rate over 50 tasks x 100 trials; per-task scores are not used in this public aggregate audit.
RoboTwin2,hard_randomized,When to Trust Imagination: Adaptive Action Execution for World Action Models,leaderboards/stat_significance_sam_export_20260522T233929/sam_robotwin2_randomized_augmented_official_prev_sota.csv,20,robotwin2_hard_randomized_success_rate,robotwin2_hard_randomized_50clean_500rand_prev_sota_success_rate,88.2,85.66,2.54,percent,4283,4410,4283,4410,0,0,python_round_nearest_even_matches_significance_cutoffs,127,1,5000,1,0.05,1.644853627,3,61,0.06,1.22,provably_significant,Protocol-level binary success rate over 50 tasks x 100 trials; per-task scores are not used in this public aggregate audit.
