benchmark,track,paper_name,source_csv,source_line,current_column,previous_sota_column,current_score,previous_sota_score,reported_delta,score_unit,previous_sota_scaled_count,current_scaled_count,previous_sota_count,current_count,previous_sota_rounding_residual,current_rounding_residual,count_rounding_method,count_delta,T,S,R,alpha,z_critical,necessary_count_delta,sufficient_count_delta,necessary_score_delta,sufficient_score_delta,category,notes
LIBERO,spatial,Depth Helps: Improving Pre-trained RGB-based Policy with Depth Information Injection,leaderboards/stat_significance_sam_export_20260522T233929/sam_libero_official_prev_sota.csv,5,libero_spatial,libero_spatial_prev_sota,71.2,69.6,1.6,percent,348,356,348,356,0,5.684341886e-14,python_round_nearest_even_matches_significance_cutoffs,8,10,50,1,0.05,1.644853627,3,28,0.6,5.6,indeterminate,Per-suite binary success rate over 10 tasks x 50 official trials.
LIBERO,spatial,GRAPE: Generalizing Robot Policy via Preference Alignment,leaderboards/stat_significance_sam_export_20260522T233929/sam_libero_official_prev_sota.csv,9,libero_spatial,libero_spatial_prev_sota,85,84.2,0.8,percent,421,425,421,425,5.684341886e-14,0,python_round_nearest_even_matches_significance_cutoffs,4,10,50,1,0.05,1.644853627,3,20,0.6,4,indeterminate,Per-suite binary success rate over 10 tasks x 50 official trials.
LIBERO,spatial,MaIL: Improving Imitation Learning with Mamba,leaderboards/stat_significance_sam_export_20260522T233929/sam_libero_official_prev_sota.csv,10,libero_spatial,libero_spatial_prev_sota,53.8,47.3,6.5,percent,236.5,269,236,269,0.5,-5.684341886e-14,python_round_nearest_even_matches_significance_cutoffs,33,10,50,1,0.05,1.644853627,3,37,0.6,7.4,indeterminate,Per-suite binary success rate over 10 tasks x 50 official trials.
LIBERO,spatial,Quantization-Aware Imitation-Learning for Resource-Efficient Robotic Control,leaderboards/stat_significance_sam_export_20260522T233929/sam_libero_official_prev_sota.csv,14,libero_spatial,libero_spatial_prev_sota,84.4,83.6,0.8,percent,418,422,418,422,0,5.684341886e-14,python_round_nearest_even_matches_significance_cutoffs,4,10,50,1,0.05,1.644853627,3,20,0.6,4,indeterminate,Per-suite binary success rate over 10 tasks x 50 official trials.
LIBERO,spatial,TraceVLA: Visual Trace Prompting Enhances Spatial-Temporal Awareness for Generalist Robotic Policies,leaderboards/stat_significance_sam_export_20260522T233929/sam_libero_official_prev_sota.csv,18,libero_spatial,libero_spatial_prev_sota,84.6,82.6,2,percent,413,423,413,423,0,0,python_round_nearest_even_matches_significance_cutoffs,10,10,50,1,0.05,1.644853627,3,21,0.6,4.2,indeterminate,Per-suite binary success rate over 10 tasks x 50 official trials.
LIBERO,spatial,4D-VLA: Spatiotemporal Vision-Language-Action Pretraining with Cross-Scene Calibration,leaderboards/stat_significance_sam_export_20260522T233929/sam_libero_official_prev_sota.csv,20,libero_spatial,libero_spatial_prev_sota,88.9,88.2,0.7,percent,441,444.5,441,444,0,0.5,python_round_nearest_even_matches_significance_cutoffs,3,10,50,1,0.05,1.644853627,3,17,0.6,3.4,indeterminate,Per-suite binary success rate over 10 tasks x 50 official trials.
LIBERO,spatial,Action-aware Dynamic Pruning for Efficient Vision-Language-Action Manipulation,leaderboards/stat_significance_sam_export_20260522T233929/sam_libero_official_prev_sota.csv,22,libero_spatial,libero_spatial_prev_sota,99.4,98.6,0.8,percent,493,497,493,497,0,5.684341886e-14,python_round_nearest_even_matches_significance_cutoffs,4,10,50,1,0.05,1.644853627,3,5,0.6,1,indeterminate,Per-suite binary success rate over 10 tasks x 50 official trials.
LIBERO,spatial,ActionSink: Toward Precise Robot Manipulation with Dynamic Integration of Action Flow,leaderboards/stat_significance_sam_export_20260522T233929/sam_libero_official_prev_sota.csv,23,libero_spatial,libero_spatial_prev_sota,72.83,69.17,3.66,percent,345.85,364.15,346,364,-0.15,0.15,python_round_nearest_even_matches_significance_cutoffs,18,10,50,1,0.05,1.644853627,3,28,0.6,5.6,indeterminate,Per-suite binary success rate over 10 tasks x 50 official trials.
LIBERO,spatial,Audio-VLA: Adding Contact Audio Perception to Vision-Language-Action Model for Robotic Manipulation,leaderboards/stat_significance_sam_export_20260522T233929/sam_libero_official_prev_sota.csv,26,libero_spatial,libero_spatial_prev_sota,98.3,97.6,0.7,percent,488,491.5,488,492,0,-0.5,python_round_nearest_even_matches_significance_cutoffs,4,10,50,1,0.05,1.644853627,3,7,0.6,1.4,indeterminate,Per-suite binary success rate over 10 tasks x 50 official trials.
LIBERO,spatial,BadVLA: Towards Backdoor Attacks on Vision-Language-Action Models via Objective-Decoupled Optimization,leaderboards/stat_significance_sam_export_20260522T233929/sam_libero_official_prev_sota.csv,27,libero_spatial,libero_spatial_prev_sota,96.7,95,1.7,percent,475,483.5,475,484,0,-0.5,python_round_nearest_even_matches_significance_cutoffs,9,10,50,1,0.05,1.644853627,3,11,0.6,2.2,indeterminate,Per-suite binary success rate over 10 tasks x 50 official trials.
LIBERO,spatial,Beyond Human Demonstrations: Diffusion-Based Reinforcement Learning to Generate Data for VLA Training,leaderboards/stat_significance_sam_export_20260522T233929/sam_libero_official_prev_sota.csv,29,libero_spatial,libero_spatial_prev_sota,83.4,80.4,3,percent,402,417,402,417,0,5.684341886e-14,python_round_nearest_even_matches_significance_cutoffs,15,10,50,1,0.05,1.644853627,3,22,0.6,4.4,indeterminate,Per-suite binary success rate over 10 tasks x 50 official trials.
LIBERO,spatial,CogVLA: Cognition-Aligned Vision-Language-Action Model via Instruction-Driven Routing &amp; Sparsification,leaderboards/stat_significance_sam_export_20260522T233929/sam_libero_official_prev_sota.csv,34,libero_spatial,libero_spatial_prev_sota,98.6,98,0.6,percent,490,493,490,493,0,0,python_round_nearest_even_matches_significance_cutoffs,3,10,50,1,0.05,1.644853627,3,7,0.6,1.4,indeterminate,Per-suite binary success rate over 10 tasks x 50 official trials.
LIBERO,spatial,CoT-VLA: Visual Chain-of-Thought Reasoning for Vision-Language-Action Models,leaderboards/stat_significance_sam_export_20260522T233929/sam_libero_official_prev_sota.csv,38,libero_spatial,libero_spatial_prev_sota,87.5,84.7,2.8,percent,423.5,437.5,424,438,-0.5,-0.5,python_round_nearest_even_matches_significance_cutoffs,14,10,50,1,0.05,1.644853627,3,20,0.6,4,indeterminate,Per-suite binary success rate over 10 tasks x 50 official trials.
LIBERO,spatial,Dejavu: Towards Experience Feedback Learning for Embodied Intelligence,leaderboards/stat_significance_sam_export_20260522T233929/sam_libero_official_prev_sota.csv,44,libero_spatial,libero_spatial_prev_sota,98.2,97.5,0.7,percent,487.5,491,488,491,-0.5,0,python_round_nearest_even_matches_significance_cutoffs,3,10,50,1,0.05,1.644853627,3,7,0.6,1.4,indeterminate,Per-suite binary success rate over 10 tasks x 50 official trials.
LIBERO,spatial,Fast ECoT: Efficient Embodied Chain-of-Thought via Thoughts Reuse,leaderboards/stat_significance_sam_export_20260522T233929/sam_libero_official_prev_sota.csv,60,libero_spatial,libero_spatial_prev_sota,85,84,1,percent,420,425,420,425,0,0,python_round_nearest_even_matches_significance_cutoffs,5,10,50,1,0.05,1.644853627,3,20,0.6,4,indeterminate,Per-suite binary success rate over 10 tasks x 50 official trials.
LIBERO,spatial,Fine-Tuning Vision-Language-Action Models: Optimizing Speed and Success,leaderboards/stat_significance_sam_export_20260522T233929/sam_libero_official_prev_sota.csv,63,libero_spatial,libero_spatial_prev_sota,97.6,96.8,0.8,percent,484,488,484,488,0,0,python_round_nearest_even_matches_significance_cutoffs,4,10,50,1,0.05,1.644853627,3,9,0.6,1.8,indeterminate,Per-suite binary success rate over 10 tasks x 50 official trials.
LIBERO,spatial,Focusing on What Matters: Object-Agent-centric Tokenization for Vision Language Action models,leaderboards/stat_significance_sam_export_20260522T233929/sam_libero_official_prev_sota.csv,65,libero_spatial,libero_spatial_prev_sota,87.3,84.7,2.6,percent,423.5,436.5,424,436,-0.5,0.5,python_round_nearest_even_matches_significance_cutoffs,12,10,50,1,0.05,1.644853627,3,20,0.6,4,indeterminate,Per-suite binary success rate over 10 tasks x 50 official trials.
LIBERO,spatial,Goal-oriented Backdoor Attack against Vision-Language-Action Models via Physical Objects,leaderboards/stat_significance_sam_export_20260522T233929/sam_libero_official_prev_sota.csv,70,libero_spatial,libero_spatial_prev_sota,97.5,96.8,0.7,percent,484,487.5,484,488,0,-0.5,python_round_nearest_even_matches_significance_cutoffs,4,10,50,1,0.05,1.644853627,3,9,0.6,1.8,indeterminate,Per-suite binary success rate over 10 tasks x 50 official trials.
LIBERO,spatial,HiMoE-VLA: Hierarchical Mixture-of-Experts for Generalist Vision-Language-Action Policies,leaderboards/stat_significance_sam_export_20260522T233929/sam_libero_official_prev_sota.csv,73,libero_spatial,libero_spatial_prev_sota,98.2,97.6,0.6,percent,488,491,488,491,0,0,python_round_nearest_even_matches_significance_cutoffs,3,10,50,1,0.05,1.644853627,3,7,0.6,1.4,indeterminate,Per-suite binary success rate over 10 tasks x 50 official trials.
LIBERO,spatial,Interactive Post-Training for Vision-Language-Action Models,leaderboards/stat_significance_sam_export_20260522T233929/sam_libero_official_prev_sota.csv,79,libero_spatial,libero_spatial_prev_sota,98.6,97.6,1,percent,488,493,488,493,0,0,python_round_nearest_even_matches_significance_cutoffs,5,10,50,1,0.05,1.644853627,3,7,0.6,1.4,indeterminate,Per-suite binary success rate over 10 tasks x 50 official trials.
LIBERO,spatial,Mantis: A Versatile Vision-Language-Action Model with Disentangled Visual Foresight,leaderboards/stat_significance_sam_export_20260522T233929/sam_libero_official_prev_sota.csv,89,libero_spatial,libero_spatial_prev_sota,98.8,98.2,0.6,percent,491,494,491,494,0,0,python_round_nearest_even_matches_significance_cutoffs,3,10,50,1,0.05,1.644853627,3,6,0.6,1.2,indeterminate,Per-suite binary success rate over 10 tasks x 50 official trials.
LIBERO,spatial,MemoryVLA: Perceptual-Cognitive Memory in Vision-Language-Action Models for Robotic Manipulation,leaderboards/stat_significance_sam_export_20260522T233929/sam_libero_official_prev_sota.csv,93,libero_spatial,libero_spatial_prev_sota,98.4,97.2,1.2,percent,486,492,486,492,0,5.684341886e-14,python_round_nearest_even_matches_significance_cutoffs,6,10,50,1,0.05,1.644853627,3,8,0.6,1.6,indeterminate,Per-suite binary success rate over 10 tasks x 50 official trials.
LIBERO,spatial,Reinforcement Fine-Tuning of Flow-Matching Policies for Vision-Language-Action Models,leaderboards/stat_significance_sam_export_20260522T233929/sam_libero_official_prev_sota.csv,101,libero_spatial,libero_spatial_prev_sota,97.2,96.4,0.8,percent,482,486,482,486,5.684341886e-14,0,python_round_nearest_even_matches_significance_cutoffs,4,10,50,1,0.05,1.644853627,3,9,0.6,1.8,indeterminate,Per-suite binary success rate over 10 tasks x 50 official trials.
LIBERO,spatial,RESample: A Robust Data Augmentation Framework via Exploratory Sampling for Robotic Manipulation,leaderboards/stat_significance_sam_export_20260522T233929/sam_libero_official_prev_sota.csv,102,libero_spatial,libero_spatial_prev_sota,96.4,95.2,1.2,percent,476,482,476,482,5.684341886e-14,5.684341886e-14,python_round_nearest_even_matches_significance_cutoffs,6,10,50,1,0.05,1.644853627,3,11,0.6,2.2,indeterminate,Per-suite binary success rate over 10 tasks x 50 official trials.
LIBERO,spatial,Rethinking Latent Redundancy in Behavior Cloning: An Information Bottleneck Approach for Robot Manipulation,leaderboards/stat_significance_sam_export_20260522T233929/sam_libero_official_prev_sota.csv,104,libero_spatial,libero_spatial_prev_sota,70.67,68,2.67,percent,340,353.35,340,353,0,0.35,python_round_nearest_even_matches_significance_cutoffs,13,10,50,1,0.05,1.644853627,3,29,0.6,5.8,indeterminate,Per-suite binary success rate over 10 tasks x 50 official trials.
LIBERO,spatial,SemanticVLA: Semantic-Aligned Sparsification and Enhancement for Efficient Robotic Manipulation,leaderboards/stat_significance_sam_export_20260522T233929/sam_libero_official_prev_sota.csv,112,libero_spatial,libero_spatial_prev_sota,98.6,97.6,1,percent,488,493,488,493,0,0,python_round_nearest_even_matches_significance_cutoffs,5,10,50,1,0.05,1.644853627,3,7,0.6,1.4,indeterminate,Per-suite binary success rate over 10 tasks x 50 official trials.
LIBERO,spatial,Spatial-Aware VLA Pretraining through Visual-Physical Alignment from Human Videos,leaderboards/stat_significance_sam_export_20260522T233929/sam_libero_official_prev_sota.csv,115,libero_spatial,libero_spatial_prev_sota,92.6,91.4,1.2,percent,457,463,457,463,0,-5.684341886e-14,python_round_nearest_even_matches_significance_cutoffs,6,10,50,1,0.05,1.644853627,3,15,0.6,3,indeterminate,Per-suite binary success rate over 10 tasks x 50 official trials.
LIBERO,spatial,Spatial Forcing: Implicit Spatial Representation Alignment for Vision-language-action Model,leaderboards/stat_significance_sam_export_20260522T233929/sam_libero_official_prev_sota.csv,116,libero_spatial,libero_spatial_prev_sota,99.4,98.4,1,percent,492,497,492,497,5.684341886e-14,5.684341886e-14,python_round_nearest_even_matches_significance_cutoffs,5,10,50,1,0.05,1.644853627,3,6,0.6,1.2,indeterminate,Per-suite binary success rate over 10 tasks x 50 official trials.
LIBERO,spatial,SpatialVLA: Exploring Spatial Representations for Visual-Language-Action Model,leaderboards/stat_significance_sam_export_20260522T233929/sam_libero_official_prev_sota.csv,117,libero_spatial,libero_spatial_prev_sota,88.2,84.7,3.5,percent,423.5,441,424,441,-0.5,0,python_round_nearest_even_matches_significance_cutoffs,17,10,50,1,0.05,1.644853627,3,20,0.6,4,indeterminate,Per-suite binary success rate over 10 tasks x 50 official trials.
LIBERO,spatial,Spec-VLA: Speculative Decoding for Vision-Language-Action Models with Relaxed Acceptance,leaderboards/stat_significance_sam_export_20260522T233929/sam_libero_official_prev_sota.csv,118,libero_spatial,libero_spatial_prev_sota,85.8,85,0.8,percent,425,429,425,429,0,0,python_round_nearest_even_matches_significance_cutoffs,4,10,50,1,0.05,1.644853627,3,19,0.6,3.8,indeterminate,Per-suite binary success rate over 10 tasks x 50 official trials.
LIBERO,spatial,TGRPO: Fine-tuning Vision-Language-Action Model via Trajectory-wise Group Relative Policy Optimization,leaderboards/stat_significance_sam_export_20260522T233929/sam_libero_official_prev_sota.csv,122,libero_spatial,libero_spatial_prev_sota,90.4,88.5,1.9,percent,442.5,452,442,452,0.5,0,python_round_nearest_even_matches_significance_cutoffs,10,10,50,1,0.05,1.644853627,3,17,0.6,3.4,indeterminate,Per-suite binary success rate over 10 tasks x 50 official trials.
LIBERO,spatial,"The Better You Learn, The Smarter You Prune: Towards Efficient Vision-language-action Models via Differentiable Token Pruning",leaderboards/stat_significance_sam_export_20260522T233929/sam_libero_official_prev_sota.csv,123,libero_spatial,libero_spatial_prev_sota,98.4,97.6,0.8,percent,488,492,488,492,0,5.684341886e-14,python_round_nearest_even_matches_significance_cutoffs,4,10,50,1,0.05,1.644853627,3,7,0.6,1.4,indeterminate,Per-suite binary success rate over 10 tasks x 50 official trials.
LIBERO,spatial,VITA-VLA: Efficiently Teaching Vision-Language Models to Act via Action Expert Distillation,leaderboards/stat_significance_sam_export_20260522T233929/sam_libero_official_prev_sota.csv,132,libero_spatial,libero_spatial_prev_sota,98,96.4,1.6,percent,482,490,482,490,5.684341886e-14,0,python_round_nearest_even_matches_significance_cutoffs,8,10,50,1,0.05,1.644853627,3,9,0.6,1.8,indeterminate,Per-suite binary success rate over 10 tasks x 50 official trials.
LIBERO,spatial,VLA-Cache: Efficient Vision-Language-Action Manipulation via Adaptive Token Caching,leaderboards/stat_significance_sam_export_20260522T233929/sam_libero_official_prev_sota.csv,134,libero_spatial,libero_spatial_prev_sota,98.3,97.8,0.5,percent,489,491.5,489,492,0,-0.5,python_round_nearest_even_matches_significance_cutoffs,3,10,50,1,0.05,1.644853627,3,7,0.6,1.4,indeterminate,Per-suite binary success rate over 10 tasks x 50 official trials.
LIBERO,spatial,VLA-Pruner: Temporal-Aware Dual-Level Visual Token Pruning for Efficient Vision-Language-Action Inference,leaderboards/stat_significance_sam_export_20260522T233929/sam_libero_official_prev_sota.csv,135,libero_spatial,libero_spatial_prev_sota,97.3,95.8,1.5,percent,479,486.5,479,486,0,0.5,python_round_nearest_even_matches_significance_cutoffs,7,10,50,1,0.05,1.644853627,3,10,0.6,2,indeterminate,Per-suite binary success rate over 10 tasks x 50 official trials.
LIBERO,spatial,Action Draft and Verify: A Self-Verifying Framework for Vision-Language-Action Model,leaderboards/stat_significance_sam_export_20260522T233929/sam_libero_official_prev_sota.csv,148,libero_spatial,libero_spatial_prev_sota,98.4,97.8,0.6,percent,489,492,489,492,0,5.684341886e-14,python_round_nearest_even_matches_significance_cutoffs,3,10,50,1,0.05,1.644853627,3,7,0.6,1.4,indeterminate,Per-suite binary success rate over 10 tasks x 50 official trials.
LIBERO,spatial,ATA: Bridging Implicit Reasoning with Attention-Guided and Action-Guided Inference for Vision-Language Action Models,leaderboards/stat_significance_sam_export_20260522T233929/sam_libero_official_prev_sota.csv,154,libero_spatial,libero_spatial_prev_sota,98.6,97.6,1,percent,488,493,488,493,0,0,python_round_nearest_even_matches_significance_cutoffs,5,10,50,1,0.05,1.644853627,3,7,0.6,1.4,indeterminate,Per-suite binary success rate over 10 tasks x 50 official trials.
LIBERO,spatial,DualCoT-VLA: Visual-Linguistic Chain of Thought via Parallel Reasoning for Vision-Language-Action Models,leaderboards/stat_significance_sam_export_20260522T233929/sam_libero_official_prev_sota.csv,177,libero_spatial,libero_spatial_prev_sota,99.4,98.8,0.6,percent,494,497,494,497,0,5.684341886e-14,python_round_nearest_even_matches_significance_cutoffs,3,10,50,1,0.05,1.644853627,3,5,0.6,1,indeterminate,Per-suite binary success rate over 10 tasks x 50 official trials.
LIBERO,spatial,Efficient Long-Horizon Vision-Language-Action Models via Static-Dynamic Disentanglement,leaderboards/stat_significance_sam_export_20260522T233929/sam_libero_official_prev_sota.csv,180,libero_spatial,libero_spatial_prev_sota,97.8,96.2,1.6,percent,481,489,481,489,5.684341886e-14,0,python_round_nearest_even_matches_significance_cutoffs,8,10,50,1,0.05,1.644853627,3,9,0.6,1.8,indeterminate,Per-suite binary success rate over 10 tasks x 50 official trials.
LIBERO,spatial,GST-VLA: Structured Gaussian Spatial Tokens for 3D Depth-Aware Vision-Language-Action Models,leaderboards/stat_significance_sam_export_20260522T233929/sam_libero_official_prev_sota.csv,191,libero_spatial,libero_spatial_prev_sota,98.2,97.1,1.1,percent,485.5,491,486,491,-0.5,0,python_round_nearest_even_matches_significance_cutoffs,5,10,50,1,0.05,1.644853627,3,8,0.6,1.6,indeterminate,Per-suite binary success rate over 10 tasks x 50 official trials.
LIBERO,spatial,JEPA-VLA: Video Predictive Embedding is Needed for VLA Models,leaderboards/stat_significance_sam_export_20260522T233929/sam_libero_official_prev_sota.csv,196,libero_spatial,libero_spatial_prev_sota,97.2,96.2,1,percent,481,486,481,486,5.684341886e-14,0,python_round_nearest_even_matches_significance_cutoffs,5,10,50,1,0.05,1.644853627,3,9,0.6,1.8,indeterminate,Per-suite binary success rate over 10 tasks x 50 official trials.
LIBERO,spatial,LaMP: Learning Vision-Language-Action Policies with 3D Scene Flow as Latent Motion Prior,leaderboards/stat_significance_sam_export_20260522T233929/sam_libero_official_prev_sota.csv,199,libero_spatial,libero_spatial_prev_sota,99.4,98.8,0.6,percent,494,497,494,497,0,5.684341886e-14,python_round_nearest_even_matches_significance_cutoffs,3,10,50,1,0.05,1.644853627,3,5,0.6,1,indeterminate,Per-suite binary success rate over 10 tasks x 50 official trials.
LIBERO,spatial,Learning to Accelerate Vision-Language-Action Models through Adaptive Visual Token Caching,leaderboards/stat_significance_sam_export_20260522T233929/sam_libero_official_prev_sota.csv,207,libero_spatial,libero_spatial_prev_sota,85.6,84.4,1.2,percent,422,428,422,428,5.684341886e-14,0,python_round_nearest_even_matches_significance_cutoffs,6,10,50,1,0.05,1.644853627,3,20,0.6,4,indeterminate,Per-suite binary success rate over 10 tasks x 50 official trials.
LIBERO,spatial,Mask World Model: Predicting What Matters for Robust Robot Policy Learning,leaderboards/stat_significance_sam_export_20260522T233929/sam_libero_official_prev_sota.csv,211,libero_spatial,libero_spatial_prev_sota,98.8,98.2,0.6,percent,491,494,491,494,0,0,python_round_nearest_even_matches_significance_cutoffs,3,10,50,1,0.05,1.644853627,3,6,0.6,1.2,indeterminate,Per-suite binary success rate over 10 tasks x 50 official trials.
LIBERO,spatial,Neural Implicit Action Fields: From Discrete Waypoints to Continuous Functions for Vision-Language-Action Models,leaderboards/stat_significance_sam_export_20260522T233929/sam_libero_official_prev_sota.csv,215,libero_spatial,libero_spatial_prev_sota,98.2,97.1,1.1,percent,485.5,491,486,491,-0.5,0,python_round_nearest_even_matches_significance_cutoffs,5,10,50,1,0.05,1.644853627,3,8,0.6,1.6,indeterminate,Per-suite binary success rate over 10 tasks x 50 official trials.
LIBERO,spatial,ProgressVLA: Progress-Guided Diffusion Policy for Vision-Language Robotic Manipulation,leaderboards/stat_significance_sam_export_20260522T233929/sam_libero_official_prev_sota.csv,226,libero_spatial,libero_spatial_prev_sota,88.2,84.7,3.5,percent,423.5,441,424,441,-0.5,0,python_round_nearest_even_matches_significance_cutoffs,17,10,50,1,0.05,1.644853627,3,20,0.6,4,indeterminate,Per-suite binary success rate over 10 tasks x 50 official trials.
LIBERO,spatial,ReViP: Mitigating False Completion in Vision-Language-Action Models with Vision-Proprioception Rebalance,leaderboards/stat_significance_sam_export_20260522T233929/sam_libero_official_prev_sota.csv,235,libero_spatial,libero_spatial_prev_sota,99,98,1,percent,490,495,490,495,0,0,python_round_nearest_even_matches_significance_cutoffs,5,10,50,1,0.05,1.644853627,3,7,0.6,1.4,indeterminate,Per-suite binary success rate over 10 tasks x 50 official trials.
LIBERO,spatial,SimVLA: A Simple VLA Baseline for Robotic Manipulation,leaderboards/stat_significance_sam_export_20260522T233929/sam_libero_official_prev_sota.csv,247,libero_spatial,libero_spatial_prev_sota,99.6,98.8,0.8,percent,494,498,494,498,0,0,python_round_nearest_even_matches_significance_cutoffs,4,10,50,1,0.05,1.644853627,3,5,0.6,1,indeterminate,Per-suite binary success rate over 10 tasks x 50 official trials.
LIBERO,spatial,SmoothVLA: Aligning Vision-Language-Action Models with Physical Constraints via Intrinsic Smoothness Optimization,leaderboards/stat_significance_sam_export_20260522T233929/sam_libero_official_prev_sota.csv,248,libero_spatial,libero_spatial_prev_sota,85.6,84.5,1.1,percent,422.5,428,422,428,0.5,0,python_round_nearest_even_matches_significance_cutoffs,6,10,50,1,0.05,1.644853627,3,20,0.6,4,indeterminate,Per-suite binary success rate over 10 tasks x 50 official trials.
LIBERO,spatial,SnapFlow: One-Step Action Generation for Flow-Matching VLAs via Progressive Self-Distillation,leaderboards/stat_significance_sam_export_20260522T233929/sam_libero_official_prev_sota.csv,249,libero_spatial,libero_spatial_prev_sota,99,98,1,percent,490,495,490,495,0,0,python_round_nearest_even_matches_significance_cutoffs,5,10,50,1,0.05,1.644853627,3,7,0.6,1.4,indeterminate,Per-suite binary success rate over 10 tasks x 50 official trials.
LIBERO,spatial,Thinking in Text and Images: Interleaved Vision--Language Reasoning Traces for Long-Horizon Robot Manipulation,leaderboards/stat_significance_sam_export_20260522T233929/sam_libero_official_prev_sota.csv,261,libero_spatial,libero_spatial_prev_sota,97.8,97,0.8,percent,485,489,485,489,0,0,python_round_nearest_even_matches_significance_cutoffs,4,10,50,1,0.05,1.644853627,3,8,0.6,1.6,indeterminate,Per-suite binary success rate over 10 tasks x 50 official trials.
LIBERO,spatial,Towards Practical World Model-based Reinforcement Learning for Vision-Language-Action Models,leaderboards/stat_significance_sam_export_20260522T233929/sam_libero_official_prev_sota.csv,263,libero_spatial,libero_spatial_prev_sota,87.8,86,1.8,percent,430,439,430,439,0,0,python_round_nearest_even_matches_significance_cutoffs,9,10,50,1,0.05,1.644853627,3,19,0.6,3.8,indeterminate,Per-suite binary success rate over 10 tasks x 50 official trials.
LIBERO,spatial,VLA-InfoEntropy: A Training-Free Vision-Attention Information Entropy Approach for Vision-Language-Action Models Inference Acceleration and Success,leaderboards/stat_significance_sam_export_20260522T233929/sam_libero_official_prev_sota.csv,274,libero_spatial,libero_spatial_prev_sota,86.4,85.8,0.6,percent,429,432,429,432,0,5.684341886e-14,python_round_nearest_even_matches_significance_cutoffs,3,10,50,1,0.05,1.644853627,3,19,0.6,3.8,indeterminate,Per-suite binary success rate over 10 tasks x 50 official trials.
LIBERO,spatial,World-Value-Action Model: Implicit Planning for Vision-Language-Action Systems,leaderboards/stat_significance_sam_export_20260522T233929/sam_libero_official_prev_sota.csv,280,libero_spatial,libero_spatial_prev_sota,99.6,98.8,0.8,percent,494,498,494,498,0,0,python_round_nearest_even_matches_significance_cutoffs,4,10,50,1,0.05,1.644853627,3,5,0.6,1,indeterminate,Per-suite binary success rate over 10 tasks x 50 official trials.
LIBERO,spatial,Global Prior Meets Local Consistency: Dual-Memory Augmented Vision-Language-Action Model for Efficient Robotic Manipulation,leaderboards/stat_significance_sam_export_20260522T233929/sam_libero_official_prev_sota.csv,291,libero_spatial,libero_spatial_prev_sota,99.6,98.8,0.8,percent,494,498,494,498,0,0,python_round_nearest_even_matches_significance_cutoffs,4,10,50,1,0.05,1.644853627,3,5,0.6,1,indeterminate,Per-suite binary success rate over 10 tasks x 50 official trials.
LIBERO,spatial,HBVLA: Pushing 1-Bit Post-Training Quantization for Vision-Language-Action Models,leaderboards/stat_significance_sam_export_20260522T233929/sam_libero_official_prev_sota.csv,293,libero_spatial,libero_spatial_prev_sota,89.3,87.2,2.1,percent,436,446.5,436,446,0,0.5,python_round_nearest_even_matches_significance_cutoffs,10,10,50,1,0.05,1.644853627,3,18,0.6,3.6,indeterminate,Per-suite binary success rate over 10 tasks x 50 official trials.
LIBERO,spatial,VAT: Vision Action Transformer by Unlocking Full Representation of ViT,leaderboards/stat_significance_sam_export_20260522T233929/sam_libero_official_prev_sota.csv,295,libero_spatial,libero_spatial_prev_sota,98.8,97.6,1.2,percent,488,494,488,494,0,0,python_round_nearest_even_matches_significance_cutoffs,6,10,50,1,0.05,1.644853627,3,7,0.6,1.4,indeterminate,Per-suite binary success rate over 10 tasks x 50 official trials.
LIBERO,spatial,3D CAVLA: Leveraging Depth and 3D Context to Generalize Vision Language Action Models for Unseen Tasks,leaderboards/stat_significance_sam_export_20260522T233929/sam_libero_official_prev_sota.csv,300,libero_spatial,libero_spatial_prev_sota,98.2,97.6,0.6,percent,488,491,488,491,0,0,python_round_nearest_even_matches_significance_cutoffs,3,10,50,1,0.05,1.644853627,3,7,0.6,1.4,indeterminate,Per-suite binary success rate over 10 tasks x 50 official trials.
LIBERO,spatial,BlockVLA: Accelerating Autoregressive VLA via Block Diffusion Finetuning,leaderboards/stat_significance_sam_export_20260522T233929/sam_libero_official_prev_sota.csv,303,libero_spatial,libero_spatial_prev_sota,90.6,89.8,0.8,percent,449,453,449,453,0,-5.684341886e-14,python_round_nearest_even_matches_significance_cutoffs,4,10,50,1,0.05,1.644853627,3,16,0.6,3.2,indeterminate,Per-suite binary success rate over 10 tasks x 50 official trials.
LIBERO,spatial,Beyond World-Frame Action Heads: Motion-Centric Action Frames for Vision-Language-Action Models,leaderboards/stat_significance_sam_export_20260522T233929/sam_libero_official_prev_sota.csv,308,libero_spatial,libero_spatial_prev_sota,98.6,97.6,1,percent,488,493,488,493,0,0,python_round_nearest_even_matches_significance_cutoffs,5,10,50,1,0.05,1.644853627,3,7,0.6,1.4,indeterminate,Per-suite binary success rate over 10 tasks x 50 official trials.
LIBERO,spatial,PriorVLA: Prior-Preserving Adaptation for Vision-Language-Action Models,leaderboards/stat_significance_sam_export_20260522T233929/sam_libero_official_prev_sota.csv,315,libero_spatial,libero_spatial_prev_sota,99.4,98.8,0.6,percent,494,497,494,497,0,5.684341886e-14,python_round_nearest_even_matches_significance_cutoffs,3,10,50,1,0.05,1.644853627,3,5,0.6,1,indeterminate,Per-suite binary success rate over 10 tasks x 50 official trials.
LIBERO,spatial,CapVector: Learning Transferable Capability Vectors in Parametric Space for Vision-Language-Action Models,leaderboards/stat_significance_sam_export_20260522T233929/sam_libero_official_prev_sota.csv,316,libero_spatial,libero_spatial_prev_sota,98.4,97.2,1.2,percent,486,492,486,492,0,5.684341886e-14,python_round_nearest_even_matches_significance_cutoffs,6,10,50,1,0.05,1.644853627,3,8,0.6,1.6,indeterminate,Per-suite binary success rate over 10 tasks x 50 official trials.
LIBERO,spatial,ForgeVLA: Federated Vision-Language-Action Learning without Language Annotations,leaderboards/stat_significance_sam_export_20260522T233929/sam_libero_official_prev_sota.csv,320,libero_spatial,libero_spatial_prev_sota,72.6,68.6,4,percent,343,363,343,363,0,0,python_round_nearest_even_matches_significance_cutoffs,20,10,50,1,0.05,1.644853627,3,29,0.6,5.8,indeterminate,Per-suite binary success rate over 10 tasks x 50 official trials.
LIBERO,object,Task-agnostic Lifelong Robot Learning with Retrieval-based Weighted Local Adaptation,leaderboards/stat_significance_sam_export_20260522T233929/sam_libero_official_prev_sota.csv,17,libero_object,libero_object_prev_sota,62.33,56.5,5.83,percent,282.5,311.65,282,312,0.5,-0.35,python_round_nearest_even_matches_significance_cutoffs,30,10,50,1,0.05,1.644853627,3,34,0.6,6.8,indeterminate,Per-suite binary success rate over 10 tasks x 50 official trials.
LIBERO,object,TraceVLA: Visual Trace Prompting Enhances Spatial-Temporal Awareness for Generalist Robotic Policies,leaderboards/stat_significance_sam_export_20260522T233929/sam_libero_official_prev_sota.csv,18,libero_object,libero_object_prev_sota,85.2,83.8,1.4,percent,419,426,419,426,0,0,python_round_nearest_even_matches_significance_cutoffs,7,10,50,1,0.05,1.644853627,3,20,0.6,4,indeterminate,Per-suite binary success rate over 10 tasks x 50 official trials.
LIBERO,object,ActionSink: Toward Precise Robot Manipulation with Dynamic Integration of Action Flow,leaderboards/stat_significance_sam_export_20260522T233929/sam_libero_official_prev_sota.csv,23,libero_object,libero_object_prev_sota,72.67,68,4.67,percent,340,363.35,340,363,0,0.35,python_round_nearest_even_matches_significance_cutoffs,23,10,50,1,0.05,1.644853627,3,29,0.6,5.8,indeterminate,Per-suite binary success rate over 10 tasks x 50 official trials.
LIBERO,object,Balancing Signal and Variance: Adaptive Offline RL Post-Training for VLA Flow Models,leaderboards/stat_significance_sam_export_20260522T233929/sam_libero_official_prev_sota.csv,28,libero_object,libero_object_prev_sota,95,94.3,0.7,percent,471.5,475,472,475,-0.5,0,python_round_nearest_even_matches_significance_cutoffs,3,10,50,1,0.05,1.644853627,3,12,0.6,2.4,indeterminate,Per-suite binary success rate over 10 tasks x 50 official trials.
LIBERO,object,CLIP-RT: Learning Language-Conditioned Robotic Policies from Natural Language Supervision,leaderboards/stat_significance_sam_export_20260522T233929/sam_libero_official_prev_sota.csv,32,libero_object,libero_object_prev_sota,99.2,98.3,0.9,percent,491.5,496,492,496,-0.5,0,python_round_nearest_even_matches_significance_cutoffs,4,10,50,1,0.05,1.644853627,3,6,0.6,1.2,indeterminate,Per-suite binary success rate over 10 tasks x 50 official trials.
LIBERO,object,CoA-VLA: Improving Vision-Language-Action Models via Visual-Textual Chain-of-Affordance,leaderboards/stat_significance_sam_export_20260522T233929/sam_libero_official_prev_sota.csv,33,libero_object,libero_object_prev_sota,93.1,92.5,0.6,percent,462.5,465.5,462,465,0.5,0.5,python_round_nearest_even_matches_significance_cutoffs,3,10,50,1,0.05,1.644853627,3,14,0.6,2.8,indeterminate,Per-suite binary success rate over 10 tasks x 50 official trials.
LIBERO,object,DiG-Flow: Discrepancy-Guided Flow Matching for Robust VLA Models,leaderboards/stat_significance_sam_export_20260522T233929/sam_libero_official_prev_sota.csv,46,libero_object,libero_object_prev_sota,99,98.4,0.6,percent,492,495,492,495,5.684341886e-14,0,python_round_nearest_even_matches_significance_cutoffs,3,10,50,1,0.05,1.644853627,3,6,0.6,1.2,indeterminate,Per-suite binary success rate over 10 tasks x 50 official trials.
LIBERO,object,Dita: Scaling Diffusion Transformer for Generalist Vision-Language-Action Policy,leaderboards/stat_significance_sam_export_20260522T233929/sam_libero_official_prev_sota.csv,49,libero_object,libero_object_prev_sota,94.8,92.5,2.3,percent,462.5,474,462,474,0.5,0,python_round_nearest_even_matches_significance_cutoffs,12,10,50,1,0.05,1.644853627,3,14,0.6,2.8,indeterminate,Per-suite binary success rate over 10 tasks x 50 official trials.
LIBERO,object,E0: Enhancing Generalization and Fine-Grained Control in VLA Models via Tweedie Discrete Diffusion,leaderboards/stat_significance_sam_export_20260522T233929/sam_libero_official_prev_sota.csv,53,libero_object,libero_object_prev_sota,99.4,98.8,0.6,percent,494,497,494,497,0,5.684341886e-14,python_round_nearest_even_matches_significance_cutoffs,3,10,50,1,0.05,1.644853627,3,5,0.6,1,indeterminate,Per-suite binary success rate over 10 tasks x 50 official trials.
LIBERO,object,FASTer: Toward Efficient Autoregressive Vision Language Action Modeling via Neural Action Tokenization,leaderboards/stat_significance_sam_export_20260522T233929/sam_libero_official_prev_sota.csv,62,libero_object,libero_object_prev_sota,99.4,98.8,0.6,percent,494,497,494,497,0,5.684341886e-14,python_round_nearest_even_matches_significance_cutoffs,3,10,50,1,0.05,1.644853627,3,5,0.6,1,indeterminate,Per-suite binary success rate over 10 tasks x 50 official trials.
LIBERO,object,"HiF-VLA: Hindsight, Insight and Foresight through Motion Representation for Vision-Language-Action Models",leaderboards/stat_significance_sam_export_20260522T233929/sam_libero_official_prev_sota.csv,72,libero_object,libero_object_prev_sota,99.4,98.8,0.6,percent,494,497,494,497,0,5.684341886e-14,python_round_nearest_even_matches_significance_cutoffs,3,10,50,1,0.05,1.644853627,3,5,0.6,1,indeterminate,Per-suite binary success rate over 10 tasks x 50 official trials.
LIBERO,object,HiMoE-VLA: Hierarchical Mixture-of-Experts for Generalist Vision-Language-Action Policies,leaderboards/stat_significance_sam_export_20260522T233929/sam_libero_official_prev_sota.csv,73,libero_object,libero_object_prev_sota,99.4,98.8,0.6,percent,494,497,494,497,0,5.684341886e-14,python_round_nearest_even_matches_significance_cutoffs,3,10,50,1,0.05,1.644853627,3,5,0.6,1,indeterminate,Per-suite binary success rate over 10 tasks x 50 official trials.
LIBERO,object,MAP-VLA: Memory-Augmented Prompting for Vision-Language-Action Model in Robotic Manipulation,leaderboards/stat_significance_sam_export_20260522T233929/sam_libero_official_prev_sota.csv,90,libero_object,libero_object_prev_sota,98.4,97.4,1,percent,487,492,487,492,5.684341886e-14,5.684341886e-14,python_round_nearest_even_matches_significance_cutoffs,5,10,50,1,0.05,1.644853627,3,8,0.6,1.6,indeterminate,Per-suite binary success rate over 10 tasks x 50 official trials.
LIBERO,object,Mixture of Horizons in Action Chunking,leaderboards/stat_significance_sam_export_20260522T233929/sam_libero_official_prev_sota.csv,96,libero_object,libero_object_prev_sota,100,99.6,0.4,percent,498,500,498,500,0,0,python_round_nearest_even_matches_significance_cutoffs,2,10,50,1,0.05,1.644853627,unknown,unknown,unknown,unknown,indeterminate,Per-suite binary success rate over 10 tasks x 50 official trials.
LIBERO,object,RetoVLA: Reusing Register Tokens for Spatial Reasoning in Vision-Language-Action Models,leaderboards/stat_significance_sam_export_20260522T233929/sam_libero_official_prev_sota.csv,105,libero_object,libero_object_prev_sota,71.8,70.8,1,percent,354,359,354,359,0,0,python_round_nearest_even_matches_significance_cutoffs,5,10,50,1,0.05,1.644853627,3,27,0.6,5.4,indeterminate,Per-suite binary success rate over 10 tasks x 50 official trials.
LIBERO,object,SemanticVLA: Semantic-Aligned Sparsification and Enhancement for Efficient Robotic Manipulation,leaderboards/stat_significance_sam_export_20260522T233929/sam_libero_official_prev_sota.csv,112,libero_object,libero_object_prev_sota,99.6,98.8,0.8,percent,494,498,494,498,0,0,python_round_nearest_even_matches_significance_cutoffs,4,10,50,1,0.05,1.644853627,3,5,0.6,1,indeterminate,Per-suite binary success rate over 10 tasks x 50 official trials.
LIBERO,object,AcceRL: A Distributed Asynchronous Reinforcement Learning and World Model Framework for Vision-Language-Action Models,leaderboards/stat_significance_sam_export_20260522T233929/sam_libero_official_prev_sota.csv,145,libero_object,libero_object_prev_sota,100,99.8,0.2,percent,499,500,499,500,0,0,python_round_nearest_even_matches_significance_cutoffs,1,10,50,1,0.05,1.644853627,unknown,unknown,unknown,unknown,indeterminate,Per-suite binary success rate over 10 tasks x 50 official trials.
LIBERO,object,Action Draft and Verify: A Self-Verifying Framework for Vision-Language-Action Model,leaderboards/stat_significance_sam_export_20260522T233929/sam_libero_official_prev_sota.csv,148,libero_object,libero_object_prev_sota,99.4,98.4,1,percent,492,497,492,497,5.684341886e-14,5.684341886e-14,python_round_nearest_even_matches_significance_cutoffs,5,10,50,1,0.05,1.644853627,3,6,0.6,1.2,indeterminate,Per-suite binary success rate over 10 tasks x 50 official trials.
LIBERO,object,Adaptive Action Chunking at Inference-time for Vision-Language-Action Models,leaderboards/stat_significance_sam_export_20260522T233929/sam_libero_official_prev_sota.csv,150,libero_object,libero_object_prev_sota,98.6,97.8,0.8,percent,489,493,489,493,0,0,python_round_nearest_even_matches_significance_cutoffs,4,10,50,1,0.05,1.644853627,3,7,0.6,1.4,indeterminate,Per-suite binary success rate over 10 tasks x 50 official trials.
LIBERO,object,ATA: Bridging Implicit Reasoning with Attention-Guided and Action-Guided Inference for Vision-Language Action Models,leaderboards/stat_significance_sam_export_20260522T233929/sam_libero_official_prev_sota.csv,154,libero_object,libero_object_prev_sota,98.8,98.2,0.6,percent,491,494,491,494,0,0,python_round_nearest_even_matches_significance_cutoffs,3,10,50,1,0.05,1.644853627,3,6,0.6,1.2,indeterminate,Per-suite binary success rate over 10 tasks x 50 official trials.
LIBERO,object,AtomVLA: Scalable Post-Training for Robotic Manipulation via Predictive Latent World Models,leaderboards/stat_significance_sam_export_20260522T233929/sam_libero_official_prev_sota.csv,156,libero_object,libero_object_prev_sota,99.6,98.8,0.8,percent,494,498,494,498,0,0,python_round_nearest_even_matches_significance_cutoffs,4,10,50,1,0.05,1.644853627,3,5,0.6,1,indeterminate,Per-suite binary success rate over 10 tasks x 50 official trials.
LIBERO,object,CorridorVLA: Explicit Spatial Constraints for Generative Action Heads via Sparse Anchors,leaderboards/stat_significance_sam_export_20260522T233929/sam_libero_official_prev_sota.csv,169,libero_object,libero_object_prev_sota,95.8,94.1,1.7,percent,470.5,479,470,479,0.5,0,python_round_nearest_even_matches_significance_cutoffs,9,10,50,1,0.05,1.644853627,3,12,0.6,2.4,indeterminate,Per-suite binary success rate over 10 tasks x 50 official trials.
LIBERO,object,DiT4DiT: Jointly Modeling Video Dynamics and Actions for Generalizable Robot Control,leaderboards/stat_significance_sam_export_20260522T233929/sam_libero_official_prev_sota.csv,176,libero_object,libero_object_prev_sota,99.6,98.8,0.8,percent,494,498,494,498,0,0,python_round_nearest_even_matches_significance_cutoffs,4,10,50,1,0.05,1.644853627,3,5,0.6,1,indeterminate,Per-suite binary success rate over 10 tasks x 50 official trials.
LIBERO,object,DualCoT-VLA: Visual-Linguistic Chain of Thought via Parallel Reasoning for Vision-Language-Action Models,leaderboards/stat_significance_sam_export_20260522T233929/sam_libero_official_prev_sota.csv,177,libero_object,libero_object_prev_sota,99.8,99,0.8,percent,495,499,495,499,0,0,python_round_nearest_even_matches_significance_cutoffs,4,10,50,1,0.05,1.644853627,3,5,0.6,1,indeterminate,Per-suite binary success rate over 10 tasks x 50 official trials.
LIBERO,object,Fast-ThinkAct: Efficient Vision-Language-Action Reasoning via Verbalizable Latent Planning,leaderboards/stat_significance_sam_export_20260522T233929/sam_libero_official_prev_sota.csv,183,libero_object,libero_object_prev_sota,97.2,95.4,1.8,percent,477,486,477,486,5.684341886e-14,0,python_round_nearest_even_matches_significance_cutoffs,9,10,50,1,0.05,1.644853627,3,10,0.6,2,indeterminate,Per-suite binary success rate over 10 tasks x 50 official trials.
LIBERO,object,Fast-WAM: Do World Action Models Need Test-time Future Imagination?,leaderboards/stat_significance_sam_export_20260522T233929/sam_libero_official_prev_sota.csv,184,libero_object,libero_object_prev_sota,100,99.8,0.2,percent,499,500,499,500,0,0,python_round_nearest_even_matches_significance_cutoffs,1,10,50,1,0.05,1.644853627,unknown,unknown,unknown,unknown,indeterminate,Per-suite binary success rate over 10 tasks x 50 official trials.
LIBERO,object,GST-VLA: Structured Gaussian Spatial Tokens for 3D Depth-Aware Vision-Language-Action Models,leaderboards/stat_significance_sam_export_20260522T233929/sam_libero_official_prev_sota.csv,191,libero_object,libero_object_prev_sota,97.4,95.8,1.6,percent,479,487,479,487,0,5.684341886e-14,python_round_nearest_even_matches_significance_cutoffs,8,10,50,1,0.05,1.644853627,3,10,0.6,2,indeterminate,Per-suite binary success rate over 10 tasks x 50 official trials.
LIBERO,object,HoloBrain-0 Technical Report,leaderboards/stat_significance_sam_export_20260522T233929/sam_libero_official_prev_sota.csv,194,libero_object,libero_object_prev_sota,99.6,98.8,0.8,percent,494,498,494,498,0,0,python_round_nearest_even_matches_significance_cutoffs,4,10,50,1,0.05,1.644853627,3,5,0.6,1,indeterminate,Per-suite binary success rate over 10 tasks x 50 official trials.
LIBERO,object,KERV: Kinematic-Rectified Speculative Decoding for Embodied VLA Models,leaderboards/stat_significance_sam_export_20260522T233929/sam_libero_official_prev_sota.csv,198,libero_object,libero_object_prev_sota,72.3,70,2.3,percent,350,361.5,350,362,0,-0.5,python_round_nearest_even_matches_significance_cutoffs,12,10,50,1,0.05,1.644853627,3,28,0.6,5.6,indeterminate,Per-suite binary success rate over 10 tasks x 50 official trials.
LIBERO,object,LangForce: Bayesian Decomposition of Vision Language Action Models via Latent Action Queries,leaderboards/stat_significance_sam_export_20260522T233929/sam_libero_official_prev_sota.csv,200,libero_object,libero_object_prev_sota,99.6,98.8,0.8,percent,494,498,494,498,0,0,python_round_nearest_even_matches_significance_cutoffs,4,10,50,1,0.05,1.644853627,3,5,0.6,1,indeterminate,Per-suite binary success rate over 10 tasks x 50 official trials.
LIBERO,object,LAR-MoE: Latent-Aligned Routing for Mixture of Experts in Robotic Imitation Learning,leaderboards/stat_significance_sam_export_20260522T233929/sam_libero_official_prev_sota.csv,203,libero_object,libero_object_prev_sota,99,98,1,percent,490,495,490,495,0,0,python_round_nearest_even_matches_significance_cutoffs,5,10,50,1,0.05,1.644853627,3,7,0.6,1.4,indeterminate,Per-suite binary success rate over 10 tasks x 50 official trials.
LIBERO,object,Libra-VLA: Achieving Learning Equilibrium via Asynchronous Coarse-to-Fine Dual-System,leaderboards/stat_significance_sam_export_20260522T233929/sam_libero_official_prev_sota.csv,209,libero_object,libero_object_prev_sota,99.4,98.8,0.6,percent,494,497,494,497,0,5.684341886e-14,python_round_nearest_even_matches_significance_cutoffs,3,10,50,1,0.05,1.644853627,3,5,0.6,1,indeterminate,Per-suite binary success rate over 10 tasks x 50 official trials.
LIBERO,object,SimVLA: A Simple VLA Baseline for Robotic Manipulation,leaderboards/stat_significance_sam_export_20260522T233929/sam_libero_official_prev_sota.csv,247,libero_object,libero_object_prev_sota,99.8,99.2,0.6,percent,496,499,496,499,0,0,python_round_nearest_even_matches_significance_cutoffs,3,10,50,1,0.05,1.644853627,3,4,0.6,0.8,indeterminate,Per-suite binary success rate over 10 tasks x 50 official trials.
LIBERO,object,SmoothVLA: Aligning Vision-Language-Action Models with Physical Constraints via Intrinsic Smoothness Optimization,leaderboards/stat_significance_sam_export_20260522T233929/sam_libero_official_prev_sota.csv,248,libero_object,libero_object_prev_sota,94.2,92.1,2.1,percent,460.5,471,460,471,0.5,5.684341886e-14,python_round_nearest_even_matches_significance_cutoffs,11,10,50,1,0.05,1.644853627,3,14,0.6,2.8,indeterminate,Per-suite binary success rate over 10 tasks x 50 official trials.
LIBERO,object,Speedup Patch: Learning a Plug-and-Play Policy to Accelerate Embodied Manipulation,leaderboards/stat_significance_sam_export_20260522T233929/sam_libero_official_prev_sota.csv,250,libero_object,libero_object_prev_sota,99.4,98.8,0.6,percent,494,497,494,497,0,5.684341886e-14,python_round_nearest_even_matches_significance_cutoffs,3,10,50,1,0.05,1.644853627,3,5,0.6,1,indeterminate,Per-suite binary success rate over 10 tasks x 50 official trials.
LIBERO,object,StreamVLA: Breaking the Reason-Act Cycle via Completion-State Gating,leaderboards/stat_significance_sam_export_20260522T233929/sam_libero_official_prev_sota.csv,256,libero_object,libero_object_prev_sota,99.4,98.8,0.6,percent,494,497,494,497,0,5.684341886e-14,python_round_nearest_even_matches_significance_cutoffs,3,10,50,1,0.05,1.644853627,3,5,0.6,1,indeterminate,Per-suite binary success rate over 10 tasks x 50 official trials.
LIBERO,object,VLA-GSE: Boosting Parameter-Efficient Fine-Tuning in VLA with Generalized and Specialized Experts,leaderboards/stat_significance_sam_export_20260522T233929/sam_libero_official_prev_sota.csv,272,libero_object,libero_object_prev_sota,99.8,99.2,0.6,percent,496,499,496,499,0,0,python_round_nearest_even_matches_significance_cutoffs,3,10,50,1,0.05,1.644853627,3,4,0.6,0.8,indeterminate,Per-suite binary success rate over 10 tasks x 50 official trials.
LIBERO,object,VLA-InfoEntropy: A Training-Free Vision-Attention Information Entropy Approach for Vision-Language-Action Models Inference Acceleration and Success,leaderboards/stat_significance_sam_export_20260522T233929/sam_libero_official_prev_sota.csv,274,libero_object,libero_object_prev_sota,87.6,86.6,1,percent,433,438,433,438,0,-5.684341886e-14,python_round_nearest_even_matches_significance_cutoffs,5,10,50,1,0.05,1.644853627,3,18,0.6,3.6,indeterminate,Per-suite binary success rate over 10 tasks x 50 official trials.
LIBERO,object,VLA-JEPA: Enhancing Vision-Language-Action Model with Latent World Model,leaderboards/stat_significance_sam_export_20260522T233929/sam_libero_official_prev_sota.csv,275,libero_object,libero_object_prev_sota,99.6,98.8,0.8,percent,494,498,494,498,0,0,python_round_nearest_even_matches_significance_cutoffs,4,10,50,1,0.05,1.644853627,3,5,0.6,1,indeterminate,Per-suite binary success rate over 10 tasks x 50 official trials.
LIBERO,object,Xiaomi-Robotics-0: An Open-Sourced Vision-Language-Action Model with Real-Time Execution,leaderboards/stat_significance_sam_export_20260522T233929/sam_libero_official_prev_sota.csv,283,libero_object,libero_object_prev_sota,100,99.8,0.2,percent,499,500,499,500,0,0,python_round_nearest_even_matches_significance_cutoffs,1,10,50,1,0.05,1.644853627,unknown,unknown,unknown,unknown,indeterminate,Per-suite binary success rate over 10 tasks x 50 official trials.
LIBERO,object,One Token Per Frame: Reconsidering Visual Bandwidth in World Models for VLA Policy,leaderboards/stat_significance_sam_export_20260522T233929/sam_libero_official_prev_sota.csv,285,libero_object,libero_object_prev_sota,99.6,98.8,0.8,percent,494,498,494,498,0,0,python_round_nearest_even_matches_significance_cutoffs,4,10,50,1,0.05,1.644853627,3,5,0.6,1,indeterminate,Per-suite binary success rate over 10 tasks x 50 official trials.
LIBERO,object,VAT: Vision Action Transformer by Unlocking Full Representation of ViT,leaderboards/stat_significance_sam_export_20260522T233929/sam_libero_official_prev_sota.csv,295,libero_object,libero_object_prev_sota,99.4,98.8,0.6,percent,494,497,494,497,0,5.684341886e-14,python_round_nearest_even_matches_significance_cutoffs,3,10,50,1,0.05,1.644853627,3,5,0.6,1,indeterminate,Per-suite binary success rate over 10 tasks x 50 official trials.
LIBERO,object,BlockVLA: Accelerating Autoregressive VLA via Block Diffusion Finetuning,leaderboards/stat_significance_sam_export_20260522T233929/sam_libero_official_prev_sota.csv,303,libero_object,libero_object_prev_sota,97.6,96.6,1,percent,483,488,483,488,0,0,python_round_nearest_even_matches_significance_cutoffs,5,10,50,1,0.05,1.644853627,3,9,0.6,1.8,indeterminate,Per-suite binary success rate over 10 tasks x 50 official trials.
LIBERO,object,ALAM: Algebraically Consistent Latent Action Model for Vision-Language-Action Models,leaderboards/stat_significance_sam_export_20260522T233929/sam_libero_official_prev_sota.csv,314,libero_object,libero_object_prev_sota,99.6,98.8,0.8,percent,494,498,494,498,0,0,python_round_nearest_even_matches_significance_cutoffs,4,10,50,1,0.05,1.644853627,3,5,0.6,1,indeterminate,Per-suite binary success rate over 10 tasks x 50 official trials.
LIBERO,object,ForgeVLA: Federated Vision-Language-Action Learning without Language Annotations,leaderboards/stat_significance_sam_export_20260522T233929/sam_libero_official_prev_sota.csv,320,libero_object,libero_object_prev_sota,98.6,97.6,1,percent,488,493,488,493,0,0,python_round_nearest_even_matches_significance_cutoffs,5,10,50,1,0.05,1.644853627,3,7,0.6,1.4,indeterminate,Per-suite binary success rate over 10 tasks x 50 official trials.
LIBERO,goal,Depth Helps: Improving Pre-trained RGB-based Policy with Depth Information Injection,leaderboards/stat_significance_sam_export_20260522T233929/sam_libero_official_prev_sota.csv,5,libero_goal,libero_goal_prev_sota,66.4,64.8,1.6,percent,324,332,324,332,0,0,python_round_nearest_even_matches_significance_cutoffs,8,10,50,1,0.05,1.644853627,3,30,0.6,6,indeterminate,Per-suite binary success rate over 10 tasks x 50 official trials.
LIBERO,goal,Diffusion Transformer Policy,leaderboards/stat_significance_sam_export_20260522T233929/sam_libero_official_prev_sota.csv,6,libero_goal,libero_goal_prev_sota,85.4,84.6,0.8,percent,423,427,423,427,0,5.684341886e-14,python_round_nearest_even_matches_significance_cutoffs,4,10,50,1,0.05,1.644853627,3,20,0.6,4,indeterminate,Per-suite binary success rate over 10 tasks x 50 official trials.
LIBERO,goal,MaIL: Improving Imitation Learning with Mamba,leaderboards/stat_significance_sam_export_20260522T233929/sam_libero_official_prev_sota.csv,10,libero_goal,libero_goal_prev_sota,56.5,51.8,4.7,percent,259,282.5,259,282,0,0.5,python_round_nearest_even_matches_significance_cutoffs,23,10,50,1,0.05,1.644853627,3,36,0.6,7.2,indeterminate,Per-suite binary success rate over 10 tasks x 50 official trials.
LIBERO,goal,TraceVLA: Visual Trace Prompting Enhances Spatial-Temporal Awareness for Generalist Robotic Policies,leaderboards/stat_significance_sam_export_20260522T233929/sam_libero_official_prev_sota.csv,18,libero_goal,libero_goal_prev_sota,75.1,70.4,4.7,percent,352,375.5,352,375,5.684341886e-14,0.5,python_round_nearest_even_matches_significance_cutoffs,23,10,50,1,0.05,1.644853627,3,28,0.6,5.6,indeterminate,Per-suite binary success rate over 10 tasks x 50 official trials.
LIBERO,goal,ActionSink: Toward Precise Robot Manipulation with Dynamic Integration of Action Flow,leaderboards/stat_significance_sam_export_20260522T233929/sam_libero_official_prev_sota.csv,23,libero_goal,libero_goal_prev_sota,80,77.83,2.17,percent,389.15,400,389,400,0.15,0,python_round_nearest_even_matches_significance_cutoffs,11,10,50,1,0.05,1.644853627,3,24,0.6,4.8,indeterminate,Per-suite binary success rate over 10 tasks x 50 official trials.
LIBERO,goal,Atomic Action Slicing: Planner-Aligned Options for Generalist VLA Agents,leaderboards/stat_significance_sam_export_20260522T233929/sam_libero_official_prev_sota.csv,25,libero_goal,libero_goal_prev_sota,95.3,94.2,1.1,percent,471,476.5,471,476,5.684341886e-14,0.5,python_round_nearest_even_matches_significance_cutoffs,5,10,50,1,0.05,1.644853627,3,12,0.6,2.4,indeterminate,Per-suite binary success rate over 10 tasks x 50 official trials.
LIBERO,goal,Balancing Signal and Variance: Adaptive Offline RL Post-Training for VLA Flow Models,leaderboards/stat_significance_sam_export_20260522T233929/sam_libero_official_prev_sota.csv,28,libero_goal,libero_goal_prev_sota,94.9,94.4,0.5,percent,472,474.5,472,475,5.684341886e-14,-0.5,python_round_nearest_even_matches_significance_cutoffs,3,10,50,1,0.05,1.644853627,3,12,0.6,2.4,indeterminate,Per-suite binary success rate over 10 tasks x 50 official trials.
LIBERO,goal,Beyond Human Demonstrations: Diffusion-Based Reinforcement Learning to Generate Data for VLA Training,leaderboards/stat_significance_sam_export_20260522T233929/sam_libero_official_prev_sota.csv,29,libero_goal,libero_goal_prev_sota,83.8,83.2,0.6,percent,416,419,416,419,5.684341886e-14,0,python_round_nearest_even_matches_significance_cutoffs,3,10,50,1,0.05,1.644853627,3,21,0.6,4.2,indeterminate,Per-suite binary success rate over 10 tasks x 50 official trials.
LIBERO,goal,CoA-VLA: Improving Vision-Language-Action Models via Visual-Textual Chain-of-Affordance,leaderboards/stat_significance_sam_export_20260522T233929/sam_libero_official_prev_sota.csv,33,libero_goal,libero_goal_prev_sota,85.8,84.6,1.2,percent,423,429,423,429,0,0,python_round_nearest_even_matches_significance_cutoffs,6,10,50,1,0.05,1.644853627,3,20,0.6,4,indeterminate,Per-suite binary success rate over 10 tasks x 50 official trials.
LIBERO,goal,CoT-VLA: Visual Chain-of-Thought Reasoning for Vision-Language-Action Models,leaderboards/stat_significance_sam_export_20260522T233929/sam_libero_official_prev_sota.csv,38,libero_goal,libero_goal_prev_sota,87.6,84.6,3,percent,423,438,423,438,0,-5.684341886e-14,python_round_nearest_even_matches_significance_cutoffs,15,10,50,1,0.05,1.644853627,3,20,0.6,4,indeterminate,Per-suite binary success rate over 10 tasks x 50 official trials.
LIBERO,goal,D2E: Scaling Vision-Action Pretraining on Desktop Data for Transfer to Embodied AI,leaderboards/stat_significance_sam_export_20260522T233929/sam_libero_official_prev_sota.csv,41,libero_goal,libero_goal_prev_sota,98.6,97.9,0.7,percent,489.5,493,490,493,-0.5,0,python_round_nearest_even_matches_significance_cutoffs,3,10,50,1,0.05,1.644853627,3,7,0.6,1.4,indeterminate,Per-suite binary success rate over 10 tasks x 50 official trials.
LIBERO,goal,Decoupled Action Expert: Confining Task Knowledge to the Conditioning Pathway,leaderboards/stat_significance_sam_export_20260522T233929/sam_libero_official_prev_sota.csv,42,libero_goal,libero_goal_prev_sota,82,78.3,3.7,percent,391.5,410,391,410,0.5,0,python_round_nearest_even_matches_significance_cutoffs,19,10,50,1,0.05,1.644853627,3,24,0.6,4.8,indeterminate,Per-suite binary success rate over 10 tasks x 50 official trials.
LIBERO,goal,DeepThinkVLA: Enhancing Reasoning Capability of Vision-Language-Action Models,leaderboards/stat_significance_sam_export_20260522T233929/sam_libero_official_prev_sota.csv,43,libero_goal,libero_goal_prev_sota,96.4,95.8,0.6,percent,479,482,479,482,0,5.684341886e-14,python_round_nearest_even_matches_significance_cutoffs,3,10,50,1,0.05,1.644853627,3,10,0.6,2,indeterminate,Per-suite binary success rate over 10 tasks x 50 official trials.
LIBERO,goal,Dejavu: Towards Experience Feedback Learning for Embodied Intelligence,leaderboards/stat_significance_sam_export_20260522T233929/sam_libero_official_prev_sota.csv,44,libero_goal,libero_goal_prev_sota,97.6,96.6,1,percent,483,488,483,488,0,0,python_round_nearest_even_matches_significance_cutoffs,5,10,50,1,0.05,1.644853627,3,9,0.6,1.8,indeterminate,Per-suite binary success rate over 10 tasks x 50 official trials.
LIBERO,goal,DiG-Flow: Discrepancy-Guided Flow Matching for Robust VLA Models,leaderboards/stat_significance_sam_export_20260522T233929/sam_libero_official_prev_sota.csv,46,libero_goal,libero_goal_prev_sota,98.6,98,0.6,percent,490,493,490,493,0,0,python_round_nearest_even_matches_significance_cutoffs,3,10,50,1,0.05,1.644853627,3,7,0.6,1.4,indeterminate,Per-suite binary success rate over 10 tasks x 50 official trials.
LIBERO,goal,Discrete Diffusion VLA: Bringing Discrete Diffusion to Action Decoding in Vision-Language-Action Policies,leaderboards/stat_significance_sam_export_20260522T233929/sam_libero_official_prev_sota.csv,47,libero_goal,libero_goal_prev_sota,97.4,96.2,1.2,percent,481,487,481,487,5.684341886e-14,5.684341886e-14,python_round_nearest_even_matches_significance_cutoffs,6,10,50,1,0.05,1.644853627,3,9,0.6,1.8,indeterminate,Per-suite binary success rate over 10 tasks x 50 official trials.
LIBERO,goal,dVLA: Diffusion Vision-Language-Action Model with Multimodal Chain-of-Thought,leaderboards/stat_significance_sam_export_20260522T233929/sam_libero_official_prev_sota.csv,52,libero_goal,libero_goal_prev_sota,98.2,97.4,0.8,percent,487,491,487,491,5.684341886e-14,0,python_round_nearest_even_matches_significance_cutoffs,4,10,50,1,0.05,1.644853627,3,8,0.6,1.6,indeterminate,Per-suite binary success rate over 10 tasks x 50 official trials.
LIBERO,goal,Evo-1: Lightweight Vision-Language-Action Model with Preserved Semantic Alignment,leaderboards/stat_significance_sam_export_20260522T233929/sam_libero_official_prev_sota.csv,57,libero_goal,libero_goal_prev_sota,96.3,95.8,0.5,percent,479,481.5,479,482,0,-0.5,python_round_nearest_even_matches_significance_cutoffs,3,10,50,1,0.05,1.644853627,3,10,0.6,2,indeterminate,Per-suite binary success rate over 10 tasks x 50 official trials.
LIBERO,goal,FASTer: Toward Efficient Autoregressive Vision Language Action Modeling via Neural Action Tokenization,leaderboards/stat_significance_sam_export_20260522T233929/sam_libero_official_prev_sota.csv,62,libero_goal,libero_goal_prev_sota,98.6,98,0.6,percent,490,493,490,493,0,0,python_round_nearest_even_matches_significance_cutoffs,3,10,50,1,0.05,1.644853627,3,7,0.6,1.4,indeterminate,Per-suite binary success rate over 10 tasks x 50 official trials.
LIBERO,goal,GeoAware-VLA: Implicit Geometry Aware Vision-Language-Action Model,leaderboards/stat_significance_sam_export_20260522T233929/sam_libero_official_prev_sota.csv,68,libero_goal,libero_goal_prev_sota,99,98,1,percent,490,495,490,495,0,0,python_round_nearest_even_matches_significance_cutoffs,5,10,50,1,0.05,1.644853627,3,7,0.6,1.4,indeterminate,Per-suite binary success rate over 10 tasks x 50 official trials.
LIBERO,goal,HiMoE-VLA: Hierarchical Mixture-of-Experts for Generalist Vision-Language-Action Policies,leaderboards/stat_significance_sam_export_20260522T233929/sam_libero_official_prev_sota.csv,73,libero_goal,libero_goal_prev_sota,98.6,97.9,0.7,percent,489.5,493,490,493,-0.5,0,python_round_nearest_even_matches_significance_cutoffs,3,10,50,1,0.05,1.644853627,3,7,0.6,1.4,indeterminate,Per-suite binary success rate over 10 tasks x 50 official trials.
LIBERO,goal,Interactive Post-Training for Vision-Language-Action Models,leaderboards/stat_significance_sam_export_20260522T233929/sam_libero_official_prev_sota.csv,79,libero_goal,libero_goal_prev_sota,99,97.9,1.1,percent,489.5,495,490,495,-0.5,0,python_round_nearest_even_matches_significance_cutoffs,5,10,50,1,0.05,1.644853627,3,7,0.6,1.4,indeterminate,Per-suite binary success rate over 10 tasks x 50 official trials.
LIBERO,goal,LatBot: Distilling Universal Latent Actions for Vision-Language-Action Models,leaderboards/stat_significance_sam_export_20260522T233929/sam_libero_official_prev_sota.csv,83,libero_goal,libero_goal_prev_sota,98.6,98,0.6,percent,490,493,490,493,0,0,python_round_nearest_even_matches_significance_cutoffs,3,10,50,1,0.05,1.644853627,3,7,0.6,1.4,indeterminate,Per-suite binary success rate over 10 tasks x 50 official trials.
LIBERO,goal,MemoryVLA: Perceptual-Cognitive Memory in Vision-Language-Action Models for Robotic Manipulation,leaderboards/stat_significance_sam_export_20260522T233929/sam_libero_official_prev_sota.csv,93,libero_goal,libero_goal_prev_sota,96.4,95.8,0.6,percent,479,482,479,482,0,5.684341886e-14,python_round_nearest_even_matches_significance_cutoffs,3,10,50,1,0.05,1.644853627,3,10,0.6,2,indeterminate,Per-suite binary success rate over 10 tasks x 50 official trials.
LIBERO,goal,Reinforcement Fine-Tuning of Flow-Matching Policies for Vision-Language-Action Models,leaderboards/stat_significance_sam_export_20260522T233929/sam_libero_official_prev_sota.csv,101,libero_goal,libero_goal_prev_sota,89.4,88.6,0.8,percent,443,447,443,447,-5.684341886e-14,0,python_round_nearest_even_matches_significance_cutoffs,4,10,50,1,0.05,1.644853627,3,17,0.6,3.4,indeterminate,Per-suite binary success rate over 10 tasks x 50 official trials.
LIBERO,goal,Spatial Forcing: Implicit Spatial Representation Alignment for Vision-language-action Model,leaderboards/stat_significance_sam_export_20260522T233929/sam_libero_official_prev_sota.csv,116,libero_goal,libero_goal_prev_sota,98.8,98.2,0.6,percent,491,494,491,494,0,0,python_round_nearest_even_matches_significance_cutoffs,3,10,50,1,0.05,1.644853627,3,6,0.6,1.2,indeterminate,Per-suite binary success rate over 10 tasks x 50 official trials.
LIBERO,goal,"Think Twice, Act Once: Token-Aware Compression and Action Reuse for Efficient Inference in Vision-Language-Action Models",leaderboards/stat_significance_sam_export_20260522T233929/sam_libero_official_prev_sota.csv,124,libero_goal,libero_goal_prev_sota,78.8,75.4,3.4,percent,377,394,377,394,0,-5.684341886e-14,python_round_nearest_even_matches_significance_cutoffs,17,10,50,1,0.05,1.644853627,3,25,0.6,5,indeterminate,Per-suite binary success rate over 10 tasks x 50 official trials.
LIBERO,goal,VLA-Cache: Efficient Vision-Language-Action Manipulation via Adaptive Token Caching,leaderboards/stat_significance_sam_export_20260522T233929/sam_libero_official_prev_sota.csv,134,libero_goal,libero_goal_prev_sota,98.3,97.6,0.7,percent,488,491.5,488,492,0,-0.5,python_round_nearest_even_matches_significance_cutoffs,4,10,50,1,0.05,1.644853627,3,7,0.6,1.4,indeterminate,Per-suite binary success rate over 10 tasks x 50 official trials.
LIBERO,goal,VLA-RFT: Vision-Language-Action Reinforcement Fine-tuning with Verified Rewards in World Simulators,leaderboards/stat_significance_sam_export_20260522T233929/sam_libero_official_prev_sota.csv,136,libero_goal,libero_goal_prev_sota,95.4,93.8,1.6,percent,469,477,469,477,0,5.684341886e-14,python_round_nearest_even_matches_significance_cutoffs,8,10,50,1,0.05,1.644853627,3,12,0.6,2.4,indeterminate,Per-suite binary success rate over 10 tasks x 50 official trials.
LIBERO,goal,"Act, Think or Abstain: Complexity-Aware Adaptive Inference for Vision-Language-Action Models",leaderboards/stat_significance_sam_export_20260522T233929/sam_libero_official_prev_sota.csv,147,libero_goal,libero_goal_prev_sota,86.67,83.33,3.34,percent,416.65,433.35,417,433,-0.35,0.35,python_round_nearest_even_matches_significance_cutoffs,16,10,50,1,0.05,1.644853627,3,21,0.6,4.2,indeterminate,Per-suite binary success rate over 10 tasks x 50 official trials.
LIBERO,goal,Action Draft and Verify: A Self-Verifying Framework for Vision-Language-Action Model,leaderboards/stat_significance_sam_export_20260522T233929/sam_libero_official_prev_sota.csv,148,libero_goal,libero_goal_prev_sota,98.2,96.6,1.6,percent,483,491,483,491,0,0,python_round_nearest_even_matches_significance_cutoffs,8,10,50,1,0.05,1.644853627,3,9,0.6,1.8,indeterminate,Per-suite binary success rate over 10 tasks x 50 official trials.
LIBERO,goal,ActionCodec: What Makes for Good Action Tokenizers,leaderboards/stat_significance_sam_export_20260522T233929/sam_libero_official_prev_sota.csv,149,libero_goal,libero_goal_prev_sota,97.6,96.2,1.4,percent,481,488,481,488,5.684341886e-14,0,python_round_nearest_even_matches_significance_cutoffs,7,10,50,1,0.05,1.644853627,3,9,0.6,1.8,indeterminate,Per-suite binary success rate over 10 tasks x 50 official trials.
LIBERO,goal,ATA: Bridging Implicit Reasoning with Attention-Guided and Action-Guided Inference for Vision-Language Action Models,leaderboards/stat_significance_sam_export_20260522T233929/sam_libero_official_prev_sota.csv,154,libero_goal,libero_goal_prev_sota,90.8,89,1.8,percent,445,454,445,454,0,-5.684341886e-14,python_round_nearest_even_matches_significance_cutoffs,9,10,50,1,0.05,1.644853627,3,17,0.6,3.4,indeterminate,Per-suite binary success rate over 10 tasks x 50 official trials.
LIBERO,goal,AtomVLA: Scalable Post-Training for Robotic Manipulation via Predictive Latent World Models,leaderboards/stat_significance_sam_export_20260522T233929/sam_libero_official_prev_sota.csv,156,libero_goal,libero_goal_prev_sota,97.6,95.8,1.8,percent,479,488,479,488,0,0,python_round_nearest_even_matches_significance_cutoffs,9,10,50,1,0.05,1.644853627,3,10,0.6,2,indeterminate,Per-suite binary success rate over 10 tasks x 50 official trials.
LIBERO,goal,Beyond Dense Futures: World Models as Structured Planners for Robotic Manipulation,leaderboards/stat_significance_sam_export_20260522T233929/sam_libero_official_prev_sota.csv,159,libero_goal,libero_goal_prev_sota,93.4,91.6,1.8,percent,458,467,458,467,-5.684341886e-14,0,python_round_nearest_even_matches_significance_cutoffs,9,10,50,1,0.05,1.644853627,3,14,0.6,2.8,indeterminate,Per-suite binary success rate over 10 tasks x 50 official trials.
LIBERO,goal,DiT4DiT: Jointly Modeling Video Dynamics and Actions for Generalizable Robot Control,leaderboards/stat_significance_sam_export_20260522T233929/sam_libero_official_prev_sota.csv,176,libero_goal,libero_goal_prev_sota,98.6,98,0.6,percent,490,493,490,493,0,0,python_round_nearest_even_matches_significance_cutoffs,3,10,50,1,0.05,1.644853627,3,7,0.6,1.4,indeterminate,Per-suite binary success rate over 10 tasks x 50 official trials.
LIBERO,goal,Fast-ThinkAct: Efficient Vision-Language-Action Reasoning via Verbalizable Latent Planning,leaderboards/stat_significance_sam_export_20260522T233929/sam_libero_official_prev_sota.csv,183,libero_goal,libero_goal_prev_sota,90.2,87.6,2.6,percent,438,451,438,451,-5.684341886e-14,0,python_round_nearest_even_matches_significance_cutoffs,13,10,50,1,0.05,1.644853627,3,18,0.6,3.6,indeterminate,Per-suite binary success rate over 10 tasks x 50 official trials.
LIBERO,goal,GST-VLA: Structured Gaussian Spatial Tokens for 3D Depth-Aware Vision-Language-Action Models,leaderboards/stat_significance_sam_export_20260522T233929/sam_libero_official_prev_sota.csv,191,libero_goal,libero_goal_prev_sota,97.1,95.1,2,percent,475.5,485.5,476,486,-0.5,-0.5,python_round_nearest_even_matches_significance_cutoffs,10,10,50,1,0.05,1.644853627,3,11,0.6,2.2,indeterminate,Per-suite binary success rate over 10 tasks x 50 official trials.
LIBERO,goal,HeiSD: Hybrid Speculative Decoding for Embodied Vision-Language-Action Models with Kinematic Awareness,leaderboards/stat_significance_sam_export_20260522T233929/sam_libero_official_prev_sota.csv,192,libero_goal,libero_goal_prev_sota,73,71,2,percent,355,365,355,365,0,0,python_round_nearest_even_matches_significance_cutoffs,10,10,50,1,0.05,1.644853627,3,27,0.6,5.4,indeterminate,Per-suite binary success rate over 10 tasks x 50 official trials.
LIBERO,goal,Joint-Aligned Latent Action: Towards Scalable VLA Pretraining in the Wild,leaderboards/stat_significance_sam_export_20260522T233929/sam_libero_official_prev_sota.csv,197,libero_goal,libero_goal_prev_sota,97.4,95.8,1.6,percent,479,487,479,487,0,5.684341886e-14,python_round_nearest_even_matches_significance_cutoffs,8,10,50,1,0.05,1.644853627,3,10,0.6,2,indeterminate,Per-suite binary success rate over 10 tasks x 50 official trials.
LIBERO,goal,Pri4R: Learning World Dynamics for Vision-Language-Action Models with Privileged 4D Representation,leaderboards/stat_significance_sam_export_20260522T233929/sam_libero_official_prev_sota.csv,224,libero_goal,libero_goal_prev_sota,98.1,96.4,1.7,percent,482,490.5,482,490,5.684341886e-14,0.5,python_round_nearest_even_matches_significance_cutoffs,8,10,50,1,0.05,1.644853627,3,9,0.6,1.8,indeterminate,Per-suite binary success rate over 10 tasks x 50 official trials.
LIBERO,goal,Privileged Foresight Distillation: Zero-Cost Future Correction for World Action Models,leaderboards/stat_significance_sam_export_20260522T233929/sam_libero_official_prev_sota.csv,225,libero_goal,libero_goal_prev_sota,99.2,98,1.2,percent,490,496,490,496,0,0,python_round_nearest_even_matches_significance_cutoffs,6,10,50,1,0.05,1.644853627,3,7,0.6,1.4,indeterminate,Per-suite binary success rate over 10 tasks x 50 official trials.
LIBERO,goal,ProgressVLA: Progress-Guided Diffusion Policy for Vision-Language Robotic Manipulation,leaderboards/stat_significance_sam_export_20260522T233929/sam_libero_official_prev_sota.csv,226,libero_goal,libero_goal_prev_sota,87.2,85.4,1.8,percent,427,436,427,436,5.684341886e-14,0,python_round_nearest_even_matches_significance_cutoffs,9,10,50,1,0.05,1.644853627,3,19,0.6,3.8,indeterminate,Per-suite binary success rate over 10 tasks x 50 official trials.
LIBERO,goal,ReViP: Mitigating False Completion in Vision-Language-Action Models with Vision-Proprioception Rebalance,leaderboards/stat_significance_sam_export_20260522T233929/sam_libero_official_prev_sota.csv,235,libero_goal,libero_goal_prev_sota,96.6,95.8,0.8,percent,479,483,479,483,0,0,python_round_nearest_even_matches_significance_cutoffs,4,10,50,1,0.05,1.644853627,3,10,0.6,2,indeterminate,Per-suite binary success rate over 10 tasks x 50 official trials.
LIBERO,goal,SimVLA: A Simple VLA Baseline for Robotic Manipulation,leaderboards/stat_significance_sam_export_20260522T233929/sam_libero_official_prev_sota.csv,247,libero_goal,libero_goal_prev_sota,98.6,98,0.6,percent,490,493,490,493,0,0,python_round_nearest_even_matches_significance_cutoffs,3,10,50,1,0.05,1.644853627,3,7,0.6,1.4,indeterminate,Per-suite binary success rate over 10 tasks x 50 official trials.
LIBERO,goal,SmoothVLA: Aligning Vision-Language-Action Models with Physical Constraints via Intrinsic Smoothness Optimization,leaderboards/stat_significance_sam_export_20260522T233929/sam_libero_official_prev_sota.csv,248,libero_goal,libero_goal_prev_sota,84,82.9,1.1,percent,414.5,420,415,420,-0.5,0,python_round_nearest_even_matches_significance_cutoffs,5,10,50,1,0.05,1.644853627,3,21,0.6,4.2,indeterminate,Per-suite binary success rate over 10 tasks x 50 official trials.
LIBERO,goal,Speedup Patch: Learning a Plug-and-Play Policy to Accelerate Embodied Manipulation,leaderboards/stat_significance_sam_export_20260522T233929/sam_libero_official_prev_sota.csv,250,libero_goal,libero_goal_prev_sota,98.6,98,0.6,percent,490,493,490,493,0,0,python_round_nearest_even_matches_significance_cutoffs,3,10,50,1,0.05,1.644853627,3,7,0.6,1.4,indeterminate,Per-suite binary success rate over 10 tasks x 50 official trials.
LIBERO,goal,StreamVLA: Breaking the Reason-Act Cycle via Completion-State Gating,leaderboards/stat_significance_sam_export_20260522T233929/sam_libero_official_prev_sota.csv,256,libero_goal,libero_goal_prev_sota,98.6,98,0.6,percent,490,493,490,493,0,0,python_round_nearest_even_matches_significance_cutoffs,3,10,50,1,0.05,1.644853627,3,7,0.6,1.4,indeterminate,Per-suite binary success rate over 10 tasks x 50 official trials.
LIBERO,goal,Test-Time Perturbation Learning with Delayed Feedback for Vision-Language-Action Models,leaderboards/stat_significance_sam_export_20260522T233929/sam_libero_official_prev_sota.csv,259,libero_goal,libero_goal_prev_sota,86,85,1,percent,425,430,425,430,0,0,python_round_nearest_even_matches_significance_cutoffs,5,10,50,1,0.05,1.644853627,3,19,0.6,3.8,indeterminate,Per-suite binary success rate over 10 tasks x 50 official trials.
LIBERO,goal,Thinking in Text and Images: Interleaved Vision--Language Reasoning Traces for Long-Horizon Robot Manipulation,leaderboards/stat_significance_sam_export_20260522T233929/sam_libero_official_prev_sota.csv,261,libero_goal,libero_goal_prev_sota,97,96.2,0.8,percent,481,485,481,485,5.684341886e-14,0,python_round_nearest_even_matches_significance_cutoffs,4,10,50,1,0.05,1.644853627,3,9,0.6,1.8,indeterminate,Per-suite binary success rate over 10 tasks x 50 official trials.
LIBERO,goal,Towards Practical World Model-based Reinforcement Learning for Vision-Language-Action Models,leaderboards/stat_significance_sam_export_20260522T233929/sam_libero_official_prev_sota.csv,263,libero_goal,libero_goal_prev_sota,92.8,90.8,2,percent,454,464,454,464,-5.684341886e-14,-5.684341886e-14,python_round_nearest_even_matches_significance_cutoffs,10,10,50,1,0.05,1.644853627,3,15,0.6,3,indeterminate,Per-suite binary success rate over 10 tasks x 50 official trials.
LIBERO,goal,VLA-InfoEntropy: A Training-Free Vision-Attention Information Entropy Approach for Vision-Language-Action Models Inference Acceleration and Success,leaderboards/stat_significance_sam_export_20260522T233929/sam_libero_official_prev_sota.csv,274,libero_goal,libero_goal_prev_sota,79.4,76.4,3,percent,382,397,382,397,0,0,python_round_nearest_even_matches_significance_cutoffs,15,10,50,1,0.05,1.644853627,3,25,0.6,5,indeterminate,Per-suite binary success rate over 10 tasks x 50 official trials.
LIBERO,goal,World-Value-Action Model: Implicit Planning for Vision-Language-Action Systems,leaderboards/stat_significance_sam_export_20260522T233929/sam_libero_official_prev_sota.csv,280,libero_goal,libero_goal_prev_sota,98.6,98,0.6,percent,490,493,490,493,0,0,python_round_nearest_even_matches_significance_cutoffs,3,10,50,1,0.05,1.644853627,3,7,0.6,1.4,indeterminate,Per-suite binary success rate over 10 tasks x 50 official trials.
LIBERO,goal,One Token Per Frame: Reconsidering Visual Bandwidth in World Models for VLA Policy,leaderboards/stat_significance_sam_export_20260522T233929/sam_libero_official_prev_sota.csv,285,libero_goal,libero_goal_prev_sota,99,98,1,percent,490,495,490,495,0,0,python_round_nearest_even_matches_significance_cutoffs,5,10,50,1,0.05,1.644853627,3,7,0.6,1.4,indeterminate,Per-suite binary success rate over 10 tasks x 50 official trials.
LIBERO,goal,HBVLA: Pushing 1-Bit Post-Training Quantization for Vision-Language-Action Models,leaderboards/stat_significance_sam_export_20260522T233929/sam_libero_official_prev_sota.csv,293,libero_goal,libero_goal_prev_sota,91.3,89.6,1.7,percent,448,456.5,448,456,-5.684341886e-14,0.5,python_round_nearest_even_matches_significance_cutoffs,8,10,50,1,0.05,1.644853627,3,16,0.6,3.2,indeterminate,Per-suite binary success rate over 10 tasks x 50 official trials.
LIBERO,goal,IVRA: Improving Visual-Token Relations for Robot Action Policy with Training-Free Hint-Based Guidance,leaderboards/stat_significance_sam_export_20260522T233929/sam_libero_official_prev_sota.csv,294,libero_goal,libero_goal_prev_sota,97.6,96.9,0.7,percent,484.5,488,485,488,-0.5,0,python_round_nearest_even_matches_significance_cutoffs,3,10,50,1,0.05,1.644853627,3,8,0.6,1.6,indeterminate,Per-suite binary success rate over 10 tasks x 50 official trials.
LIBERO,goal,Expertise Need Not Monopolize: Action-Specialized Mixture of Experts for Vision-Language-Action Learning,leaderboards/stat_significance_sam_export_20260522T233929/sam_libero_official_prev_sota.csv,299,libero_goal,libero_goal_prev_sota,97.2,95.8,1.4,percent,479,486,479,486,0,0,python_round_nearest_even_matches_significance_cutoffs,7,10,50,1,0.05,1.644853627,3,10,0.6,2,indeterminate,Per-suite binary success rate over 10 tasks x 50 official trials.
LIBERO,goal,VGGT-$\Omega$,leaderboards/stat_significance_sam_export_20260522T233929/sam_libero_official_prev_sota.csv,301,libero_goal,libero_goal_prev_sota,99,97.9,1.1,percent,489.5,495,490,495,-0.5,0,python_round_nearest_even_matches_significance_cutoffs,5,10,50,1,0.05,1.644853627,3,7,0.6,1.4,indeterminate,Per-suite binary success rate over 10 tasks x 50 official trials.
LIBERO,goal,DreamAvoid: Critical-Phase Test-Time Dreaming to Avoid Failures in VLA Policies,leaderboards/stat_significance_sam_export_20260522T233929/sam_libero_official_prev_sota.csv,307,libero_goal,libero_goal_prev_sota,99,98,1,percent,490,495,490,495,0,0,python_round_nearest_even_matches_significance_cutoffs,5,10,50,1,0.05,1.644853627,3,7,0.6,1.4,indeterminate,Per-suite binary success rate over 10 tasks x 50 official trials.
LIBERO,goal,See What Matters: Differentiable Grid Sample Pruning for Generalizable Vision-Language-Action Model,leaderboards/stat_significance_sam_export_20260522T233929/sam_libero_official_prev_sota.csv,310,libero_goal,libero_goal_prev_sota,98.4,97.6,0.8,percent,488,492,488,492,0,5.684341886e-14,python_round_nearest_even_matches_significance_cutoffs,4,10,50,1,0.05,1.644853627,3,7,0.6,1.4,indeterminate,Per-suite binary success rate over 10 tasks x 50 official trials.
LIBERO,goal,ALAM: Algebraically Consistent Latent Action Model for Vision-Language-Action Models,leaderboards/stat_significance_sam_export_20260522T233929/sam_libero_official_prev_sota.csv,314,libero_goal,libero_goal_prev_sota,99,98,1,percent,490,495,490,495,0,0,python_round_nearest_even_matches_significance_cutoffs,5,10,50,1,0.05,1.644853627,3,7,0.6,1.4,indeterminate,Per-suite binary success rate over 10 tasks x 50 official trials.
LIBERO,goal,ElasticFlow: One-Step Physics-Consistent Policy with Elastic Time Horizons for Language-Guided Manipulation,leaderboards/stat_significance_sam_export_20260522T233929/sam_libero_official_prev_sota.csv,319,libero_goal,libero_goal_prev_sota,98.7,97.9,0.8,percent,489.5,493.5,490,494,-0.5,-0.5,python_round_nearest_even_matches_significance_cutoffs,4,10,50,1,0.05,1.644853627,3,7,0.6,1.4,indeterminate,Per-suite binary success rate over 10 tasks x 50 official trials.
LIBERO,long10,GRAPE: Generalizing Robot Policy via Preference Alignment,leaderboards/stat_significance_sam_export_20260522T233929/sam_libero_official_prev_sota.csv,9,libero_long10,libero_long10_prev_sota,57.2,52.6,4.6,percent,263,286,263,286,0,5.684341886e-14,python_round_nearest_even_matches_significance_cutoffs,23,10,50,1,0.05,1.644853627,3,35,0.6,7,indeterminate,Per-suite binary success rate over 10 tasks x 50 official trials.
LIBERO,long10,MaIL: Improving Imitation Learning with Mamba,leaderboards/stat_significance_sam_export_20260522T233929/sam_libero_official_prev_sota.csv,10,libero_long10,libero_long10_prev_sota,41.7,37.3,4.4,percent,186.5,208.5,186,209,0.5,-0.5,python_round_nearest_even_matches_significance_cutoffs,23,10,50,1,0.05,1.644853627,3,34,0.6,6.8,indeterminate,Per-suite binary success rate over 10 tasks x 50 official trials.
LIBERO,long10,OpenVLA: An Open-Source Vision-Language-Action Model,leaderboards/stat_significance_sam_export_20260522T233929/sam_libero_official_prev_sota.csv,12,libero_long10,libero_long10_prev_sota,53.7,51.1,2.6,percent,255.5,268.5,256,268,-0.5,0.5,python_round_nearest_even_matches_significance_cutoffs,12,10,50,1,0.05,1.644853627,3,36,0.6,7.2,indeterminate,Per-suite binary success rate over 10 tasks x 50 official trials.
LIBERO,long10,ActDistill: General Action-Guided Self-Derived Distillation for Efficient Vision-Language-Action Models,leaderboards/stat_significance_sam_export_20260522T233929/sam_libero_official_prev_sota.csv,21,libero_long10,libero_long10_prev_sota,55.8,53.2,2.6,percent,266,279,266,279,0,-5.684341886e-14,python_round_nearest_even_matches_significance_cutoffs,13,10,50,1,0.05,1.644853627,3,35,0.6,7,indeterminate,Per-suite binary success rate over 10 tasks x 50 official trials.
LIBERO,long10,AsyncVLA: Asynchronous Flow Matching for Vision-Language-Action Models,leaderboards/stat_significance_sam_export_20260522T233929/sam_libero_official_prev_sota.csv,24,libero_long10,libero_long10_prev_sota,93.4,92.4,1,percent,462,467,462,467,0,0,python_round_nearest_even_matches_significance_cutoffs,5,10,50,1,0.05,1.644853627,3,14,0.6,2.8,indeterminate,Per-suite binary success rate over 10 tasks x 50 official trials.
LIBERO,long10,Audio-VLA: Adding Contact Audio Perception to Vision-Language-Action Model for Robotic Manipulation,leaderboards/stat_significance_sam_export_20260522T233929/sam_libero_official_prev_sota.csv,26,libero_long10,libero_long10_prev_sota,95.4,94.5,0.9,percent,472.5,477,472,477,0.5,5.684341886e-14,python_round_nearest_even_matches_significance_cutoffs,5,10,50,1,0.05,1.644853627,3,12,0.6,2.4,indeterminate,Per-suite binary success rate over 10 tasks x 50 official trials.
LIBERO,long10,Balancing Signal and Variance: Adaptive Offline RL Post-Training for VLA Flow Models,leaderboards/stat_significance_sam_export_20260522T233929/sam_libero_official_prev_sota.csv,28,libero_long10,libero_long10_prev_sota,82.6,81.4,1.2,percent,407,413,407,413,0,0,python_round_nearest_even_matches_significance_cutoffs,6,10,50,1,0.05,1.644853627,3,22,0.6,4.4,indeterminate,Per-suite binary success rate over 10 tasks x 50 official trials.
LIBERO,long10,Bridging Scale Discrepancies in Robotic Control via Language-Based Action Representations,leaderboards/stat_significance_sam_export_20260522T233929/sam_libero_official_prev_sota.csv,31,libero_long10,libero_long10_prev_sota,55.4,53.7,1.7,percent,268.5,277,268,277,0.5,-5.684341886e-14,python_round_nearest_even_matches_significance_cutoffs,9,10,50,1,0.05,1.644853627,3,35,0.6,7,indeterminate,Per-suite binary success rate over 10 tasks x 50 official trials.
LIBERO,long10,CoA-VLA: Improving Vision-Language-Action Models via Visual-Textual Chain-of-Affordance,leaderboards/stat_significance_sam_export_20260522T233929/sam_libero_official_prev_sota.csv,33,libero_long10,libero_long10_prev_sota,55,53.7,1.3,percent,268.5,275,268,275,0.5,0,python_round_nearest_even_matches_significance_cutoffs,7,10,50,1,0.05,1.644853627,3,35,0.6,7,indeterminate,Per-suite binary success rate over 10 tasks x 50 official trials.
LIBERO,long10,CogVLA: Cognition-Aligned Vision-Language-Action Model via Instruction-Driven Routing &amp; Sparsification,leaderboards/stat_significance_sam_export_20260522T233929/sam_libero_official_prev_sota.csv,34,libero_long10,libero_long10_prev_sota,95.4,94.5,0.9,percent,472.5,477,472,477,0.5,5.684341886e-14,python_round_nearest_even_matches_significance_cutoffs,5,10,50,1,0.05,1.644853627,3,12,0.6,2.4,indeterminate,Per-suite binary success rate over 10 tasks x 50 official trials.
LIBERO,long10,Dejavu: Towards Experience Feedback Learning for Embodied Intelligence,leaderboards/stat_significance_sam_export_20260522T233929/sam_libero_official_prev_sota.csv,44,libero_long10,libero_long10_prev_sota,94.6,92,2.6,percent,460,473,460,473,0,0,python_round_nearest_even_matches_significance_cutoffs,13,10,50,1,0.05,1.644853627,3,14,0.6,2.8,indeterminate,Per-suite binary success rate over 10 tasks x 50 official trials.
LIBERO,long10,DiG-Flow: Discrepancy-Guided Flow Matching for Robust VLA Models,leaderboards/stat_significance_sam_export_20260522T233929/sam_libero_official_prev_sota.csv,46,libero_long10,libero_long10_prev_sota,96.4,94.5,1.9,percent,472.5,482,472,482,0.5,5.684341886e-14,python_round_nearest_even_matches_significance_cutoffs,10,10,50,1,0.05,1.644853627,3,12,0.6,2.4,indeterminate,Per-suite binary success rate over 10 tasks x 50 official trials.
LIBERO,long10,Dream-VL & Dream-VLA: Open Vision-Language and Vision-Language-Action Models with Diffusion Language Model Backbone,leaderboards/stat_significance_sam_export_20260522T233929/sam_libero_official_prev_sota.csv,51,libero_long10,libero_long10_prev_sota,95,94.5,0.5,percent,472.5,475,472,475,0.5,0,python_round_nearest_even_matches_significance_cutoffs,3,10,50,1,0.05,1.644853627,3,12,0.6,2.4,indeterminate,Per-suite binary success rate over 10 tasks x 50 official trials.
LIBERO,long10,E0: Enhancing Generalization and Fine-Grained Control in VLA Models via Tweedie Discrete Diffusion,leaderboards/stat_significance_sam_export_20260522T233929/sam_libero_official_prev_sota.csv,53,libero_long10,libero_long10_prev_sota,92.2,89.6,2.6,percent,448,461,448,461,-5.684341886e-14,0,python_round_nearest_even_matches_significance_cutoffs,13,10,50,1,0.05,1.644853627,3,16,0.6,3.2,indeterminate,Per-suite binary success rate over 10 tasks x 50 official trials.
LIBERO,long10,EnerVerse: Envisioning Embodied Future Space for Robotics Manipulation,leaderboards/stat_significance_sam_export_20260522T233929/sam_libero_official_prev_sota.csv,56,libero_long10,libero_long10_prev_sota,80,78.6,1.4,percent,393,400,393,400,-5.684341886e-14,0,python_round_nearest_even_matches_significance_cutoffs,7,10,50,1,0.05,1.644853627,3,23,0.6,4.6,indeterminate,Per-suite binary success rate over 10 tasks x 50 official trials.
LIBERO,long10,Evo-1: Lightweight Vision-Language-Action Model with Preserved Semantic Alignment,leaderboards/stat_significance_sam_export_20260522T233929/sam_libero_official_prev_sota.csv,57,libero_long10,libero_long10_prev_sota,92.3,90.6,1.7,percent,453,461.5,453,461,-5.684341886e-14,0.5,python_round_nearest_even_matches_significance_cutoffs,8,10,50,1,0.05,1.644853627,3,15,0.6,3,indeterminate,Per-suite binary success rate over 10 tasks x 50 official trials.
LIBERO,long10,EVOLVE-VLA: Test-Time Training from Environment Feedback for Vision-Language-Action Models,leaderboards/stat_significance_sam_export_20260522T233929/sam_libero_official_prev_sota.csv,58,libero_long10,libero_long10_prev_sota,94.4,92,2.4,percent,460,472,460,472,0,5.684341886e-14,python_round_nearest_even_matches_significance_cutoffs,12,10,50,1,0.05,1.644853627,3,14,0.6,2.8,indeterminate,Per-suite binary success rate over 10 tasks x 50 official trials.
LIBERO,long10,FASTer: Toward Efficient Autoregressive Vision Language Action Modeling via Neural Action Tokenization,leaderboards/stat_significance_sam_export_20260522T233929/sam_libero_official_prev_sota.csv,62,libero_long10,libero_long10_prev_sota,95.4,94.5,0.9,percent,472.5,477,472,477,0.5,5.684341886e-14,python_round_nearest_even_matches_significance_cutoffs,5,10,50,1,0.05,1.644853627,3,12,0.6,2.4,indeterminate,Per-suite binary success rate over 10 tasks x 50 official trials.
LIBERO,long10,FLOWER: Democratizing Generalist Robot Policies with Efficient Vision-Language-Action Flow Policies,leaderboards/stat_significance_sam_export_20260522T233929/sam_libero_official_prev_sota.csv,64,libero_long10,libero_long10_prev_sota,94.9,94.5,0.4,percent,472.5,474.5,472,475,0.5,-0.5,python_round_nearest_even_matches_significance_cutoffs,3,10,50,1,0.05,1.644853627,3,12,0.6,2.4,indeterminate,Per-suite binary success rate over 10 tasks x 50 official trials.
LIBERO,long10,Focusing on What Matters: Object-Agent-centric Tokenization for Vision Language Action models,leaderboards/stat_significance_sam_export_20260522T233929/sam_libero_official_prev_sota.csv,65,libero_long10,libero_long10_prev_sota,55.9,53.7,2.2,percent,268.5,279.5,268,279,0.5,0.5,python_round_nearest_even_matches_significance_cutoffs,11,10,50,1,0.05,1.644853627,3,35,0.6,7,indeterminate,Per-suite binary success rate over 10 tasks x 50 official trials.
LIBERO,long10,GeoPredict: Leveraging Predictive Kinematics and 3D Gaussian Geometry for Precise VLA Manipulation,leaderboards/stat_significance_sam_export_20260522T233929/sam_libero_official_prev_sota.csv,69,libero_long10,libero_long10_prev_sota,94,93.2,0.8,percent,466,470,466,470,0,0,python_round_nearest_even_matches_significance_cutoffs,4,10,50,1,0.05,1.644853627,3,13,0.6,2.6,indeterminate,Per-suite binary success rate over 10 tasks x 50 official trials.
LIBERO,long10,Goal-oriented Backdoor Attack against Vision-Language-Action Models via Physical Objects,leaderboards/stat_significance_sam_export_20260522T233929/sam_libero_official_prev_sota.csv,70,libero_long10,libero_long10_prev_sota,87.3,85.2,2.1,percent,426,436.5,426,436,0,0.5,python_round_nearest_even_matches_significance_cutoffs,10,10,50,1,0.05,1.644853627,3,19,0.6,3.8,indeterminate,Per-suite binary success rate over 10 tasks x 50 official trials.
LIBERO,long10,H-GAR: A Hierarchical Interaction Framework via Goal-Driven Observation-Action Refinement for Robotic Manipulation,leaderboards/stat_significance_sam_export_20260522T233929/sam_libero_official_prev_sota.csv,71,libero_long10,libero_long10_prev_sota,94,92,2,percent,460,470,460,470,0,0,python_round_nearest_even_matches_significance_cutoffs,10,10,50,1,0.05,1.644853627,3,14,0.6,2.8,indeterminate,Per-suite binary success rate over 10 tasks x 50 official trials.
LIBERO,long10,"HiF-VLA: Hindsight, Insight and Foresight through Motion Representation for Vision-Language-Action Models",leaderboards/stat_significance_sam_export_20260522T233929/sam_libero_official_prev_sota.csv,72,libero_long10,libero_long10_prev_sota,96.4,94.5,1.9,percent,472.5,482,472,482,0.5,5.684341886e-14,python_round_nearest_even_matches_significance_cutoffs,10,10,50,1,0.05,1.644853627,3,12,0.6,2.4,indeterminate,Per-suite binary success rate over 10 tasks x 50 official trials.
LIBERO,long10,Interactive Post-Training for Vision-Language-Action Models,leaderboards/stat_significance_sam_export_20260522T233929/sam_libero_official_prev_sota.csv,79,libero_long10,libero_long10_prev_sota,93.8,92.9,0.9,percent,464.5,469,464,469,0.5,0,python_round_nearest_even_matches_significance_cutoffs,5,10,50,1,0.05,1.644853627,3,13,0.6,2.6,indeterminate,Per-suite binary success rate over 10 tasks x 50 official trials.
LIBERO,long10,InternVLA-M1: A Spatially Guided Vision-Language-Action Framework for Generalist Robot Policy,leaderboards/stat_significance_sam_export_20260522T233929/sam_libero_official_prev_sota.csv,80,libero_long10,libero_long10_prev_sota,92.6,90.6,2,percent,453,463,453,463,-5.684341886e-14,-5.684341886e-14,python_round_nearest_even_matches_significance_cutoffs,10,10,50,1,0.05,1.644853627,3,15,0.6,3,indeterminate,Per-suite binary success rate over 10 tasks x 50 official trials.
LIBERO,long10,LatBot: Distilling Universal Latent Actions for Vision-Language-Action Models,leaderboards/stat_significance_sam_export_20260522T233929/sam_libero_official_prev_sota.csv,83,libero_long10,libero_long10_prev_sota,95.4,93.4,2,percent,467,477,467,477,0,5.684341886e-14,python_round_nearest_even_matches_significance_cutoffs,10,10,50,1,0.05,1.644853627,3,13,0.6,2.6,indeterminate,Per-suite binary success rate over 10 tasks x 50 official trials.
LIBERO,long10,Latent Action Pretraining Through World Modeling,leaderboards/stat_significance_sam_export_20260522T233929/sam_libero_official_prev_sota.csv,84,libero_long10,libero_long10_prev_sota,94,92.4,1.6,percent,462,470,462,470,0,0,python_round_nearest_even_matches_significance_cutoffs,8,10,50,1,0.05,1.644853627,3,14,0.6,2.8,indeterminate,Per-suite binary success rate over 10 tasks x 50 official trials.
LIBERO,long10,LoLA: Long Horizon Latent Action Learning for General Robot Manipulation,leaderboards/stat_significance_sam_export_20260522T233929/sam_libero_official_prev_sota.csv,88,libero_long10,libero_long10_prev_sota,88.2,85.4,2.8,percent,427,441,427,441,5.684341886e-14,0,python_round_nearest_even_matches_significance_cutoffs,14,10,50,1,0.05,1.644853627,3,19,0.6,3.8,indeterminate,Per-suite binary success rate over 10 tasks x 50 official trials.
LIBERO,long10,MAPS: Preserving Vision-Language Representations via Module-Wise Proximity Scheduling for Better Vision-Language-Action Generalization,leaderboards/stat_significance_sam_export_20260522T233929/sam_libero_official_prev_sota.csv,91,libero_long10,libero_long10_prev_sota,8,7,1,percent,35,40,35,40,0,0,python_round_nearest_even_matches_significance_cutoffs,5,10,50,1,0.05,1.644853627,3,16,0.6,3.2,indeterminate,Per-suite binary success rate over 10 tasks x 50 official trials.
LIBERO,long10,Mixture of Horizons in Action Chunking,leaderboards/stat_significance_sam_export_20260522T233929/sam_libero_official_prev_sota.csv,96,libero_long10,libero_long10_prev_sota,98.4,97.6,0.8,percent,488,492,488,492,0,5.684341886e-14,python_round_nearest_even_matches_significance_cutoffs,4,10,50,1,0.05,1.644853627,3,7,0.6,1.4,indeterminate,Per-suite binary success rate over 10 tasks x 50 official trials.
LIBERO,long10,Reflection-Based Task Adaptation for Self-Improving VLA,leaderboards/stat_significance_sam_export_20260522T233929/sam_libero_official_prev_sota.csv,100,libero_long10,libero_long10_prev_sota,63.6,60.2,3.4,percent,301,318,301,318,0,0,python_round_nearest_even_matches_significance_cutoffs,17,10,50,1,0.05,1.644853627,3,32,0.6,6.4,indeterminate,Per-suite binary success rate over 10 tasks x 50 official trials.
LIBERO,long10,Reinforcement Fine-Tuning of Flow-Matching Policies for Vision-Language-Action Models,leaderboards/stat_significance_sam_export_20260522T233929/sam_libero_official_prev_sota.csv,101,libero_long10,libero_long10_prev_sota,65.3,60.2,5.1,percent,301,326.5,301,326,0,0.5,python_round_nearest_even_matches_significance_cutoffs,25,10,50,1,0.05,1.644853627,3,32,0.6,6.4,indeterminate,Per-suite binary success rate over 10 tasks x 50 official trials.
LIBERO,long10,SpatialVLA: Exploring Spatial Representations for Visual-Language-Action Model,leaderboards/stat_significance_sam_export_20260522T233929/sam_libero_official_prev_sota.csv,117,libero_long10,libero_long10_prev_sota,55.5,54.1,1.4,percent,270.5,277.5,270,278,0.5,-0.5,python_round_nearest_even_matches_significance_cutoffs,8,10,50,1,0.05,1.644853627,3,35,0.6,7,indeterminate,Per-suite binary success rate over 10 tasks x 50 official trials.
LIBERO,long10,Spec-VLA: Speculative Decoding for Vision-Language-Action Models with Relaxed Acceptance,leaderboards/stat_significance_sam_export_20260522T233929/sam_libero_official_prev_sota.csv,118,libero_long10,libero_long10_prev_sota,55,52,3,percent,260,275,260,275,0,0,python_round_nearest_even_matches_significance_cutoffs,15,10,50,1,0.05,1.644853627,3,35,0.6,7,indeterminate,Per-suite binary success rate over 10 tasks x 50 official trials.
LIBERO,long10,TGRPO: Fine-tuning Vision-Language-Action Model via Trajectory-wise Group Relative Policy Optimization,leaderboards/stat_significance_sam_export_20260522T233929/sam_libero_official_prev_sota.csv,122,libero_long10,libero_long10_prev_sota,59.2,57.2,2,percent,286,296,286,296,5.684341886e-14,5.684341886e-14,python_round_nearest_even_matches_significance_cutoffs,10,10,50,1,0.05,1.644853627,3,33,0.6,6.6,indeterminate,Per-suite binary success rate over 10 tasks x 50 official trials.
LIBERO,long10,"The Better You Learn, The Smarter You Prune: Towards Efficient Vision-language-action Models via Differentiable Token Pruning",leaderboards/stat_significance_sam_export_20260522T233929/sam_libero_official_prev_sota.csv,123,libero_long10,libero_long10_prev_sota,94.6,92,2.6,percent,460,473,460,473,0,0,python_round_nearest_even_matches_significance_cutoffs,13,10,50,1,0.05,1.644853627,3,14,0.6,2.8,indeterminate,Per-suite binary success rate over 10 tasks x 50 official trials.
LIBERO,long10,Verifier-free Test-Time Sampling for Vision Language Action Models,leaderboards/stat_significance_sam_export_20260522T233929/sam_libero_official_prev_sota.csv,130,libero_long10,libero_long10_prev_sota,82.7,79.6,3.1,percent,398,413.5,398,414,-5.684341886e-14,-0.5,python_round_nearest_even_matches_significance_cutoffs,16,10,50,1,0.05,1.644853627,3,23,0.6,4.6,indeterminate,Per-suite binary success rate over 10 tasks x 50 official trials.
LIBERO,long10,VLA-Cache: Efficient Vision-Language-Action Manipulation via Adaptive Token Caching,leaderboards/stat_significance_sam_export_20260522T233929/sam_libero_official_prev_sota.csv,134,libero_long10,libero_long10_prev_sota,95.4,94.2,1.2,percent,471,477,471,477,5.684341886e-14,5.684341886e-14,python_round_nearest_even_matches_significance_cutoffs,6,10,50,1,0.05,1.644853627,3,12,0.6,2.4,indeterminate,Per-suite binary success rate over 10 tasks x 50 official trials.
LIBERO,long10,VLA-Pruner: Temporal-Aware Dual-Level Visual Token Pruning for Efficient Vision-Language-Action Inference,leaderboards/stat_significance_sam_export_20260522T233929/sam_libero_official_prev_sota.csv,135,libero_long10,libero_long10_prev_sota,92.6,90.7,1.9,percent,453.5,463,454,463,-0.5,-5.684341886e-14,python_round_nearest_even_matches_significance_cutoffs,9,10,50,1,0.05,1.644853627,3,15,0.6,3,indeterminate,Per-suite binary success rate over 10 tasks x 50 official trials.
LIBERO,long10,VLA-RFT: Vision-Language-Action Reinforcement Fine-tuning with Verified Rewards in World Simulators,leaderboards/stat_significance_sam_export_20260522T233929/sam_libero_official_prev_sota.csv,136,libero_long10,libero_long10_prev_sota,80.2,77.2,3,percent,386,401,386,401,0,0,python_round_nearest_even_matches_significance_cutoffs,15,10,50,1,0.05,1.644853627,3,24,0.6,4.8,indeterminate,Per-suite binary success rate over 10 tasks x 50 official trials.
LIBERO,long10,AcceRL: A Distributed Asynchronous Reinforcement Learning and World Model Framework for Vision-Language-Action Models,leaderboards/stat_significance_sam_export_20260522T233929/sam_libero_official_prev_sota.csv,145,libero_long10,libero_long10_prev_sota,99.1,98.5,0.6,percent,492.5,495.5,492,496,0.5,-0.5,python_round_nearest_even_matches_significance_cutoffs,4,10,50,1,0.05,1.644853627,3,6,0.6,1.2,indeterminate,Per-suite binary success rate over 10 tasks x 50 official trials.
LIBERO,long10,ACoT-VLA: Action Chain-of-Thought for Vision-Language-Action Models,leaderboards/stat_significance_sam_export_20260522T233929/sam_libero_official_prev_sota.csv,146,libero_long10,libero_long10_prev_sota,97,95,2,percent,475,485,475,485,0,0,python_round_nearest_even_matches_significance_cutoffs,10,10,50,1,0.05,1.644853627,3,11,0.6,2.2,indeterminate,Per-suite binary success rate over 10 tasks x 50 official trials.
LIBERO,long10,"Act, Think or Abstain: Complexity-Aware Adaptive Inference for Vision-Language-Action Models",leaderboards/stat_significance_sam_export_20260522T233929/sam_libero_official_prev_sota.csv,147,libero_long10,libero_long10_prev_sota,60,53.33,6.67,percent,266.65,300,267,300,-0.35,0,python_round_nearest_even_matches_significance_cutoffs,33,10,50,1,0.05,1.644853627,3,35,0.6,7,indeterminate,Per-suite binary success rate over 10 tasks x 50 official trials.
LIBERO,long10,AdaWorldPolicy: World-Model-Driven Diffusion Policy with Online Adaptive Learning for Robotic Manipulation,leaderboards/stat_significance_sam_export_20260522T233929/sam_libero_official_prev_sota.csv,151,libero_long10,libero_long10_prev_sota,96,94,2,percent,470,480,470,480,0,0,python_round_nearest_even_matches_significance_cutoffs,10,10,50,1,0.05,1.644853627,3,12,0.6,2.4,indeterminate,Per-suite binary success rate over 10 tasks x 50 official trials.
LIBERO,long10,AnchorRefine: Synergy-Manipulation Based on Trajectory Anchor and Residual Refinement for Vision-Language-Action Models,leaderboards/stat_significance_sam_export_20260522T233929/sam_libero_official_prev_sota.csv,153,libero_long10,libero_long10_prev_sota,97.4,95.8,1.6,percent,479,487,479,487,0,5.684341886e-14,python_round_nearest_even_matches_significance_cutoffs,8,10,50,1,0.05,1.644853627,3,10,0.6,2,indeterminate,Per-suite binary success rate over 10 tasks x 50 official trials.
LIBERO,long10,ATA: Bridging Implicit Reasoning with Attention-Guided and Action-Guided Inference for Vision-Language Action Models,leaderboards/stat_significance_sam_export_20260522T233929/sam_libero_official_prev_sota.csv,154,libero_long10,libero_long10_prev_sota,63.2,60.8,2.4,percent,304,316,304,316,0,0,python_round_nearest_even_matches_significance_cutoffs,12,10,50,1,0.05,1.644853627,3,32,0.6,6.4,indeterminate,Per-suite binary success rate over 10 tasks x 50 official trials.
LIBERO,long10,Beyond Dense Futures: World Models as Structured Planners for Robotic Manipulation,leaderboards/stat_significance_sam_export_20260522T233929/sam_libero_official_prev_sota.csv,159,libero_long10,libero_long10_prev_sota,92.2,89.6,2.6,percent,448,461,448,461,-5.684341886e-14,0,python_round_nearest_even_matches_significance_cutoffs,13,10,50,1,0.05,1.644853627,3,16,0.6,3.2,indeterminate,Per-suite binary success rate over 10 tasks x 50 official trials.
LIBERO,long10,Causal World Modeling for Robot Control,leaderboards/stat_significance_sam_export_20260522T233929/sam_libero_official_prev_sota.csv,160,libero_long10,libero_long10_prev_sota,98.5,97.6,0.9,percent,488,492.5,488,492,0,0.5,python_round_nearest_even_matches_significance_cutoffs,4,10,50,1,0.05,1.644853627,3,7,0.6,1.4,indeterminate,Per-suite binary success rate over 10 tasks x 50 official trials.
LIBERO,long10,Chain of World: World Model Thinking in Latent Motion,leaderboards/stat_significance_sam_export_20260522T233929/sam_libero_official_prev_sota.csv,162,libero_long10,libero_long10_prev_sota,92.8,92,0.8,percent,460,464,460,464,0,-5.684341886e-14,python_round_nearest_even_matches_significance_cutoffs,4,10,50,1,0.05,1.644853627,3,14,0.6,2.8,indeterminate,Per-suite binary success rate over 10 tasks x 50 official trials.
LIBERO,long10,CLaD: Planning with Grounded Foresight via Cross-Modal Latent Dynamics,leaderboards/stat_significance_sam_export_20260522T233929/sam_libero_official_prev_sota.csv,164,libero_long10,libero_long10_prev_sota,94.7,93.8,0.9,percent,469,473.5,469,474,0,-0.5,python_round_nearest_even_matches_significance_cutoffs,5,10,50,1,0.05,1.644853627,3,12,0.6,2.4,indeterminate,Per-suite binary success rate over 10 tasks x 50 official trials.
LIBERO,long10,ConsisVLA-4D: Advancing Spatiotemporal Consistency in Efficient 3D-Perception and 4D-Reasoning for Robotic Manipulation,leaderboards/stat_significance_sam_export_20260522T233929/sam_libero_official_prev_sota.csv,167,libero_long10,libero_long10_prev_sota,95.6,94.5,1.1,percent,472.5,478,472,478,0.5,0,python_round_nearest_even_matches_significance_cutoffs,6,10,50,1,0.05,1.644853627,3,12,0.6,2.4,indeterminate,Per-suite binary success rate over 10 tasks x 50 official trials.
LIBERO,long10,CORAL: Scalable Multi-Task Robot Learning via LoRA Experts,leaderboards/stat_significance_sam_export_20260522T233929/sam_libero_official_prev_sota.csv,168,libero_long10,libero_long10_prev_sota,98.8,97.6,1.2,percent,488,494,488,494,0,0,python_round_nearest_even_matches_significance_cutoffs,6,10,50,1,0.05,1.644853627,3,7,0.6,1.4,indeterminate,Per-suite binary success rate over 10 tasks x 50 official trials.
LIBERO,long10,CorridorVLA: Explicit Spatial Constraints for Generative Action Heads via Sparse Anchors,leaderboards/stat_significance_sam_export_20260522T233929/sam_libero_official_prev_sota.csv,169,libero_long10,libero_long10_prev_sota,85.2,82,3.2,percent,410,426,410,426,0,0,python_round_nearest_even_matches_significance_cutoffs,16,10,50,1,0.05,1.644853627,3,21,0.6,4.2,indeterminate,Per-suite binary success rate over 10 tasks x 50 official trials.
LIBERO,long10,COT-FM: Cluster-wise Optimal Transport Flow Matching,leaderboards/stat_significance_sam_export_20260522T233929/sam_libero_official_prev_sota.csv,171,libero_long10,libero_long10_prev_sota,94.5,93.5,1,percent,467.5,472.5,468,472,-0.5,0.5,python_round_nearest_even_matches_significance_cutoffs,4,10,50,1,0.05,1.644853627,3,12,0.6,2.4,indeterminate,Per-suite binary success rate over 10 tasks x 50 official trials.
LIBERO,long10,DFM-VLA: Iterative Action Refinement for Robot Manipulation via Discrete Flow Matching,leaderboards/stat_significance_sam_export_20260522T233929/sam_libero_official_prev_sota.csv,175,libero_long10,libero_long10_prev_sota,92.6,89.5,3.1,percent,447.5,463,448,463,-0.5,-5.684341886e-14,python_round_nearest_even_matches_significance_cutoffs,15,10,50,1,0.05,1.644853627,3,16,0.6,3.2,indeterminate,Per-suite binary success rate over 10 tasks x 50 official trials.
LIBERO,long10,DualCoT-VLA: Visual-Linguistic Chain of Thought via Parallel Reasoning for Vision-Language-Action Models,leaderboards/stat_significance_sam_export_20260522T233929/sam_libero_official_prev_sota.csv,177,libero_long10,libero_long10_prev_sota,98.2,96.6,1.6,percent,483,491,483,491,0,0,python_round_nearest_even_matches_significance_cutoffs,8,10,50,1,0.05,1.644853627,3,9,0.6,1.8,indeterminate,Per-suite binary success rate over 10 tasks x 50 official trials.
LIBERO,long10,Efficient Long-Horizon Vision-Language-Action Models via Static-Dynamic Disentanglement,leaderboards/stat_significance_sam_export_20260522T233929/sam_libero_official_prev_sota.csv,180,libero_long10,libero_long10_prev_sota,92.4,90.7,1.7,percent,453.5,462,454,462,-0.5,0,python_round_nearest_even_matches_significance_cutoffs,8,10,50,1,0.05,1.644853627,3,15,0.6,3,indeterminate,Per-suite binary success rate over 10 tasks x 50 official trials.
LIBERO,long10,Fast-ThinkAct: Efficient Vision-Language-Action Reasoning via Verbalizable Latent Planning,leaderboards/stat_significance_sam_export_20260522T233929/sam_libero_official_prev_sota.csv,183,libero_long10,libero_long10_prev_sota,79.4,77.2,2.2,percent,386,397,386,397,0,0,python_round_nearest_even_matches_significance_cutoffs,11,10,50,1,0.05,1.644853627,3,24,0.6,4.8,indeterminate,Per-suite binary success rate over 10 tasks x 50 official trials.
LIBERO,long10,From Pixels to Tokens: A Systematic Study of Latent Action Supervision for Vision-Language-Action Models,leaderboards/stat_significance_sam_export_20260522T233929/sam_libero_official_prev_sota.csv,188,libero_long10,libero_long10_prev_sota,96.6,94.5,2.1,percent,472.5,483,472,483,0.5,0,python_round_nearest_even_matches_significance_cutoffs,11,10,50,1,0.05,1.644853627,3,12,0.6,2.4,indeterminate,Per-suite binary success rate over 10 tasks x 50 official trials.
LIBERO,long10,GST-VLA: Structured Gaussian Spatial Tokens for 3D Depth-Aware Vision-Language-Action Models,leaderboards/stat_significance_sam_export_20260522T233929/sam_libero_official_prev_sota.csv,191,libero_long10,libero_long10_prev_sota,92.6,89.5,3.1,percent,447.5,463,448,463,-0.5,-5.684341886e-14,python_round_nearest_even_matches_significance_cutoffs,15,10,50,1,0.05,1.644853627,3,16,0.6,3.2,indeterminate,Per-suite binary success rate over 10 tasks x 50 official trials.
LIBERO,long10,HeiSD: Hybrid Speculative Decoding for Embodied Vision-Language-Action Models with Kinematic Awareness,leaderboards/stat_significance_sam_export_20260522T233929/sam_libero_official_prev_sota.csv,192,libero_long10,libero_long10_prev_sota,47,46.2,0.8,percent,231,235,231,235,0,0,python_round_nearest_even_matches_significance_cutoffs,4,10,50,1,0.05,1.644853627,3,38,0.6,7.6,indeterminate,Per-suite binary success rate over 10 tasks x 50 official trials.
LIBERO,long10,Joint-Aligned Latent Action: Towards Scalable VLA Pretraining in the Wild,leaderboards/stat_significance_sam_export_20260522T233929/sam_libero_official_prev_sota.csv,197,libero_long10,libero_long10_prev_sota,96,94,2,percent,470,480,470,480,0,0,python_round_nearest_even_matches_significance_cutoffs,10,10,50,1,0.05,1.644853627,3,12,0.6,2.4,indeterminate,Per-suite binary success rate over 10 tasks x 50 official trials.
LIBERO,long10,LangForce: Bayesian Decomposition of Vision Language Action Models via Latent Action Queries,leaderboards/stat_significance_sam_export_20260522T233929/sam_libero_official_prev_sota.csv,200,libero_long10,libero_long10_prev_sota,95.2,94.5,0.7,percent,472.5,476,472,476,0.5,5.684341886e-14,python_round_nearest_even_matches_significance_cutoffs,4,10,50,1,0.05,1.644853627,3,12,0.6,2.4,indeterminate,Per-suite binary success rate over 10 tasks x 50 official trials.
LIBERO,long10,Language-Grounded Decoupled Action Representation for Robotic Manipulation,leaderboards/stat_significance_sam_export_20260522T233929/sam_libero_official_prev_sota.csv,202,libero_long10,libero_long10_prev_sota,86.4,83.8,2.6,percent,419,432,419,432,0,5.684341886e-14,python_round_nearest_even_matches_significance_cutoffs,13,10,50,1,0.05,1.644853627,3,20,0.6,4,indeterminate,Per-suite binary success rate over 10 tasks x 50 official trials.
LIBERO,long10,Learning Physics from Pretrained Video Models: A Multimodal Continuous and Sequential World Interaction Models for Robotic Manipulation,leaderboards/stat_significance_sam_export_20260522T233929/sam_libero_official_prev_sota.csv,206,libero_long10,libero_long10_prev_sota,78.8,77,1.8,percent,385,394,385,394,0,-5.684341886e-14,python_round_nearest_even_matches_significance_cutoffs,9,10,50,1,0.05,1.644853627,3,24,0.6,4.8,indeterminate,Per-suite binary success rate over 10 tasks x 50 official trials.
LIBERO,long10,Learning to Accelerate Vision-Language-Action Models through Adaptive Visual Token Caching,leaderboards/stat_significance_sam_export_20260522T233929/sam_libero_official_prev_sota.csv,207,libero_long10,libero_long10_prev_sota,59.2,53.2,6,percent,266,296,266,296,0,5.684341886e-14,python_round_nearest_even_matches_significance_cutoffs,30,10,50,1,0.05,1.644853627,3,35,0.6,7,indeterminate,Per-suite binary success rate over 10 tasks x 50 official trials.
LIBERO,long10,Mask World Model: Predicting What Matters for Robust Robot Policy Learning,leaderboards/stat_significance_sam_export_20260522T233929/sam_libero_official_prev_sota.csv,211,libero_long10,libero_long10_prev_sota,96,94.4,1.6,percent,472,480,472,480,5.684341886e-14,0,python_round_nearest_even_matches_significance_cutoffs,8,10,50,1,0.05,1.644853627,3,12,0.6,2.4,indeterminate,Per-suite binary success rate over 10 tasks x 50 official trials.
LIBERO,long10,Neural Implicit Action Fields: From Discrete Waypoints to Continuous Functions for Vision-Language-Action Models,leaderboards/stat_significance_sam_export_20260522T233929/sam_libero_official_prev_sota.csv,215,libero_long10,libero_long10_prev_sota,95.5,93.5,2,percent,467.5,477.5,468,478,-0.5,-0.5,python_round_nearest_even_matches_significance_cutoffs,10,10,50,1,0.05,1.644853627,3,12,0.6,2.4,indeterminate,Per-suite binary success rate over 10 tasks x 50 official trials.
LIBERO,long10,OmniVLA-RL: A Vision-Language-Action Model with Spatial Understanding and Online RL,leaderboards/stat_significance_sam_export_20260522T233929/sam_libero_official_prev_sota.csv,219,libero_long10,libero_long10_prev_sota,93.5,92.4,1.1,percent,462,467.5,462,468,0,-0.5,python_round_nearest_even_matches_significance_cutoffs,6,10,50,1,0.05,1.644853627,3,14,0.6,2.8,indeterminate,Per-suite binary success rate over 10 tasks x 50 official trials.
LIBERO,long10,OxyGen: Unified KV Cache Management for Vision-Language-Action Models under Multi-Task Parallelism,leaderboards/stat_significance_sam_export_20260522T233929/sam_libero_official_prev_sota.csv,220,libero_long10,libero_long10_prev_sota,93.2,92.4,0.8,percent,462,466,462,466,0,0,python_round_nearest_even_matches_significance_cutoffs,4,10,50,1,0.05,1.644853627,3,14,0.6,2.8,indeterminate,Per-suite binary success rate over 10 tasks x 50 official trials.
LIBERO,long10,RLDX-1 Technical Report,leaderboards/stat_significance_sam_export_20260522T233929/sam_libero_official_prev_sota.csv,236,libero_long10,libero_long10_prev_sota,95.3,94.4,0.9,percent,472,476.5,472,476,5.684341886e-14,0.5,python_round_nearest_even_matches_significance_cutoffs,4,10,50,1,0.05,1.644853627,3,12,0.6,2.4,indeterminate,Per-suite binary success rate over 10 tasks x 50 official trials.
LIBERO,long10,"Say, Dream, and Act: Learning Video World Models for Instruction-Driven Robot Manipulation",leaderboards/stat_significance_sam_export_20260522T233929/sam_libero_official_prev_sota.csv,242,libero_long10,libero_long10_prev_sota,95.4,94.5,0.9,percent,472.5,477,472,477,0.5,5.684341886e-14,python_round_nearest_even_matches_significance_cutoffs,5,10,50,1,0.05,1.644853627,3,12,0.6,2.4,indeterminate,Per-suite binary success rate over 10 tasks x 50 official trials.
LIBERO,long10,Sentinel-VLA: A Metacognitive VLA Model with Active Status Monitoring for Dynamic Reasoning and Error Recovery,leaderboards/stat_significance_sam_export_20260522T233929/sam_libero_official_prev_sota.csv,244,libero_long10,libero_long10_prev_sota,90.7,87.8,2.9,percent,439,453.5,439,454,0,-0.5,python_round_nearest_even_matches_significance_cutoffs,15,10,50,1,0.05,1.644853627,3,17,0.6,3.4,indeterminate,Per-suite binary success rate over 10 tasks x 50 official trials.
LIBERO,long10,SmoothVLA: Aligning Vision-Language-Action Models with Physical Constraints via Intrinsic Smoothness Optimization,leaderboards/stat_significance_sam_export_20260522T233929/sam_libero_official_prev_sota.csv,248,libero_long10,libero_long10_prev_sota,58.3,52.9,5.4,percent,264.5,291.5,264,292,0.5,-0.5,python_round_nearest_even_matches_significance_cutoffs,28,10,50,1,0.05,1.644853627,3,35,0.6,7,indeterminate,Per-suite binary success rate over 10 tasks x 50 official trials.
LIBERO,long10,Speedup Patch: Learning a Plug-and-Play Policy to Accelerate Embodied Manipulation,leaderboards/stat_significance_sam_export_20260522T233929/sam_libero_official_prev_sota.csv,250,libero_long10,libero_long10_prev_sota,94,93.2,0.8,percent,466,470,466,470,0,0,python_round_nearest_even_matches_significance_cutoffs,4,10,50,1,0.05,1.644853627,3,13,0.6,2.6,indeterminate,Per-suite binary success rate over 10 tasks x 50 official trials.
LIBERO,long10,ST-$π$: Structured SpatioTemporal VLA for Robotic Manipulation,leaderboards/stat_significance_sam_export_20260522T233929/sam_libero_official_prev_sota.csv,251,libero_long10,libero_long10_prev_sota,94.3,92.4,1.9,percent,462,471.5,462,472,0,-0.5,python_round_nearest_even_matches_significance_cutoffs,10,10,50,1,0.05,1.644853627,3,14,0.6,2.8,indeterminate,Per-suite binary success rate over 10 tasks x 50 official trials.
LIBERO,long10,StreamVLA: Breaking the Reason-Act Cycle via Completion-State Gating,leaderboards/stat_significance_sam_export_20260522T233929/sam_libero_official_prev_sota.csv,256,libero_long10,libero_long10_prev_sota,96.6,95.6,1,percent,478,483,478,483,0,0,python_round_nearest_even_matches_significance_cutoffs,5,10,50,1,0.05,1.644853627,3,10,0.6,2,indeterminate,Per-suite binary success rate over 10 tasks x 50 official trials.
LIBERO,long10,Test-Time Perturbation Learning with Delayed Feedback for Vision-Language-Action Models,leaderboards/stat_significance_sam_export_20260522T233929/sam_libero_official_prev_sota.csv,259,libero_long10,libero_long10_prev_sota,59,55,4,percent,275,295,275,295,0,0,python_round_nearest_even_matches_significance_cutoffs,20,10,50,1,0.05,1.644853627,3,34,0.6,6.8,indeterminate,Per-suite binary success rate over 10 tasks x 50 official trials.
LIBERO,long10,Towards Practical World Model-based Reinforcement Learning for Vision-Language-Action Models,leaderboards/stat_significance_sam_export_20260522T233929/sam_libero_official_prev_sota.csv,263,libero_long10,libero_long10_prev_sota,66.8,61.2,5.6,percent,306,334,306,334,0,-5.684341886e-14,python_round_nearest_even_matches_significance_cutoffs,28,10,50,1,0.05,1.644853627,3,32,0.6,6.4,indeterminate,Per-suite binary success rate over 10 tasks x 50 official trials.
LIBERO,long10,VISTA: Enhancing Visual Conditioning via Track-Following Preference Optimization in Vision-Language-Action Models,leaderboards/stat_significance_sam_export_20260522T233929/sam_libero_official_prev_sota.csv,268,libero_long10,libero_long10_prev_sota,57,55.5,1.5,percent,277.5,285,278,285,-0.5,0,python_round_nearest_even_matches_significance_cutoffs,7,10,50,1,0.05,1.644853627,3,34,0.6,6.8,indeterminate,Per-suite binary success rate over 10 tasks x 50 official trials.
LIBERO,long10,VLA-Adapter: An Effective Paradigm for Tiny-Scale Vision-Language-Action Model,leaderboards/stat_significance_sam_export_20260522T233929/sam_libero_official_prev_sota.csv,269,libero_long10,libero_long10_prev_sota,95,94.5,0.5,percent,472.5,475,472,475,0.5,0,python_round_nearest_even_matches_significance_cutoffs,3,10,50,1,0.05,1.644853627,3,12,0.6,2.4,indeterminate,Per-suite binary success rate over 10 tasks x 50 official trials.
LIBERO,long10,VLA-JEPA: Enhancing Vision-Language-Action Model with Latent World Model,leaderboards/stat_significance_sam_export_20260522T233929/sam_libero_official_prev_sota.csv,275,libero_long10,libero_long10_prev_sota,95.8,94.5,1.3,percent,472.5,479,472,479,0.5,0,python_round_nearest_even_matches_significance_cutoffs,7,10,50,1,0.05,1.644853627,3,12,0.6,2.4,indeterminate,Per-suite binary success rate over 10 tasks x 50 official trials.
LIBERO,long10,Global Prior Meets Local Consistency: Dual-Memory Augmented Vision-Language-Action Model for Efficient Robotic Manipulation,leaderboards/stat_significance_sam_export_20260522T233929/sam_libero_official_prev_sota.csv,291,libero_long10,libero_long10_prev_sota,96.4,94.5,1.9,percent,472.5,482,472,482,0.5,5.684341886e-14,python_round_nearest_even_matches_significance_cutoffs,10,10,50,1,0.05,1.644853627,3,12,0.6,2.4,indeterminate,Per-suite binary success rate over 10 tasks x 50 official trials.
LIBERO,long10,IVRA: Improving Visual-Token Relations for Robot Action Policy with Training-Free Hint-Based Guidance,leaderboards/stat_significance_sam_export_20260522T233929/sam_libero_official_prev_sota.csv,294,libero_long10,libero_long10_prev_sota,94.9,94.5,0.4,percent,472.5,474.5,472,475,0.5,-0.5,python_round_nearest_even_matches_significance_cutoffs,3,10,50,1,0.05,1.644853627,3,12,0.6,2.4,indeterminate,Per-suite binary success rate over 10 tasks x 50 official trials.
LIBERO,long10,Steering Vision-Language-Action Models as Anti-Exploration: A Test-Time Scaling Approach,leaderboards/stat_significance_sam_export_20260522T233929/sam_libero_official_prev_sota.csv,296,libero_long10,libero_long10_prev_sota,96.6,94.8,1.8,percent,474,483,474,483,0,0,python_round_nearest_even_matches_significance_cutoffs,9,10,50,1,0.05,1.644853627,3,11,0.6,2.2,indeterminate,Per-suite binary success rate over 10 tasks x 50 official trials.
LIBERO,long10,Much Ado About Noising: Dispelling the Myths of Generative Robotic Control,leaderboards/stat_significance_sam_export_20260522T233929/sam_libero_official_prev_sota.csv,297,libero_long10,libero_long10_prev_sota,82.2,81.6,0.6,percent,408,411,408,411,0,5.684341886e-14,python_round_nearest_even_matches_significance_cutoffs,3,10,50,1,0.05,1.644853627,3,22,0.6,4.4,indeterminate,Per-suite binary success rate over 10 tasks x 50 official trials.
LIBERO,long10,3D CAVLA: Leveraging Depth and 3D Context to Generalize Vision Language Action Models for Unseen Tasks,leaderboards/stat_significance_sam_export_20260522T233929/sam_libero_official_prev_sota.csv,300,libero_long10,libero_long10_prev_sota,96.1,94.5,1.6,percent,472.5,480.5,472,480,0.5,0.5,python_round_nearest_even_matches_significance_cutoffs,8,10,50,1,0.05,1.644853627,3,12,0.6,2.4,indeterminate,Per-suite binary success rate over 10 tasks x 50 official trials.
LIBERO,long10,DreamAvoid: Critical-Phase Test-Time Dreaming to Avoid Failures in VLA Policies,leaderboards/stat_significance_sam_export_20260522T233929/sam_libero_official_prev_sota.csv,307,libero_long10,libero_long10_prev_sota,94.5,92,2.5,percent,460,472.5,460,472,0,0.5,python_round_nearest_even_matches_significance_cutoffs,12,10,50,1,0.05,1.644853627,3,14,0.6,2.8,indeterminate,Per-suite binary success rate over 10 tasks x 50 official trials.
LIBERO,long10,Beyond World-Frame Action Heads: Motion-Centric Action Frames for Vision-Language-Action Models,leaderboards/stat_significance_sam_export_20260522T233929/sam_libero_official_prev_sota.csv,308,libero_long10,libero_long10_prev_sota,95,94.5,0.5,percent,472.5,475,472,475,0.5,0,python_round_nearest_even_matches_significance_cutoffs,3,10,50,1,0.05,1.644853627,3,12,0.6,2.4,indeterminate,Per-suite binary success rate over 10 tasks x 50 official trials.
LIBERO,long10,See What Matters: Differentiable Grid Sample Pruning for Generalizable Vision-Language-Action Model,leaderboards/stat_significance_sam_export_20260522T233929/sam_libero_official_prev_sota.csv,310,libero_long10,libero_long10_prev_sota,95.2,92.8,2.4,percent,464,476,464,476,-5.684341886e-14,5.684341886e-14,python_round_nearest_even_matches_significance_cutoffs,12,10,50,1,0.05,1.644853627,3,13,0.6,2.6,indeterminate,Per-suite binary success rate over 10 tasks x 50 official trials.
LIBERO,long10,Dynamic Execution Commitment of Vision-Language-Action Models,leaderboards/stat_significance_sam_export_20260522T233929/sam_libero_official_prev_sota.csv,313,libero_long10,libero_long10_prev_sota,96.2,95.6,0.6,percent,478,481,478,481,0,5.684341886e-14,python_round_nearest_even_matches_significance_cutoffs,3,10,50,1,0.05,1.644853627,3,10,0.6,2,indeterminate,Per-suite binary success rate over 10 tasks x 50 official trials.
LIBERO,long10,CapVector: Learning Transferable Capability Vectors in Parametric Space for Vision-Language-Action Models,leaderboards/stat_significance_sam_export_20260522T233929/sam_libero_official_prev_sota.csv,316,libero_long10,libero_long10_prev_sota,94.8,94.2,0.6,percent,471,474,471,474,5.684341886e-14,0,python_round_nearest_even_matches_significance_cutoffs,3,10,50,1,0.05,1.644853627,3,12,0.6,2.4,indeterminate,Per-suite binary success rate over 10 tasks x 50 official trials.
LIBERO,long10,ECHO: Continuous Hierarchical Memory for Vision-Language-Action Models,leaderboards/stat_significance_sam_export_20260522T233929/sam_libero_official_prev_sota.csv,318,libero_long10,libero_long10_prev_sota,93.5,92.4,1.1,percent,462,467.5,462,468,0,-0.5,python_round_nearest_even_matches_significance_cutoffs,6,10,50,1,0.05,1.644853627,3,14,0.6,2.8,indeterminate,Per-suite binary success rate over 10 tasks x 50 official trials.
LIBERO,long10,ElasticFlow: One-Step Physics-Consistent Policy with Elastic Time Horizons for Language-Guided Manipulation,leaderboards/stat_significance_sam_export_20260522T233929/sam_libero_official_prev_sota.csv,319,libero_long10,libero_long10_prev_sota,97.6,96.4,1.2,percent,482,488,482,488,5.684341886e-14,0,python_round_nearest_even_matches_significance_cutoffs,6,10,50,1,0.05,1.644853627,3,9,0.6,1.8,indeterminate,Per-suite binary success rate over 10 tasks x 50 official trials.
CALVIN,abc_d_atc,AdaWorldPolicy: World-Model-Driven Diffusion Policy with Online Adaptive Learning for Robotic Manipulation,leaderboards/stat_significance_sam_export_20260522T233929/sam_calvin_abc_d_official_prev_sota.csv,2,calvin_abc_d_atc,calvin_abc_d_prev_sota_atc,3.54,3.42,0.12,raw_atc,3420,3540,3420,3540,0,0,python_round_nearest_even_matches_significance_cutoffs,120,1,1000,5,0.05,1.644853627,3,200,0.003,0.2,indeterminate,Aggregate ABC-D average-tasks-completed score over 1000 sequences; each sequence contributes 0..5.
CALVIN,abc_d_atc,A Dual-System Vision-Language-Action Model for Rational Manipulation,leaderboards/stat_significance_sam_export_20260522T233929/sam_calvin_abc_d_official_prev_sota.csv,3,calvin_abc_d_atc,calvin_abc_d_prev_sota_atc,3.53,3.35,0.18,raw_atc,3350,3530,3350,3530,0,0,python_round_nearest_even_matches_significance_cutoffs,180,1,1000,5,0.05,1.644853627,3,205,0.003,0.205,indeterminate,Aggregate ABC-D average-tasks-completed score over 1000 sequences; each sequence contributes 0..5.
CALVIN,abc_d_atc,AnchorRefine: Synergy-Manipulation Based on Trajectory Anchor and Residual Refinement for Vision-Language-Action Models,leaderboards/stat_significance_sam_export_20260522T233929/sam_calvin_abc_d_official_prev_sota.csv,4,calvin_abc_d_atc,calvin_abc_d_prev_sota_atc,4.4,4.31,0.09,raw_atc,4310,4400,4310,4400,0,0,python_round_nearest_even_matches_significance_cutoffs,90,1,1000,5,0.05,1.644853627,3,130,0.003,0.13,indeterminate,Aggregate ABC-D average-tasks-completed score over 1000 sequences; each sequence contributes 0..5.
CALVIN,abc_d_atc,AtomicVLA: Unlocking the Potential of Atomic Skill Learning in Robots,leaderboards/stat_significance_sam_export_20260522T233929/sam_calvin_abc_d_official_prev_sota.csv,6,calvin_abc_d_atc,calvin_abc_d_prev_sota_atc,4.09,4.02,0.07,raw_atc,4020,4090,4020,4090,-4.547473509e-13,0,python_round_nearest_even_matches_significance_cutoffs,70,1,1000,5,0.05,1.644853627,3,157,0.003,0.157,indeterminate,Aggregate ABC-D average-tasks-completed score over 1000 sequences; each sequence contributes 0..5.
CALVIN,abc_d_atc,BagelVLA: Enhancing Long-Horizon Manipulation via Interleaved Vision-Language-Action Generation,leaderboards/stat_significance_sam_export_20260522T233929/sam_calvin_abc_d_official_prev_sota.csv,7,calvin_abc_d_atc,calvin_abc_d_prev_sota_atc,4.405,4.33,0.075,raw_atc,4330,4405,4330,4405,0,0,python_round_nearest_even_matches_significance_cutoffs,75,1,1000,5,0.05,1.644853627,3,128,0.003,0.128,indeterminate,Aggregate ABC-D average-tasks-completed score over 1000 sequences; each sequence contributes 0..5.
CALVIN,abc_d_atc,Chain of World: World Model Thinking in Latent Motion,leaderboards/stat_significance_sam_export_20260522T233929/sam_calvin_abc_d_official_prev_sota.csv,9,calvin_abc_d_atc,calvin_abc_d_prev_sota_atc,4.211,4.102,0.109,raw_atc,4102,4211,4102,4211,0,0,python_round_nearest_even_matches_significance_cutoffs,109,1,1000,5,0.05,1.644853627,3,150,0.003,0.15,indeterminate,Aggregate ABC-D average-tasks-completed score over 1000 sequences; each sequence contributes 0..5.
CALVIN,abc_d_atc,Future Optical Flow Prediction Improves Robot Control & Video Generation,leaderboards/stat_significance_sam_export_20260522T233929/sam_calvin_abc_d_official_prev_sota.csv,16,calvin_abc_d_atc,calvin_abc_d_prev_sota_atc,4.48,4.44,0.04,raw_atc,4440,4480,4440,4480,0,0,python_round_nearest_even_matches_significance_cutoffs,40,1,1000,5,0.05,1.644853627,3,117,0.003,0.117,indeterminate,Aggregate ABC-D average-tasks-completed score over 1000 sequences; each sequence contributes 0..5.
CALVIN,abc_d_atc,Green-VLA: Staged Vision-Language-Action Model for Generalist Robots,leaderboards/stat_significance_sam_export_20260522T233929/sam_calvin_abc_d_official_prev_sota.csv,18,calvin_abc_d_atc,calvin_abc_d_prev_sota_atc,4.63,4.53,0.1,raw_atc,4530,4630,4530,4630,0,0,python_round_nearest_even_matches_significance_cutoffs,100,1,1000,5,0.05,1.644853627,3,107,0.003,0.107,indeterminate,Aggregate ABC-D average-tasks-completed score over 1000 sequences; each sequence contributes 0..5.
CALVIN,abc_d_atc,HELM: Harness-Enhanced Long-horizon Memory for Vision-Language-Action Manipulation,leaderboards/stat_significance_sam_export_20260522T233929/sam_calvin_abc_d_official_prev_sota.csv,19,calvin_abc_d_atc,calvin_abc_d_prev_sota_atc,3.58,3.41,0.17,raw_atc,3410,3580,3410,3580,0,0,python_round_nearest_even_matches_significance_cutoffs,170,1,1000,5,0.05,1.644853627,3,201,0.003,0.201,indeterminate,Aggregate ABC-D average-tasks-completed score over 1000 sequences; each sequence contributes 0..5.
CALVIN,abc_d_atc,Neural Implicit Action Fields: From Discrete Waypoints to Continuous Functions for Vision-Language-Action Models,leaderboards/stat_significance_sam_export_20260522T233929/sam_calvin_abc_d_official_prev_sota.csv,23,calvin_abc_d_atc,calvin_abc_d_prev_sota_atc,4.47,4.44,0.03,raw_atc,4440,4470,4440,4470,0,0,python_round_nearest_even_matches_significance_cutoffs,30,1,1000,5,0.05,1.644853627,3,117,0.003,0.117,indeterminate,Aggregate ABC-D average-tasks-completed score over 1000 sequences; each sequence contributes 0..5.
CALVIN,abc_d_atc,Recurrent-Depth VLA: Implicit Test-Time Compute Scaling of Vision-Language-Action Models via Latent Iterative Reasoning,leaderboards/stat_significance_sam_export_20260522T233929/sam_calvin_abc_d_official_prev_sota.csv,27,calvin_abc_d_atc,calvin_abc_d_prev_sota_atc,3.39,3.27,0.12,raw_atc,3270,3390,3270,3390,0,0,python_round_nearest_even_matches_significance_cutoffs,120,1,1000,5,0.05,1.644853627,3,210,0.003,0.21,indeterminate,Aggregate ABC-D average-tasks-completed score over 1000 sequences; each sequence contributes 0..5.
CALVIN,abc_d_atc,RoboAlign: Learning Test-Time Reasoning for Language-Action Alignment in Vision-Language-Action Models,leaderboards/stat_significance_sam_export_20260522T233929/sam_calvin_abc_d_official_prev_sota.csv,29,calvin_abc_d_atc,calvin_abc_d_prev_sota_atc,2.57,2.32,0.25,raw_atc,2320,2570,2320,2570,0,0,python_round_nearest_even_matches_significance_cutoffs,250,1,1000,5,0.05,1.644853627,3,258,0.003,0.258,indeterminate,Aggregate ABC-D average-tasks-completed score over 1000 sequences; each sequence contributes 0..5.
CALVIN,abc_d_atc,S-VAM: Shortcut Video-Action Model by Self-Distilling Geometric and Semantic Foresight,leaderboards/stat_significance_sam_export_20260522T233929/sam_calvin_abc_d_official_prev_sota.csv,30,calvin_abc_d_atc,calvin_abc_d_prev_sota_atc,4.16,4.08,0.08,raw_atc,4080,4160,4080,4160,0,0,python_round_nearest_even_matches_significance_cutoffs,80,1,1000,5,0.05,1.644853627,3,151,0.003,0.151,indeterminate,Aggregate ABC-D average-tasks-completed score over 1000 sequences; each sequence contributes 0..5.
CALVIN,abc_d_atc,TempoFit: Plug-and-Play Layer-Wise Temporal KV Memory for Long-Horizon Vision-Language-Action Manipulation,leaderboards/stat_significance_sam_export_20260522T233929/sam_calvin_abc_d_official_prev_sota.csv,31,calvin_abc_d_atc,calvin_abc_d_prev_sota_atc,3.87,3.83,0.04,raw_atc,3830,3870,3830,3870,0,0,python_round_nearest_even_matches_significance_cutoffs,40,1,1000,5,0.05,1.644853627,3,172,0.003,0.172,indeterminate,Aggregate ABC-D average-tasks-completed score over 1000 sequences; each sequence contributes 0..5.
CALVIN,abc_d_atc,Think Proprioceptively: Embodied Visual Reasoning for VLA Manipulation,leaderboards/stat_significance_sam_export_20260522T233929/sam_calvin_abc_d_official_prev_sota.csv,32,calvin_abc_d_atc,calvin_abc_d_prev_sota_atc,4.55,4.53,0.02,raw_atc,4530,4550,4530,4550,0,0,python_round_nearest_even_matches_significance_cutoffs,20,1,1000,5,0.05,1.644853627,3,107,0.003,0.107,indeterminate,Aggregate ABC-D average-tasks-completed score over 1000 sequences; each sequence contributes 0..5.
CALVIN,abc_d_atc,UAOR: Uncertainty-aware Observation Reinjection for Vision-Language-Action Models,leaderboards/stat_significance_sam_export_20260522T233929/sam_calvin_abc_d_official_prev_sota.csv,33,calvin_abc_d_atc,calvin_abc_d_prev_sota_atc,3.67,3.55,0.12,raw_atc,3550,3670,3550,3670,0,0,python_round_nearest_even_matches_significance_cutoffs,120,1,1000,5,0.05,1.644853627,3,192,0.003,0.192,indeterminate,Aggregate ABC-D average-tasks-completed score over 1000 sequences; each sequence contributes 0..5.
CALVIN,abc_d_atc,UniLACT: Depth-Aware RGB Latent Action Learning for Vision-Language-Action Models,leaderboards/stat_significance_sam_export_20260522T233929/sam_calvin_abc_d_official_prev_sota.csv,34,calvin_abc_d_atc,calvin_abc_d_prev_sota_atc,3.1,3.06,0.04,raw_atc,3060,3100,3060,3100,0,0,python_round_nearest_even_matches_significance_cutoffs,40,1,1000,5,0.05,1.644853627,3,223,0.003,0.223,indeterminate,Aggregate ABC-D average-tasks-completed score over 1000 sequences; each sequence contributes 0..5.
CALVIN,abc_d_atc,VISTA: Enhancing Visual Conditioning via Track-Following Preference Optimization in Vision-Language-Action Models,leaderboards/stat_significance_sam_export_20260522T233929/sam_calvin_abc_d_official_prev_sota.csv,37,calvin_abc_d_atc,calvin_abc_d_prev_sota_atc,4.02,3.95,0.07,raw_atc,3950,4020,3950,4020,0,-4.547473509e-13,python_round_nearest_even_matches_significance_cutoffs,70,1,1000,5,0.05,1.644853627,3,162,0.003,0.162,indeterminate,Aggregate ABC-D average-tasks-completed score over 1000 sequences; each sequence contributes 0..5.
CALVIN,abc_d_atc,VLA-IAP: Training-Free Visual Token Pruning via Interaction Alignment for Vision-Language-Action Models,leaderboards/stat_significance_sam_export_20260522T233929/sam_calvin_abc_d_official_prev_sota.csv,39,calvin_abc_d_atc,calvin_abc_d_prev_sota_atc,4.45,4.43,0.02,raw_atc,4430,4450,4430,4450,0,0,python_round_nearest_even_matches_significance_cutoffs,20,1,1000,5,0.05,1.644853627,3,118,0.003,0.118,indeterminate,Aggregate ABC-D average-tasks-completed score over 1000 sequences; each sequence contributes 0..5.
CALVIN,abc_d_atc,3D Dynamics-Aware Manipulation: Endowing Manipulation Policies with 3D Foresight,leaderboards/stat_significance_sam_export_20260522T233929/sam_calvin_abc_d_official_prev_sota.csv,43,calvin_abc_d_atc,calvin_abc_d_prev_sota_atc,4.23,4.08,0.15,raw_atc,4080,4230,4080,4230,0,0,python_round_nearest_even_matches_significance_cutoffs,150,1,1000,5,0.05,1.644853627,3,151,0.003,0.151,indeterminate,Aggregate ABC-D average-tasks-completed score over 1000 sequences; each sequence contributes 0..5.
CALVIN,abc_d_atc,BEAST: Efficient Tokenization of B-Splines Encoded Action Sequences for Imitation Learning,leaderboards/stat_significance_sam_export_20260522T233929/sam_calvin_abc_d_official_prev_sota.csv,48,calvin_abc_d_atc,calvin_abc_d_prev_sota_atc,4.42,4.29,0.13,raw_atc,4290,4420,4290,4420,0,0,python_round_nearest_even_matches_significance_cutoffs,130,1,1000,5,0.05,1.644853627,3,132,0.003,0.132,indeterminate,Aggregate ABC-D average-tasks-completed score over 1000 sequences; each sequence contributes 0..5.
CALVIN,abc_d_atc,Diffusion Trajectory-guided Policy for Long-horizon Robot Manipulation,leaderboards/stat_significance_sam_export_20260522T233929/sam_calvin_abc_d_official_prev_sota.csv,52,calvin_abc_d_atc,calvin_abc_d_prev_sota_atc,3.43,3.27,0.16,raw_atc,3270,3430,3270,3430,0,0,python_round_nearest_even_matches_significance_cutoffs,160,1,1000,5,0.05,1.644853627,3,210,0.003,0.21,indeterminate,Aggregate ABC-D average-tasks-completed score over 1000 sequences; each sequence contributes 0..5.
CALVIN,abc_d_atc,From Spatial to Actions: Grounding Vision-Language-Action Model in Spatial Foundation Priors,leaderboards/stat_significance_sam_export_20260522T233929/sam_calvin_abc_d_official_prev_sota.csv,59,calvin_abc_d_atc,calvin_abc_d_prev_sota_atc,4.4,4.28,0.12,raw_atc,4280,4400,4280,4400,0,0,python_round_nearest_even_matches_significance_cutoffs,120,1,1000,5,0.05,1.644853627,3,133,0.003,0.133,indeterminate,Aggregate ABC-D average-tasks-completed score over 1000 sequences; each sequence contributes 0..5.
CALVIN,abc_d_atc,GEVRM: Goal-Expressive Video Generation Model For Robust Visual Manipulation,leaderboards/stat_significance_sam_export_20260522T233929/sam_calvin_abc_d_official_prev_sota.csv,61,calvin_abc_d_atc,calvin_abc_d_prev_sota_atc,2.83,2.69,0.14,raw_atc,2690,2830,2690,2830,0,0,python_round_nearest_even_matches_significance_cutoffs,140,1,1000,5,0.05,1.644853627,3,244,0.003,0.244,indeterminate,Aggregate ABC-D average-tasks-completed score over 1000 sequences; each sequence contributes 0..5.
CALVIN,abc_d_atc,GraspCorrect: Robotic Grasp Correction via Vision-Language Model-Guided Feedback,leaderboards/stat_significance_sam_export_20260522T233929/sam_calvin_abc_d_official_prev_sota.csv,62,calvin_abc_d_atc,calvin_abc_d_prev_sota_atc,4.5,4.4,0.1,raw_atc,4400,4500,4400,4500,0,0,python_round_nearest_even_matches_significance_cutoffs,100,1,1000,5,0.05,1.644853627,3,121,0.003,0.121,indeterminate,Aggregate ABC-D average-tasks-completed score over 1000 sequences; each sequence contributes 0..5.
CALVIN,abc_d_atc,"HiF-VLA: Hindsight, Insight and Foresight through Motion Representation for Vision-Language-Action Models",leaderboards/stat_significance_sam_export_20260522T233929/sam_calvin_abc_d_official_prev_sota.csv,64,calvin_abc_d_atc,calvin_abc_d_prev_sota_atc,4.35,4.33,0.02,raw_atc,4330,4350,4330,4350,0,0,python_round_nearest_even_matches_significance_cutoffs,20,1,1000,5,0.05,1.644853627,3,128,0.003,0.128,indeterminate,Aggregate ABC-D average-tasks-completed score over 1000 sequences; each sequence contributes 0..5.
CALVIN,abc_d_atc,RFTF: Reinforcement Fine-tuning for Embodied Agents with Temporal Feedback,leaderboards/stat_significance_sam_export_20260522T233929/sam_calvin_abc_d_official_prev_sota.csv,71,calvin_abc_d_atc,calvin_abc_d_prev_sota_atc,4.296,4.283,0.013,raw_atc,4283,4296,4283,4296,0,0,python_round_nearest_even_matches_significance_cutoffs,13,1,1000,5,0.05,1.644853627,3,133,0.003,0.133,indeterminate,Aggregate ABC-D average-tasks-completed score over 1000 sequences; each sequence contributes 0..5.
CALVIN,abc_d_atc,RoVer: Robot Reward Model as Test-Time Verifier for Vision-Language-Action Model,leaderboards/stat_significance_sam_export_20260522T233929/sam_calvin_abc_d_official_prev_sota.csv,74,calvin_abc_d_atc,calvin_abc_d_prev_sota_atc,4.12,4.01,0.11,raw_atc,4010,4120,4010,4120,0,0,python_round_nearest_even_matches_significance_cutoffs,110,1,1000,5,0.05,1.644853627,3,157,0.003,0.157,indeterminate,Aggregate ABC-D average-tasks-completed score over 1000 sequences; each sequence contributes 0..5.
CALVIN,abc_d_atc,Seeing Space and Motion: Enhancing Latent Actions with Geometric and Dynamic Awareness for Vision-Language-Action Models,leaderboards/stat_significance_sam_export_20260522T233929/sam_calvin_abc_d_official_prev_sota.csv,76,calvin_abc_d_atc,calvin_abc_d_prev_sota_atc,4.38,4.29,0.09,raw_atc,4290,4380,4290,4380,0,0,python_round_nearest_even_matches_significance_cutoffs,90,1,1000,5,0.05,1.644853627,3,132,0.003,0.132,indeterminate,Aggregate ABC-D average-tasks-completed score over 1000 sequences; each sequence contributes 0..5.
CALVIN,abc_d_atc,TriVLA: A Triple-System-Based Unified Vision-Language-Action Model with Episodic World Modeling for General Robot Control,leaderboards/stat_significance_sam_export_20260522T233929/sam_calvin_abc_d_official_prev_sota.csv,77,calvin_abc_d_atc,calvin_abc_d_prev_sota_atc,4.37,4.33,0.04,raw_atc,4330,4370,4330,4370,0,0,python_round_nearest_even_matches_significance_cutoffs,40,1,1000,5,0.05,1.644853627,3,128,0.003,0.128,indeterminate,Aggregate ABC-D average-tasks-completed score over 1000 sequences; each sequence contributes 0..5.
CALVIN,abc_d_atc,Unified Vision-Language-Action Model,leaderboards/stat_significance_sam_export_20260522T233929/sam_calvin_abc_d_official_prev_sota.csv,78,calvin_abc_d_atc,calvin_abc_d_prev_sota_atc,4.41,4.28,0.13,raw_atc,4280,4410,4280,4410,0,0,python_round_nearest_even_matches_significance_cutoffs,130,1,1000,5,0.05,1.644853627,3,133,0.003,0.133,indeterminate,Aggregate ABC-D average-tasks-completed score over 1000 sequences; each sequence contributes 0..5.
CALVIN,abc_d_atc,UniVLA: Learning to Act Anywhere with Task-centric Latent Actions,leaderboards/stat_significance_sam_export_20260522T233929/sam_calvin_abc_d_official_prev_sota.csv,80,calvin_abc_d_atc,calvin_abc_d_prev_sota_atc,3.8,3.66,0.14,raw_atc,3660,3800,3660,3800,0,0,python_round_nearest_even_matches_significance_cutoffs,140,1,1000,5,0.05,1.644853627,3,184,0.003,0.184,indeterminate,Aggregate ABC-D average-tasks-completed score over 1000 sequences; each sequence contributes 0..5.
CALVIN,abc_d_atc,VLA-Adapter: An Effective Paradigm for Tiny-Scale Vision-Language-Action Model,leaderboards/stat_significance_sam_export_20260522T233929/sam_calvin_abc_d_official_prev_sota.csv,85,calvin_abc_d_atc,calvin_abc_d_prev_sota_atc,4.42,4.33,0.09,raw_atc,4330,4420,4330,4420,0,0,python_round_nearest_even_matches_significance_cutoffs,90,1,1000,5,0.05,1.644853627,3,128,0.003,0.128,indeterminate,Aggregate ABC-D average-tasks-completed score over 1000 sequences; each sequence contributes 0..5.
CALVIN,abc_d_atc,Moto: Latent Motion Token as the Bridging Language for Learning Robot Manipulation from Videos,leaderboards/stat_significance_sam_export_20260522T233929/sam_calvin_abc_d_official_prev_sota.csv,96,calvin_abc_d_atc,calvin_abc_d_prev_sota_atc,3.1,3.06,0.04,raw_atc,3060,3100,3060,3100,0,0,python_round_nearest_even_matches_significance_cutoffs,40,1,1000,5,0.05,1.644853627,3,223,0.003,0.223,indeterminate,Aggregate ABC-D average-tasks-completed score over 1000 sequences; each sequence contributes 0..5.
CALVIN,abc_d_atc,VidMan: Exploiting Implicit Dynamics from Video Diffusion Model for Effective Robot Manipulation,leaderboards/stat_significance_sam_export_20260522T233929/sam_calvin_abc_d_official_prev_sota.csv,101,calvin_abc_d_atc,calvin_abc_d_prev_sota_atc,3.42,3.35,0.07,raw_atc,3350,3420,3350,3420,0,0,python_round_nearest_even_matches_significance_cutoffs,70,1,1000,5,0.05,1.644853627,3,205,0.003,0.205,indeterminate,Aggregate ABC-D average-tasks-completed score over 1000 sequences; each sequence contributes 0..5.
CALVIN,abc_d_atc,D IFFUSION T RAJECTORY - GUIDED P OLICY : A N OVEL F RAMEWORK FOR L ONG -H ORIZON R OBOT M ANIPU - LATION,leaderboards/stat_significance_sam_export_20260522T233929/sam_calvin_abc_d_official_prev_sota.csv,109,calvin_abc_d_atc,calvin_abc_d_prev_sota_atc,3.43,3.27,0.16,raw_atc,3270,3430,3270,3430,0,0,python_round_nearest_even_matches_significance_cutoffs,160,1,1000,5,0.05,1.644853627,3,210,0.003,0.21,indeterminate,Aggregate ABC-D average-tasks-completed score over 1000 sequences; each sequence contributes 0..5.
SimplerEnv,widowx_bridge,3D-Mix for VLA: A Plug-and-Play Module for Integrating VGGT-based 3D Information into Vision-Language-Action Models,leaderboards/stat_significance_sam_export_20260522T233929/sam_simplerenv_widowx_bridge_official_prev_sota.csv,2,simplerenv_widowx_bridge_success_rate,simplerenv_widowx_bridge_prev_sota_success_rate,68.23,64.58,3.65,percent,61.9968,65.5008,62,66,-0.0032,-0.4992,python_round_nearest_even_matches_significance_cutoffs,4,1,96,1,0.05,1.644853627,3,13,3.125,13.54166667,indeterminate,Protocol-level binary success rate over 4 tasks x 24 trials; per-task scores are not used in this public aggregate audit.
SimplerEnv,widowx_bridge,AC^2-VLA: Action-Context-Aware Adaptive Computation in Vision-Language-Action Models for Efficient Robotic Manipulation,leaderboards/stat_significance_sam_export_20260522T233929/sam_simplerenv_widowx_bridge_official_prev_sota.csv,3,simplerenv_widowx_bridge_success_rate,simplerenv_widowx_bridge_prev_sota_success_rate,54.5,51.3,3.2,percent,49.248,52.32,49,52,0.248,0.32,python_round_nearest_even_matches_significance_cutoffs,3,1,96,1,0.05,1.644853627,3,15,3.125,15.625,indeterminate,Protocol-level binary success rate over 4 tasks x 24 trials; per-task scores are not used in this public aggregate audit.
SimplerEnv,widowx_bridge,AR-VLA: True Autoregressive Action Expert for Vision-Language-Action Models,leaderboards/stat_significance_sam_export_20260522T233929/sam_simplerenv_widowx_bridge_official_prev_sota.csv,6,simplerenv_widowx_bridge_success_rate,simplerenv_widowx_bridge_prev_sota_success_rate,61.5,52.1,9.4,percent,50.016,59.04,50,59,0.016,0.04,python_round_nearest_even_matches_significance_cutoffs,9,1,96,1,0.05,1.644853627,3,15,3.125,15.625,indeterminate,Protocol-level binary success rate over 4 tasks x 24 trials; per-task scores are not used in this public aggregate audit.
SimplerEnv,widowx_bridge,Beyond Dense Futures: World Models as Structured Planners for Robotic Manipulation,leaderboards/stat_significance_sam_export_20260522T233929/sam_simplerenv_widowx_bridge_official_prev_sota.csv,7,simplerenv_widowx_bridge_success_rate,simplerenv_widowx_bridge_prev_sota_success_rate,75,69.8,5.2,percent,67.008,72,67,72,0.008,0,python_round_nearest_even_matches_significance_cutoffs,5,1,96,1,0.05,1.644853627,3,12,3.125,12.5,indeterminate,Protocol-level binary success rate over 4 tasks x 24 trials; per-task scores are not used in this public aggregate audit.
SimplerEnv,widowx_bridge,DAM-VLA: A Dynamic Action Model-Based Vision-Language-Action Framework for Robot Manipulation,leaderboards/stat_significance_sam_export_20260522T233929/sam_simplerenv_widowx_bridge_official_prev_sota.csv,11,simplerenv_widowx_bridge_success_rate,simplerenv_widowx_bridge_prev_sota_success_rate,71,57,14,percent,54.72,68.16,55,68,-0.28,0.16,python_round_nearest_even_matches_significance_cutoffs,13,1,96,1,0.05,1.644853627,3,14,3.125,14.58333333,indeterminate,Protocol-level binary success rate over 4 tasks x 24 trials; per-task scores are not used in this public aggregate audit.
SimplerEnv,widowx_bridge,DTP: A Simple yet Effective Distracting Token Pruning Framework for Vision-Language Action Models,leaderboards/stat_significance_sam_export_20260522T233929/sam_simplerenv_widowx_bridge_official_prev_sota.csv,12,simplerenv_widowx_bridge_success_rate,simplerenv_widowx_bridge_prev_sota_success_rate,74,68.7,5.3,percent,65.952,71.04,66,71,-0.048,0.04,python_round_nearest_even_matches_significance_cutoffs,5,1,96,1,0.05,1.644853627,3,12,3.125,12.5,indeterminate,Protocol-level binary success rate over 4 tasks x 24 trials; per-task scores are not used in this public aggregate audit.
SimplerEnv,widowx_bridge,Fast-dVLA: Accelerating Discrete Diffusion VLA to Real-Time Performance,leaderboards/stat_significance_sam_export_20260522T233929/sam_simplerenv_widowx_bridge_official_prev_sota.csv,14,simplerenv_widowx_bridge_success_rate,simplerenv_widowx_bridge_prev_sota_success_rate,59.3,55.2,4.1,percent,52.992,56.928,53,57,-0.008,-0.072,python_round_nearest_even_matches_significance_cutoffs,4,1,96,1,0.05,1.644853627,3,14,3.125,14.58333333,indeterminate,Protocol-level binary success rate over 4 tasks x 24 trials; per-task scores are not used in this public aggregate audit.
SimplerEnv,widowx_bridge,FPC-VLA: A vision-language-action framework with a supervisor for failure prediction and correction,leaderboards/stat_significance_sam_export_20260522T233929/sam_simplerenv_widowx_bridge_official_prev_sota.csv,15,simplerenv_widowx_bridge_success_rate,simplerenv_widowx_bridge_prev_sota_success_rate,64.6,51.8,12.8,percent,49.728,62.016,50,62,-0.272,0.016,python_round_nearest_even_matches_significance_cutoffs,12,1,96,1,0.05,1.644853627,3,15,3.125,15.625,indeterminate,Protocol-level binary success rate over 4 tasks x 24 trials; per-task scores are not used in this public aggregate audit.
SimplerEnv,widowx_bridge,FutureVLA: Joint Visuomotor Prediction for Vision-Language-Action Model,leaderboards/stat_significance_sam_export_20260522T233929/sam_simplerenv_widowx_bridge_official_prev_sota.csv,17,simplerenv_widowx_bridge_success_rate,simplerenv_widowx_bridge_prev_sota_success_rate,71.9,61.9,10,percent,59.424,69.024,59,69,0.424,0.024,python_round_nearest_even_matches_significance_cutoffs,10,1,96,1,0.05,1.644853627,3,13,3.125,13.54166667,indeterminate,Protocol-level binary success rate over 4 tasks x 24 trials; per-task scores are not used in this public aggregate audit.
SimplerEnv,widowx_bridge,LaMP: Learning Vision-Language-Action Policies with 3D Scene Flow as Latent Motion Prior,leaderboards/stat_significance_sam_export_20260522T233929/sam_simplerenv_widowx_bridge_official_prev_sota.csv,18,simplerenv_widowx_bridge_success_rate,simplerenv_widowx_bridge_prev_sota_success_rate,79.2,74,5.2,percent,71.04,76.032,71,76,0.04,0.032,python_round_nearest_even_matches_significance_cutoffs,5,1,96,1,0.05,1.644853627,3,11,3.125,11.45833333,indeterminate,Protocol-level binary success rate over 4 tasks x 24 trials; per-task scores are not used in this public aggregate audit.
SimplerEnv,widowx_bridge,LangForce: Bayesian Decomposition of Vision Language Action Models via Latent Action Queries,leaderboards/stat_significance_sam_export_20260522T233929/sam_simplerenv_widowx_bridge_official_prev_sota.csv,19,simplerenv_widowx_bridge_success_rate,simplerenv_widowx_bridge_prev_sota_success_rate,66.5,57.1,9.4,percent,54.816,63.84,55,64,-0.184,-0.16,python_round_nearest_even_matches_significance_cutoffs,9,1,96,1,0.05,1.644853627,3,14,3.125,14.58333333,indeterminate,Protocol-level binary success rate over 4 tasks x 24 trials; per-task scores are not used in this public aggregate audit.
SimplerEnv,widowx_bridge,Latent Reasoning VLA: Latent Thinking and Prediction for Vision-Language-Action Models,leaderboards/stat_significance_sam_export_20260522T233929/sam_simplerenv_widowx_bridge_official_prev_sota.csv,20,simplerenv_widowx_bridge_success_rate,simplerenv_widowx_bridge_prev_sota_success_rate,68.8,62.5,6.3,percent,60,66.048,60,66,0,0.048,python_round_nearest_even_matches_significance_cutoffs,6,1,96,1,0.05,1.644853627,3,13,3.125,13.54166667,indeterminate,Protocol-level binary success rate over 4 tasks x 24 trials; per-task scores are not used in this public aggregate audit.
SimplerEnv,widowx_bridge,MVP-LAM: Learning Action-Centric Latent Action via Cross-Viewpoint Reconstruction,leaderboards/stat_significance_sam_export_20260522T233929/sam_simplerenv_widowx_bridge_official_prev_sota.csv,22,simplerenv_widowx_bridge_success_rate,simplerenv_widowx_bridge_prev_sota_success_rate,60.4,57.3,3.1,percent,55.008,57.984,55,58,0.008,-0.016,python_round_nearest_even_matches_significance_cutoffs,3,1,96,1,0.05,1.644853627,3,14,3.125,14.58333333,indeterminate,Protocol-level binary success rate over 4 tasks x 24 trials; per-task scores are not used in this public aggregate audit.
SimplerEnv,widowx_bridge,Reshaping Action Error Distributions for Reliable Vision-Language-Action Models,leaderboards/stat_significance_sam_export_20260522T233929/sam_simplerenv_widowx_bridge_official_prev_sota.csv,24,simplerenv_widowx_bridge_success_rate,simplerenv_widowx_bridge_prev_sota_success_rate,61.5,53.1,8.4,percent,50.976,59.04,51,59,-0.024,0.04,python_round_nearest_even_matches_significance_cutoffs,8,1,96,1,0.05,1.644853627,3,15,3.125,15.625,indeterminate,Protocol-level binary success rate over 4 tasks x 24 trials; per-task scores are not used in this public aggregate audit.
SimplerEnv,widowx_bridge,RoboVIP: Multi-View Video Generation with Visual Identity Prompting Augments Robot Manipulation,leaderboards/stat_significance_sam_export_20260522T233929/sam_simplerenv_widowx_bridge_official_prev_sota.csv,26,simplerenv_widowx_bridge_success_rate,simplerenv_widowx_bridge_prev_sota_success_rate,29,18.5,10.5,percent,17.76,27.84,18,28,-0.24,-0.16,python_round_nearest_even_matches_significance_cutoffs,10,1,96,1,0.05,1.644853627,3,12,3.125,12.5,indeterminate,Protocol-level binary success rate over 4 tasks x 24 trials; per-task scores are not used in this public aggregate audit.
SimplerEnv,widowx_bridge,SCALE: Self-uncertainty Conditioned Adaptive Looking and Execution for Vision-Language-Action Models,leaderboards/stat_significance_sam_export_20260522T233929/sam_simplerenv_widowx_bridge_official_prev_sota.csv,27,simplerenv_widowx_bridge_success_rate,simplerenv_widowx_bridge_prev_sota_success_rate,49,41.7,7.3,percent,40.032,47.04,40,47,0.032,0.04,python_round_nearest_even_matches_significance_cutoffs,7,1,96,1,0.05,1.644853627,3,16,3.125,16.66666667,indeterminate,Protocol-level binary success rate over 4 tasks x 24 trials; per-task scores are not used in this public aggregate audit.
SimplerEnv,widowx_bridge,Towards Long-Lived Robots: Continual Learning VLA Models via Reinforcement Fine-Tuning,leaderboards/stat_significance_sam_export_20260522T233929/sam_simplerenv_widowx_bridge_official_prev_sota.csv,32,simplerenv_widowx_bridge_success_rate,simplerenv_widowx_bridge_prev_sota_success_rate,69,65.5,3.5,percent,62.88,66.24,63,66,-0.12,0.24,python_round_nearest_even_matches_significance_cutoffs,3,1,96,1,0.05,1.644853627,3,12,3.125,12.5,indeterminate,Protocol-level binary success rate over 4 tasks x 24 trials; per-task scores are not used in this public aggregate audit.
SimplerEnv,widowx_bridge,TwinBrainVLA: Unleashing the Potential of Generalist VLMs for Embodied Tasks via Asymmetric Mixture-of-Transformers,leaderboards/stat_significance_sam_export_20260522T233929/sam_simplerenv_widowx_bridge_official_prev_sota.csv,33,simplerenv_widowx_bridge_success_rate,simplerenv_widowx_bridge_prev_sota_success_rate,64.5,57.1,7.4,percent,54.816,61.92,55,62,-0.184,-0.08,python_round_nearest_even_matches_significance_cutoffs,7,1,96,1,0.05,1.644853627,3,14,3.125,14.58333333,indeterminate,Protocol-level binary success rate over 4 tasks x 24 trials; per-task scores are not used in this public aggregate audit.
SimplerEnv,widowx_bridge,Xiaomi-Robotics-0: An Open-Sourced Vision-Language-Action Model with Real-Time Execution,leaderboards/stat_significance_sam_export_20260522T233929/sam_simplerenv_widowx_bridge_official_prev_sota.csv,38,simplerenv_widowx_bridge_success_rate,simplerenv_widowx_bridge_prev_sota_success_rate,79.2,72.7,6.5,percent,69.792,76.032,70,76,-0.208,0.032,python_round_nearest_even_matches_significance_cutoffs,6,1,96,1,0.05,1.644853627,3,11,3.125,11.45833333,indeterminate,Protocol-level binary success rate over 4 tasks x 24 trials; per-task scores are not used in this public aggregate audit.
SimplerEnv,widowx_bridge,AsyncVLA: Asynchronous Flow Matching for Vision-Language-Action Models,leaderboards/stat_significance_sam_export_20260522T233929/sam_simplerenv_widowx_bridge_official_prev_sota.csv,40,simplerenv_widowx_bridge_success_rate,simplerenv_widowx_bridge_prev_sota_success_rate,70.8,62.5,8.3,percent,60,67.968,60,68,0,-0.032,python_round_nearest_even_matches_significance_cutoffs,8,1,96,1,0.05,1.644853627,3,13,3.125,13.54166667,indeterminate,Protocol-level binary success rate over 4 tasks x 24 trials; per-task scores are not used in this public aggregate audit.
SimplerEnv,widowx_bridge,Bridging Scale Discrepancies in Robotic Control via Language-Based Action Representations,leaderboards/stat_significance_sam_export_20260522T233929/sam_simplerenv_widowx_bridge_official_prev_sota.csv,42,simplerenv_widowx_bridge_success_rate,simplerenv_widowx_bridge_prev_sota_success_rate,35.3,26.7,8.6,percent,25.632,33.888,26,34,-0.368,-0.112,python_round_nearest_even_matches_significance_cutoffs,8,1,96,1,0.05,1.644853627,3,14,3.125,14.58333333,indeterminate,Protocol-level binary success rate over 4 tasks x 24 trials; per-task scores are not used in this public aggregate audit.
SimplerEnv,widowx_bridge,ContextVLA: Vision-Language-Action Model with Amortized Multi-Frame Context,leaderboards/stat_significance_sam_export_20260522T233929/sam_simplerenv_widowx_bridge_official_prev_sota.csv,43,simplerenv_widowx_bridge_success_rate,simplerenv_widowx_bridge_prev_sota_success_rate,70.7,59,11.7,percent,56.64,67.872,57,68,-0.36,-0.128,python_round_nearest_even_matches_significance_cutoffs,11,1,96,1,0.05,1.644853627,3,14,3.125,14.58333333,indeterminate,Protocol-level binary success rate over 4 tasks x 24 trials; per-task scores are not used in this public aggregate audit.
SimplerEnv,widowx_bridge,Developing Vision-Language-Action Model from Egocentric Videos,leaderboards/stat_significance_sam_export_20260522T233929/sam_simplerenv_widowx_bridge_official_prev_sota.csv,46,simplerenv_widowx_bridge_success_rate,simplerenv_widowx_bridge_prev_sota_success_rate,27,23,4,percent,22.08,25.92,22,26,0.08,-0.08,python_round_nearest_even_matches_significance_cutoffs,4,1,96,1,0.05,1.644853627,3,13,3.125,13.54166667,indeterminate,Protocol-level binary success rate over 4 tasks x 24 trials; per-task scores are not used in this public aggregate audit.
SimplerEnv,widowx_bridge,Dream-VL & Dream-VLA: Open Vision-Language and Vision-Language-Action Models with Diffusion Language Model Backbone,leaderboards/stat_significance_sam_export_20260522T233929/sam_simplerenv_widowx_bridge_official_prev_sota.csv,49,simplerenv_widowx_bridge_success_rate,simplerenv_widowx_bridge_prev_sota_success_rate,60.4,55.5,4.9,percent,53.28,57.984,53,58,0.28,-0.016,python_round_nearest_even_matches_significance_cutoffs,5,1,96,1,0.05,1.644853627,3,14,3.125,14.58333333,indeterminate,Protocol-level binary success rate over 4 tasks x 24 trials; per-task scores are not used in this public aggregate audit.
SimplerEnv,widowx_bridge,EO-1: An Open Unified Embodied Foundation Model for General Robot Control,leaderboards/stat_significance_sam_export_20260522T233929/sam_simplerenv_widowx_bridge_official_prev_sota.csv,52,simplerenv_widowx_bridge_success_rate,simplerenv_widowx_bridge_prev_sota_success_rate,72.7,69.2,3.5,percent,66.432,69.792,66,70,0.432,-0.208,python_round_nearest_even_matches_significance_cutoffs,4,1,96,1,0.05,1.644853627,3,12,3.125,12.5,indeterminate,Protocol-level binary success rate over 4 tasks x 24 trials; per-task scores are not used in this public aggregate audit.
SimplerEnv,widowx_bridge,FlowVLA: Visual Chain of Thought-based Motion Reasoning for Vision-Language-Action Models,leaderboards/stat_significance_sam_export_20260522T233929/sam_simplerenv_widowx_bridge_official_prev_sota.csv,57,simplerenv_widowx_bridge_success_rate,simplerenv_widowx_bridge_prev_sota_success_rate,74,65.6,8.4,percent,62.976,71.04,63,71,-0.024,0.04,python_round_nearest_even_matches_significance_cutoffs,8,1,96,1,0.05,1.644853627,3,12,3.125,12.5,indeterminate,Protocol-level binary success rate over 4 tasks x 24 trials; per-task scores are not used in this public aggregate audit.
SimplerEnv,widowx_bridge,From Spatial to Actions: Grounding Vision-Language-Action Model in Spatial Foundation Priors,leaderboards/stat_significance_sam_export_20260522T233929/sam_simplerenv_widowx_bridge_official_prev_sota.csv,59,simplerenv_widowx_bridge_success_rate,simplerenv_widowx_bridge_prev_sota_success_rate,56.3,42.7,13.6,percent,40.992,54.048,41,54,-0.008,0.048,python_round_nearest_even_matches_significance_cutoffs,13,1,96,1,0.05,1.644853627,3,16,3.125,16.66666667,indeterminate,Protocol-level binary success rate over 4 tasks x 24 trials; per-task scores are not used in this public aggregate audit.
SimplerEnv,widowx_bridge,Generalist Robot Manipulation beyond Action Labeled Data,leaderboards/stat_significance_sam_export_20260522T233929/sam_simplerenv_widowx_bridge_official_prev_sota.csv,60,simplerenv_widowx_bridge_success_rate,simplerenv_widowx_bridge_prev_sota_success_rate,68.2,56.8,11.4,percent,54.528,65.472,55,65,-0.472,0.472,python_round_nearest_even_matches_significance_cutoffs,10,1,96,1,0.05,1.644853627,3,14,3.125,14.58333333,indeterminate,Protocol-level binary success rate over 4 tasks x 24 trials; per-task scores are not used in this public aggregate audit.
SimplerEnv,widowx_bridge,HAMLET: Switch your Vision-Language-Action Model into a History-Aware Policy,leaderboards/stat_significance_sam_export_20260522T233929/sam_simplerenv_widowx_bridge_official_prev_sota.csv,61,simplerenv_widowx_bridge_success_rate,simplerenv_widowx_bridge_prev_sota_success_rate,63.5,52.1,11.4,percent,50.016,60.96,50,61,0.016,-0.04,python_round_nearest_even_matches_significance_cutoffs,11,1,96,1,0.05,1.644853627,3,15,3.125,15.625,indeterminate,Protocol-level binary success rate over 4 tasks x 24 trials; per-task scores are not used in this public aggregate audit.
SimplerEnv,widowx_bridge,HyperVLA: Efficient Inference in Vision-Language-Action Models via Hypernetworks,leaderboards/stat_significance_sam_export_20260522T233929/sam_simplerenv_widowx_bridge_official_prev_sota.csv,65,simplerenv_widowx_bridge_success_rate,simplerenv_widowx_bridge_prev_sota_success_rate,40,36,4,percent,34.56,38.4,35,38,-0.44,0.4,python_round_nearest_even_matches_significance_cutoffs,3,1,96,1,0.05,1.644853627,3,16,3.125,16.66666667,indeterminate,Protocol-level binary success rate over 4 tasks x 24 trials; per-task scores are not used in this public aggregate audit.
SimplerEnv,widowx_bridge,LLaDA-VLA: Vision Language Diffusion Action Models,leaderboards/stat_significance_sam_export_20260522T233929/sam_simplerenv_widowx_bridge_official_prev_sota.csv,68,simplerenv_widowx_bridge_success_rate,simplerenv_widowx_bridge_prev_sota_success_rate,55.5,51.3,4.2,percent,49.248,53.28,49,53,0.248,0.28,python_round_nearest_even_matches_significance_cutoffs,4,1,96,1,0.05,1.644853627,3,15,3.125,15.625,indeterminate,Protocol-level binary success rate over 4 tasks x 24 trials; per-task scores are not used in this public aggregate audit.
SimplerEnv,widowx_bridge,MemoryVLA: Perceptual-Cognitive Memory in Vision-Language-Action Models for Robotic Manipulation,leaderboards/stat_significance_sam_export_20260522T233929/sam_simplerenv_widowx_bridge_official_prev_sota.csv,73,simplerenv_widowx_bridge_success_rate,simplerenv_widowx_bridge_prev_sota_success_rate,71.9,68.4,3.5,percent,65.664,69.024,66,69,-0.336,0.024,python_round_nearest_even_matches_significance_cutoffs,3,1,96,1,0.05,1.644853627,3,12,3.125,12.5,indeterminate,Protocol-level binary success rate over 4 tasks x 24 trials; per-task scores are not used in this public aggregate audit.
SimplerEnv,widowx_bridge,mimic-video: Video-Action Models for Generalizable Robot Control Beyond VLAs,leaderboards/stat_significance_sam_export_20260522T233929/sam_simplerenv_widowx_bridge_official_prev_sota.csv,74,simplerenv_widowx_bridge_success_rate,simplerenv_widowx_bridge_prev_sota_success_rate,56.3,45,11.3,percent,43.2,54.048,43,54,0.2,0.048,python_round_nearest_even_matches_significance_cutoffs,11,1,96,1,0.05,1.644853627,3,16,3.125,16.66666667,indeterminate,Protocol-level binary success rate over 4 tasks x 24 trials; per-task scores are not used in this public aggregate audit.
SimplerEnv,widowx_bridge,More than A Point: Capturing Uncertainty with Adaptive Affordance Heatmaps for Spatial Grounding in Robotic Tasks,leaderboards/stat_significance_sam_export_20260522T233929/sam_simplerenv_widowx_bridge_official_prev_sota.csv,75,simplerenv_widowx_bridge_success_rate,simplerenv_widowx_bridge_prev_sota_success_rate,60.5,56.2,4.3,percent,53.952,58.08,54,58,-0.048,0.08,python_round_nearest_even_matches_significance_cutoffs,4,1,96,1,0.05,1.644853627,3,14,3.125,14.58333333,indeterminate,Protocol-level binary success rate over 4 tasks x 24 trials; per-task scores are not used in this public aggregate audit.
SimplerEnv,widowx_bridge,QDepth-VLA: Quantized Depth Prediction as Auxiliary Supervision for Vision-Language-Action Models,leaderboards/stat_significance_sam_export_20260522T233929/sam_simplerenv_widowx_bridge_official_prev_sota.csv,80,simplerenv_widowx_bridge_success_rate,simplerenv_widowx_bridge_prev_sota_success_rate,68.5,60,8.5,percent,57.6,65.76,58,66,-0.4,-0.24,python_round_nearest_even_matches_significance_cutoffs,8,1,96,1,0.05,1.644853627,3,13,3.125,13.54166667,indeterminate,Protocol-level binary success rate over 4 tasks x 24 trials; per-task scores are not used in this public aggregate audit.
SimplerEnv,widowx_bridge,ReBot: Scaling Robot Learning with Real-to-Sim-to-Real Robotic Video Synthesis,leaderboards/stat_significance_sam_export_20260522T233929/sam_simplerenv_widowx_bridge_official_prev_sota.csv,81,simplerenv_widowx_bridge_success_rate,simplerenv_widowx_bridge_prev_sota_success_rate,23.2,16,7.2,percent,15.36,22.272,15,22,0.36,0.272,python_round_nearest_even_matches_significance_cutoffs,7,1,96,1,0.05,1.644853627,3,11,3.125,11.45833333,indeterminate,Protocol-level binary success rate over 4 tasks x 24 trials; per-task scores are not used in this public aggregate audit.
SimplerEnv,widowx_bridge,Reinforcing Action Policies by Prophesying,leaderboards/stat_significance_sam_export_20260522T233929/sam_simplerenv_widowx_bridge_official_prev_sota.csv,82,simplerenv_widowx_bridge_success_rate,simplerenv_widowx_bridge_prev_sota_success_rate,51,42.7,8.3,percent,40.992,48.96,41,49,-0.008,-0.04,python_round_nearest_even_matches_significance_cutoffs,8,1,96,1,0.05,1.644853627,3,16,3.125,16.66666667,indeterminate,Protocol-level binary success rate over 4 tasks x 24 trials; per-task scores are not used in this public aggregate audit.
SimplerEnv,widowx_bridge,RoboMonkey: Scaling Test-Time Sampling and Verification for Vision-Language-Action Models,leaderboards/stat_significance_sam_export_20260522T233929/sam_simplerenv_widowx_bridge_official_prev_sota.csv,83,simplerenv_widowx_bridge_success_rate,simplerenv_widowx_bridge_prev_sota_success_rate,47.5,38.5,9,percent,36.96,45.6,37,46,-0.04,-0.4,python_round_nearest_even_matches_significance_cutoffs,9,1,96,1,0.05,1.644853627,3,16,3.125,16.66666667,indeterminate,Protocol-level binary success rate over 4 tasks x 24 trials; per-task scores are not used in this public aggregate audit.
SimplerEnv,widowx_bridge,SoFar: Language-Grounded Orientation Bridges Spatial Reasoning and Object Manipulation,leaderboards/stat_significance_sam_export_20260522T233929/sam_simplerenv_widowx_bridge_official_prev_sota.csv,85,simplerenv_widowx_bridge_success_rate,simplerenv_widowx_bridge_prev_sota_success_rate,58.3,42.7,15.6,percent,40.992,55.968,41,56,-0.008,-0.032,python_round_nearest_even_matches_significance_cutoffs,15,1,96,1,0.05,1.644853627,3,16,3.125,16.66666667,indeterminate,Protocol-level binary success rate over 4 tasks x 24 trials; per-task scores are not used in this public aggregate audit.
SimplerEnv,widowx_bridge,SP-VLA: A Joint Model Scheduling and Token Pruning Approach for VLA Model Acceleration,leaderboards/stat_significance_sam_export_20260522T233929/sam_simplerenv_widowx_bridge_official_prev_sota.csv,86,simplerenv_widowx_bridge_success_rate,simplerenv_widowx_bridge_prev_sota_success_rate,57.29,51.3,5.99,percent,49.248,54.9984,49,55,0.248,-0.0016,python_round_nearest_even_matches_significance_cutoffs,6,1,96,1,0.05,1.644853627,3,15,3.125,15.625,indeterminate,Protocol-level binary success rate over 4 tasks x 24 trials; per-task scores are not used in this public aggregate audit.
SimplerEnv,widowx_bridge,Spatial Traces: Enhancing VLA Models with Spatial-Temporal Understanding,leaderboards/stat_significance_sam_export_20260522T233929/sam_simplerenv_widowx_bridge_official_prev_sota.csv,87,simplerenv_widowx_bridge_success_rate,simplerenv_widowx_bridge_prev_sota_success_rate,38.1,34.1,4,percent,32.736,36.576,33,37,-0.264,-0.424,python_round_nearest_even_matches_significance_cutoffs,4,1,96,1,0.05,1.644853627,3,15,3.125,15.625,indeterminate,Protocol-level binary success rate over 4 tasks x 24 trials; per-task scores are not used in this public aggregate audit.
SimplerEnv,widowx_bridge,SpatialVLA: Exploring Spatial Representations for Visual-Language-Action Model,leaderboards/stat_significance_sam_export_20260522T233929/sam_simplerenv_widowx_bridge_official_prev_sota.csv,88,simplerenv_widowx_bridge_success_rate,simplerenv_widowx_bridge_prev_sota_success_rate,42.7,31.3,11.4,percent,30.048,40.992,30,41,0.048,-0.008,python_round_nearest_even_matches_significance_cutoffs,11,1,96,1,0.05,1.644853627,3,15,3.125,15.625,indeterminate,Protocol-level binary success rate over 4 tasks x 24 trials; per-task scores are not used in this public aggregate audit.
SimplerEnv,widowx_bridge,SPEAR-1: Scaling Beyond Robot Demonstrations via 3D Understanding,leaderboards/stat_significance_sam_export_20260522T233929/sam_simplerenv_widowx_bridge_official_prev_sota.csv,89,simplerenv_widowx_bridge_success_rate,simplerenv_widowx_bridge_prev_sota_success_rate,57.3,42.7,14.6,percent,40.992,55.008,41,55,-0.008,0.008,python_round_nearest_even_matches_significance_cutoffs,14,1,96,1,0.05,1.644853627,3,16,3.125,16.66666667,indeterminate,Protocol-level binary success rate over 4 tasks x 24 trials; per-task scores are not used in this public aggregate audit.
SimplerEnv,widowx_bridge,STORM: Search-Guided Generative World Models for Robotic Manipulation,leaderboards/stat_significance_sam_export_20260522T233929/sam_simplerenv_widowx_bridge_official_prev_sota.csv,91,simplerenv_widowx_bridge_success_rate,simplerenv_widowx_bridge_prev_sota_success_rate,51,47.9,3.1,percent,45.984,48.96,46,49,-0.016,-0.04,python_round_nearest_even_matches_significance_cutoffs,3,1,96,1,0.05,1.644853627,3,16,3.125,16.66666667,indeterminate,Protocol-level binary success rate over 4 tasks x 24 trials; per-task scores are not used in this public aggregate audit.
SimplerEnv,widowx_bridge,ThinkAct: Vision-Language-Action Reasoning via Reinforced Visual Latent Planning,leaderboards/stat_significance_sam_export_20260522T233929/sam_simplerenv_widowx_bridge_official_prev_sota.csv,92,simplerenv_widowx_bridge_success_rate,simplerenv_widowx_bridge_prev_sota_success_rate,43.8,35.4,8.4,percent,33.984,42.048,34,42,-0.016,0.048,python_round_nearest_even_matches_significance_cutoffs,8,1,96,1,0.05,1.644853627,3,15,3.125,15.625,indeterminate,Protocol-level binary success rate over 4 tasks x 24 trials; per-task scores are not used in this public aggregate audit.
SimplerEnv,widowx_bridge,Unified Diffusion VLA: Vision-Language-Action Model via Joint Discrete Denoising Diffusion Process,leaderboards/stat_significance_sam_export_20260522T233929/sam_simplerenv_widowx_bridge_official_prev_sota.csv,93,simplerenv_widowx_bridge_success_rate,simplerenv_widowx_bridge_prev_sota_success_rate,62.5,59.4,3.1,percent,57.024,60,57,60,0.024,0,python_round_nearest_even_matches_significance_cutoffs,3,1,96,1,0.05,1.644853627,3,14,3.125,14.58333333,indeterminate,Protocol-level binary success rate over 4 tasks x 24 trials; per-task scores are not used in this public aggregate audit.
SimplerEnv,widowx_bridge,Verifier-free Test-Time Sampling for Vision Language Action Models,leaderboards/stat_significance_sam_export_20260522T233929/sam_simplerenv_widowx_bridge_official_prev_sota.csv,97,simplerenv_widowx_bridge_success_rate,simplerenv_widowx_bridge_prev_sota_success_rate,50.3,46.9,3.4,percent,45.024,48.288,45,48,0.024,0.288,python_round_nearest_even_matches_significance_cutoffs,3,1,96,1,0.05,1.644853627,3,16,3.125,16.66666667,indeterminate,Protocol-level binary success rate over 4 tasks x 24 trials; per-task scores are not used in this public aggregate audit.
SimplerEnv,widowx_bridge,VLA-Reasoner: Empowering Vision-Language-Action Models with Reasoning via Online Monte Carlo Tree Search,leaderboards/stat_significance_sam_export_20260522T233929/sam_simplerenv_widowx_bridge_official_prev_sota.csv,101,simplerenv_widowx_bridge_success_rate,simplerenv_widowx_bridge_prev_sota_success_rate,41.8,34,7.8,percent,32.64,40.128,33,40,-0.36,0.128,python_round_nearest_even_matches_significance_cutoffs,7,1,96,1,0.05,1.644853627,3,15,3.125,15.625,indeterminate,Protocol-level binary success rate over 4 tasks x 24 trials; per-task scores are not used in this public aggregate audit.
SimplerEnv,widowx_bridge,Vlaser: Vision-Language-Action Model with Synergistic Embodied Reasoning,leaderboards/stat_significance_sam_export_20260522T233929/sam_simplerenv_widowx_bridge_official_prev_sota.csv,102,simplerenv_widowx_bridge_success_rate,simplerenv_widowx_bridge_prev_sota_success_rate,65.1,54.9,10.2,percent,52.704,62.496,53,62,-0.296,0.496,python_round_nearest_even_matches_significance_cutoffs,9,1,96,1,0.05,1.644853627,3,14,3.125,14.58333333,indeterminate,Protocol-level binary success rate over 4 tasks x 24 trials; per-task scores are not used in this public aggregate audit.
SimplerEnv,widowx_bridge,VOTE: Vision-Language-Action Optimization with Trajectory Ensemble Voting,leaderboards/stat_significance_sam_export_20260522T233929/sam_simplerenv_widowx_bridge_official_prev_sota.csv,103,simplerenv_widowx_bridge_success_rate,simplerenv_widowx_bridge_prev_sota_success_rate,58.3,51.3,7,percent,49.248,55.968,49,56,0.248,-0.032,python_round_nearest_even_matches_significance_cutoffs,7,1,96,1,0.05,1.644853627,3,15,3.125,15.625,indeterminate,Protocol-level binary success rate over 4 tasks x 24 trials; per-task scores are not used in this public aggregate audit.
SimplerEnv,widowx_bridge,Latent Action Pretraining from Videos,leaderboards/stat_significance_sam_export_20260522T233929/sam_simplerenv_widowx_bridge_official_prev_sota.csv,106,simplerenv_widowx_bridge_success_rate,simplerenv_widowx_bridge_prev_sota_success_rate,57.3,51,6.3,percent,48.96,55.008,49,55,-0.04,0.008,python_round_nearest_even_matches_significance_cutoffs,6,1,96,1,0.05,1.644853627,3,15,3.125,15.625,indeterminate,Protocol-level binary success rate over 4 tasks x 24 trials; per-task scores are not used in this public aggregate audit.
SimplerEnv,widowx_bridge,PIVOT-R: Primitive-Driven Waypoint-Aware World Model for Robotic Manipulation,leaderboards/stat_significance_sam_export_20260522T233929/sam_simplerenv_widowx_bridge_official_prev_sota.csv,107,simplerenv_widowx_bridge_success_rate,simplerenv_widowx_bridge_prev_sota_success_rate,39.3,29.5,9.8,percent,28.32,37.728,28,38,0.32,-0.272,python_round_nearest_even_matches_significance_cutoffs,10,1,96,1,0.05,1.644853627,3,14,3.125,14.58333333,indeterminate,Protocol-level binary success rate over 4 tasks x 24 trials; per-task scores are not used in this public aggregate audit.
SimplerEnv,widowx_bridge,OA-WAM: Object-Addressable World Action Model for Robust Robot Manipulation,leaderboards/stat_significance_sam_export_20260522T233929/sam_simplerenv_widowx_bridge_official_prev_sota.csv,110,simplerenv_widowx_bridge_success_rate,simplerenv_widowx_bridge_prev_sota_success_rate,79.3,76,3.3,percent,72.96,76.128,73,76,-0.04,0.128,python_round_nearest_even_matches_significance_cutoffs,3,1,96,1,0.05,1.644853627,3,10,3.125,10.41666667,indeterminate,Protocol-level binary success rate over 4 tasks x 24 trials; per-task scores are not used in this public aggregate audit.
SimplerEnv,widowx_bridge,OFlow: Injecting Object-Aware Temporal Flow Matching for Robust Robotic Manipulation,leaderboards/stat_significance_sam_export_20260522T233929/sam_simplerenv_widowx_bridge_official_prev_sota.csv,111,simplerenv_widowx_bridge_success_rate,simplerenv_widowx_bridge_prev_sota_success_rate,67.1,59.8,7.3,percent,57.408,64.416,57,64,0.408,0.416,python_round_nearest_even_matches_significance_cutoffs,7,1,96,1,0.05,1.644853627,3,14,3.125,14.58333333,indeterminate,Protocol-level binary success rate over 4 tasks x 24 trials; per-task scores are not used in this public aggregate audit.
SimplerEnv,widowx_bridge,ReFineVLA: Multimodal Reasoning-Aware Generalist Robotic Policies via Teacher-Guided Fine-Tuning,leaderboards/stat_significance_sam_export_20260522T233929/sam_simplerenv_widowx_bridge_official_prev_sota.csv,113,simplerenv_widowx_bridge_success_rate,simplerenv_widowx_bridge_prev_sota_success_rate,47.7,42.7,5,percent,40.992,45.792,41,46,-0.008,-0.208,python_round_nearest_even_matches_significance_cutoffs,5,1,96,1,0.05,1.644853627,3,16,3.125,16.66666667,indeterminate,Protocol-level binary success rate over 4 tasks x 24 trials; per-task scores are not used in this public aggregate audit.
SimplerEnv,widowx_bridge,RLDX-1 Technical Report,leaderboards/stat_significance_sam_export_20260522T233929/sam_simplerenv_widowx_bridge_official_prev_sota.csv,114,simplerenv_widowx_bridge_success_rate,simplerenv_widowx_bridge_prev_sota_success_rate,71.9,62,9.9,percent,59.52,69.024,60,69,-0.48,0.024,python_round_nearest_even_matches_significance_cutoffs,9,1,96,1,0.05,1.644853627,3,13,3.125,13.54166667,indeterminate,Protocol-level binary success rate over 4 tasks x 24 trials; per-task scores are not used in this public aggregate audit.
SimplerEnv,widowx_bridge,ST4VLA: Spatially Guided Training for Vision-Language-Action Models,leaderboards/stat_significance_sam_export_20260522T233929/sam_simplerenv_widowx_bridge_official_prev_sota.csv,115,simplerenv_widowx_bridge_success_rate,simplerenv_widowx_bridge_prev_sota_success_rate,73.2,61.9,11.3,percent,59.424,70.272,59,70,0.424,0.272,python_round_nearest_even_matches_significance_cutoffs,11,1,96,1,0.05,1.644853627,3,13,3.125,13.54166667,indeterminate,Protocol-level binary success rate over 4 tasks x 24 trials; per-task scores are not used in this public aggregate audit.
SimplerEnv,widowx_bridge,InternVLA-M1: A Spatially Guided Vision-Language-Action Framework for Generalist Robot Policy,leaderboards/stat_significance_sam_export_20260522T233929/sam_simplerenv_widowx_bridge_official_prev_sota.csv,116,simplerenv_widowx_bridge_success_rate,simplerenv_widowx_bridge_prev_sota_success_rate,71.7,61.9,9.8,percent,59.424,68.832,59,69,0.424,-0.168,python_round_nearest_even_matches_significance_cutoffs,10,1,96,1,0.05,1.644853627,3,13,3.125,13.54166667,indeterminate,Protocol-level binary success rate over 4 tasks x 24 trials; per-task scores are not used in this public aggregate audit.
SimplerEnv,widowx_bridge,Steering Vision-Language-Action Models as Anti-Exploration: A Test-Time Scaling Approach,leaderboards/stat_significance_sam_export_20260522T233929/sam_simplerenv_widowx_bridge_official_prev_sota.csv,117,simplerenv_widowx_bridge_success_rate,simplerenv_widowx_bridge_prev_sota_success_rate,55.5,48,7.5,percent,46.08,53.28,46,53,0.08,0.28,python_round_nearest_even_matches_significance_cutoffs,7,1,96,1,0.05,1.644853627,3,16,3.125,16.66666667,indeterminate,Protocol-level binary success rate over 4 tasks x 24 trials; per-task scores are not used in this public aggregate audit.
SimplerEnv,widowx_bridge,GRAPE: Generalizing Robot Policy via Preference Alignment,leaderboards/stat_significance_sam_export_20260522T233929/sam_simplerenv_widowx_bridge_official_prev_sota.csv,118,simplerenv_widowx_bridge_success_rate,simplerenv_widowx_bridge_prev_sota_success_rate,45.5,32,13.5,percent,30.72,43.68,31,44,-0.28,-0.32,python_round_nearest_even_matches_significance_cutoffs,13,1,96,1,0.05,1.644853627,3,15,3.125,15.625,indeterminate,Protocol-level binary success rate over 4 tasks x 24 trials; per-task scores are not used in this public aggregate audit.
SimplerEnv,widowx_bridge,Green-VLA: Staged Vision-Language-Action Model for Generalist Robots,leaderboards/stat_significance_sam_export_20260522T233929/sam_simplerenv_widowx_bridge_official_prev_sota.csv,120,simplerenv_widowx_bridge_success_rate,simplerenv_widowx_bridge_prev_sota_success_rate,80.5,73.2,7.3,percent,70.272,77.28,70,77,0.272,0.28,python_round_nearest_even_matches_significance_cutoffs,7,1,96,1,0.05,1.644853627,3,11,3.125,11.45833333,indeterminate,Protocol-level binary success rate over 4 tasks x 24 trials; per-task scores are not used in this public aggregate audit.
SimplerEnv,widowx_bridge,"OmniSAT: Compact Action Token, Faster Auto Regression",leaderboards/stat_significance_sam_export_20260522T233929/sam_simplerenv_widowx_bridge_official_prev_sota.csv,122,simplerenv_widowx_bridge_success_rate,simplerenv_widowx_bridge_prev_sota_success_rate,55.2,42.7,12.5,percent,40.992,52.992,41,53,-0.008,-0.008,python_round_nearest_even_matches_significance_cutoffs,12,1,96,1,0.05,1.644853627,3,16,3.125,16.66666667,indeterminate,Protocol-level binary success rate over 4 tasks x 24 trials; per-task scores are not used in this public aggregate audit.
RoboCasa,rss24,Adaptive Action Chunking at Inference-time for Vision-Language-Action Models,leaderboards/stat_significance_sam_export_20260522T233929/sam_robocasa_rss24_official_prev_sota.csv,3,robocasa_rss24_success_rate,robocasa_rss24_prev_sota_success_rate,62,61.2,0.8,percent,734.4,744,734,744,0.4,0,python_round_nearest_even_matches_significance_cutoffs,10,1,1200,1,0.05,1.644853627,3,49,0.25,4.083333333,indeterminate,Protocol-level binary success rate over 24 tasks x 50 trials; per-task scores are not used in this public aggregate audit.
RoboCasa,rss24,Conservative Offline Robot Policy Learning via Posterior-Transition Reweighting,leaderboards/stat_significance_sam_export_20260522T233929/sam_robocasa_rss24_official_prev_sota.csv,6,robocasa_rss24_success_rate,robocasa_rss24_prev_sota_success_rate,55.6,54.2,1.4,percent,650.4,667.2,650,667,0.4,0.2,python_round_nearest_even_matches_significance_cutoffs,17,1,1200,1,0.05,1.644853627,3,54,0.25,4.5,indeterminate,Protocol-level binary success rate over 24 tasks x 50 trials; per-task scores are not used in this public aggregate audit.
RoboCasa,rss24,Cosmos Policy: Fine-Tuning Video Models for Visuomotor Control and Planning,leaderboards/stat_significance_sam_export_20260522T233929/sam_robocasa_rss24_official_prev_sota.csv,7,robocasa_rss24_success_rate,robocasa_rss24_prev_sota_success_rate,67.1,66.4,0.7,percent,796.8,805.2,797,805,-0.2,0.2,python_round_nearest_even_matches_significance_cutoffs,8,1,1200,1,0.05,1.644853627,3,46,0.25,3.833333333,indeterminate,Protocol-level binary success rate over 24 tasks x 50 trials; per-task scores are not used in this public aggregate audit.
RoboCasa,rss24,Joint-Aligned Latent Action: Towards Scalable VLA Pretraining in the Wild,leaderboards/stat_significance_sam_export_20260522T233929/sam_robocasa_rss24_official_prev_sota.csv,8,robocasa_rss24_success_rate,robocasa_rss24_prev_sota_success_rate,35.42,35.17,0.25,percent,422.04,425.04,422,425,0.04,0.04,python_round_nearest_even_matches_significance_cutoffs,3,1,1200,1,0.05,1.644853627,3,50,0.25,4.166666667,indeterminate,Protocol-level binary success rate over 24 tasks x 50 trials; per-task scores are not used in this public aggregate audit.
RoboCasa,rss24,World2Act: Latent Action Post-Training via Skill-Compositional World Models,leaderboards/stat_significance_sam_export_20260522T233929/sam_robocasa_rss24_official_prev_sota.csv,15,robocasa_rss24_success_rate,robocasa_rss24_prev_sota_success_rate,72.6,70.5,2.1,percent,846,871.2,846,871,0,0.2,python_round_nearest_even_matches_significance_cutoffs,25,1,1200,1,0.05,1.644853627,3,43,0.25,3.583333333,indeterminate,Protocol-level binary success rate over 24 tasks x 50 trials; per-task scores are not used in this public aggregate audit.
RoboCasa,rss24,Action Tokenizer Matters in In-Context Imitation Learning,leaderboards/stat_significance_sam_export_20260522T233929/sam_robocasa_rss24_official_prev_sota.csv,16,robocasa_rss24_success_rate,robocasa_rss24_prev_sota_success_rate,53,48.9,4.1,percent,586.8,636,587,636,-0.2,0,python_round_nearest_even_matches_significance_cutoffs,49,1,1200,1,0.05,1.644853627,3,57,0.25,4.75,indeterminate,Protocol-level binary success rate over 24 tasks x 50 trials; per-task scores are not used in this public aggregate audit.
RoboCasa,rss24,Spatial-Aware VLA Pretraining through Visual-Physical Alignment from Human Videos,leaderboards/stat_significance_sam_export_20260522T233929/sam_robocasa_rss24_official_prev_sota.csv,24,robocasa_rss24_success_rate,robocasa_rss24_prev_sota_success_rate,45.8,41.4,4.4,percent,496.8,549.6,497,550,-0.2,-0.4,python_round_nearest_even_matches_significance_cutoffs,53,1,1200,1,0.05,1.644853627,3,54,0.25,4.5,indeterminate,Protocol-level binary success rate over 24 tasks x 50 trials; per-task scores are not used in this public aggregate audit.
RoboCasa,rss24,Verifier-free Test-Time Sampling for Vision Language Action Models,leaderboards/stat_significance_sam_export_20260522T233929/sam_robocasa_rss24_official_prev_sota.csv,26,robocasa_rss24_success_rate,robocasa_rss24_prev_sota_success_rate,62.9,61.2,1.7,percent,734.4,754.8,734,755,0.4,-0.2,python_round_nearest_even_matches_significance_cutoffs,21,1,1200,1,0.05,1.644853627,3,49,0.25,4.083333333,indeterminate,Protocol-level binary success rate over 24 tasks x 50 trials; per-task scores are not used in this public aggregate audit.
RoboCasa,rss24,Is the Future Compatible? Diagnosing Dynamic Consistency in World Action Models,leaderboards/stat_significance_sam_export_20260522T233929/sam_robocasa_rss24_official_prev_sota.csv,31,robocasa_rss24_success_rate,robocasa_rss24_prev_sota_success_rate,68,67.4,0.6,percent,808.8,816,809,816,-0.2,1.136868377e-13,python_round_nearest_even_matches_significance_cutoffs,7,1,1200,1,0.05,1.644853627,3,45,0.25,3.75,indeterminate,Protocol-level binary success rate over 24 tasks x 50 trials; per-task scores are not used in this public aggregate audit.
RoboCasa,rss24,Being-H0: Vision-Language-Action Pretraining from Large-Scale Human Videos,leaderboards/stat_significance_sam_export_20260522T233929/sam_robocasa_rss24_official_prev_sota.csv,33,robocasa_rss24_success_rate,robocasa_rss24_prev_sota_success_rate,23.8,21,2.8,percent,252,285.6,252,286,0,-0.4,python_round_nearest_even_matches_significance_cutoffs,34,1,1200,1,0.05,1.644853627,3,39,0.25,3.25,indeterminate,Protocol-level binary success rate over 24 tasks x 50 trials; per-task scores are not used in this public aggregate audit.
RoboTwin2,hard_randomized,AIM: Intent-Aware Unified world action Modeling with Spatial Value Maps,leaderboards/stat_significance_sam_export_20260522T233929/sam_robotwin2_randomized_augmented_official_prev_sota.csv,4,robotwin2_hard_randomized_success_rate,robotwin2_hard_randomized_50clean_500rand_prev_sota_success_rate,92.1,91.8,0.3,percent,4590,4605,4590,4605,0,0,python_round_nearest_even_matches_significance_cutoffs,15,1,5000,1,0.05,1.644853627,3,46,0.06,0.92,indeterminate,Protocol-level binary success rate over 50 tasks x 100 trials; per-task scores are not used in this public aggregate audit.
RoboTwin2,hard_randomized,Fast-WAM: Do World Action Models Need Test-time Future Imagination?,leaderboards/stat_significance_sam_export_20260522T233929/sam_robotwin2_randomized_augmented_official_prev_sota.csv,8,robotwin2_hard_randomized_success_rate,robotwin2_hard_randomized_50clean_500rand_prev_sota_success_rate,91.78,91.5,0.28,percent,4575,4589,4575,4589,0,0,python_round_nearest_even_matches_significance_cutoffs,14,1,5000,1,0.05,1.644853627,3,47,0.06,0.94,indeterminate,Protocol-level binary success rate over 50 tasks x 100 trials; per-task scores are not used in this public aggregate audit.
RoboTwin2,hard_randomized,Privileged Foresight Distillation: Zero-Cost Future Correction for World Action Models,leaderboards/stat_significance_sam_export_20260522T233929/sam_robotwin2_randomized_augmented_official_prev_sota.csv,15,robotwin2_hard_randomized_success_rate,robotwin2_hard_randomized_50clean_500rand_prev_sota_success_rate,92.69,91.78,0.91,percent,4589,4634.5,4589,4634,0,0.5,python_round_nearest_even_matches_significance_cutoffs,45,1,5000,1,0.05,1.644853627,3,46,0.06,0.92,indeterminate,Protocol-level binary success rate over 50 tasks x 100 trials; per-task scores are not used in this public aggregate audit.
