benchmark,track,paper_name,source_csv,source_line,current_column,previous_sota_column,current_score,previous_sota_score,reported_delta,score_unit,previous_sota_scaled_count,current_scaled_count,previous_sota_count,current_count,previous_sota_rounding_residual,current_rounding_residual,count_rounding_method,count_delta,T,S,R,alpha,z_critical,necessary_count_delta,sufficient_count_delta,necessary_score_delta,sufficient_score_delta,category,notes
LIBERO,spatial,Diffusion Transformer Policy,leaderboards/stat_significance_sam_export_20260522T233929/sam_libero_official_prev_sota.csv,6,libero_spatial,libero_spatial_prev_sota,84.2,84.9,-0.7,percent,424.5,421,425,421,-0.5,5.684341886e-14,python_round_nearest_even_matches_significance_cutoffs,-4,10,50,1,0.05,1.644853627,3,19,0.6,3.8,no_improvement,Per-suite binary success rate over 10 tasks x 50 official trials.
LIBERO,spatial,ActDistill: General Action-Guided Self-Derived Distillation for Efficient Vision-Language-Action Models,leaderboards/stat_significance_sam_export_20260522T233929/sam_libero_official_prev_sota.csv,21,libero_spatial,libero_spatial_prev_sota,81.8,84.4,-2.6,percent,422,409,422,409,5.684341886e-14,0,python_round_nearest_even_matches_significance_cutoffs,-13,10,50,1,0.05,1.644853627,3,20,0.6,4,no_improvement,Per-suite binary success rate over 10 tasks x 50 official trials.
LIBERO,spatial,AsyncVLA: Asynchronous Flow Matching for Vision-Language-Action Models,leaderboards/stat_significance_sam_export_20260522T233929/sam_libero_official_prev_sota.csv,24,libero_spatial,libero_spatial_prev_sota,98.4,98.8,-0.4,percent,494,492,494,492,0,5.684341886e-14,python_round_nearest_even_matches_significance_cutoffs,-2,10,50,1,0.05,1.644853627,3,5,0.6,1,no_improvement,Per-suite binary success rate over 10 tasks x 50 official trials.
LIBERO,spatial,BitVLA: 1-bit Vision-Language-Action Models for Robotics Manipulation,leaderboards/stat_significance_sam_export_20260522T233929/sam_libero_official_prev_sota.csv,30,libero_spatial,libero_spatial_prev_sota,96.6,97.6,-1,percent,488,483,488,483,0,0,python_round_nearest_even_matches_significance_cutoffs,-5,10,50,1,0.05,1.644853627,3,7,0.6,1.4,no_improvement,Per-suite binary success rate over 10 tasks x 50 official trials.
LIBERO,spatial,CLIP-RT: Learning Language-Conditioned Robotic Policies from Natural Language Supervision,leaderboards/stat_significance_sam_export_20260522T233929/sam_libero_official_prev_sota.csv,32,libero_spatial,libero_spatial_prev_sota,95.2,96.2,-1,percent,481,476,481,476,5.684341886e-14,5.684341886e-14,python_round_nearest_even_matches_significance_cutoffs,-5,10,50,1,0.05,1.644853627,3,9,0.6,1.8,no_improvement,Per-suite binary success rate over 10 tasks x 50 official trials.
LIBERO,spatial,Compressor-VLA: Instruction-Guided Visual Token Compression for Efficient Robotic Manipulation,leaderboards/stat_significance_sam_export_20260522T233929/sam_libero_official_prev_sota.csv,35,libero_spatial,libero_spatial_prev_sota,98.8,99,-0.2,percent,495,494,495,494,0,0,python_round_nearest_even_matches_significance_cutoffs,-1,10,50,1,0.05,1.644853627,3,5,0.6,1,no_improvement,Per-suite binary success rate over 10 tasks x 50 official trials.
LIBERO,spatial,Conditioning Matters: Training Diffusion Policies is Faster Than You Think,leaderboards/stat_significance_sam_export_20260522T233929/sam_libero_official_prev_sota.csv,36,libero_spatial,libero_spatial_prev_sota,97.5,97.6,-0.1,percent,488,487.5,488,488,0,-0.5,python_round_nearest_even_matches_significance_cutoffs,0,10,50,1,0.05,1.644853627,3,7,0.6,1.4,no_improvement,Per-suite binary success rate over 10 tasks x 50 official trials.
LIBERO,spatial,CronusVLA: Towards Efficient and Robust Manipulation via Multi-Frame Vision-Language-Action Modeling,leaderboards/stat_significance_sam_export_20260522T233929/sam_libero_official_prev_sota.csv,39,libero_spatial,libero_spatial_prev_sota,97.3,97.6,-0.3,percent,488,486.5,488,486,0,0.5,python_round_nearest_even_matches_significance_cutoffs,-2,10,50,1,0.05,1.644853627,3,7,0.6,1.4,no_improvement,Per-suite binary success rate over 10 tasks x 50 official trials.
LIBERO,spatial,D2E: Scaling Vision-Action Pretraining on Desktop Data for Transfer to Embodied AI,leaderboards/stat_significance_sam_export_20260522T233929/sam_libero_official_prev_sota.csv,41,libero_spatial,libero_spatial_prev_sota,95.8,98,-2.2,percent,490,479,490,479,0,0,python_round_nearest_even_matches_significance_cutoffs,-11,10,50,1,0.05,1.644853627,3,7,0.6,1.4,no_improvement,Per-suite binary success rate over 10 tasks x 50 official trials.
LIBERO,spatial,Decoupled Action Expert: Confining Task Knowledge to the Conditioning Pathway,leaderboards/stat_significance_sam_export_20260522T233929/sam_libero_official_prev_sota.csv,42,libero_spatial,libero_spatial_prev_sota,87.1,89.5,-2.4,percent,447.5,435.5,448,436,-0.5,-0.5,python_round_nearest_even_matches_significance_cutoffs,-12,10,50,1,0.05,1.644853627,3,16,0.6,3.2,no_improvement,Per-suite binary success rate over 10 tasks x 50 official trials.
LIBERO,spatial,DeepThinkVLA: Enhancing Reasoning Capability of Vision-Language-Action Models,leaderboards/stat_significance_sam_export_20260522T233929/sam_libero_official_prev_sota.csv,43,libero_spatial,libero_spatial_prev_sota,96.6,96.8,-0.2,percent,484,483,484,483,0,0,python_round_nearest_even_matches_significance_cutoffs,-1,10,50,1,0.05,1.644853627,3,9,0.6,1.8,no_improvement,Per-suite binary success rate over 10 tasks x 50 official trials.
LIBERO,spatial,DepthVLA: Enhancing Vision-Language-Action Models with Depth-Aware Spatial Reasoning,leaderboards/stat_significance_sam_export_20260522T233929/sam_libero_official_prev_sota.csv,45,libero_spatial,libero_spatial_prev_sota,96.4,97.5,-1.1,percent,487.5,482,488,482,-0.5,5.684341886e-14,python_round_nearest_even_matches_significance_cutoffs,-6,10,50,1,0.05,1.644853627,3,7,0.6,1.4,no_improvement,Per-suite binary success rate over 10 tasks x 50 official trials.
LIBERO,spatial,Don't Run with Scissors: Pruning Breaks VLA Models but They Can Be Recovered,leaderboards/stat_significance_sam_export_20260522T233929/sam_libero_official_prev_sota.csv,50,libero_spatial,libero_spatial_prev_sota,60.2,88.4,-28.2,percent,442,301,442,301,0,0,python_round_nearest_even_matches_significance_cutoffs,-141,10,50,1,0.05,1.644853627,3,17,0.6,3.4,no_improvement,Per-suite binary success rate over 10 tasks x 50 official trials.
LIBERO,spatial,Dream-VL & Dream-VLA: Open Vision-Language and Vision-Language-Action Models with Diffusion Language Model Backbone,leaderboards/stat_significance_sam_export_20260522T233929/sam_libero_official_prev_sota.csv,51,libero_spatial,libero_spatial_prev_sota,97.6,97.6,0,percent,488,488,488,488,0,0,python_round_nearest_even_matches_significance_cutoffs,0,10,50,1,0.05,1.644853627,3,7,0.6,1.4,no_improvement,Per-suite binary success rate over 10 tasks x 50 official trials.
LIBERO,spatial,"End-to-end Listen, Look, Speak and Act",leaderboards/stat_significance_sam_export_20260522T233929/sam_libero_official_prev_sota.csv,55,libero_spatial,libero_spatial_prev_sota,90.8,96.4,-5.6,percent,482,454,482,454,5.684341886e-14,-5.684341886e-14,python_round_nearest_even_matches_significance_cutoffs,-28,10,50,1,0.05,1.644853627,3,9,0.6,1.8,no_improvement,Per-suite binary success rate over 10 tasks x 50 official trials.
LIBERO,spatial,Evo-1: Lightweight Vision-Language-Action Model with Preserved Semantic Alignment,leaderboards/stat_significance_sam_export_20260522T233929/sam_libero_official_prev_sota.csv,57,libero_spatial,libero_spatial_prev_sota,92.7,96.8,-4.1,percent,484,463.5,484,464,0,-0.5,python_round_nearest_even_matches_significance_cutoffs,-20,10,50,1,0.05,1.644853627,3,9,0.6,1.8,no_improvement,Per-suite binary success rate over 10 tasks x 50 official trials.
LIBERO,spatial,EVOLVE-VLA: Test-Time Training from Environment Feedback for Vision-Language-Action Models,leaderboards/stat_significance_sam_export_20260522T233929/sam_libero_official_prev_sota.csv,58,libero_spatial,libero_spatial_prev_sota,95.4,96.8,-1.4,percent,484,477,484,477,0,5.684341886e-14,python_round_nearest_even_matches_significance_cutoffs,-7,10,50,1,0.05,1.644853627,3,9,0.6,1.8,no_improvement,Per-suite binary success rate over 10 tasks x 50 official trials.
LIBERO,spatial,ExpReS-VLA: Specializing Vision-Language-Action Models Through Experience Replay and Retrieval,leaderboards/stat_significance_sam_export_20260522T233929/sam_libero_official_prev_sota.csv,59,libero_spatial,libero_spatial_prev_sota,93.1,95.2,-2.1,percent,476,465.5,476,465,5.684341886e-14,0.5,python_round_nearest_even_matches_significance_cutoffs,-11,10,50,1,0.05,1.644853627,3,11,0.6,2.2,no_improvement,Per-suite binary success rate over 10 tasks x 50 official trials.
LIBERO,spatial,FASTer: Toward Efficient Autoregressive Vision Language Action Modeling via Neural Action Tokenization,leaderboards/stat_significance_sam_export_20260522T233929/sam_libero_official_prev_sota.csv,62,libero_spatial,libero_spatial_prev_sota,98,98.8,-0.8,percent,494,490,494,490,0,0,python_round_nearest_even_matches_significance_cutoffs,-4,10,50,1,0.05,1.644853627,3,5,0.6,1,no_improvement,Per-suite binary success rate over 10 tasks x 50 official trials.
LIBERO,spatial,FLOWER: Democratizing Generalist Robot Policies with Efficient Vision-Language-Action Flow Policies,leaderboards/stat_significance_sam_export_20260522T233929/sam_libero_official_prev_sota.csv,64,libero_spatial,libero_spatial_prev_sota,97.5,98,-0.5,percent,490,487.5,490,488,0,-0.5,python_round_nearest_even_matches_significance_cutoffs,-2,10,50,1,0.05,1.644853627,3,7,0.6,1.4,no_improvement,Per-suite binary success rate over 10 tasks x 50 official trials.
LIBERO,spatial,From Grounding to Manipulation: Case Studies of Foundation Model Integration in Embodied Robotic Systems,leaderboards/stat_significance_sam_export_20260522T233929/sam_libero_official_prev_sota.csv,67,libero_spatial,libero_spatial_prev_sota,92.2,96.8,-4.6,percent,484,461,484,461,0,0,python_round_nearest_even_matches_significance_cutoffs,-23,10,50,1,0.05,1.644853627,3,9,0.6,1.8,no_improvement,Per-suite binary success rate over 10 tasks x 50 official trials.
LIBERO,spatial,GeoAware-VLA: Implicit Geometry Aware Vision-Language-Action Model,leaderboards/stat_significance_sam_export_20260522T233929/sam_libero_official_prev_sota.csv,68,libero_spatial,libero_spatial_prev_sota,95,98,-3,percent,490,475,490,475,0,0,python_round_nearest_even_matches_significance_cutoffs,-15,10,50,1,0.05,1.644853627,3,7,0.6,1.4,no_improvement,Per-suite binary success rate over 10 tasks x 50 official trials.
LIBERO,spatial,How Do VLAs Effectively Inherit from VLMs?,leaderboards/stat_significance_sam_export_20260522T233929/sam_libero_official_prev_sota.csv,74,libero_spatial,libero_spatial_prev_sota,82,97,-15,percent,485,410,485,410,0,0,python_round_nearest_even_matches_significance_cutoffs,-75,10,50,1,0.05,1.644853627,3,8,0.6,1.6,no_improvement,Per-suite binary success rate over 10 tasks x 50 official trials.
LIBERO,spatial,Hybrid Training for Vision-Language-Action Models,leaderboards/stat_significance_sam_export_20260522T233929/sam_libero_official_prev_sota.csv,75,libero_spatial,libero_spatial_prev_sota,94,96.4,-2.4,percent,482,470,482,470,5.684341886e-14,0,python_round_nearest_even_matches_significance_cutoffs,-12,10,50,1,0.05,1.644853627,3,9,0.6,1.8,no_improvement,Per-suite binary success rate over 10 tasks x 50 official trials.
LIBERO,spatial,InternVLA-M1: A Spatially Guided Vision-Language-Action Framework for Generalist Robot Policy,leaderboards/stat_significance_sam_export_20260522T233929/sam_libero_official_prev_sota.csv,80,libero_spatial,libero_spatial_prev_sota,98,98,0,percent,490,490,490,490,0,0,python_round_nearest_even_matches_significance_cutoffs,0,10,50,1,0.05,1.644853627,3,7,0.6,1.4,no_improvement,Per-suite binary success rate over 10 tasks x 50 official trials.
LIBERO,spatial,MergeVLA: Cross-Skill Model Merging Toward a Generalist Vision-Language-Action Agent,leaderboards/stat_significance_sam_export_20260522T233929/sam_libero_official_prev_sota.csv,94,libero_spatial,libero_spatial_prev_sota,94.8,99.6,-4.8,percent,498,474,498,474,0,0,python_round_nearest_even_matches_significance_cutoffs,-24,10,50,1,0.05,1.644853627,unknown,unknown,unknown,unknown,no_improvement,Per-suite binary success rate over 10 tasks x 50 official trials.
LIBERO,spatial,MetaVLA: Unified Meta Co-training For Efficient Embodied Adaption,leaderboards/stat_significance_sam_export_20260522T233929/sam_libero_official_prev_sota.csv,95,libero_spatial,libero_spatial_prev_sota,89.9,98.8,-8.9,percent,494,449.5,494,450,0,-0.5,python_round_nearest_even_matches_significance_cutoffs,-44,10,50,1,0.05,1.644853627,3,5,0.6,1,no_improvement,Per-suite binary success rate over 10 tasks x 50 official trials.
LIBERO,spatial,Mixture of Horizons in Action Chunking,leaderboards/stat_significance_sam_export_20260522T233929/sam_libero_official_prev_sota.csv,96,libero_spatial,libero_spatial_prev_sota,98.8,99.4,-0.6,percent,497,494,497,494,5.684341886e-14,0,python_round_nearest_even_matches_significance_cutoffs,-3,10,50,1,0.05,1.644853627,3,3,0.6,0.6,no_improvement,Per-suite binary success rate over 10 tasks x 50 official trials.
LIBERO,spatial,Multimodal Reinforcement Learning with Adaptive Verifier for AI Agents,leaderboards/stat_significance_sam_export_20260522T233929/sam_libero_official_prev_sota.csv,97,libero_spatial,libero_spatial_prev_sota,91.2,93.6,-2.4,percent,468,456,468,456,0,0,python_round_nearest_even_matches_significance_cutoffs,-12,10,50,1,0.05,1.644853627,3,12,0.6,2.4,no_improvement,Per-suite binary success rate over 10 tasks x 50 official trials.
LIBERO,spatial,Reflection-Based Task Adaptation for Self-Improving VLA,leaderboards/stat_significance_sam_export_20260522T233929/sam_libero_official_prev_sota.csv,100,libero_spatial,libero_spatial_prev_sota,92,96.4,-4.4,percent,482,460,482,460,5.684341886e-14,0,python_round_nearest_even_matches_significance_cutoffs,-22,10,50,1,0.05,1.644853627,3,9,0.6,1.8,no_improvement,Per-suite binary success rate over 10 tasks x 50 official trials.
LIBERO,spatial,Robotic VLA Benefits from Joint Learning with Motion Image Diffusion,leaderboards/stat_significance_sam_export_20260522T233929/sam_libero_official_prev_sota.csv,108,libero_spatial,libero_spatial_prev_sota,98.4,98.8,-0.4,percent,494,492,494,492,0,5.684341886e-14,python_round_nearest_even_matches_significance_cutoffs,-2,10,50,1,0.05,1.644853627,3,5,0.6,1,no_improvement,Per-suite binary success rate over 10 tasks x 50 official trials.
LIBERO,spatial,Saliency-Aware Quantized Imitation Learning for Efficient Robotic Control,leaderboards/stat_significance_sam_export_20260522T233929/sam_libero_official_prev_sota.csv,110,libero_spatial,libero_spatial_prev_sota,83.9,84,-0.1,percent,420,419.5,420,420,0,-0.5,python_round_nearest_even_matches_significance_cutoffs,0,10,50,1,0.05,1.644853627,3,20,0.6,4,no_improvement,Per-suite binary success rate over 10 tasks x 50 official trials.
LIBERO,spatial,SmolVLA: A Vision-Language-Action Model for Affordable and Efficient Robotics,leaderboards/stat_significance_sam_export_20260522T233929/sam_libero_official_prev_sota.csv,114,libero_spatial,libero_spatial_prev_sota,90,90,0,percent,450,450,450,450,0,0,python_round_nearest_even_matches_significance_cutoffs,0,10,50,1,0.05,1.644853627,3,16,0.6,3.2,no_improvement,Per-suite binary success rate over 10 tasks x 50 official trials.
LIBERO,spatial,SpecPrune-VLA: Accelerating Vision-Language-Action Models via Action-Aware Self-Speculative Pruning,leaderboards/stat_significance_sam_export_20260522T233929/sam_libero_official_prev_sota.csv,119,libero_spatial,libero_spatial_prev_sota,97.4,99,-1.6,percent,495,487,495,487,0,5.684341886e-14,python_round_nearest_even_matches_significance_cutoffs,-8,10,50,1,0.05,1.644853627,3,5,0.6,1,no_improvement,Per-suite binary success rate over 10 tasks x 50 official trials.
LIBERO,spatial,"Think Twice, Act Once: Token-Aware Compression and Action Reuse for Efficient Inference in Vision-Language-Action Models",leaderboards/stat_significance_sam_export_20260522T233929/sam_libero_official_prev_sota.csv,124,libero_spatial,libero_spatial_prev_sota,82.6,84.2,-1.6,percent,421,413,421,413,5.684341886e-14,0,python_round_nearest_even_matches_significance_cutoffs,-8,10,50,1,0.05,1.644853627,3,20,0.6,4,no_improvement,Per-suite binary success rate over 10 tasks x 50 official trials.
LIBERO,spatial,Unified Diffusion VLA: Vision-Language-Action Model via Joint Discrete Denoising Diffusion Process,leaderboards/stat_significance_sam_export_20260522T233929/sam_libero_official_prev_sota.csv,126,libero_spatial,libero_spatial_prev_sota,94.1,97.5,-3.4,percent,487.5,470.5,488,470,-0.5,0.5,python_round_nearest_even_matches_significance_cutoffs,-18,10,50,1,0.05,1.644853627,3,7,0.6,1.4,no_improvement,Per-suite binary success rate over 10 tasks x 50 official trials.
LIBERO,spatial,Unified Vision-Language-Action Model,leaderboards/stat_significance_sam_export_20260522T233929/sam_libero_official_prev_sota.csv,128,libero_spatial,libero_spatial_prev_sota,95.4,96.4,-1,percent,482,477,482,477,5.684341886e-14,5.684341886e-14,python_round_nearest_even_matches_significance_cutoffs,-5,10,50,1,0.05,1.644853627,3,9,0.6,1.8,no_improvement,Per-suite binary success rate over 10 tasks x 50 official trials.
LIBERO,spatial,Verifier-free Test-Time Sampling for Vision Language Action Models,leaderboards/stat_significance_sam_export_20260522T233929/sam_libero_official_prev_sota.csv,130,libero_spatial,libero_spatial_prev_sota,97.2,97.4,-0.2,percent,487,486,487,486,5.684341886e-14,0,python_round_nearest_even_matches_significance_cutoffs,-1,10,50,1,0.05,1.644853627,3,8,0.6,1.6,no_improvement,Per-suite binary success rate over 10 tasks x 50 official trials.
LIBERO,spatial,VLA-0: Building State-of-the-Art VLAs with Zero Modification,leaderboards/stat_significance_sam_export_20260522T233929/sam_libero_official_prev_sota.csv,133,libero_spatial,libero_spatial_prev_sota,97,98,-1,percent,490,485,490,485,0,0,python_round_nearest_even_matches_significance_cutoffs,-5,10,50,1,0.05,1.644853627,3,7,0.6,1.4,no_improvement,Per-suite binary success rate over 10 tasks x 50 official trials.
LIBERO,spatial,VLA-RL: Towards Masterful and General Robotic Manipulation with Scalable Reinforcement Learning,leaderboards/stat_significance_sam_export_20260522T233929/sam_libero_official_prev_sota.csv,137,libero_spatial,libero_spatial_prev_sota,90.2,96.4,-6.2,percent,482,451,482,451,5.684341886e-14,0,python_round_nearest_even_matches_significance_cutoffs,-31,10,50,1,0.05,1.644853627,3,9,0.6,1.8,no_improvement,Per-suite binary success rate over 10 tasks x 50 official trials.
LIBERO,spatial,WorldVLA: Towards Autoregressive Action World Model,leaderboards/stat_significance_sam_export_20260522T233929/sam_libero_official_prev_sota.csv,141,libero_spatial,libero_spatial_prev_sota,87.6,96.9,-9.3,percent,484.5,438,485,438,-0.5,-5.684341886e-14,python_round_nearest_even_matches_significance_cutoffs,-47,10,50,1,0.05,1.644853627,3,8,0.6,1.6,no_improvement,Per-suite binary success rate over 10 tasks x 50 official trials.
LIBERO,spatial,X-VLA: Soft-Prompted Transformer as Scalable Cross-Embodiment Vision-Language-Action Model,leaderboards/stat_significance_sam_export_20260522T233929/sam_libero_official_prev_sota.csv,142,libero_spatial,libero_spatial_prev_sota,98.2,98.4,-0.2,percent,492,491,492,491,5.684341886e-14,0,python_round_nearest_even_matches_significance_cutoffs,-1,10,50,1,0.05,1.644853627,3,6,0.6,1.2,no_improvement,Per-suite binary success rate over 10 tasks x 50 official trials.
LIBERO,spatial,"A1: A Fully Transparent Open-Source, Adaptive and Efficient Truncated Vision-Language-Action Model",leaderboards/stat_significance_sam_export_20260522T233929/sam_libero_official_prev_sota.csv,144,libero_spatial,libero_spatial_prev_sota,97.4,98.8,-1.4,percent,494,487,494,487,0,5.684341886e-14,python_round_nearest_even_matches_significance_cutoffs,-7,10,50,1,0.05,1.644853627,3,5,0.6,1,no_improvement,Per-suite binary success rate over 10 tasks x 50 official trials.
LIBERO,spatial,ACoT-VLA: Action Chain-of-Thought for Vision-Language-Action Models,leaderboards/stat_significance_sam_export_20260522T233929/sam_libero_official_prev_sota.csv,146,libero_spatial,libero_spatial_prev_sota,98.6,98.8,-0.2,percent,494,493,494,493,0,0,python_round_nearest_even_matches_significance_cutoffs,-1,10,50,1,0.05,1.644853627,3,5,0.6,1,no_improvement,Per-suite binary success rate over 10 tasks x 50 official trials.
LIBERO,spatial,AtomicVLA: Unlocking the Potential of Atomic Skill Learning in Robots,leaderboards/stat_significance_sam_export_20260522T233929/sam_libero_official_prev_sota.csv,155,libero_spatial,libero_spatial_prev_sota,98.8,98.8,0,percent,494,494,494,494,0,0,python_round_nearest_even_matches_significance_cutoffs,0,10,50,1,0.05,1.644853627,3,5,0.6,1,no_improvement,Per-suite binary success rate over 10 tasks x 50 official trials.
LIBERO,spatial,AtomVLA: Scalable Post-Training for Robotic Manipulation via Predictive Latent World Models,leaderboards/stat_significance_sam_export_20260522T233929/sam_libero_official_prev_sota.csv,156,libero_spatial,libero_spatial_prev_sota,96.4,97.3,-0.9,percent,486.5,482,486,482,0.5,5.684341886e-14,python_round_nearest_even_matches_significance_cutoffs,-4,10,50,1,0.05,1.644853627,3,8,0.6,1.6,no_improvement,Per-suite binary success rate over 10 tasks x 50 official trials.
LIBERO,spatial,Beyond Dense Futures: World Models as Structured Planners for Robotic Manipulation,leaderboards/stat_significance_sam_export_20260522T233929/sam_libero_official_prev_sota.csv,159,libero_spatial,libero_spatial_prev_sota,95.4,97.5,-2.1,percent,487.5,477,488,477,-0.5,5.684341886e-14,python_round_nearest_even_matches_significance_cutoffs,-11,10,50,1,0.05,1.644853627,3,7,0.6,1.4,no_improvement,Per-suite binary success rate over 10 tasks x 50 official trials.
LIBERO,spatial,CF-VLA: Efficient Coarse-to-Fine Action Generation for Vision-Language-Action Policies,leaderboards/stat_significance_sam_export_20260522T233929/sam_libero_official_prev_sota.csv,161,libero_spatial,libero_spatial_prev_sota,98,98.8,-0.8,percent,494,490,494,490,0,0,python_round_nearest_even_matches_significance_cutoffs,-4,10,50,1,0.05,1.644853627,3,5,0.6,1,no_improvement,Per-suite binary success rate over 10 tasks x 50 official trials.
LIBERO,spatial,Chain of World: World Model Thinking in Latent Motion,leaderboards/stat_significance_sam_export_20260522T233929/sam_libero_official_prev_sota.csv,162,libero_spatial,libero_spatial_prev_sota,97.2,97.5,-0.3,percent,487.5,486,488,486,-0.5,0,python_round_nearest_even_matches_significance_cutoffs,-2,10,50,1,0.05,1.644853627,3,7,0.6,1.4,no_improvement,Per-suite binary success rate over 10 tasks x 50 official trials.
LIBERO,spatial,CLaD: Planning with Grounded Foresight via Cross-Modal Latent Dynamics,leaderboards/stat_significance_sam_export_20260522T233929/sam_libero_official_prev_sota.csv,164,libero_spatial,libero_spatial_prev_sota,97.3,98.2,-0.9,percent,491,486.5,491,486,0,0.5,python_round_nearest_even_matches_significance_cutoffs,-5,10,50,1,0.05,1.644853627,3,6,0.6,1.2,no_improvement,Per-suite binary success rate over 10 tasks x 50 official trials.
LIBERO,spatial,Conservative Offline Robot Policy Learning via Posterior-Transition Reweighting,leaderboards/stat_significance_sam_export_20260522T233929/sam_libero_official_prev_sota.csv,166,libero_spatial,libero_spatial_prev_sota,98,98.8,-0.8,percent,494,490,494,490,0,0,python_round_nearest_even_matches_significance_cutoffs,-4,10,50,1,0.05,1.644853627,3,5,0.6,1,no_improvement,Per-suite binary success rate over 10 tasks x 50 official trials.
LIBERO,spatial,ConsisVLA-4D: Advancing Spatiotemporal Consistency in Efficient 3D-Perception and 4D-Reasoning for Robotic Manipulation,leaderboards/stat_significance_sam_export_20260522T233929/sam_libero_official_prev_sota.csv,167,libero_spatial,libero_spatial_prev_sota,98.8,98.8,0,percent,494,494,494,494,0,0,python_round_nearest_even_matches_significance_cutoffs,0,10,50,1,0.05,1.644853627,3,5,0.6,1,no_improvement,Per-suite binary success rate over 10 tasks x 50 official trials.
LIBERO,spatial,CORAL: Scalable Multi-Task Robot Learning via LoRA Experts,leaderboards/stat_significance_sam_export_20260522T233929/sam_libero_official_prev_sota.csv,168,libero_spatial,libero_spatial_prev_sota,99.6,99.6,0,percent,498,498,498,498,0,0,python_round_nearest_even_matches_significance_cutoffs,0,10,50,1,0.05,1.644853627,unknown,unknown,unknown,unknown,no_improvement,Per-suite binary success rate over 10 tasks x 50 official trials.
LIBERO,spatial,CorridorVLA: Explicit Spatial Constraints for Generative Action Heads via Sparse Anchors,leaderboards/stat_significance_sam_export_20260522T233929/sam_libero_official_prev_sota.csv,169,libero_spatial,libero_spatial_prev_sota,92,98,-6,percent,490,460,490,460,0,0,python_round_nearest_even_matches_significance_cutoffs,-30,10,50,1,0.05,1.644853627,3,7,0.6,1.4,no_improvement,Per-suite binary success rate over 10 tasks x 50 official trials.
LIBERO,spatial,Cosmos Policy: Fine-Tuning Video Models for Visuomotor Control and Planning,leaderboards/stat_significance_sam_export_20260522T233929/sam_libero_official_prev_sota.csv,170,libero_spatial,libero_spatial_prev_sota,98.1,98.8,-0.7,percent,494,490.5,494,490,0,0.5,python_round_nearest_even_matches_significance_cutoffs,-4,10,50,1,0.05,1.644853627,3,5,0.6,1,no_improvement,Per-suite binary success rate over 10 tasks x 50 official trials.
LIBERO,spatial,COT-FM: Cluster-wise Optimal Transport Flow Matching,leaderboards/stat_significance_sam_export_20260522T233929/sam_libero_official_prev_sota.csv,171,libero_spatial,libero_spatial_prev_sota,96.1,97.1,-1,percent,485.5,480.5,486,480,-0.5,0.5,python_round_nearest_even_matches_significance_cutoffs,-6,10,50,1,0.05,1.644853627,3,8,0.6,1.6,no_improvement,Per-suite binary success rate over 10 tasks x 50 official trials.
LIBERO,spatial,DepthCache: Depth-Guided Training-Free Visual Token Merging for Vision-Language-Action Model Inference,leaderboards/stat_significance_sam_export_20260522T233929/sam_libero_official_prev_sota.csv,173,libero_spatial,libero_spatial_prev_sota,98.9,99,-0.1,percent,495,494.5,495,495,0,-0.5,python_round_nearest_even_matches_significance_cutoffs,0,10,50,1,0.05,1.644853627,3,5,0.6,1,no_improvement,Per-suite binary success rate over 10 tasks x 50 official trials.
LIBERO,spatial,Device-Conditioned Neural Architecture Search for Efficient Robotic Manipulation,leaderboards/stat_significance_sam_export_20260522T233929/sam_libero_official_prev_sota.csv,174,libero_spatial,libero_spatial_prev_sota,97.2,97.6,-0.4,percent,488,486,488,486,0,0,python_round_nearest_even_matches_significance_cutoffs,-2,10,50,1,0.05,1.644853627,3,7,0.6,1.4,no_improvement,Per-suite binary success rate over 10 tasks x 50 official trials.
LIBERO,spatial,DFM-VLA: Iterative Action Refinement for Robot Manipulation via Discrete Flow Matching,leaderboards/stat_significance_sam_export_20260522T233929/sam_libero_official_prev_sota.csv,175,libero_spatial,libero_spatial_prev_sota,96.8,97.5,-0.7,percent,487.5,484,488,484,-0.5,0,python_round_nearest_even_matches_significance_cutoffs,-4,10,50,1,0.05,1.644853627,3,7,0.6,1.4,no_improvement,Per-suite binary success rate over 10 tasks x 50 official trials.
LIBERO,spatial,DiT4DiT: Jointly Modeling Video Dynamics and Actions for Generalizable Robot Control,leaderboards/stat_significance_sam_export_20260522T233929/sam_libero_official_prev_sota.csv,176,libero_spatial,libero_spatial_prev_sota,98.4,98.8,-0.4,percent,494,492,494,492,0,5.684341886e-14,python_round_nearest_even_matches_significance_cutoffs,-2,10,50,1,0.05,1.644853627,3,5,0.6,1,no_improvement,Per-suite binary success rate over 10 tasks x 50 official trials.
LIBERO,spatial,DyQ-VLA: Temporal-Dynamic-Aware Quantization for Embodied Vision-Language-Action Models,leaderboards/stat_significance_sam_export_20260522T233929/sam_libero_official_prev_sota.csv,178,libero_spatial,libero_spatial_prev_sota,84.7,84.7,0,percent,423.5,423.5,424,424,-0.5,-0.5,python_round_nearest_even_matches_significance_cutoffs,0,10,50,1,0.05,1.644853627,3,20,0.6,4,no_improvement,Per-suite binary success rate over 10 tasks x 50 official trials.
LIBERO,spatial,Fast-dVLA: Accelerating Discrete Diffusion VLA to Real-Time Performance,leaderboards/stat_significance_sam_export_20260522T233929/sam_libero_official_prev_sota.csv,182,libero_spatial,libero_spatial_prev_sota,97,98.8,-1.8,percent,494,485,494,485,0,0,python_round_nearest_even_matches_significance_cutoffs,-9,10,50,1,0.05,1.644853627,3,5,0.6,1,no_improvement,Per-suite binary success rate over 10 tasks x 50 official trials.
LIBERO,spatial,Fast-WAM: Do World Action Models Need Test-time Future Imagination?,leaderboards/stat_significance_sam_export_20260522T233929/sam_libero_official_prev_sota.csv,184,libero_spatial,libero_spatial_prev_sota,98.2,98.8,-0.6,percent,494,491,494,491,0,0,python_round_nearest_even_matches_significance_cutoffs,-3,10,50,1,0.05,1.644853627,3,5,0.6,1,no_improvement,Per-suite binary success rate over 10 tasks x 50 official trials.
LIBERO,spatial,FlowHijack: A Dynamics-Aware Backdoor Attack on Flow-Matching Vision-Language-Action Models,leaderboards/stat_significance_sam_export_20260522T233929/sam_libero_official_prev_sota.csv,186,libero_spatial,libero_spatial_prev_sota,96,96.8,-0.8,percent,484,480,484,480,0,0,python_round_nearest_even_matches_significance_cutoffs,-4,10,50,1,0.05,1.644853627,3,9,0.6,1.8,no_improvement,Per-suite binary success rate over 10 tasks x 50 official trials.
LIBERO,spatial,From Noise to Intent: Anchoring Generative VLA Policies with Residual Bridges,leaderboards/stat_significance_sam_export_20260522T233929/sam_libero_official_prev_sota.csv,187,libero_spatial,libero_spatial_prev_sota,96.8,97.8,-1,percent,489,484,489,484,0,0,python_round_nearest_even_matches_significance_cutoffs,-5,10,50,1,0.05,1.644853627,3,7,0.6,1.4,no_improvement,Per-suite binary success rate over 10 tasks x 50 official trials.
LIBERO,spatial,From Pixels to Tokens: A Systematic Study of Latent Action Supervision for Vision-Language-Action Models,leaderboards/stat_significance_sam_export_20260522T233929/sam_libero_official_prev_sota.csv,188,libero_spatial,libero_spatial_prev_sota,97.2,97.6,-0.4,percent,488,486,488,486,0,0,python_round_nearest_even_matches_significance_cutoffs,-2,10,50,1,0.05,1.644853627,3,7,0.6,1.4,no_improvement,Per-suite binary success rate over 10 tasks x 50 official trials.
LIBERO,spatial,Generative Control as Optimization: Time Unconditional Flow Matching for Adaptive and Robust Robotic Control,leaderboards/stat_significance_sam_export_20260522T233929/sam_libero_official_prev_sota.csv,189,libero_spatial,libero_spatial_prev_sota,97.4,98.8,-1.4,percent,494,487,494,487,0,5.684341886e-14,python_round_nearest_even_matches_significance_cutoffs,-7,10,50,1,0.05,1.644853627,3,5,0.6,1,no_improvement,Per-suite binary success rate over 10 tasks x 50 official trials.
LIBERO,spatial,HeiSD: Hybrid Speculative Decoding for Embodied Vision-Language-Action Models with Kinematic Awareness,leaderboards/stat_significance_sam_export_20260522T233929/sam_libero_official_prev_sota.csv,192,libero_spatial,libero_spatial_prev_sota,78,80.4,-2.4,percent,402,390,402,390,0,0,python_round_nearest_even_matches_significance_cutoffs,-12,10,50,1,0.05,1.644853627,3,22,0.6,4.4,no_improvement,Per-suite binary success rate over 10 tasks x 50 official trials.
LIBERO,spatial,HoloBrain-0 Technical Report,leaderboards/stat_significance_sam_export_20260522T233929/sam_libero_official_prev_sota.csv,194,libero_spatial,libero_spatial_prev_sota,97.2,98.8,-1.6,percent,494,486,494,486,0,0,python_round_nearest_even_matches_significance_cutoffs,-8,10,50,1,0.05,1.644853627,3,5,0.6,1,no_improvement,Per-suite binary success rate over 10 tasks x 50 official trials.
LIBERO,spatial,Joint-Aligned Latent Action: Towards Scalable VLA Pretraining in the Wild,leaderboards/stat_significance_sam_export_20260522T233929/sam_libero_official_prev_sota.csv,197,libero_spatial,libero_spatial_prev_sota,96,96.8,-0.8,percent,484,480,484,480,0,0,python_round_nearest_even_matches_significance_cutoffs,-4,10,50,1,0.05,1.644853627,3,9,0.6,1.8,no_improvement,Per-suite binary success rate over 10 tasks x 50 official trials.
LIBERO,spatial,KERV: Kinematic-Rectified Speculative Decoding for Embodied VLA Models,leaderboards/stat_significance_sam_export_20260522T233929/sam_libero_official_prev_sota.csv,198,libero_spatial,libero_spatial_prev_sota,83.7,85.2,-1.5,percent,426,418.5,426,419,0,-0.5,python_round_nearest_even_matches_significance_cutoffs,-7,10,50,1,0.05,1.644853627,3,19,0.6,3.8,no_improvement,Per-suite binary success rate over 10 tasks x 50 official trials.
LIBERO,spatial,LangGap: Diagnosing and Closing the Language Gap in Vision-Language-Action Models,leaderboards/stat_significance_sam_export_20260522T233929/sam_libero_official_prev_sota.csv,201,libero_spatial,libero_spatial_prev_sota,97,97,0,percent,485,485,485,485,0,0,python_round_nearest_even_matches_significance_cutoffs,0,10,50,1,0.05,1.644853627,3,8,0.6,1.6,no_improvement,Per-suite binary success rate over 10 tasks x 50 official trials.
LIBERO,spatial,Language-Grounded Decoupled Action Representation for Robotic Manipulation,leaderboards/stat_significance_sam_export_20260522T233929/sam_libero_official_prev_sota.csv,202,libero_spatial,libero_spatial_prev_sota,95.2,96.4,-1.2,percent,482,476,482,476,5.684341886e-14,5.684341886e-14,python_round_nearest_even_matches_significance_cutoffs,-6,10,50,1,0.05,1.644853627,3,9,0.6,1.8,no_improvement,Per-suite binary success rate over 10 tasks x 50 official trials.
LIBERO,spatial,LAR-MoE: Latent-Aligned Routing for Mixture of Experts in Robotic Imitation Learning,leaderboards/stat_significance_sam_export_20260522T233929/sam_libero_official_prev_sota.csv,203,libero_spatial,libero_spatial_prev_sota,98,98,0,percent,490,490,490,490,0,0,python_round_nearest_even_matches_significance_cutoffs,0,10,50,1,0.05,1.644853627,3,7,0.6,1.4,no_improvement,Per-suite binary success rate over 10 tasks x 50 official trials.
LIBERO,spatial,Learning Physics from Pretrained Video Models: A Multimodal Continuous and Sequential World Interaction Models for Robotic Manipulation,leaderboards/stat_significance_sam_export_20260522T233929/sam_libero_official_prev_sota.csv,206,libero_spatial,libero_spatial_prev_sota,91,96,-5,percent,480,455,480,455,0,0,python_round_nearest_even_matches_significance_cutoffs,-25,10,50,1,0.05,1.644853627,3,10,0.6,2,no_improvement,Per-suite binary success rate over 10 tasks x 50 official trials.
LIBERO,spatial,Libra-VLA: Achieving Learning Equilibrium via Asynchronous Coarse-to-Fine Dual-System,leaderboards/stat_significance_sam_export_20260522T233929/sam_libero_official_prev_sota.csv,209,libero_spatial,libero_spatial_prev_sota,98.6,98.8,-0.2,percent,494,493,494,493,0,0,python_round_nearest_even_matches_significance_cutoffs,-1,10,50,1,0.05,1.644853627,3,5,0.6,1,no_improvement,Per-suite binary success rate over 10 tasks x 50 official trials.
LIBERO,spatial,MMaDA-VLA: Large Diffusion Vision-Language-Action Model with Unified Multi-Modal Instruction and Generation,leaderboards/stat_significance_sam_export_20260522T233929/sam_libero_official_prev_sota.csv,212,libero_spatial,libero_spatial_prev_sota,98.8,98.8,0,percent,494,494,494,494,0,0,python_round_nearest_even_matches_significance_cutoffs,0,10,50,1,0.05,1.644853627,3,5,0.6,1,no_improvement,Per-suite binary success rate over 10 tasks x 50 official trials.
LIBERO,spatial,OFlow: Injecting Object-Aware Temporal Flow Matching for Robust Robotic Manipulation,leaderboards/stat_significance_sam_export_20260522T233929/sam_libero_official_prev_sota.csv,218,libero_spatial,libero_spatial_prev_sota,98,98,0,percent,490,490,490,490,0,0,python_round_nearest_even_matches_significance_cutoffs,0,10,50,1,0.05,1.644853627,3,7,0.6,1.4,no_improvement,Per-suite binary success rate over 10 tasks x 50 official trials.
LIBERO,spatial,OxyGen: Unified KV Cache Management for Vision-Language-Action Models under Multi-Task Parallelism,leaderboards/stat_significance_sam_export_20260522T233929/sam_libero_official_prev_sota.csv,220,libero_spatial,libero_spatial_prev_sota,98,98.8,-0.8,percent,494,490,494,490,0,0,python_round_nearest_even_matches_significance_cutoffs,-4,10,50,1,0.05,1.644853627,3,5,0.6,1,no_improvement,Per-suite binary success rate over 10 tasks x 50 official trials.
LIBERO,spatial,Phantom Menace: Exploring and Enhancing the Robustness of VLA Models Against Physical Sensor Attacks,leaderboards/stat_significance_sam_export_20260522T233929/sam_libero_official_prev_sota.csv,222,libero_spatial,libero_spatial_prev_sota,97.6,97.6,0,percent,488,488,488,488,0,0,python_round_nearest_even_matches_significance_cutoffs,0,10,50,1,0.05,1.644853627,3,7,0.6,1.4,no_improvement,Per-suite binary success rate over 10 tasks x 50 official trials.
LIBERO,spatial,PokeVLA: Empowering Pocket-Sized Vision-Language-Action Model with Comprehensive World Knowledge Guidance,leaderboards/stat_significance_sam_export_20260522T233929/sam_libero_official_prev_sota.csv,223,libero_spatial,libero_spatial_prev_sota,99.6,99.6,0,percent,498,498,498,498,0,0,python_round_nearest_even_matches_significance_cutoffs,0,10,50,1,0.05,1.644853627,unknown,unknown,unknown,unknown,no_improvement,Per-suite binary success rate over 10 tasks x 50 official trials.
LIBERO,spatial,Pri4R: Learning World Dynamics for Vision-Language-Action Models with Privileged 4D Representation,leaderboards/stat_significance_sam_export_20260522T233929/sam_libero_official_prev_sota.csv,224,libero_spatial,libero_spatial_prev_sota,93.2,96.1,-2.9,percent,480.5,466,480,466,0.5,0,python_round_nearest_even_matches_significance_cutoffs,-14,10,50,1,0.05,1.644853627,3,10,0.6,2,no_improvement,Per-suite binary success rate over 10 tasks x 50 official trials.
LIBERO,spatial,Privileged Foresight Distillation: Zero-Cost Future Correction for World Action Models,leaderboards/stat_significance_sam_export_20260522T233929/sam_libero_official_prev_sota.csv,225,libero_spatial,libero_spatial_prev_sota,98.6,98.8,-0.2,percent,494,493,494,493,0,0,python_round_nearest_even_matches_significance_cutoffs,-1,10,50,1,0.05,1.644853627,3,5,0.6,1,no_improvement,Per-suite binary success rate over 10 tasks x 50 official trials.
LIBERO,spatial,QuantVLA: Scale-Calibrated Post-Training Quantization for Vision-Language-Action Models,leaderboards/stat_significance_sam_export_20260522T233929/sam_libero_official_prev_sota.csv,227,libero_spatial,libero_spatial_prev_sota,98.5,98.5,0,percent,492.5,492.5,492,492,0.5,0.5,python_round_nearest_even_matches_significance_cutoffs,0,10,50,1,0.05,1.644853627,3,6,0.6,1.2,no_improvement,Per-suite binary success rate over 10 tasks x 50 official trials.
LIBERO,spatial,QVLA: Not All Channels Are Equal in Vision-Language-Action Model's Quantization,leaderboards/stat_significance_sam_export_20260522T233929/sam_libero_official_prev_sota.csv,228,libero_spatial,libero_spatial_prev_sota,96.2,97.6,-1.4,percent,488,481,488,481,0,5.684341886e-14,python_round_nearest_even_matches_significance_cutoffs,-7,10,50,1,0.05,1.644853627,3,7,0.6,1.4,no_improvement,Per-suite binary success rate over 10 tasks x 50 official trials.
LIBERO,spatial,Recurrent-Depth VLA: Implicit Test-Time Compute Scaling of Vision-Language-Action Models via Latent Iterative Reasoning,leaderboards/stat_significance_sam_export_20260522T233929/sam_libero_official_prev_sota.csv,229,libero_spatial,libero_spatial_prev_sota,92,96.4,-4.4,percent,482,460,482,460,5.684341886e-14,0,python_round_nearest_even_matches_significance_cutoffs,-22,10,50,1,0.05,1.644853627,3,9,0.6,1.8,no_improvement,Per-suite binary success rate over 10 tasks x 50 official trials.
LIBERO,spatial,Restoring Linguistic Grounding in VLA Models via Train-Free Attention Recalibration,leaderboards/stat_significance_sam_export_20260522T233929/sam_libero_official_prev_sota.csv,232,libero_spatial,libero_spatial_prev_sota,97.6,97.6,0,percent,488,488,488,488,0,0,python_round_nearest_even_matches_significance_cutoffs,0,10,50,1,0.05,1.644853627,3,7,0.6,1.4,no_improvement,Per-suite binary success rate over 10 tasks x 50 official trials.
LIBERO,spatial,"Rethinking Visual-Language-Action Model Scaling: Alignment, Mixture, and Regularization",leaderboards/stat_significance_sam_export_20260522T233929/sam_libero_official_prev_sota.csv,234,libero_spatial,libero_spatial_prev_sota,98.4,98.8,-0.4,percent,494,492,494,492,0,5.684341886e-14,python_round_nearest_even_matches_significance_cutoffs,-2,10,50,1,0.05,1.644853627,3,5,0.6,1,no_improvement,Per-suite binary success rate over 10 tasks x 50 official trials.
LIBERO,spatial,ROCKET: Residual-Oriented Multi-Layer Alignment for Spatially-Aware Vision-Language-Action Models,leaderboards/stat_significance_sam_export_20260522T233929/sam_libero_official_prev_sota.csv,240,libero_spatial,libero_spatial_prev_sota,98.2,99.4,-1.2,percent,497,491,497,491,5.684341886e-14,0,python_round_nearest_even_matches_significance_cutoffs,-6,10,50,1,0.05,1.644853627,3,3,0.6,0.6,no_improvement,Per-suite binary success rate over 10 tasks x 50 official trials.
LIBERO,spatial,"See, Plan, Rewind: Progress-Aware Vision-Language-Action Models for Robust Robotic Manipulation",leaderboards/stat_significance_sam_export_20260522T233929/sam_libero_official_prev_sota.csv,243,libero_spatial,libero_spatial_prev_sota,93.2,96.4,-3.2,percent,482,466,482,466,5.684341886e-14,0,python_round_nearest_even_matches_significance_cutoffs,-16,10,50,1,0.05,1.644853627,3,9,0.6,1.8,no_improvement,Per-suite binary success rate over 10 tasks x 50 official trials.
LIBERO,spatial,Shallow-π: Knowledge Distillation for Flow-based VLAs,leaderboards/stat_significance_sam_export_20260522T233929/sam_libero_official_prev_sota.csv,245,libero_spatial,libero_spatial_prev_sota,99,99,0,percent,495,495,495,495,0,0,python_round_nearest_even_matches_significance_cutoffs,0,10,50,1,0.05,1.644853627,3,5,0.6,1,no_improvement,Per-suite binary success rate over 10 tasks x 50 official trials.
LIBERO,spatial,Speedup Patch: Learning a Plug-and-Play Policy to Accelerate Embodied Manipulation,leaderboards/stat_significance_sam_export_20260522T233929/sam_libero_official_prev_sota.csv,250,libero_spatial,libero_spatial_prev_sota,97.2,98.8,-1.6,percent,494,486,494,486,0,0,python_round_nearest_even_matches_significance_cutoffs,-8,10,50,1,0.05,1.644853627,3,5,0.6,1,no_improvement,Per-suite binary success rate over 10 tasks x 50 official trials.
LIBERO,spatial,ST-$π$: Structured SpatioTemporal VLA for Robotic Manipulation,leaderboards/stat_significance_sam_export_20260522T233929/sam_libero_official_prev_sota.csv,251,libero_spatial,libero_spatial_prev_sota,98.4,98.8,-0.4,percent,494,492,494,492,0,5.684341886e-14,python_round_nearest_even_matches_significance_cutoffs,-2,10,50,1,0.05,1.644853627,3,5,0.6,1,no_improvement,Per-suite binary success rate over 10 tasks x 50 official trials.
LIBERO,spatial,StreamingVLA: Streaming Vision-Language-Action Model with Action Flow Matching and Adaptive Early Observation,leaderboards/stat_significance_sam_export_20260522T233929/sam_libero_official_prev_sota.csv,255,libero_spatial,libero_spatial_prev_sota,96.6,98.8,-2.2,percent,494,483,494,483,0,0,python_round_nearest_even_matches_significance_cutoffs,-11,10,50,1,0.05,1.644853627,3,5,0.6,1,no_improvement,Per-suite binary success rate over 10 tasks x 50 official trials.
LIBERO,spatial,TTQ: Activation-Aware Test-Time Quantization to Accelerate LLM Inference On The Fly,leaderboards/stat_significance_sam_export_20260522T233929/sam_libero_official_prev_sota.csv,264,libero_spatial,libero_spatial_prev_sota,94.5,97.5,-3,percent,487.5,472.5,488,472,-0.5,0.5,python_round_nearest_even_matches_significance_cutoffs,-16,10,50,1,0.05,1.644853627,3,7,0.6,1.4,no_improvement,Per-suite binary success rate over 10 tasks x 50 official trials.
LIBERO,spatial,Universal Pose Pretraining for Generalizable Vision-Language-Action Policies,leaderboards/stat_significance_sam_export_20260522T233929/sam_libero_official_prev_sota.csv,266,libero_spatial,libero_spatial_prev_sota,96.5,98.8,-2.3,percent,494,482.5,494,482,0,0.5,python_round_nearest_even_matches_significance_cutoffs,-12,10,50,1,0.05,1.644853627,3,5,0.6,1,no_improvement,Per-suite binary success rate over 10 tasks x 50 official trials.
LIBERO,spatial,Unmasking the Illusion of Embodied Reasoning in Vision-Language-Action Models,leaderboards/stat_significance_sam_export_20260522T233929/sam_libero_official_prev_sota.csv,267,libero_spatial,libero_spatial_prev_sota,96.6,99.2,-2.6,percent,496,483,496,483,0,0,python_round_nearest_even_matches_significance_cutoffs,-13,10,50,1,0.05,1.644853627,3,4,0.6,0.8,no_improvement,Per-suite binary success rate over 10 tasks x 50 official trials.
LIBERO,spatial,VISTA: Enhancing Visual Conditioning via Track-Following Preference Optimization in Vision-Language-Action Models,leaderboards/stat_significance_sam_export_20260522T233929/sam_libero_official_prev_sota.csv,268,libero_spatial,libero_spatial_prev_sota,84.8,88.2,-3.4,percent,441,424,441,424,0,0,python_round_nearest_even_matches_significance_cutoffs,-17,10,50,1,0.05,1.644853627,3,17,0.6,3.4,no_improvement,Per-suite binary success rate over 10 tasks x 50 official trials.
LIBERO,spatial,VLA-GSE: Boosting Parameter-Efficient Fine-Tuning in VLA with Generalized and Specialized Experts,leaderboards/stat_significance_sam_export_20260522T233929/sam_libero_official_prev_sota.csv,272,libero_spatial,libero_spatial_prev_sota,98.8,99,-0.2,percent,495,494,495,494,0,0,python_round_nearest_even_matches_significance_cutoffs,-1,10,50,1,0.05,1.644853627,3,5,0.6,1,no_improvement,Per-suite binary success rate over 10 tasks x 50 official trials.
LIBERO,spatial,VLA-IAP: Training-Free Visual Token Pruning via Interaction Alignment for Vision-Language-Action Models,leaderboards/stat_significance_sam_export_20260522T233929/sam_libero_official_prev_sota.csv,273,libero_spatial,libero_spatial_prev_sota,97.6,99.4,-1.8,percent,497,488,497,488,5.684341886e-14,0,python_round_nearest_even_matches_significance_cutoffs,-9,10,50,1,0.05,1.644853627,3,3,0.6,0.6,no_improvement,Per-suite binary success rate over 10 tasks x 50 official trials.
LIBERO,spatial,VLA-JEPA: Enhancing Vision-Language-Action Model with Latent World Model,leaderboards/stat_significance_sam_export_20260522T233929/sam_libero_official_prev_sota.csv,275,libero_spatial,libero_spatial_prev_sota,96.2,98.8,-2.6,percent,494,481,494,481,0,5.684341886e-14,python_round_nearest_even_matches_significance_cutoffs,-13,10,50,1,0.05,1.644853627,3,5,0.6,1,no_improvement,Per-suite binary success rate over 10 tasks x 50 official trials.
LIBERO,spatial,When Vision Overrides Language: Evaluating and Mitigating Counterfactual Failures in VLAs,leaderboards/stat_significance_sam_export_20260522T233929/sam_libero_official_prev_sota.csv,278,libero_spatial,libero_spatial_prev_sota,98.8,98.8,0,percent,494,494,494,494,0,0,python_round_nearest_even_matches_significance_cutoffs,0,10,50,1,0.05,1.644853627,3,5,0.6,1,no_improvement,Per-suite binary success rate over 10 tasks x 50 official trials.
LIBERO,spatial,World2Act: Latent Action Post-Training via Skill-Compositional World Models,leaderboards/stat_significance_sam_export_20260522T233929/sam_libero_official_prev_sota.csv,281,libero_spatial,libero_spatial_prev_sota,98,99.1,-1.1,percent,495.5,490,496,490,-0.5,0,python_round_nearest_even_matches_significance_cutoffs,-6,10,50,1,0.05,1.644853627,3,4,0.6,0.8,no_improvement,Per-suite binary success rate over 10 tasks x 50 official trials.
LIBERO,spatial,Xiaomi-Robotics-0: An Open-Sourced Vision-Language-Action Model with Real-Time Execution,leaderboards/stat_significance_sam_export_20260522T233929/sam_libero_official_prev_sota.csv,283,libero_spatial,libero_spatial_prev_sota,98.8,99.7,-0.9,percent,498.5,494,498,494,0.5,0,python_round_nearest_even_matches_significance_cutoffs,-4,10,50,1,0.05,1.644853627,unknown,unknown,unknown,unknown,no_improvement,Per-suite binary success rate over 10 tasks x 50 official trials.
LIBERO,spatial,One Token Per Frame: Reconsidering Visual Bandwidth in World Models for VLA Policy,leaderboards/stat_significance_sam_export_20260522T233929/sam_libero_official_prev_sota.csv,285,libero_spatial,libero_spatial_prev_sota,98.2,98.8,-0.6,percent,494,491,494,491,0,0,python_round_nearest_even_matches_significance_cutoffs,-3,10,50,1,0.05,1.644853627,3,5,0.6,1,no_improvement,Per-suite binary success rate over 10 tasks x 50 official trials.
LIBERO,spatial,PRTS: A Primitive Reasoning and Tasking System via Contrastive Representations,leaderboards/stat_significance_sam_export_20260522T233929/sam_libero_official_prev_sota.csv,288,libero_spatial,libero_spatial_prev_sota,98.8,98.8,0,percent,494,494,494,494,0,0,python_round_nearest_even_matches_significance_cutoffs,0,10,50,1,0.05,1.644853627,3,5,0.6,1,no_improvement,Per-suite binary success rate over 10 tasks x 50 official trials.
LIBERO,spatial,TAG: Target-Agnostic Guidance for Stable Object-Centric Inference in Vision-Language-Action Models,leaderboards/stat_significance_sam_export_20260522T233929/sam_libero_official_prev_sota.csv,289,libero_spatial,libero_spatial_prev_sota,97.8,98,-0.2,percent,490,489,490,489,0,0,python_round_nearest_even_matches_significance_cutoffs,-1,10,50,1,0.05,1.644853627,3,7,0.6,1.4,no_improvement,Per-suite binary success rate over 10 tasks x 50 official trials.
LIBERO,spatial,FrameSkip: Learning from Fewer but More Informative Frames in VLA Training,leaderboards/stat_significance_sam_export_20260522T233929/sam_libero_official_prev_sota.csv,304,libero_spatial,libero_spatial_prev_sota,98.6,98.8,-0.2,percent,494,493,494,493,0,0,python_round_nearest_even_matches_significance_cutoffs,-1,10,50,1,0.05,1.644853627,3,5,0.6,1,no_improvement,Per-suite binary success rate over 10 tasks x 50 official trials.
LIBERO,spatial,Realtime-VLA FLASH: Speculative Inference Framework for Diffusion-based VLAs,leaderboards/stat_significance_sam_export_20260522T233929/sam_libero_official_prev_sota.csv,305,libero_spatial,libero_spatial_prev_sota,96.8,96.8,0,percent,484,484,484,484,0,0,python_round_nearest_even_matches_significance_cutoffs,0,10,50,1,0.05,1.644853627,3,9,0.6,1.8,no_improvement,Per-suite binary success rate over 10 tasks x 50 official trials.
LIBERO,spatial,DreamAvoid: Critical-Phase Test-Time Dreaming to Avoid Failures in VLA Policies,leaderboards/stat_significance_sam_export_20260522T233929/sam_libero_official_prev_sota.csv,307,libero_spatial,libero_spatial_prev_sota,99,99,0,percent,495,495,495,495,0,0,python_round_nearest_even_matches_significance_cutoffs,0,10,50,1,0.05,1.644853627,3,5,0.6,1,no_improvement,Per-suite binary success rate over 10 tasks x 50 official trials.
LIBERO,spatial,Learning Action Manifold with Multi-view Latent Priors for Robotic Manipulation,leaderboards/stat_significance_sam_export_20260522T233929/sam_libero_official_prev_sota.csv,309,libero_spatial,libero_spatial_prev_sota,98.8,99.4,-0.6,percent,497,494,497,494,5.684341886e-14,0,python_round_nearest_even_matches_significance_cutoffs,-3,10,50,1,0.05,1.644853627,3,3,0.6,0.6,no_improvement,Per-suite binary success rate over 10 tasks x 50 official trials.
LIBERO,spatial,Premover: Fast Vision-Language-Action Control by Acting Before Instructions Are Complete,leaderboards/stat_significance_sam_export_20260522T233929/sam_libero_official_prev_sota.csv,311,libero_spatial,libero_spatial_prev_sota,98.6,99.4,-0.8,percent,497,493,497,493,5.684341886e-14,0,python_round_nearest_even_matches_significance_cutoffs,-4,10,50,1,0.05,1.644853627,3,3,0.6,0.6,no_improvement,Per-suite binary success rate over 10 tasks x 50 official trials.
LIBERO,spatial,Dynamic Execution Commitment of Vision-Language-Action Models,leaderboards/stat_significance_sam_export_20260522T233929/sam_libero_official_prev_sota.csv,313,libero_spatial,libero_spatial_prev_sota,98.6,99.1,-0.5,percent,495.5,493,496,493,-0.5,0,python_round_nearest_even_matches_significance_cutoffs,-3,10,50,1,0.05,1.644853627,3,4,0.6,0.8,no_improvement,Per-suite binary success rate over 10 tasks x 50 official trials.
LIBERO,spatial,LoopVLA: Learning Sufficiency in Recurrent Refinement for Vision-Language-Action Models,leaderboards/stat_significance_sam_export_20260522T233929/sam_libero_official_prev_sota.csv,317,libero_spatial,libero_spatial_prev_sota,95,98.2,-3.2,percent,491,475,491,475,0,0,python_round_nearest_even_matches_significance_cutoffs,-16,10,50,1,0.05,1.644853627,3,6,0.6,1.2,no_improvement,Per-suite binary success rate over 10 tasks x 50 official trials.
LIBERO,spatial,ElasticFlow: One-Step Physics-Consistent Policy with Elastic Time Horizons for Language-Guided Manipulation,leaderboards/stat_significance_sam_export_20260522T233929/sam_libero_official_prev_sota.csv,319,libero_spatial,libero_spatial_prev_sota,98.4,98.8,-0.4,percent,494,492,494,492,0,5.684341886e-14,python_round_nearest_even_matches_significance_cutoffs,-2,10,50,1,0.05,1.644853627,3,5,0.6,1,no_improvement,Per-suite binary success rate over 10 tasks x 50 official trials.
LIBERO,object,Depth Helps: Improving Pre-trained RGB-based Policy with Depth Information Injection,leaderboards/stat_significance_sam_export_20260522T233929/sam_libero_official_prev_sota.csv,5,libero_object,libero_object_prev_sota,78.6,86.2,-7.6,percent,431,393,431,393,0,-5.684341886e-14,python_round_nearest_even_matches_significance_cutoffs,-38,10,50,1,0.05,1.644853627,3,19,0.6,3.8,no_improvement,Per-suite binary success rate over 10 tasks x 50 official trials.
LIBERO,object,OpenVLA: An Open-Source Vision-Language-Action Model,leaderboards/stat_significance_sam_export_20260522T233929/sam_libero_official_prev_sota.csv,12,libero_object,libero_object_prev_sota,88.4,92.5,-4.1,percent,462.5,442,462,442,0.5,0,python_round_nearest_even_matches_significance_cutoffs,-20,10,50,1,0.05,1.644853627,3,14,0.6,2.8,no_improvement,Per-suite binary success rate over 10 tasks x 50 official trials.
LIBERO,object,Quantization-Aware Imitation-Learning for Resource-Efficient Robotic Control,leaderboards/stat_significance_sam_export_20260522T233929/sam_libero_official_prev_sota.csv,14,libero_object,libero_object_prev_sota,83.6,83.8,-0.2,percent,419,418,419,418,0,0,python_round_nearest_even_matches_significance_cutoffs,-1,10,50,1,0.05,1.644853627,3,20,0.6,4,no_improvement,Per-suite binary success rate over 10 tasks x 50 official trials.
LIBERO,object,ActDistill: General Action-Guided Self-Derived Distillation for Efficient Vision-Language-Action Models,leaderboards/stat_significance_sam_export_20260522T233929/sam_libero_official_prev_sota.csv,21,libero_object,libero_object_prev_sota,85.8,86.6,-0.8,percent,433,429,433,429,0,0,python_round_nearest_even_matches_significance_cutoffs,-4,10,50,1,0.05,1.644853627,3,18,0.6,3.6,no_improvement,Per-suite binary success rate over 10 tasks x 50 official trials.
LIBERO,object,Action-aware Dynamic Pruning for Efficient Vision-Language-Action Manipulation,leaderboards/stat_significance_sam_export_20260522T233929/sam_libero_official_prev_sota.csv,22,libero_object,libero_object_prev_sota,98,98.2,-0.2,percent,491,490,491,490,0,0,python_round_nearest_even_matches_significance_cutoffs,-1,10,50,1,0.05,1.644853627,3,6,0.6,1.2,no_improvement,Per-suite binary success rate over 10 tasks x 50 official trials.
LIBERO,object,BadVLA: Towards Backdoor Attacks on Vision-Language-Action Models via Objective-Decoupled Optimization,leaderboards/stat_significance_sam_export_20260522T233929/sam_libero_official_prev_sota.csv,27,libero_object,libero_object_prev_sota,96.7,98.3,-1.6,percent,491.5,483.5,492,484,-0.5,-0.5,python_round_nearest_even_matches_significance_cutoffs,-8,10,50,1,0.05,1.644853627,3,6,0.6,1.2,no_improvement,Per-suite binary success rate over 10 tasks x 50 official trials.
LIBERO,object,Bridging Scale Discrepancies in Robotic Control via Language-Based Action Representations,leaderboards/stat_significance_sam_export_20260522T233929/sam_libero_official_prev_sota.csv,31,libero_object,libero_object_prev_sota,90,92.5,-2.5,percent,462.5,450,462,450,0.5,0,python_round_nearest_even_matches_significance_cutoffs,-12,10,50,1,0.05,1.644853627,3,14,0.6,2.8,no_improvement,Per-suite binary success rate over 10 tasks x 50 official trials.
LIBERO,object,CogVLA: Cognition-Aligned Vision-Language-Action Model via Instruction-Driven Routing &amp; Sparsification,leaderboards/stat_significance_sam_export_20260522T233929/sam_libero_official_prev_sota.csv,34,libero_object,libero_object_prev_sota,98.8,98.8,0,percent,494,494,494,494,0,0,python_round_nearest_even_matches_significance_cutoffs,0,10,50,1,0.05,1.644853627,3,5,0.6,1,no_improvement,Per-suite binary success rate over 10 tasks x 50 official trials.
LIBERO,object,CoT-VLA: Visual Chain-of-Thought Reasoning for Vision-Language-Action Models,leaderboards/stat_significance_sam_export_20260522T233929/sam_libero_official_prev_sota.csv,38,libero_object,libero_object_prev_sota,91.6,92.5,-0.9,percent,462.5,458,462,458,0.5,-5.684341886e-14,python_round_nearest_even_matches_significance_cutoffs,-4,10,50,1,0.05,1.644853627,3,14,0.6,2.8,no_improvement,Per-suite binary success rate over 10 tasks x 50 official trials.
LIBERO,object,D2E: Scaling Vision-Action Pretraining on Desktop Data for Transfer to Embodied AI,leaderboards/stat_significance_sam_export_20260522T233929/sam_libero_official_prev_sota.csv,41,libero_object,libero_object_prev_sota,98.4,98.4,0,percent,492,492,492,492,5.684341886e-14,5.684341886e-14,python_round_nearest_even_matches_significance_cutoffs,0,10,50,1,0.05,1.644853627,3,6,0.6,1.2,no_improvement,Per-suite binary success rate over 10 tasks x 50 official trials.
LIBERO,object,DepthVLA: Enhancing Vision-Language-Action Models with Depth-Aware Spatial Reasoning,leaderboards/stat_significance_sam_export_20260522T233929/sam_libero_official_prev_sota.csv,45,libero_object,libero_object_prev_sota,98,98.8,-0.8,percent,494,490,494,490,0,0,python_round_nearest_even_matches_significance_cutoffs,-4,10,50,1,0.05,1.644853627,3,5,0.6,1,no_improvement,Per-suite binary success rate over 10 tasks x 50 official trials.
LIBERO,object,Discrete Diffusion VLA: Bringing Discrete Diffusion to Action Decoding in Vision-Language-Action Policies,leaderboards/stat_significance_sam_export_20260522T233929/sam_libero_official_prev_sota.csv,47,libero_object,libero_object_prev_sota,98.6,98.8,-0.2,percent,494,493,494,493,0,0,python_round_nearest_even_matches_significance_cutoffs,-1,10,50,1,0.05,1.644853627,3,5,0.6,1,no_improvement,Per-suite binary success rate over 10 tasks x 50 official trials.
LIBERO,object,Don't Run with Scissors: Pruning Breaks VLA Models but They Can Be Recovered,leaderboards/stat_significance_sam_export_20260522T233929/sam_libero_official_prev_sota.csv,50,libero_object,libero_object_prev_sota,71.2,85.8,-14.6,percent,429,356,429,356,0,5.684341886e-14,python_round_nearest_even_matches_significance_cutoffs,-73,10,50,1,0.05,1.644853627,3,19,0.6,3.8,no_improvement,Per-suite binary success rate over 10 tasks x 50 official trials.
LIBERO,object,Dream-VL & Dream-VLA: Open Vision-Language and Vision-Language-Action Models with Diffusion Language Model Backbone,leaderboards/stat_significance_sam_export_20260522T233929/sam_libero_official_prev_sota.csv,51,libero_object,libero_object_prev_sota,98.8,98.8,0,percent,494,494,494,494,0,0,python_round_nearest_even_matches_significance_cutoffs,0,10,50,1,0.05,1.644853627,3,5,0.6,1,no_improvement,Per-suite binary success rate over 10 tasks x 50 official trials.
LIBERO,object,dVLA: Diffusion Vision-Language-Action Model with Multimodal Chain-of-Thought,leaderboards/stat_significance_sam_export_20260522T233929/sam_libero_official_prev_sota.csv,52,libero_object,libero_object_prev_sota,97.9,98.8,-0.9,percent,494,489.5,494,490,0,-0.5,python_round_nearest_even_matches_significance_cutoffs,-4,10,50,1,0.05,1.644853627,3,5,0.6,1,no_improvement,Per-suite binary success rate over 10 tasks x 50 official trials.
LIBERO,object,"End-to-end Listen, Look, Speak and Act",leaderboards/stat_significance_sam_export_20260522T233929/sam_libero_official_prev_sota.csv,55,libero_object,libero_object_prev_sota,95.8,96.8,-1,percent,484,479,484,479,0,0,python_round_nearest_even_matches_significance_cutoffs,-5,10,50,1,0.05,1.644853627,3,9,0.6,1.8,no_improvement,Per-suite binary success rate over 10 tasks x 50 official trials.
LIBERO,object,Evo-1: Lightweight Vision-Language-Action Model with Preserved Semantic Alignment,leaderboards/stat_significance_sam_export_20260522T233929/sam_libero_official_prev_sota.csv,57,libero_object,libero_object_prev_sota,97.7,98.8,-1.1,percent,494,488.5,494,488,0,0.5,python_round_nearest_even_matches_significance_cutoffs,-6,10,50,1,0.05,1.644853627,3,5,0.6,1,no_improvement,Per-suite binary success rate over 10 tasks x 50 official trials.
LIBERO,object,EVOLVE-VLA: Test-Time Training from Environment Feedback for Vision-Language-Action Models,leaderboards/stat_significance_sam_export_20260522T233929/sam_libero_official_prev_sota.csv,58,libero_object,libero_object_prev_sota,97.4,98.8,-1.4,percent,494,487,494,487,0,5.684341886e-14,python_round_nearest_even_matches_significance_cutoffs,-7,10,50,1,0.05,1.644853627,3,5,0.6,1,no_improvement,Per-suite binary success rate over 10 tasks x 50 official trials.
LIBERO,object,ExpReS-VLA: Specializing Vision-Language-Action Models Through Experience Replay and Retrieval,leaderboards/stat_significance_sam_export_20260522T233929/sam_libero_official_prev_sota.csv,59,libero_object,libero_object_prev_sota,93.9,97.5,-3.6,percent,487.5,469.5,488,470,-0.5,-0.5,python_round_nearest_even_matches_significance_cutoffs,-18,10,50,1,0.05,1.644853627,3,7,0.6,1.4,no_improvement,Per-suite binary success rate over 10 tasks x 50 official trials.
LIBERO,object,Fast ECoT: Efficient Embodied Chain-of-Thought via Thoughts Reuse,leaderboards/stat_significance_sam_export_20260522T233929/sam_libero_official_prev_sota.csv,60,libero_object,libero_object_prev_sota,83,87,-4,percent,435,415,435,415,0,0,python_round_nearest_even_matches_significance_cutoffs,-20,10,50,1,0.05,1.644853627,3,18,0.6,3.6,no_improvement,Per-suite binary success rate over 10 tasks x 50 official trials.
LIBERO,object,Fine-Tuning Vision-Language-Action Models: Optimizing Speed and Success,leaderboards/stat_significance_sam_export_20260522T233929/sam_libero_official_prev_sota.csv,63,libero_object,libero_object_prev_sota,98.4,98.8,-0.4,percent,494,492,494,492,0,5.684341886e-14,python_round_nearest_even_matches_significance_cutoffs,-2,10,50,1,0.05,1.644853627,3,5,0.6,1,no_improvement,Per-suite binary success rate over 10 tasks x 50 official trials.
LIBERO,object,Focusing on What Matters: Object-Agent-centric Tokenization for Vision Language Action models,leaderboards/stat_significance_sam_export_20260522T233929/sam_libero_official_prev_sota.csv,65,libero_object,libero_object_prev_sota,89.1,92.5,-3.4,percent,462.5,445.5,462,445,0.5,0.5,python_round_nearest_even_matches_significance_cutoffs,-17,10,50,1,0.05,1.644853627,3,14,0.6,2.8,no_improvement,Per-suite binary success rate over 10 tasks x 50 official trials.
LIBERO,object,FreqPolicy: Efficient Flow-based Visuomotor Policy via Frequency Consistency,leaderboards/stat_significance_sam_export_20260522T233929/sam_libero_official_prev_sota.csv,66,libero_object,libero_object_prev_sota,98.6,98.6,0,percent,493,493,493,493,0,0,python_round_nearest_even_matches_significance_cutoffs,0,10,50,1,0.05,1.644853627,3,5,0.6,1,no_improvement,Per-suite binary success rate over 10 tasks x 50 official trials.
LIBERO,object,From Grounding to Manipulation: Case Studies of Foundation Model Integration in Embodied Robotic Systems,leaderboards/stat_significance_sam_export_20260522T233929/sam_libero_official_prev_sota.csv,67,libero_object,libero_object_prev_sota,95.4,98.8,-3.4,percent,494,477,494,477,0,5.684341886e-14,python_round_nearest_even_matches_significance_cutoffs,-17,10,50,1,0.05,1.644853627,3,5,0.6,1,no_improvement,Per-suite binary success rate over 10 tasks x 50 official trials.
LIBERO,object,GeoAware-VLA: Implicit Geometry Aware Vision-Language-Action Model,leaderboards/stat_significance_sam_export_20260522T233929/sam_libero_official_prev_sota.csv,68,libero_object,libero_object_prev_sota,100,100,0,percent,500,500,500,500,0,0,python_round_nearest_even_matches_significance_cutoffs,0,10,50,1,0.05,1.644853627,unknown,unknown,unknown,unknown,no_improvement,Per-suite binary success rate over 10 tasks x 50 official trials.
LIBERO,object,GeoPredict: Leveraging Predictive Kinematics and 3D Gaussian Geometry for Precise VLA Manipulation,leaderboards/stat_significance_sam_export_20260522T233929/sam_libero_official_prev_sota.csv,69,libero_object,libero_object_prev_sota,98.2,98.8,-0.6,percent,494,491,494,491,0,0,python_round_nearest_even_matches_significance_cutoffs,-3,10,50,1,0.05,1.644853627,3,5,0.6,1,no_improvement,Per-suite binary success rate over 10 tasks x 50 official trials.
LIBERO,object,How Do VLAs Effectively Inherit from VLMs?,leaderboards/stat_significance_sam_export_20260522T233929/sam_libero_official_prev_sota.csv,74,libero_object,libero_object_prev_sota,92,99,-7,percent,495,460,495,460,0,0,python_round_nearest_even_matches_significance_cutoffs,-35,10,50,1,0.05,1.644853627,3,5,0.6,1,no_improvement,Per-suite binary success rate over 10 tasks x 50 official trials.
LIBERO,object,Hybrid Training for Vision-Language-Action Models,leaderboards/stat_significance_sam_export_20260522T233929/sam_libero_official_prev_sota.csv,75,libero_object,libero_object_prev_sota,97.2,97.8,-0.6,percent,489,486,489,486,0,0,python_round_nearest_even_matches_significance_cutoffs,-3,10,50,1,0.05,1.644853627,3,7,0.6,1.4,no_improvement,Per-suite binary success rate over 10 tasks x 50 official trials.
LIBERO,object,Interactive Post-Training for Vision-Language-Action Models,leaderboards/stat_significance_sam_export_20260522T233929/sam_libero_official_prev_sota.csv,79,libero_object,libero_object_prev_sota,98.6,98.8,-0.2,percent,494,493,494,493,0,0,python_round_nearest_even_matches_significance_cutoffs,-1,10,50,1,0.05,1.644853627,3,5,0.6,1,no_improvement,Per-suite binary success rate over 10 tasks x 50 official trials.
LIBERO,object,"Knowledge Insulating Vision-Language-Action Models: Train Fast, Run Fast, Generalize Better",leaderboards/stat_significance_sam_export_20260522T233929/sam_libero_official_prev_sota.csv,81,libero_object,libero_object_prev_sota,97.8,98.8,-1,percent,494,489,494,489,0,0,python_round_nearest_even_matches_significance_cutoffs,-5,10,50,1,0.05,1.644853627,3,5,0.6,1,no_improvement,Per-suite binary success rate over 10 tasks x 50 official trials.
LIBERO,object,Latent Action Pretraining Through World Modeling,leaderboards/stat_significance_sam_export_20260522T233929/sam_libero_official_prev_sota.csv,84,libero_object,libero_object_prev_sota,100,100,0,percent,500,500,500,500,0,0,python_round_nearest_even_matches_significance_cutoffs,0,10,50,1,0.05,1.644853627,unknown,unknown,unknown,unknown,no_improvement,Per-suite binary success rate over 10 tasks x 50 official trials.
LIBERO,object,MemoryVLA: Perceptual-Cognitive Memory in Vision-Language-Action Models for Robotic Manipulation,leaderboards/stat_significance_sam_export_20260522T233929/sam_libero_official_prev_sota.csv,93,libero_object,libero_object_prev_sota,98.4,98.8,-0.4,percent,494,492,494,492,0,5.684341886e-14,python_round_nearest_even_matches_significance_cutoffs,-2,10,50,1,0.05,1.644853627,3,5,0.6,1,no_improvement,Per-suite binary success rate over 10 tasks x 50 official trials.
LIBERO,object,MergeVLA: Cross-Skill Model Merging Toward a Generalist Vision-Language-Action Agent,leaderboards/stat_significance_sam_export_20260522T233929/sam_libero_official_prev_sota.csv,94,libero_object,libero_object_prev_sota,94.6,99.6,-5,percent,498,473,498,473,0,0,python_round_nearest_even_matches_significance_cutoffs,-25,10,50,1,0.05,1.644853627,unknown,unknown,unknown,unknown,no_improvement,Per-suite binary success rate over 10 tasks x 50 official trials.
LIBERO,object,MetaVLA: Unified Meta Co-training For Efficient Embodied Adaption,leaderboards/stat_significance_sam_export_20260522T233929/sam_libero_official_prev_sota.csv,95,libero_object,libero_object_prev_sota,88.9,98.2,-9.3,percent,491,444.5,491,444,0,0.5,python_round_nearest_even_matches_significance_cutoffs,-47,10,50,1,0.05,1.644853627,3,6,0.6,1.2,no_improvement,Per-suite binary success rate over 10 tasks x 50 official trials.
LIBERO,object,PixelVLA: Advancing Pixel-level Understanding in Vision-Language-Action Model,leaderboards/stat_significance_sam_export_20260522T233929/sam_libero_official_prev_sota.csv,99,libero_object,libero_object_prev_sota,90,96.3,-6.3,percent,481.5,450,482,450,-0.5,0,python_round_nearest_even_matches_significance_cutoffs,-32,10,50,1,0.05,1.644853627,3,9,0.6,1.8,no_improvement,Per-suite binary success rate over 10 tasks x 50 official trials.
LIBERO,object,Reflection-Based Task Adaptation for Self-Improving VLA,leaderboards/stat_significance_sam_export_20260522T233929/sam_libero_official_prev_sota.csv,100,libero_object,libero_object_prev_sota,93.4,96.8,-3.4,percent,484,467,484,467,0,0,python_round_nearest_even_matches_significance_cutoffs,-17,10,50,1,0.05,1.644853627,3,9,0.6,1.8,no_improvement,Per-suite binary success rate over 10 tasks x 50 official trials.
LIBERO,object,RESample: A Robust Data Augmentation Framework via Exploratory Sampling for Robotic Manipulation,leaderboards/stat_significance_sam_export_20260522T233929/sam_libero_official_prev_sota.csv,102,libero_object,libero_object_prev_sota,96.4,97.6,-1.2,percent,488,482,488,482,0,5.684341886e-14,python_round_nearest_even_matches_significance_cutoffs,-6,10,50,1,0.05,1.644853627,3,7,0.6,1.4,no_improvement,Per-suite binary success rate over 10 tasks x 50 official trials.
LIBERO,object,Saliency-Aware Quantized Imitation Learning for Efficient Robotic Control,leaderboards/stat_significance_sam_export_20260522T233929/sam_libero_official_prev_sota.csv,110,libero_object,libero_object_prev_sota,83.5,83.9,-0.4,percent,419.5,417.5,420,418,-0.5,-0.5,python_round_nearest_even_matches_significance_cutoffs,-2,10,50,1,0.05,1.644853627,3,20,0.6,4,no_improvement,Per-suite binary success rate over 10 tasks x 50 official trials.
LIBERO,object,Self-Improving Vision-Language-Action Models with Data Generation via Residual RL,leaderboards/stat_significance_sam_export_20260522T233929/sam_libero_official_prev_sota.csv,111,libero_object,libero_object_prev_sota,99.1,99.1,0,percent,495.5,495.5,496,496,-0.5,-0.5,python_round_nearest_even_matches_significance_cutoffs,0,10,50,1,0.05,1.644853627,3,4,0.6,0.8,no_improvement,Per-suite binary success rate over 10 tasks x 50 official trials.
LIBERO,object,Spatial-Aware VLA Pretraining through Visual-Physical Alignment from Human Videos,leaderboards/stat_significance_sam_export_20260522T233929/sam_libero_official_prev_sota.csv,115,libero_object,libero_object_prev_sota,97.2,97.6,-0.4,percent,488,486,488,486,0,0,python_round_nearest_even_matches_significance_cutoffs,-2,10,50,1,0.05,1.644853627,3,7,0.6,1.4,no_improvement,Per-suite binary success rate over 10 tasks x 50 official trials.
LIBERO,object,Spatial Forcing: Implicit Spatial Representation Alignment for Vision-language-action Model,leaderboards/stat_significance_sam_export_20260522T233929/sam_libero_official_prev_sota.csv,116,libero_object,libero_object_prev_sota,99.6,99.8,-0.2,percent,499,498,499,498,0,0,python_round_nearest_even_matches_significance_cutoffs,-1,10,50,1,0.05,1.644853627,unknown,unknown,unknown,unknown,no_improvement,Per-suite binary success rate over 10 tasks x 50 official trials.
LIBERO,object,SpatialVLA: Exploring Spatial Representations for Visual-Language-Action Model,leaderboards/stat_significance_sam_export_20260522T233929/sam_libero_official_prev_sota.csv,117,libero_object,libero_object_prev_sota,89.9,92.5,-2.6,percent,462.5,449.5,462,450,0.5,-0.5,python_round_nearest_even_matches_significance_cutoffs,-12,10,50,1,0.05,1.644853627,3,14,0.6,2.8,no_improvement,Per-suite binary success rate over 10 tasks x 50 official trials.
LIBERO,object,Spec-VLA: Speculative Decoding for Vision-Language-Action Models with Relaxed Acceptance,leaderboards/stat_significance_sam_export_20260522T233929/sam_libero_official_prev_sota.csv,118,libero_object,libero_object_prev_sota,85,89,-4,percent,445,425,445,425,0,0,python_round_nearest_even_matches_significance_cutoffs,-20,10,50,1,0.05,1.644853627,3,17,0.6,3.4,no_improvement,Per-suite binary success rate over 10 tasks x 50 official trials.
LIBERO,object,SpecPrune-VLA: Accelerating Vision-Language-Action Models via Action-Aware Self-Speculative Pruning,leaderboards/stat_significance_sam_export_20260522T233929/sam_libero_official_prev_sota.csv,119,libero_object,libero_object_prev_sota,95.8,98.8,-3,percent,494,479,494,479,0,0,python_round_nearest_even_matches_significance_cutoffs,-15,10,50,1,0.05,1.644853627,3,5,0.6,1,no_improvement,Per-suite binary success rate over 10 tasks x 50 official trials.
LIBERO,object,"The Better You Learn, The Smarter You Prune: Towards Efficient Vision-language-action Models via Differentiable Token Pruning",leaderboards/stat_significance_sam_export_20260522T233929/sam_libero_official_prev_sota.csv,123,libero_object,libero_object_prev_sota,98.4,98.8,-0.4,percent,494,492,494,492,0,5.684341886e-14,python_round_nearest_even_matches_significance_cutoffs,-2,10,50,1,0.05,1.644853627,3,5,0.6,1,no_improvement,Per-suite binary success rate over 10 tasks x 50 official trials.
LIBERO,object,Token Expand-Merge: Training-Free Token Compression for Vision-Language-Action Models,leaderboards/stat_significance_sam_export_20260522T233929/sam_libero_official_prev_sota.csv,125,libero_object,libero_object_prev_sota,96.5,97.7,-1.2,percent,488.5,482.5,488,482,0.5,0.5,python_round_nearest_even_matches_significance_cutoffs,-6,10,50,1,0.05,1.644853627,3,7,0.6,1.4,no_improvement,Per-suite binary success rate over 10 tasks x 50 official trials.
LIBERO,object,Unified Diffusion VLA: Vision-Language-Action Model via Joint Discrete Denoising Diffusion Process,leaderboards/stat_significance_sam_export_20260522T233929/sam_libero_official_prev_sota.csv,126,libero_object,libero_object_prev_sota,95.7,96.8,-1.1,percent,484,478.5,484,479,0,-0.5,python_round_nearest_even_matches_significance_cutoffs,-5,10,50,1,0.05,1.644853627,3,9,0.6,1.8,no_improvement,Per-suite binary success rate over 10 tasks x 50 official trials.
LIBERO,object,VLA-0: Building State-of-the-Art VLAs with Zero Modification,leaderboards/stat_significance_sam_export_20260522T233929/sam_libero_official_prev_sota.csv,133,libero_object,libero_object_prev_sota,97.8,98.8,-1,percent,494,489,494,489,0,0,python_round_nearest_even_matches_significance_cutoffs,-5,10,50,1,0.05,1.644853627,3,5,0.6,1,no_improvement,Per-suite binary success rate over 10 tasks x 50 official trials.
LIBERO,object,VLA-Cache: Efficient Vision-Language-Action Manipulation via Adaptive Token Caching,leaderboards/stat_significance_sam_export_20260522T233929/sam_libero_official_prev_sota.csv,134,libero_object,libero_object_prev_sota,97.5,97.6,-0.1,percent,488,487.5,488,488,0,-0.5,python_round_nearest_even_matches_significance_cutoffs,0,10,50,1,0.05,1.644853627,3,7,0.6,1.4,no_improvement,Per-suite binary success rate over 10 tasks x 50 official trials.
LIBERO,object,VLA-Pruner: Temporal-Aware Dual-Level Visual Token Pruning for Efficient Vision-Language-Action Inference,leaderboards/stat_significance_sam_export_20260522T233929/sam_libero_official_prev_sota.csv,135,libero_object,libero_object_prev_sota,98.6,98.7,-0.1,percent,493.5,493,494,493,-0.5,0,python_round_nearest_even_matches_significance_cutoffs,-1,10,50,1,0.05,1.644853627,3,5,0.6,1,no_improvement,Per-suite binary success rate over 10 tasks x 50 official trials.
LIBERO,object,VLA-RFT: Vision-Language-Action Reinforcement Fine-tuning with Verified Rewards in World Simulators,leaderboards/stat_significance_sam_export_20260522T233929/sam_libero_official_prev_sota.csv,136,libero_object,libero_object_prev_sota,94.4,96.2,-1.8,percent,481,472,481,472,5.684341886e-14,5.684341886e-14,python_round_nearest_even_matches_significance_cutoffs,-9,10,50,1,0.05,1.644853627,3,9,0.6,1.8,no_improvement,Per-suite binary success rate over 10 tasks x 50 official trials.
LIBERO,object,VLA-RL: Towards Masterful and General Robotic Manipulation with Scalable Reinforcement Learning,leaderboards/stat_significance_sam_export_20260522T233929/sam_libero_official_prev_sota.csv,137,libero_object,libero_object_prev_sota,91.8,96.8,-5,percent,484,459,484,459,0,-5.684341886e-14,python_round_nearest_even_matches_significance_cutoffs,-25,10,50,1,0.05,1.644853627,3,9,0.6,1.8,no_improvement,Per-suite binary success rate over 10 tasks x 50 official trials.
LIBERO,object,WorldVLA: Towards Autoregressive Action World Model,leaderboards/stat_significance_sam_export_20260522T233929/sam_libero_official_prev_sota.csv,141,libero_object,libero_object_prev_sota,96.2,98.1,-1.9,percent,490.5,481,490,481,0.5,5.684341886e-14,python_round_nearest_even_matches_significance_cutoffs,-9,10,50,1,0.05,1.644853627,3,7,0.6,1.4,no_improvement,Per-suite binary success rate over 10 tasks x 50 official trials.
LIBERO,object,X-VLA: Soft-Prompted Transformer as Scalable Cross-Embodiment Vision-Language-Action Model,leaderboards/stat_significance_sam_export_20260522T233929/sam_libero_official_prev_sota.csv,142,libero_object,libero_object_prev_sota,98.6,98.8,-0.2,percent,494,493,494,493,0,0,python_round_nearest_even_matches_significance_cutoffs,-1,10,50,1,0.05,1.644853627,3,5,0.6,1,no_improvement,Per-suite binary success rate over 10 tasks x 50 official trials.
LIBERO,object,ACoT-VLA: Action Chain-of-Thought for Vision-Language-Action Models,leaderboards/stat_significance_sam_export_20260522T233929/sam_libero_official_prev_sota.csv,146,libero_object,libero_object_prev_sota,99,99.2,-0.2,percent,496,495,496,495,0,0,python_round_nearest_even_matches_significance_cutoffs,-1,10,50,1,0.05,1.644853627,3,4,0.6,0.8,no_improvement,Per-suite binary success rate over 10 tasks x 50 official trials.
LIBERO,object,"Act, Think or Abstain: Complexity-Aware Adaptive Inference for Vision-Language-Action Models",leaderboards/stat_significance_sam_export_20260522T233929/sam_libero_official_prev_sota.csv,147,libero_object,libero_object_prev_sota,90,90,0,percent,450,450,450,450,0,0,python_round_nearest_even_matches_significance_cutoffs,0,10,50,1,0.05,1.644853627,3,16,0.6,3.2,no_improvement,Per-suite binary success rate over 10 tasks x 50 official trials.
LIBERO,object,AtomicVLA: Unlocking the Potential of Atomic Skill Learning in Robots,leaderboards/stat_significance_sam_export_20260522T233929/sam_libero_official_prev_sota.csv,155,libero_object,libero_object_prev_sota,98.8,98.8,0,percent,494,494,494,494,0,0,python_round_nearest_even_matches_significance_cutoffs,0,10,50,1,0.05,1.644853627,3,5,0.6,1,no_improvement,Per-suite binary success rate over 10 tasks x 50 official trials.
LIBERO,object,Beyond Dense Futures: World Models as Structured Planners for Robotic Manipulation,leaderboards/stat_significance_sam_export_20260522T233929/sam_libero_official_prev_sota.csv,159,libero_object,libero_object_prev_sota,98,98,0,percent,490,490,490,490,0,0,python_round_nearest_even_matches_significance_cutoffs,0,10,50,1,0.05,1.644853627,3,7,0.6,1.4,no_improvement,Per-suite binary success rate over 10 tasks x 50 official trials.
LIBERO,object,Causal World Modeling for Robot Control,leaderboards/stat_significance_sam_export_20260522T233929/sam_libero_official_prev_sota.csv,160,libero_object,libero_object_prev_sota,99.6,99.6,0,percent,498,498,498,498,0,0,python_round_nearest_even_matches_significance_cutoffs,0,10,50,1,0.05,1.644853627,unknown,unknown,unknown,unknown,no_improvement,Per-suite binary success rate over 10 tasks x 50 official trials.
LIBERO,object,CF-VLA: Efficient Coarse-to-Fine Action Generation for Vision-Language-Action Policies,leaderboards/stat_significance_sam_export_20260522T233929/sam_libero_official_prev_sota.csv,161,libero_object,libero_object_prev_sota,99.2,100,-0.8,percent,500,496,500,496,0,0,python_round_nearest_even_matches_significance_cutoffs,-4,10,50,1,0.05,1.644853627,unknown,unknown,unknown,unknown,no_improvement,Per-suite binary success rate over 10 tasks x 50 official trials.
LIBERO,object,Chain of World: World Model Thinking in Latent Motion,leaderboards/stat_significance_sam_export_20260522T233929/sam_libero_official_prev_sota.csv,162,libero_object,libero_object_prev_sota,97.8,99.2,-1.4,percent,496,489,496,489,0,0,python_round_nearest_even_matches_significance_cutoffs,-7,10,50,1,0.05,1.644853627,3,4,0.6,0.8,no_improvement,Per-suite binary success rate over 10 tasks x 50 official trials.
LIBERO,object,CKT-WAM: Parameter-Efficient Context Knowledge Transfer Between World Action Models,leaderboards/stat_significance_sam_export_20260522T233929/sam_libero_official_prev_sota.csv,163,libero_object,libero_object_prev_sota,99.8,100,-0.2,percent,500,499,500,499,0,0,python_round_nearest_even_matches_significance_cutoffs,-1,10,50,1,0.05,1.644853627,unknown,unknown,unknown,unknown,no_improvement,Per-suite binary success rate over 10 tasks x 50 official trials.
LIBERO,object,CLaD: Planning with Grounded Foresight via Cross-Modal Latent Dynamics,leaderboards/stat_significance_sam_export_20260522T233929/sam_libero_official_prev_sota.csv,164,libero_object,libero_object_prev_sota,95.7,98.6,-2.9,percent,493,478.5,493,479,0,-0.5,python_round_nearest_even_matches_significance_cutoffs,-14,10,50,1,0.05,1.644853627,3,5,0.6,1,no_improvement,Per-suite binary success rate over 10 tasks x 50 official trials.
LIBERO,object,CLAP: Contrastive Latent Action Pretraining for Learning Vision-Language-Action Models from Human Videos,leaderboards/stat_significance_sam_export_20260522T233929/sam_libero_official_prev_sota.csv,165,libero_object,libero_object_prev_sota,92,94,-2,percent,470,460,470,460,0,0,python_round_nearest_even_matches_significance_cutoffs,-10,10,50,1,0.05,1.644853627,3,12,0.6,2.4,no_improvement,Per-suite binary success rate over 10 tasks x 50 official trials.
LIBERO,object,CORAL: Scalable Multi-Task Robot Learning via LoRA Experts,leaderboards/stat_significance_sam_export_20260522T233929/sam_libero_official_prev_sota.csv,168,libero_object,libero_object_prev_sota,99.8,99.8,0,percent,499,499,499,499,0,0,python_round_nearest_even_matches_significance_cutoffs,0,10,50,1,0.05,1.644853627,unknown,unknown,unknown,unknown,no_improvement,Per-suite binary success rate over 10 tasks x 50 official trials.
LIBERO,object,DepthCache: Depth-Guided Training-Free Visual Token Merging for Vision-Language-Action Model Inference,leaderboards/stat_significance_sam_export_20260522T233929/sam_libero_official_prev_sota.csv,173,libero_object,libero_object_prev_sota,97.1,97.6,-0.5,percent,488,485.5,488,486,0,-0.5,python_round_nearest_even_matches_significance_cutoffs,-2,10,50,1,0.05,1.644853627,3,7,0.6,1.4,no_improvement,Per-suite binary success rate over 10 tasks x 50 official trials.
LIBERO,object,Device-Conditioned Neural Architecture Search for Efficient Robotic Manipulation,leaderboards/stat_significance_sam_export_20260522T233929/sam_libero_official_prev_sota.csv,174,libero_object,libero_object_prev_sota,98,98.4,-0.4,percent,492,490,492,490,5.684341886e-14,0,python_round_nearest_even_matches_significance_cutoffs,-2,10,50,1,0.05,1.644853627,3,6,0.6,1.2,no_improvement,Per-suite binary success rate over 10 tasks x 50 official trials.
LIBERO,object,DyQ-VLA: Temporal-Dynamic-Aware Quantization for Embodied Vision-Language-Action Models,leaderboards/stat_significance_sam_export_20260522T233929/sam_libero_official_prev_sota.csv,178,libero_object,libero_object_prev_sota,87.8,88.4,-0.6,percent,442,439,442,439,0,0,python_round_nearest_even_matches_significance_cutoffs,-3,10,50,1,0.05,1.644853627,3,17,0.6,3.4,no_improvement,Per-suite binary success rate over 10 tasks x 50 official trials.
LIBERO,object,DySL-VLA: Efficient Vision-Language-Action Model Inference via Dynamic-Static Layer-Skipping for Robot Manipulation,leaderboards/stat_significance_sam_export_20260522T233929/sam_libero_official_prev_sota.csv,179,libero_object,libero_object_prev_sota,98.2,98.4,-0.2,percent,492,491,492,491,5.684341886e-14,0,python_round_nearest_even_matches_significance_cutoffs,-1,10,50,1,0.05,1.644853627,3,6,0.6,1.2,no_improvement,Per-suite binary success rate over 10 tasks x 50 official trials.
LIBERO,object,Efficient Long-Horizon Vision-Language-Action Models via Static-Dynamic Disentanglement,leaderboards/stat_significance_sam_export_20260522T233929/sam_libero_official_prev_sota.csv,180,libero_object,libero_object_prev_sota,97.6,98.3,-0.7,percent,491.5,488,492,488,-0.5,0,python_round_nearest_even_matches_significance_cutoffs,-4,10,50,1,0.05,1.644853627,3,6,0.6,1.2,no_improvement,Per-suite binary success rate over 10 tasks x 50 official trials.
LIBERO,object,Fast-dVLA: Accelerating Discrete Diffusion VLA to Real-Time Performance,leaderboards/stat_significance_sam_export_20260522T233929/sam_libero_official_prev_sota.csv,182,libero_object,libero_object_prev_sota,98.8,98.8,0,percent,494,494,494,494,0,0,python_round_nearest_even_matches_significance_cutoffs,0,10,50,1,0.05,1.644853627,3,5,0.6,1,no_improvement,Per-suite binary success rate over 10 tasks x 50 official trials.
LIBERO,object,FASTER: Rethinking Real-Time Flow VLAs,leaderboards/stat_significance_sam_export_20260522T233929/sam_libero_official_prev_sota.csv,185,libero_object,libero_object_prev_sota,99.2,99.4,-0.2,percent,497,496,497,496,5.684341886e-14,0,python_round_nearest_even_matches_significance_cutoffs,-1,10,50,1,0.05,1.644853627,3,3,0.6,0.6,no_improvement,Per-suite binary success rate over 10 tasks x 50 official trials.
LIBERO,object,FlowHijack: A Dynamics-Aware Backdoor Attack on Flow-Matching Vision-Language-Action Models,leaderboards/stat_significance_sam_export_20260522T233929/sam_libero_official_prev_sota.csv,186,libero_object,libero_object_prev_sota,98.8,98.8,0,percent,494,494,494,494,0,0,python_round_nearest_even_matches_significance_cutoffs,0,10,50,1,0.05,1.644853627,3,5,0.6,1,no_improvement,Per-suite binary success rate over 10 tasks x 50 official trials.
LIBERO,object,From Noise to Intent: Anchoring Generative VLA Policies with Residual Bridges,leaderboards/stat_significance_sam_export_20260522T233929/sam_libero_official_prev_sota.csv,187,libero_object,libero_object_prev_sota,98.6,99.2,-0.6,percent,496,493,496,493,0,0,python_round_nearest_even_matches_significance_cutoffs,-3,10,50,1,0.05,1.644853627,3,4,0.6,0.8,no_improvement,Per-suite binary success rate over 10 tasks x 50 official trials.
LIBERO,object,From Pixels to Tokens: A Systematic Study of Latent Action Supervision for Vision-Language-Action Models,leaderboards/stat_significance_sam_export_20260522T233929/sam_libero_official_prev_sota.csv,188,libero_object,libero_object_prev_sota,98.6,98.8,-0.2,percent,494,493,494,493,0,0,python_round_nearest_even_matches_significance_cutoffs,-1,10,50,1,0.05,1.644853627,3,5,0.6,1,no_improvement,Per-suite binary success rate over 10 tasks x 50 official trials.
LIBERO,object,Generative Control as Optimization: Time Unconditional Flow Matching for Adaptive and Robust Robotic Control,leaderboards/stat_significance_sam_export_20260522T233929/sam_libero_official_prev_sota.csv,189,libero_object,libero_object_prev_sota,98.6,98.8,-0.2,percent,494,493,494,493,0,0,python_round_nearest_even_matches_significance_cutoffs,-1,10,50,1,0.05,1.644853627,3,5,0.6,1,no_improvement,Per-suite binary success rate over 10 tasks x 50 official trials.
LIBERO,object,JEPA-VLA: Video Predictive Embedding is Needed for VLA Models,leaderboards/stat_significance_sam_export_20260522T233929/sam_libero_official_prev_sota.csv,196,libero_object,libero_object_prev_sota,98,98.3,-0.3,percent,491.5,490,492,490,-0.5,0,python_round_nearest_even_matches_significance_cutoffs,-2,10,50,1,0.05,1.644853627,3,6,0.6,1.2,no_improvement,Per-suite binary success rate over 10 tasks x 50 official trials.
LIBERO,object,Joint-Aligned Latent Action: Towards Scalable VLA Pretraining in the Wild,leaderboards/stat_significance_sam_export_20260522T233929/sam_libero_official_prev_sota.csv,197,libero_object,libero_object_prev_sota,98.2,98.8,-0.6,percent,494,491,494,491,0,0,python_round_nearest_even_matches_significance_cutoffs,-3,10,50,1,0.05,1.644853627,3,5,0.6,1,no_improvement,Per-suite binary success rate over 10 tasks x 50 official trials.
LIBERO,object,LangGap: Diagnosing and Closing the Language Gap in Vision-Language-Action Models,leaderboards/stat_significance_sam_export_20260522T233929/sam_libero_official_prev_sota.csv,201,libero_object,libero_object_prev_sota,98,100,-2,percent,500,490,500,490,0,0,python_round_nearest_even_matches_significance_cutoffs,-10,10,50,1,0.05,1.644853627,unknown,unknown,unknown,unknown,no_improvement,Per-suite binary success rate over 10 tasks x 50 official trials.
LIBERO,object,Language-Grounded Decoupled Action Representation for Robotic Manipulation,leaderboards/stat_significance_sam_export_20260522T233929/sam_libero_official_prev_sota.csv,202,libero_object,libero_object_prev_sota,99.2,99.2,0,percent,496,496,496,496,0,0,python_round_nearest_even_matches_significance_cutoffs,0,10,50,1,0.05,1.644853627,3,4,0.6,0.8,no_improvement,Per-suite binary success rate over 10 tasks x 50 official trials.
LIBERO,object,Latent Bridge: Feature Delta Prediction for Efficient Dual-System Vision-Language-Action Model Inference,leaderboards/stat_significance_sam_export_20260522T233929/sam_libero_official_prev_sota.csv,204,libero_object,libero_object_prev_sota,97.67,98.17,-0.5,percent,490.85,488.35,491,488,-0.15,0.35,python_round_nearest_even_matches_significance_cutoffs,-3,10,50,1,0.05,1.644853627,3,6,0.6,1.2,no_improvement,Per-suite binary success rate over 10 tasks x 50 official trials.
LIBERO,object,Learning to Accelerate Vision-Language-Action Models through Adaptive Visual Token Caching,leaderboards/stat_significance_sam_export_20260522T233929/sam_libero_official_prev_sota.csv,207,libero_object,libero_object_prev_sota,86.2,86.6,-0.4,percent,433,431,433,431,0,0,python_round_nearest_even_matches_significance_cutoffs,-2,10,50,1,0.05,1.644853627,3,18,0.6,3.6,no_improvement,Per-suite binary success rate over 10 tasks x 50 official trials.
LIBERO,object,OFlow: Injecting Object-Aware Temporal Flow Matching for Robust Robotic Manipulation,leaderboards/stat_significance_sam_export_20260522T233929/sam_libero_official_prev_sota.csv,218,libero_object,libero_object_prev_sota,99,99,0,percent,495,495,495,495,0,0,python_round_nearest_even_matches_significance_cutoffs,0,10,50,1,0.05,1.644853627,3,5,0.6,1,no_improvement,Per-suite binary success rate over 10 tasks x 50 official trials.
LIBERO,object,Phantom Menace: Exploring and Enhancing the Robustness of VLA Models Against Physical Sensor Attacks,leaderboards/stat_significance_sam_export_20260522T233929/sam_libero_official_prev_sota.csv,222,libero_object,libero_object_prev_sota,98.4,98.8,-0.4,percent,494,492,494,492,0,5.684341886e-14,python_round_nearest_even_matches_significance_cutoffs,-2,10,50,1,0.05,1.644853627,3,5,0.6,1,no_improvement,Per-suite binary success rate over 10 tasks x 50 official trials.
LIBERO,object,PokeVLA: Empowering Pocket-Sized Vision-Language-Action Model with Comprehensive World Knowledge Guidance,leaderboards/stat_significance_sam_export_20260522T233929/sam_libero_official_prev_sota.csv,223,libero_object,libero_object_prev_sota,99.6,99.6,0,percent,498,498,498,498,0,0,python_round_nearest_even_matches_significance_cutoffs,0,10,50,1,0.05,1.644853627,unknown,unknown,unknown,unknown,no_improvement,Per-suite binary success rate over 10 tasks x 50 official trials.
LIBERO,object,Privileged Foresight Distillation: Zero-Cost Future Correction for World Action Models,leaderboards/stat_significance_sam_export_20260522T233929/sam_libero_official_prev_sota.csv,225,libero_object,libero_object_prev_sota,99.2,100,-0.8,percent,500,496,500,496,0,0,python_round_nearest_even_matches_significance_cutoffs,-4,10,50,1,0.05,1.644853627,unknown,unknown,unknown,unknown,no_improvement,Per-suite binary success rate over 10 tasks x 50 official trials.
LIBERO,object,QuantVLA: Scale-Calibrated Post-Training Quantization for Vision-Language-Action Models,leaderboards/stat_significance_sam_export_20260522T233929/sam_libero_official_prev_sota.csv,227,libero_object,libero_object_prev_sota,98,99,-1,percent,495,490,495,490,0,0,python_round_nearest_even_matches_significance_cutoffs,-5,10,50,1,0.05,1.644853627,3,5,0.6,1,no_improvement,Per-suite binary success rate over 10 tasks x 50 official trials.
LIBERO,object,QVLA: Not All Channels Are Equal in Vision-Language-Action Model's Quantization,leaderboards/stat_significance_sam_export_20260522T233929/sam_libero_official_prev_sota.csv,228,libero_object,libero_object_prev_sota,97.6,98.4,-0.8,percent,492,488,492,488,5.684341886e-14,0,python_round_nearest_even_matches_significance_cutoffs,-4,10,50,1,0.05,1.644853627,3,6,0.6,1.2,no_improvement,Per-suite binary success rate over 10 tasks x 50 official trials.
LIBERO,object,"Rethinking Visual-Language-Action Model Scaling: Alignment, Mixture, and Regularization",leaderboards/stat_significance_sam_export_20260522T233929/sam_libero_official_prev_sota.csv,234,libero_object,libero_object_prev_sota,96.2,98.2,-2,percent,491,481,491,481,0,5.684341886e-14,python_round_nearest_even_matches_significance_cutoffs,-10,10,50,1,0.05,1.644853627,3,6,0.6,1.2,no_improvement,Per-suite binary success rate over 10 tasks x 50 official trials.
LIBERO,object,ReViP: Mitigating False Completion in Vision-Language-Action Models with Vision-Proprioception Rebalance,leaderboards/stat_significance_sam_export_20260522T233929/sam_libero_official_prev_sota.csv,235,libero_object,libero_object_prev_sota,98.8,98.8,0,percent,494,494,494,494,0,0,python_round_nearest_even_matches_significance_cutoffs,0,10,50,1,0.05,1.644853627,3,5,0.6,1,no_improvement,Per-suite binary success rate over 10 tasks x 50 official trials.
LIBERO,object,Robotic Manipulation is Vision-to-Geometry Mapping ($f(v) \rightarrow G$): Vision-Geometry Backbones over Language and Video Models,leaderboards/stat_significance_sam_export_20260522T233929/sam_libero_official_prev_sota.csv,239,libero_object,libero_object_prev_sota,99.6,100,-0.4,percent,500,498,500,498,0,0,python_round_nearest_even_matches_significance_cutoffs,-2,10,50,1,0.05,1.644853627,unknown,unknown,unknown,unknown,no_improvement,Per-suite binary success rate over 10 tasks x 50 official trials.
LIBERO,object,ROCKET: Residual-Oriented Multi-Layer Alignment for Spatially-Aware Vision-Language-Action Models,leaderboards/stat_significance_sam_export_20260522T233929/sam_libero_official_prev_sota.csv,240,libero_object,libero_object_prev_sota,99.8,99.8,0,percent,499,499,499,499,0,0,python_round_nearest_even_matches_significance_cutoffs,0,10,50,1,0.05,1.644853627,unknown,unknown,unknown,unknown,no_improvement,Per-suite binary success rate over 10 tasks x 50 official trials.
LIBERO,object,"See, Plan, Rewind: Progress-Aware Vision-Language-Action Models for Robust Robotic Manipulation",leaderboards/stat_significance_sam_export_20260522T233929/sam_libero_official_prev_sota.csv,243,libero_object,libero_object_prev_sota,95.4,96.8,-1.4,percent,484,477,484,477,0,5.684341886e-14,python_round_nearest_even_matches_significance_cutoffs,-7,10,50,1,0.05,1.644853627,3,9,0.6,1.8,no_improvement,Per-suite binary success rate over 10 tasks x 50 official trials.
LIBERO,object,Shallow-π: Knowledge Distillation for Flow-based VLAs,leaderboards/stat_significance_sam_export_20260522T233929/sam_libero_official_prev_sota.csv,245,libero_object,libero_object_prev_sota,98,99,-1,percent,495,490,495,490,0,0,python_round_nearest_even_matches_significance_cutoffs,-5,10,50,1,0.05,1.644853627,3,5,0.6,1,no_improvement,Per-suite binary success rate over 10 tasks x 50 official trials.
LIBERO,object,SnapFlow: One-Step Action Generation for Flow-Matching VLAs via Progressive Self-Distillation,leaderboards/stat_significance_sam_export_20260522T233929/sam_libero_official_prev_sota.csv,249,libero_object,libero_object_prev_sota,100,100,0,percent,500,500,500,500,0,0,python_round_nearest_even_matches_significance_cutoffs,0,10,50,1,0.05,1.644853627,unknown,unknown,unknown,unknown,no_improvement,Per-suite binary success rate over 10 tasks x 50 official trials.
LIBERO,object,StarVLA: A Lego-like Codebase for Vision-Language-Action Model Developing,leaderboards/stat_significance_sam_export_20260522T233929/sam_libero_official_prev_sota.csv,253,libero_object,libero_object_prev_sota,98.6,98.8,-0.2,percent,494,493,494,493,0,0,python_round_nearest_even_matches_significance_cutoffs,-1,10,50,1,0.05,1.644853627,3,5,0.6,1,no_improvement,Per-suite binary success rate over 10 tasks x 50 official trials.
LIBERO,object,StreamingVLA: Streaming Vision-Language-Action Model with Action Flow Matching and Adaptive Early Observation,leaderboards/stat_significance_sam_export_20260522T233929/sam_libero_official_prev_sota.csv,255,libero_object,libero_object_prev_sota,96.6,99.2,-2.6,percent,496,483,496,483,0,0,python_round_nearest_even_matches_significance_cutoffs,-13,10,50,1,0.05,1.644853627,3,4,0.6,0.8,no_improvement,Per-suite binary success rate over 10 tasks x 50 official trials.
LIBERO,object,Test-Time Perturbation Learning with Delayed Feedback for Vision-Language-Action Models,leaderboards/stat_significance_sam_export_20260522T233929/sam_libero_official_prev_sota.csv,259,libero_object,libero_object_prev_sota,72,92,-20,percent,460,360,460,360,0,0,python_round_nearest_even_matches_significance_cutoffs,-100,10,50,1,0.05,1.644853627,3,14,0.6,2.8,no_improvement,Per-suite binary success rate over 10 tasks x 50 official trials.
LIBERO,object,Thinking in Text and Images: Interleaved Vision--Language Reasoning Traces for Long-Horizon Robot Manipulation,leaderboards/stat_significance_sam_export_20260522T233929/sam_libero_official_prev_sota.csv,261,libero_object,libero_object_prev_sota,95.8,97.8,-2,percent,489,479,489,479,0,0,python_round_nearest_even_matches_significance_cutoffs,-10,10,50,1,0.05,1.644853627,3,7,0.6,1.4,no_improvement,Per-suite binary success rate over 10 tasks x 50 official trials.
LIBERO,object,TTQ: Activation-Aware Test-Time Quantization to Accelerate LLM Inference On The Fly,leaderboards/stat_significance_sam_export_20260522T233929/sam_libero_official_prev_sota.csv,264,libero_object,libero_object_prev_sota,100,100,0,percent,500,500,500,500,0,0,python_round_nearest_even_matches_significance_cutoffs,0,10,50,1,0.05,1.644853627,unknown,unknown,unknown,unknown,no_improvement,Per-suite binary success rate over 10 tasks x 50 official trials.
LIBERO,object,Universal Pose Pretraining for Generalizable Vision-Language-Action Policies,leaderboards/stat_significance_sam_export_20260522T233929/sam_libero_official_prev_sota.csv,266,libero_object,libero_object_prev_sota,98,98.8,-0.8,percent,494,490,494,490,0,0,python_round_nearest_even_matches_significance_cutoffs,-4,10,50,1,0.05,1.644853627,3,5,0.6,1,no_improvement,Per-suite binary success rate over 10 tasks x 50 official trials.
LIBERO,object,Unmasking the Illusion of Embodied Reasoning in Vision-Language-Action Models,leaderboards/stat_significance_sam_export_20260522T233929/sam_libero_official_prev_sota.csv,267,libero_object,libero_object_prev_sota,97.6,99.6,-2,percent,498,488,498,488,0,0,python_round_nearest_even_matches_significance_cutoffs,-10,10,50,1,0.05,1.644853627,unknown,unknown,unknown,unknown,no_improvement,Per-suite binary success rate over 10 tasks x 50 official trials.
LIBERO,object,VISTA: Enhancing Visual Conditioning via Track-Following Preference Optimization in Vision-Language-Action Models,leaderboards/stat_significance_sam_export_20260522T233929/sam_libero_official_prev_sota.csv,268,libero_object,libero_object_prev_sota,91.6,92.5,-0.9,percent,462.5,458,462,458,0.5,-5.684341886e-14,python_round_nearest_even_matches_significance_cutoffs,-4,10,50,1,0.05,1.644853627,3,14,0.6,2.8,no_improvement,Per-suite binary success rate over 10 tasks x 50 official trials.
LIBERO,object,When Vision Overrides Language: Evaluating and Mitigating Counterfactual Failures in VLAs,leaderboards/stat_significance_sam_export_20260522T233929/sam_libero_official_prev_sota.csv,278,libero_object,libero_object_prev_sota,98.2,98.8,-0.6,percent,494,491,494,491,0,0,python_round_nearest_even_matches_significance_cutoffs,-3,10,50,1,0.05,1.644853627,3,5,0.6,1,no_improvement,Per-suite binary success rate over 10 tasks x 50 official trials.
LIBERO,object,World2Act: Latent Action Post-Training via Skill-Compositional World Models,leaderboards/stat_significance_sam_export_20260522T233929/sam_libero_official_prev_sota.csv,281,libero_object,libero_object_prev_sota,100,100,0,percent,500,500,500,500,0,0,python_round_nearest_even_matches_significance_cutoffs,0,10,50,1,0.05,1.644853627,unknown,unknown,unknown,unknown,no_improvement,Per-suite binary success rate over 10 tasks x 50 official trials.
LIBERO,object,OA-WAM: Object-Addressable World Action Model for Robust Robot Manipulation,leaderboards/stat_significance_sam_export_20260522T233929/sam_libero_official_prev_sota.csv,287,libero_object,libero_object_prev_sota,99,99.6,-0.6,percent,498,495,498,495,0,0,python_round_nearest_even_matches_significance_cutoffs,-3,10,50,1,0.05,1.644853627,unknown,unknown,unknown,unknown,no_improvement,Per-suite binary success rate over 10 tasks x 50 official trials.
LIBERO,object,PRTS: A Primitive Reasoning and Tasking System via Contrastive Representations,leaderboards/stat_significance_sam_export_20260522T233929/sam_libero_official_prev_sota.csv,288,libero_object,libero_object_prev_sota,99.8,99.8,0,percent,499,499,499,499,0,0,python_round_nearest_even_matches_significance_cutoffs,0,10,50,1,0.05,1.644853627,unknown,unknown,unknown,unknown,no_improvement,Per-suite binary success rate over 10 tasks x 50 official trials.
LIBERO,object,Much Ado About Noising: Dispelling the Myths of Generative Robotic Control,leaderboards/stat_significance_sam_export_20260522T233929/sam_libero_official_prev_sota.csv,297,libero_object,libero_object_prev_sota,95.8,97.4,-1.6,percent,487,479,487,479,5.684341886e-14,0,python_round_nearest_even_matches_significance_cutoffs,-8,10,50,1,0.05,1.644853627,3,8,0.6,1.6,no_improvement,Per-suite binary success rate over 10 tasks x 50 official trials.
LIBERO,object,Expertise Need Not Monopolize: Action-Specialized Mixture of Experts for Vision-Language-Action Learning,leaderboards/stat_significance_sam_export_20260522T233929/sam_libero_official_prev_sota.csv,299,libero_object,libero_object_prev_sota,95,98.8,-3.8,percent,494,475,494,475,0,0,python_round_nearest_even_matches_significance_cutoffs,-19,10,50,1,0.05,1.644853627,3,5,0.6,1,no_improvement,Per-suite binary success rate over 10 tasks x 50 official trials.
LIBERO,object,FrameSkip: Learning from Fewer but More Informative Frames in VLA Training,leaderboards/stat_significance_sam_export_20260522T233929/sam_libero_official_prev_sota.csv,304,libero_object,libero_object_prev_sota,99,99,0,percent,495,495,495,495,0,0,python_round_nearest_even_matches_significance_cutoffs,0,10,50,1,0.05,1.644853627,3,5,0.6,1,no_improvement,Per-suite binary success rate over 10 tasks x 50 official trials.
LIBERO,object,"Guide, Think, Act: Interactive Embodied Reasoning in Vision-Language-Action Models",leaderboards/stat_significance_sam_export_20260522T233929/sam_libero_official_prev_sota.csv,306,libero_object,libero_object_prev_sota,98.8,99,-0.2,percent,495,494,495,494,0,0,python_round_nearest_even_matches_significance_cutoffs,-1,10,50,1,0.05,1.644853627,3,5,0.6,1,no_improvement,Per-suite binary success rate over 10 tasks x 50 official trials.
LIBERO,object,DreamAvoid: Critical-Phase Test-Time Dreaming to Avoid Failures in VLA Policies,leaderboards/stat_significance_sam_export_20260522T233929/sam_libero_official_prev_sota.csv,307,libero_object,libero_object_prev_sota,98.5,99,-0.5,percent,495,492.5,495,492,0,0.5,python_round_nearest_even_matches_significance_cutoffs,-3,10,50,1,0.05,1.644853627,3,5,0.6,1,no_improvement,Per-suite binary success rate over 10 tasks x 50 official trials.
LIBERO,object,Beyond World-Frame Action Heads: Motion-Centric Action Frames for Vision-Language-Action Models,leaderboards/stat_significance_sam_export_20260522T233929/sam_libero_official_prev_sota.csv,308,libero_object,libero_object_prev_sota,98.8,98.8,0,percent,494,494,494,494,0,0,python_round_nearest_even_matches_significance_cutoffs,0,10,50,1,0.05,1.644853627,3,5,0.6,1,no_improvement,Per-suite binary success rate over 10 tasks x 50 official trials.
LIBERO,object,Learning Action Manifold with Multi-view Latent Priors for Robotic Manipulation,leaderboards/stat_significance_sam_export_20260522T233929/sam_libero_official_prev_sota.csv,309,libero_object,libero_object_prev_sota,99.8,99.8,0,percent,499,499,499,499,0,0,python_round_nearest_even_matches_significance_cutoffs,0,10,50,1,0.05,1.644853627,unknown,unknown,unknown,unknown,no_improvement,Per-suite binary success rate over 10 tasks x 50 official trials.
LIBERO,object,See What Matters: Differentiable Grid Sample Pruning for Generalizable Vision-Language-Action Model,leaderboards/stat_significance_sam_export_20260522T233929/sam_libero_official_prev_sota.csv,310,libero_object,libero_object_prev_sota,98.8,98.8,0,percent,494,494,494,494,0,0,python_round_nearest_even_matches_significance_cutoffs,0,10,50,1,0.05,1.644853627,3,5,0.6,1,no_improvement,Per-suite binary success rate over 10 tasks x 50 official trials.
LIBERO,object,Dynamic Execution Commitment of Vision-Language-Action Models,leaderboards/stat_significance_sam_export_20260522T233929/sam_libero_official_prev_sota.csv,313,libero_object,libero_object_prev_sota,99.4,99.8,-0.4,percent,499,497,499,497,0,5.684341886e-14,python_round_nearest_even_matches_significance_cutoffs,-2,10,50,1,0.05,1.644853627,unknown,unknown,unknown,unknown,no_improvement,Per-suite binary success rate over 10 tasks x 50 official trials.
LIBERO,object,CapVector: Learning Transferable Capability Vectors in Parametric Space for Vision-Language-Action Models,leaderboards/stat_significance_sam_export_20260522T233929/sam_libero_official_prev_sota.csv,316,libero_object,libero_object_prev_sota,98.4,99.2,-0.8,percent,496,492,496,492,0,5.684341886e-14,python_round_nearest_even_matches_significance_cutoffs,-4,10,50,1,0.05,1.644853627,3,4,0.6,0.8,no_improvement,Per-suite binary success rate over 10 tasks x 50 official trials.
LIBERO,object,ElasticFlow: One-Step Physics-Consistent Policy with Elastic Time Horizons for Language-Guided Manipulation,leaderboards/stat_significance_sam_export_20260522T233929/sam_libero_official_prev_sota.csv,319,libero_object,libero_object_prev_sota,99.3,99.4,-0.1,percent,497,496.5,497,496,5.684341886e-14,0.5,python_round_nearest_even_matches_significance_cutoffs,-1,10,50,1,0.05,1.644853627,3,3,0.6,0.6,no_improvement,Per-suite binary success rate over 10 tasks x 50 official trials.
LIBERO,goal,Multimodal Diffusion Transformer: Learning Versatile Behavior from Multimodal Goals,leaderboards/stat_significance_sam_export_20260522T233929/sam_libero_official_prev_sota.csv,11,libero_goal,libero_goal_prev_sota,73.5,76.3,-2.8,percent,381.5,367.5,382,368,-0.5,-0.5,python_round_nearest_even_matches_significance_cutoffs,-14,10,50,1,0.05,1.644853627,3,25,0.6,5,no_improvement,Per-suite binary success rate over 10 tasks x 50 official trials.
LIBERO,goal,OpenVLA: An Open-Source Vision-Language-Action Model,leaderboards/stat_significance_sam_export_20260522T233929/sam_libero_official_prev_sota.csv,12,libero_goal,libero_goal_prev_sota,79.2,84.6,-5.4,percent,423,396,423,396,0,0,python_round_nearest_even_matches_significance_cutoffs,-27,10,50,1,0.05,1.644853627,3,20,0.6,4,no_improvement,Per-suite binary success rate over 10 tasks x 50 official trials.
LIBERO,goal,Quantization-Aware Imitation-Learning for Resource-Efficient Robotic Control,leaderboards/stat_significance_sam_export_20260522T233929/sam_libero_official_prev_sota.csv,14,libero_goal,libero_goal_prev_sota,76.4,76.6,-0.2,percent,383,382,383,382,-5.684341886e-14,0,python_round_nearest_even_matches_significance_cutoffs,-1,10,50,1,0.05,1.644853627,3,25,0.6,5,no_improvement,Per-suite binary success rate over 10 tasks x 50 official trials.
LIBERO,goal,ActDistill: General Action-Guided Self-Derived Distillation for Efficient Vision-Language-Action Models,leaderboards/stat_significance_sam_export_20260522T233929/sam_libero_official_prev_sota.csv,21,libero_goal,libero_goal_prev_sota,72.4,76.4,-4,percent,382,362,382,362,0,5.684341886e-14,python_round_nearest_even_matches_significance_cutoffs,-20,10,50,1,0.05,1.644853627,3,25,0.6,5,no_improvement,Per-suite binary success rate over 10 tasks x 50 official trials.
LIBERO,goal,Action-aware Dynamic Pruning for Efficient Vision-Language-Action Manipulation,leaderboards/stat_significance_sam_export_20260522T233929/sam_libero_official_prev_sota.csv,22,libero_goal,libero_goal_prev_sota,96.4,96.6,-0.2,percent,483,482,483,482,0,5.684341886e-14,python_round_nearest_even_matches_significance_cutoffs,-1,10,50,1,0.05,1.644853627,3,9,0.6,1.8,no_improvement,Per-suite binary success rate over 10 tasks x 50 official trials.
LIBERO,goal,BadVLA: Towards Backdoor Attacks on Vision-Language-Action Models via Objective-Decoupled Optimization,leaderboards/stat_significance_sam_export_20260522T233929/sam_libero_official_prev_sota.csv,27,libero_goal,libero_goal_prev_sota,95,98.3,-3.3,percent,491.5,475,492,475,-0.5,0,python_round_nearest_even_matches_significance_cutoffs,-17,10,50,1,0.05,1.644853627,3,6,0.6,1.2,no_improvement,Per-suite binary success rate over 10 tasks x 50 official trials.
LIBERO,goal,BitVLA: 1-bit Vision-Language-Action Models for Robotics Manipulation,leaderboards/stat_significance_sam_export_20260522T233929/sam_libero_official_prev_sota.csv,30,libero_goal,libero_goal_prev_sota,95.4,97.9,-2.5,percent,489.5,477,490,477,-0.5,5.684341886e-14,python_round_nearest_even_matches_significance_cutoffs,-13,10,50,1,0.05,1.644853627,3,7,0.6,1.4,no_improvement,Per-suite binary success rate over 10 tasks x 50 official trials.
LIBERO,goal,Bridging Scale Discrepancies in Robotic Control via Language-Based Action Representations,leaderboards/stat_significance_sam_export_20260522T233929/sam_libero_official_prev_sota.csv,31,libero_goal,libero_goal_prev_sota,82.2,84.6,-2.4,percent,423,411,423,411,0,5.684341886e-14,python_round_nearest_even_matches_significance_cutoffs,-12,10,50,1,0.05,1.644853627,3,20,0.6,4,no_improvement,Per-suite binary success rate over 10 tasks x 50 official trials.
LIBERO,goal,CLIP-RT: Learning Language-Conditioned Robotic Policies from Natural Language Supervision,leaderboards/stat_significance_sam_export_20260522T233929/sam_libero_official_prev_sota.csv,32,libero_goal,libero_goal_prev_sota,94.2,96.2,-2,percent,481,471,481,471,5.684341886e-14,5.684341886e-14,python_round_nearest_even_matches_significance_cutoffs,-10,10,50,1,0.05,1.644853627,3,9,0.6,1.8,no_improvement,Per-suite binary success rate over 10 tasks x 50 official trials.
LIBERO,goal,CogVLA: Cognition-Aligned Vision-Language-Action Model via Instruction-Driven Routing &amp; Sparsification,leaderboards/stat_significance_sam_export_20260522T233929/sam_libero_official_prev_sota.csv,34,libero_goal,libero_goal_prev_sota,96.6,97.9,-1.3,percent,489.5,483,490,483,-0.5,0,python_round_nearest_even_matches_significance_cutoffs,-7,10,50,1,0.05,1.644853627,3,7,0.6,1.4,no_improvement,Per-suite binary success rate over 10 tasks x 50 official trials.
LIBERO,goal,Compressor-VLA: Instruction-Guided Visual Token Compression for Efficient Robotic Manipulation,leaderboards/stat_significance_sam_export_20260522T233929/sam_libero_official_prev_sota.csv,35,libero_goal,libero_goal_prev_sota,96.4,97.9,-1.5,percent,489.5,482,490,482,-0.5,5.684341886e-14,python_round_nearest_even_matches_significance_cutoffs,-8,10,50,1,0.05,1.644853627,3,7,0.6,1.4,no_improvement,Per-suite binary success rate over 10 tasks x 50 official trials.
LIBERO,goal,Conditioning Matters: Training Diffusion Policies is Faster Than You Think,leaderboards/stat_significance_sam_export_20260522T233929/sam_libero_official_prev_sota.csv,36,libero_goal,libero_goal_prev_sota,93.8,97.9,-4.1,percent,489.5,469,490,469,-0.5,0,python_round_nearest_even_matches_significance_cutoffs,-21,10,50,1,0.05,1.644853627,3,7,0.6,1.4,no_improvement,Per-suite binary success rate over 10 tasks x 50 official trials.
LIBERO,goal,CronusVLA: Towards Efficient and Robust Manipulation via Multi-Frame Vision-Language-Action Modeling,leaderboards/stat_significance_sam_export_20260522T233929/sam_libero_official_prev_sota.csv,39,libero_goal,libero_goal_prev_sota,96.9,97.9,-1,percent,489.5,484.5,490,485,-0.5,-0.5,python_round_nearest_even_matches_significance_cutoffs,-5,10,50,1,0.05,1.644853627,3,7,0.6,1.4,no_improvement,Per-suite binary success rate over 10 tasks x 50 official trials.
LIBERO,goal,Cross-Platform Scaling of Vision-Language-Action Models from Edge to Cloud GPUs,leaderboards/stat_significance_sam_export_20260522T233929/sam_libero_official_prev_sota.csv,40,libero_goal,libero_goal_prev_sota,96,96.2,-0.2,percent,481,480,481,480,5.684341886e-14,0,python_round_nearest_even_matches_significance_cutoffs,-1,10,50,1,0.05,1.644853627,3,9,0.6,1.8,no_improvement,Per-suite binary success rate over 10 tasks x 50 official trials.
LIBERO,goal,DepthVLA: Enhancing Vision-Language-Action Models with Depth-Aware Spatial Reasoning,leaderboards/stat_significance_sam_export_20260522T233929/sam_libero_official_prev_sota.csv,45,libero_goal,libero_goal_prev_sota,95.8,95.8,0,percent,479,479,479,479,0,0,python_round_nearest_even_matches_significance_cutoffs,0,10,50,1,0.05,1.644853627,3,10,0.6,2,no_improvement,Per-suite binary success rate over 10 tasks x 50 official trials.
LIBERO,goal,Don't Run with Scissors: Pruning Breaks VLA Models but They Can Be Recovered,leaderboards/stat_significance_sam_export_20260522T233929/sam_libero_official_prev_sota.csv,50,libero_goal,libero_goal_prev_sota,47,81,-34,percent,405,235,405,235,0,0,python_round_nearest_even_matches_significance_cutoffs,-170,10,50,1,0.05,1.644853627,3,22,0.6,4.4,no_improvement,Per-suite binary success rate over 10 tasks x 50 official trials.
LIBERO,goal,Dream-VL & Dream-VLA: Open Vision-Language and Vision-Language-Action Models with Diffusion Language Model Backbone,leaderboards/stat_significance_sam_export_20260522T233929/sam_libero_official_prev_sota.csv,51,libero_goal,libero_goal_prev_sota,97.2,97.9,-0.7,percent,489.5,486,490,486,-0.5,0,python_round_nearest_even_matches_significance_cutoffs,-4,10,50,1,0.05,1.644853627,3,7,0.6,1.4,no_improvement,Per-suite binary success rate over 10 tasks x 50 official trials.
LIBERO,goal,E0: Enhancing Generalization and Fine-Grained Control in VLA Models via Tweedie Discrete Diffusion,leaderboards/stat_significance_sam_export_20260522T233929/sam_libero_official_prev_sota.csv,53,libero_goal,libero_goal_prev_sota,95,97.2,-2.2,percent,486,475,486,475,0,0,python_round_nearest_even_matches_significance_cutoffs,-11,10,50,1,0.05,1.644853627,3,8,0.6,1.6,no_improvement,Per-suite binary success rate over 10 tasks x 50 official trials.
LIBERO,goal,"End-to-end Listen, Look, Speak and Act",leaderboards/stat_significance_sam_export_20260522T233929/sam_libero_official_prev_sota.csv,55,libero_goal,libero_goal_prev_sota,86.4,88.6,-2.2,percent,443,432,443,432,-5.684341886e-14,5.684341886e-14,python_round_nearest_even_matches_significance_cutoffs,-11,10,50,1,0.05,1.644853627,3,17,0.6,3.4,no_improvement,Per-suite binary success rate over 10 tasks x 50 official trials.
LIBERO,goal,EVOLVE-VLA: Test-Time Training from Environment Feedback for Vision-Language-Action Models,leaderboards/stat_significance_sam_export_20260522T233929/sam_libero_official_prev_sota.csv,58,libero_goal,libero_goal_prev_sota,95.8,95.8,0,percent,479,479,479,479,0,0,python_round_nearest_even_matches_significance_cutoffs,0,10,50,1,0.05,1.644853627,3,10,0.6,2,no_improvement,Per-suite binary success rate over 10 tasks x 50 official trials.
LIBERO,goal,ExpReS-VLA: Specializing Vision-Language-Action Models Through Experience Replay and Retrieval,leaderboards/stat_significance_sam_export_20260522T233929/sam_libero_official_prev_sota.csv,59,libero_goal,libero_goal_prev_sota,95.4,96.3,-0.9,percent,481.5,477,482,477,-0.5,5.684341886e-14,python_round_nearest_even_matches_significance_cutoffs,-5,10,50,1,0.05,1.644853627,3,9,0.6,1.8,no_improvement,Per-suite binary success rate over 10 tasks x 50 official trials.
LIBERO,goal,Fast ECoT: Efficient Embodied Chain-of-Thought via Thoughts Reuse,leaderboards/stat_significance_sam_export_20260522T233929/sam_libero_official_prev_sota.csv,60,libero_goal,libero_goal_prev_sota,83,84,-1,percent,420,415,420,415,0,0,python_round_nearest_even_matches_significance_cutoffs,-5,10,50,1,0.05,1.644853627,3,20,0.6,4,no_improvement,Per-suite binary success rate over 10 tasks x 50 official trials.
LIBERO,goal,FLOWER: Democratizing Generalist Robot Policies with Efficient Vision-Language-Action Flow Policies,leaderboards/stat_significance_sam_export_20260522T233929/sam_libero_official_prev_sota.csv,64,libero_goal,libero_goal_prev_sota,96.1,97.9,-1.8,percent,489.5,480.5,490,480,-0.5,0.5,python_round_nearest_even_matches_significance_cutoffs,-10,10,50,1,0.05,1.644853627,3,7,0.6,1.4,no_improvement,Per-suite binary success rate over 10 tasks x 50 official trials.
LIBERO,goal,Focusing on What Matters: Object-Agent-centric Tokenization for Vision Language Action models,leaderboards/stat_significance_sam_export_20260522T233929/sam_libero_official_prev_sota.csv,65,libero_goal,libero_goal_prev_sota,82.1,84.6,-2.5,percent,423,410.5,423,410,0,0.5,python_round_nearest_even_matches_significance_cutoffs,-13,10,50,1,0.05,1.644853627,3,20,0.6,4,no_improvement,Per-suite binary success rate over 10 tasks x 50 official trials.
LIBERO,goal,FreqPolicy: Efficient Flow-based Visuomotor Policy via Frequency Consistency,leaderboards/stat_significance_sam_export_20260522T233929/sam_libero_official_prev_sota.csv,66,libero_goal,libero_goal_prev_sota,96,97.8,-1.8,percent,489,480,489,480,0,0,python_round_nearest_even_matches_significance_cutoffs,-9,10,50,1,0.05,1.644853627,3,7,0.6,1.4,no_improvement,Per-suite binary success rate over 10 tasks x 50 official trials.
LIBERO,goal,From Grounding to Manipulation: Case Studies of Foundation Model Integration in Embodied Robotic Systems,leaderboards/stat_significance_sam_export_20260522T233929/sam_libero_official_prev_sota.csv,67,libero_goal,libero_goal_prev_sota,89.4,95.8,-6.4,percent,479,447,479,447,0,0,python_round_nearest_even_matches_significance_cutoffs,-32,10,50,1,0.05,1.644853627,3,10,0.6,2,no_improvement,Per-suite binary success rate over 10 tasks x 50 official trials.
LIBERO,goal,GeoPredict: Leveraging Predictive Kinematics and 3D Gaussian Geometry for Precise VLA Manipulation,leaderboards/stat_significance_sam_export_20260522T233929/sam_libero_official_prev_sota.csv,69,libero_goal,libero_goal_prev_sota,95.7,95.8,-0.1,percent,479,478.5,479,479,0,-0.5,python_round_nearest_even_matches_significance_cutoffs,0,10,50,1,0.05,1.644853627,3,10,0.6,2,no_improvement,Per-suite binary success rate over 10 tasks x 50 official trials.
LIBERO,goal,Goal-oriented Backdoor Attack against Vision-Language-Action Models via Physical Objects,leaderboards/stat_significance_sam_export_20260522T233929/sam_libero_official_prev_sota.csv,70,libero_goal,libero_goal_prev_sota,95.5,95.8,-0.3,percent,479,477.5,479,478,0,-0.5,python_round_nearest_even_matches_significance_cutoffs,-1,10,50,1,0.05,1.644853627,3,10,0.6,2,no_improvement,Per-suite binary success rate over 10 tasks x 50 official trials.
LIBERO,goal,"HiF-VLA: Hindsight, Insight and Foresight through Motion Representation for Vision-Language-Action Models",leaderboards/stat_significance_sam_export_20260522T233929/sam_libero_official_prev_sota.csv,72,libero_goal,libero_goal_prev_sota,97.4,97.9,-0.5,percent,489.5,487,490,487,-0.5,5.684341886e-14,python_round_nearest_even_matches_significance_cutoffs,-3,10,50,1,0.05,1.644853627,3,7,0.6,1.4,no_improvement,Per-suite binary success rate over 10 tasks x 50 official trials.
LIBERO,goal,How Do VLAs Effectively Inherit from VLMs?,leaderboards/stat_significance_sam_export_20260522T233929/sam_libero_official_prev_sota.csv,74,libero_goal,libero_goal_prev_sota,89,96,-7,percent,480,445,480,445,0,0,python_round_nearest_even_matches_significance_cutoffs,-35,10,50,1,0.05,1.644853627,3,10,0.6,2,no_improvement,Per-suite binary success rate over 10 tasks x 50 official trials.
LIBERO,goal,iFlyBot-VLA Technical Report,leaderboards/stat_significance_sam_export_20260522T233929/sam_libero_official_prev_sota.csv,78,libero_goal,libero_goal_prev_sota,93,95,-2,percent,475,465,475,465,0,0,python_round_nearest_even_matches_significance_cutoffs,-10,10,50,1,0.05,1.644853627,3,11,0.6,2.2,no_improvement,Per-suite binary success rate over 10 tasks x 50 official trials.
LIBERO,goal,InternVLA-M1: A Spatially Guided Vision-Language-Action Framework for Generalist Robot Policy,leaderboards/stat_significance_sam_export_20260522T233929/sam_libero_official_prev_sota.csv,80,libero_goal,libero_goal_prev_sota,93.8,95.8,-2,percent,479,469,479,469,0,0,python_round_nearest_even_matches_significance_cutoffs,-10,10,50,1,0.05,1.644853627,3,10,0.6,2,no_improvement,Per-suite binary success rate over 10 tasks x 50 official trials.
LIBERO,goal,"Knowledge Insulating Vision-Language-Action Models: Train Fast, Run Fast, Generalize Better",leaderboards/stat_significance_sam_export_20260522T233929/sam_libero_official_prev_sota.csv,81,libero_goal,libero_goal_prev_sota,95.6,97.9,-2.3,percent,489.5,478,490,478,-0.5,0,python_round_nearest_even_matches_significance_cutoffs,-12,10,50,1,0.05,1.644853627,3,7,0.6,1.4,no_improvement,Per-suite binary success rate over 10 tasks x 50 official trials.
LIBERO,goal,Latent Action Pretraining Through World Modeling,leaderboards/stat_significance_sam_export_20260522T233929/sam_libero_official_prev_sota.csv,84,libero_goal,libero_goal_prev_sota,96,98,-2,percent,490,480,490,480,0,0,python_round_nearest_even_matches_significance_cutoffs,-10,10,50,1,0.05,1.644853627,3,7,0.6,1.4,no_improvement,Per-suite binary success rate over 10 tasks x 50 official trials.
LIBERO,goal,Mantis: A Versatile Vision-Language-Action Model with Disentangled Visual Foresight,leaderboards/stat_significance_sam_export_20260522T233929/sam_libero_official_prev_sota.csv,89,libero_goal,libero_goal_prev_sota,94.4,95.8,-1.4,percent,479,472,479,472,0,5.684341886e-14,python_round_nearest_even_matches_significance_cutoffs,-7,10,50,1,0.05,1.644853627,3,10,0.6,2,no_improvement,Per-suite binary success rate over 10 tasks x 50 official trials.
LIBERO,goal,MAPS: Preserving Vision-Language Representations via Module-Wise Proximity Scheduling for Better Vision-Language-Action Generalization,leaderboards/stat_significance_sam_export_20260522T233929/sam_libero_official_prev_sota.csv,91,libero_goal,libero_goal_prev_sota,0,7,-7,percent,35,0,35,0,0,0,python_round_nearest_even_matches_significance_cutoffs,-35,10,50,1,0.05,1.644853627,3,16,0.6,3.2,no_improvement,Per-suite binary success rate over 10 tasks x 50 official trials.
LIBERO,goal,MergeVLA: Cross-Skill Model Merging Toward a Generalist Vision-Language-Action Agent,leaderboards/stat_significance_sam_export_20260522T233929/sam_libero_official_prev_sota.csv,94,libero_goal,libero_goal_prev_sota,91.8,98.2,-6.4,percent,491,459,491,459,0,-5.684341886e-14,python_round_nearest_even_matches_significance_cutoffs,-32,10,50,1,0.05,1.644853627,3,6,0.6,1.2,no_improvement,Per-suite binary success rate over 10 tasks x 50 official trials.
LIBERO,goal,MetaVLA: Unified Meta Co-training For Efficient Embodied Adaption,leaderboards/stat_significance_sam_export_20260522T233929/sam_libero_official_prev_sota.csv,95,libero_goal,libero_goal_prev_sota,78.7,98,-19.3,percent,490,393.5,490,394,0,-0.5,python_round_nearest_even_matches_significance_cutoffs,-96,10,50,1,0.05,1.644853627,3,7,0.6,1.4,no_improvement,Per-suite binary success rate over 10 tasks x 50 official trials.
LIBERO,goal,Mixture of Horizons in Action Chunking,leaderboards/stat_significance_sam_export_20260522T233929/sam_libero_official_prev_sota.csv,96,libero_goal,libero_goal_prev_sota,98.8,98.8,0,percent,494,494,494,494,0,0,python_round_nearest_even_matches_significance_cutoffs,0,10,50,1,0.05,1.644853627,3,5,0.6,1,no_improvement,Per-suite binary success rate over 10 tasks x 50 official trials.
LIBERO,goal,Multimodal Reinforcement Learning with Adaptive Verifier for AI Agents,leaderboards/stat_significance_sam_export_20260522T233929/sam_libero_official_prev_sota.csv,97,libero_goal,libero_goal_prev_sota,87.8,89.6,-1.8,percent,448,439,448,439,-5.684341886e-14,0,python_round_nearest_even_matches_significance_cutoffs,-9,10,50,1,0.05,1.644853627,3,16,0.6,3.2,no_improvement,Per-suite binary success rate over 10 tasks x 50 official trials.
LIBERO,goal,PixelVLA: Advancing Pixel-level Understanding in Vision-Language-Action Model,leaderboards/stat_significance_sam_export_20260522T233929/sam_libero_official_prev_sota.csv,99,libero_goal,libero_goal_prev_sota,85.8,87.6,-1.8,percent,438,429,438,429,-5.684341886e-14,0,python_round_nearest_even_matches_significance_cutoffs,-9,10,50,1,0.05,1.644853627,3,18,0.6,3.6,no_improvement,Per-suite binary success rate over 10 tasks x 50 official trials.
LIBERO,goal,Reflection-Based Task Adaptation for Self-Improving VLA,leaderboards/stat_significance_sam_export_20260522T233929/sam_libero_official_prev_sota.csv,100,libero_goal,libero_goal_prev_sota,85.2,88.6,-3.4,percent,443,426,443,426,-5.684341886e-14,0,python_round_nearest_even_matches_significance_cutoffs,-17,10,50,1,0.05,1.644853627,3,17,0.6,3.4,no_improvement,Per-suite binary success rate over 10 tasks x 50 official trials.
LIBERO,goal,RetoVLA: Reusing Register Tokens for Spatial Reasoning in Vision-Language-Action Models,leaderboards/stat_significance_sam_export_20260522T233929/sam_libero_official_prev_sota.csv,105,libero_goal,libero_goal_prev_sota,80.4,80.4,0,percent,402,402,402,402,0,0,python_round_nearest_even_matches_significance_cutoffs,0,10,50,1,0.05,1.644853627,3,22,0.6,4.4,no_improvement,Per-suite binary success rate over 10 tasks x 50 official trials.
LIBERO,goal,Robotic VLA Benefits from Joint Learning with Motion Image Diffusion,leaderboards/stat_significance_sam_export_20260522T233929/sam_libero_official_prev_sota.csv,108,libero_goal,libero_goal_prev_sota,96,98,-2,percent,490,480,490,480,0,0,python_round_nearest_even_matches_significance_cutoffs,-10,10,50,1,0.05,1.644853627,3,7,0.6,1.4,no_improvement,Per-suite binary success rate over 10 tasks x 50 official trials.
LIBERO,goal,RynnVLA-002: A Unified Vision-Language-Action and World Model,leaderboards/stat_significance_sam_export_20260522T233929/sam_libero_official_prev_sota.csv,109,libero_goal,libero_goal_prev_sota,96.4,97.9,-1.5,percent,489.5,482,490,482,-0.5,5.684341886e-14,python_round_nearest_even_matches_significance_cutoffs,-8,10,50,1,0.05,1.644853627,3,7,0.6,1.4,no_improvement,Per-suite binary success rate over 10 tasks x 50 official trials.
LIBERO,goal,Saliency-Aware Quantized Imitation Learning for Efficient Robotic Control,leaderboards/stat_significance_sam_export_20260522T233929/sam_libero_official_prev_sota.csv,110,libero_goal,libero_goal_prev_sota,76.3,76.6,-0.3,percent,383,381.5,383,382,-5.684341886e-14,-0.5,python_round_nearest_even_matches_significance_cutoffs,-1,10,50,1,0.05,1.644853627,3,25,0.6,5,no_improvement,Per-suite binary success rate over 10 tasks x 50 official trials.
LIBERO,goal,SemanticVLA: Semantic-Aligned Sparsification and Enhancement for Efficient Robotic Manipulation,leaderboards/stat_significance_sam_export_20260522T233929/sam_libero_official_prev_sota.csv,112,libero_goal,libero_goal_prev_sota,97.6,97.9,-0.3,percent,489.5,488,490,488,-0.5,0,python_round_nearest_even_matches_significance_cutoffs,-2,10,50,1,0.05,1.644853627,3,7,0.6,1.4,no_improvement,Per-suite binary success rate over 10 tasks x 50 official trials.
LIBERO,goal,SmolVLA: A Vision-Language-Action Model for Affordable and Efficient Robotics,leaderboards/stat_significance_sam_export_20260522T233929/sam_libero_official_prev_sota.csv,114,libero_goal,libero_goal_prev_sota,92,95,-3,percent,475,460,475,460,0,0,python_round_nearest_even_matches_significance_cutoffs,-15,10,50,1,0.05,1.644853627,3,11,0.6,2.2,no_improvement,Per-suite binary success rate over 10 tasks x 50 official trials.
LIBERO,goal,SpatialVLA: Exploring Spatial Representations for Visual-Language-Action Model,leaderboards/stat_significance_sam_export_20260522T233929/sam_libero_official_prev_sota.csv,117,libero_goal,libero_goal_prev_sota,78.6,84.6,-6,percent,423,393,423,393,0,-5.684341886e-14,python_round_nearest_even_matches_significance_cutoffs,-30,10,50,1,0.05,1.644853627,3,20,0.6,4,no_improvement,Per-suite binary success rate over 10 tasks x 50 official trials.
LIBERO,goal,Spec-VLA: Speculative Decoding for Vision-Language-Action Models with Relaxed Acceptance,leaderboards/stat_significance_sam_export_20260522T233929/sam_libero_official_prev_sota.csv,118,libero_goal,libero_goal_prev_sota,74.4,78,-3.6,percent,390,372,390,372,0,5.684341886e-14,python_round_nearest_even_matches_significance_cutoffs,-18,10,50,1,0.05,1.644853627,3,24,0.6,4.8,no_improvement,Per-suite binary success rate over 10 tasks x 50 official trials.
LIBERO,goal,SpecPrune-VLA: Accelerating Vision-Language-Action Models via Action-Aware Self-Speculative Pruning,leaderboards/stat_significance_sam_export_20260522T233929/sam_libero_official_prev_sota.csv,119,libero_goal,libero_goal_prev_sota,97.7,97.9,-0.2,percent,489.5,488.5,490,488,-0.5,0.5,python_round_nearest_even_matches_significance_cutoffs,-2,10,50,1,0.05,1.644853627,3,7,0.6,1.4,no_improvement,Per-suite binary success rate over 10 tasks x 50 official trials.
LIBERO,goal,TGRPO: Fine-tuning Vision-Language-Action Model via Trajectory-wise Group Relative Policy Optimization,leaderboards/stat_significance_sam_export_20260522T233929/sam_libero_official_prev_sota.csv,122,libero_goal,libero_goal_prev_sota,81,83.1,-2.1,percent,415.5,405,416,405,-0.5,0,python_round_nearest_even_matches_significance_cutoffs,-11,10,50,1,0.05,1.644853627,3,21,0.6,4.2,no_improvement,Per-suite binary success rate over 10 tasks x 50 official trials.
LIBERO,goal,Token Expand-Merge: Training-Free Token Compression for Vision-Language-Action Models,leaderboards/stat_significance_sam_export_20260522T233929/sam_libero_official_prev_sota.csv,125,libero_goal,libero_goal_prev_sota,97,97.9,-0.9,percent,489.5,485,490,485,-0.5,0,python_round_nearest_even_matches_significance_cutoffs,-5,10,50,1,0.05,1.644853627,3,7,0.6,1.4,no_improvement,Per-suite binary success rate over 10 tasks x 50 official trials.
LIBERO,goal,Unified Diffusion VLA: Vision-Language-Action Model via Joint Discrete Denoising Diffusion Process,leaderboards/stat_significance_sam_export_20260522T233929/sam_libero_official_prev_sota.csv,126,libero_goal,libero_goal_prev_sota,91.2,91.6,-0.4,percent,458,456,458,456,-5.684341886e-14,0,python_round_nearest_even_matches_significance_cutoffs,-2,10,50,1,0.05,1.644853627,3,14,0.6,2.8,no_improvement,Per-suite binary success rate over 10 tasks x 50 official trials.
LIBERO,goal,Verifier-free Test-Time Sampling for Vision Language Action Models,leaderboards/stat_significance_sam_export_20260522T233929/sam_libero_official_prev_sota.csv,130,libero_goal,libero_goal_prev_sota,94.5,95.6,-1.1,percent,478,472.5,478,472,0,0.5,python_round_nearest_even_matches_significance_cutoffs,-6,10,50,1,0.05,1.644853627,3,10,0.6,2,no_improvement,Per-suite binary success rate over 10 tasks x 50 official trials.
LIBERO,goal,VLA-0: Building State-of-the-Art VLAs with Zero Modification,leaderboards/stat_significance_sam_export_20260522T233929/sam_libero_official_prev_sota.csv,133,libero_goal,libero_goal_prev_sota,96.2,97.9,-1.7,percent,489.5,481,490,481,-0.5,5.684341886e-14,python_round_nearest_even_matches_significance_cutoffs,-9,10,50,1,0.05,1.644853627,3,7,0.6,1.4,no_improvement,Per-suite binary success rate over 10 tasks x 50 official trials.
LIBERO,goal,VLA-RL: Towards Masterful and General Robotic Manipulation with Scalable Reinforcement Learning,leaderboards/stat_significance_sam_export_20260522T233929/sam_libero_official_prev_sota.csv,137,libero_goal,libero_goal_prev_sota,82.2,88.6,-6.4,percent,443,411,443,411,-5.684341886e-14,5.684341886e-14,python_round_nearest_even_matches_significance_cutoffs,-32,10,50,1,0.05,1.644853627,3,17,0.6,3.4,no_improvement,Per-suite binary success rate over 10 tasks x 50 official trials.
LIBERO,goal,VQ-VLA: Improving Vision-Language-Action Models via Scaling Vector-Quantized Action Tokenizers,leaderboards/stat_significance_sam_export_20260522T233929/sam_libero_official_prev_sota.csv,139,libero_goal,libero_goal_prev_sota,75.2,75.8,-0.6,percent,379,376,379,376,0,0,python_round_nearest_even_matches_significance_cutoffs,-3,10,50,1,0.05,1.644853627,3,25,0.6,5,no_improvement,Per-suite binary success rate over 10 tasks x 50 official trials.
LIBERO,goal,WorldVLA: Towards Autoregressive Action World Model,leaderboards/stat_significance_sam_export_20260522T233929/sam_libero_official_prev_sota.csv,141,libero_goal,libero_goal_prev_sota,83.4,95.5,-12.1,percent,477.5,417,478,417,-0.5,5.684341886e-14,python_round_nearest_even_matches_significance_cutoffs,-61,10,50,1,0.05,1.644853627,3,10,0.6,2,no_improvement,Per-suite binary success rate over 10 tasks x 50 official trials.
LIBERO,goal,X-VLA: Soft-Prompted Transformer as Scalable Cross-Embodiment Vision-Language-Action Model,leaderboards/stat_significance_sam_export_20260522T233929/sam_libero_official_prev_sota.csv,142,libero_goal,libero_goal_prev_sota,97.8,97.9,-0.1,percent,489.5,489,490,489,-0.5,0,python_round_nearest_even_matches_significance_cutoffs,-1,10,50,1,0.05,1.644853627,3,7,0.6,1.4,no_improvement,Per-suite binary success rate over 10 tasks x 50 official trials.
LIBERO,goal,"A1: A Fully Transparent Open-Source, Adaptive and Efficient Truncated Vision-Language-Action Model",leaderboards/stat_significance_sam_export_20260522T233929/sam_libero_official_prev_sota.csv,144,libero_goal,libero_goal_prev_sota,97.6,98,-0.4,percent,490,488,490,488,0,0,python_round_nearest_even_matches_significance_cutoffs,-2,10,50,1,0.05,1.644853627,3,7,0.6,1.4,no_improvement,Per-suite binary success rate over 10 tasks x 50 official trials.
LIBERO,goal,AcceRL: A Distributed Asynchronous Reinforcement Learning and World Model Framework for Vision-Language-Action Models,leaderboards/stat_significance_sam_export_20260522T233929/sam_libero_official_prev_sota.csv,145,libero_goal,libero_goal_prev_sota,98.8,99.2,-0.4,percent,496,494,496,494,0,0,python_round_nearest_even_matches_significance_cutoffs,-2,10,50,1,0.05,1.644853627,3,4,0.6,0.8,no_improvement,Per-suite binary success rate over 10 tasks x 50 official trials.
LIBERO,goal,Adaptive Action Chunking at Inference-time for Vision-Language-Action Models,leaderboards/stat_significance_sam_export_20260522T233929/sam_libero_official_prev_sota.csv,150,libero_goal,libero_goal_prev_sota,94.2,96.8,-2.6,percent,484,471,484,471,0,5.684341886e-14,python_round_nearest_even_matches_significance_cutoffs,-13,10,50,1,0.05,1.644853627,3,9,0.6,1.8,no_improvement,Per-suite binary success rate over 10 tasks x 50 official trials.
LIBERO,goal,AtomicVLA: Unlocking the Potential of Atomic Skill Learning in Robots,leaderboards/stat_significance_sam_export_20260522T233929/sam_libero_official_prev_sota.csv,155,libero_goal,libero_goal_prev_sota,97.2,98,-0.8,percent,490,486,490,486,0,0,python_round_nearest_even_matches_significance_cutoffs,-4,10,50,1,0.05,1.644853627,3,7,0.6,1.4,no_improvement,Per-suite binary success rate over 10 tasks x 50 official trials.
LIBERO,goal,Causal World Modeling for Robot Control,leaderboards/stat_significance_sam_export_20260522T233929/sam_libero_official_prev_sota.csv,160,libero_goal,libero_goal_prev_sota,97.2,97.9,-0.7,percent,489.5,486,490,486,-0.5,0,python_round_nearest_even_matches_significance_cutoffs,-4,10,50,1,0.05,1.644853627,3,7,0.6,1.4,no_improvement,Per-suite binary success rate over 10 tasks x 50 official trials.
LIBERO,goal,CF-VLA: Efficient Coarse-to-Fine Action Generation for Vision-Language-Action Policies,leaderboards/stat_significance_sam_export_20260522T233929/sam_libero_official_prev_sota.csv,161,libero_goal,libero_goal_prev_sota,96.6,98.3,-1.7,percent,491.5,483,492,483,-0.5,0,python_round_nearest_even_matches_significance_cutoffs,-9,10,50,1,0.05,1.644853627,3,6,0.6,1.2,no_improvement,Per-suite binary success rate over 10 tasks x 50 official trials.
LIBERO,goal,Chain of World: World Model Thinking in Latent Motion,leaderboards/stat_significance_sam_export_20260522T233929/sam_libero_official_prev_sota.csv,162,libero_goal,libero_goal_prev_sota,94.6,95.8,-1.2,percent,479,473,479,473,0,0,python_round_nearest_even_matches_significance_cutoffs,-6,10,50,1,0.05,1.644853627,3,10,0.6,2,no_improvement,Per-suite binary success rate over 10 tasks x 50 official trials.
LIBERO,goal,CLaD: Planning with Grounded Foresight via Cross-Modal Latent Dynamics,leaderboards/stat_significance_sam_export_20260522T233929/sam_libero_official_prev_sota.csv,164,libero_goal,libero_goal_prev_sota,94.3,97.6,-3.3,percent,488,471.5,488,472,0,-0.5,python_round_nearest_even_matches_significance_cutoffs,-16,10,50,1,0.05,1.644853627,3,7,0.6,1.4,no_improvement,Per-suite binary success rate over 10 tasks x 50 official trials.
LIBERO,goal,CLAP: Contrastive Latent Action Pretraining for Learning Vision-Language-Action Models from Human Videos,leaderboards/stat_significance_sam_export_20260522T233929/sam_libero_official_prev_sota.csv,165,libero_goal,libero_goal_prev_sota,93,95,-2,percent,475,465,475,465,0,0,python_round_nearest_even_matches_significance_cutoffs,-10,10,50,1,0.05,1.644853627,3,11,0.6,2.2,no_improvement,Per-suite binary success rate over 10 tasks x 50 official trials.
LIBERO,goal,Conservative Offline Robot Policy Learning via Posterior-Transition Reweighting,leaderboards/stat_significance_sam_export_20260522T233929/sam_libero_official_prev_sota.csv,166,libero_goal,libero_goal_prev_sota,97.6,98.6,-1,percent,493,488,493,488,0,0,python_round_nearest_even_matches_significance_cutoffs,-5,10,50,1,0.05,1.644853627,3,5,0.6,1,no_improvement,Per-suite binary success rate over 10 tasks x 50 official trials.
LIBERO,goal,ConsisVLA-4D: Advancing Spatiotemporal Consistency in Efficient 3D-Perception and 4D-Reasoning for Robotic Manipulation,leaderboards/stat_significance_sam_export_20260522T233929/sam_libero_official_prev_sota.csv,167,libero_goal,libero_goal_prev_sota,98,98,0,percent,490,490,490,490,0,0,python_round_nearest_even_matches_significance_cutoffs,0,10,50,1,0.05,1.644853627,3,7,0.6,1.4,no_improvement,Per-suite binary success rate over 10 tasks x 50 official trials.
LIBERO,goal,CorridorVLA: Explicit Spatial Constraints for Generative Action Heads via Sparse Anchors,leaderboards/stat_significance_sam_export_20260522T233929/sam_libero_official_prev_sota.csv,169,libero_goal,libero_goal_prev_sota,90.8,95,-4.2,percent,475,454,475,454,0,-5.684341886e-14,python_round_nearest_even_matches_significance_cutoffs,-21,10,50,1,0.05,1.644853627,3,11,0.6,2.2,no_improvement,Per-suite binary success rate over 10 tasks x 50 official trials.
LIBERO,goal,CycleVLA: Proactive Self-Correcting Vision-Language-Action Models via Subtask Backtracking and Minimum Bayes Risk Decoding,leaderboards/stat_significance_sam_export_20260522T233929/sam_libero_official_prev_sota.csv,172,libero_goal,libero_goal_prev_sota,91.7,93,-1.3,percent,465,458.5,465,458,0,0.5,python_round_nearest_even_matches_significance_cutoffs,-7,10,50,1,0.05,1.644853627,3,13,0.6,2.6,no_improvement,Per-suite binary success rate over 10 tasks x 50 official trials.
LIBERO,goal,DepthCache: Depth-Guided Training-Free Visual Token Merging for Vision-Language-Action Model Inference,leaderboards/stat_significance_sam_export_20260522T233929/sam_libero_official_prev_sota.csv,173,libero_goal,libero_goal_prev_sota,98.3,99,-0.7,percent,495,491.5,495,492,0,-0.5,python_round_nearest_even_matches_significance_cutoffs,-3,10,50,1,0.05,1.644853627,3,5,0.6,1,no_improvement,Per-suite binary success rate over 10 tasks x 50 official trials.
LIBERO,goal,Device-Conditioned Neural Architecture Search for Efficient Robotic Manipulation,leaderboards/stat_significance_sam_export_20260522T233929/sam_libero_official_prev_sota.csv,174,libero_goal,libero_goal_prev_sota,97.2,97.9,-0.7,percent,489.5,486,490,486,-0.5,0,python_round_nearest_even_matches_significance_cutoffs,-4,10,50,1,0.05,1.644853627,3,7,0.6,1.4,no_improvement,Per-suite binary success rate over 10 tasks x 50 official trials.
LIBERO,goal,DualCoT-VLA: Visual-Linguistic Chain of Thought via Parallel Reasoning for Vision-Language-Action Models,leaderboards/stat_significance_sam_export_20260522T233929/sam_libero_official_prev_sota.csv,177,libero_goal,libero_goal_prev_sota,97.8,99.8,-2,percent,499,489,499,489,0,0,python_round_nearest_even_matches_significance_cutoffs,-10,10,50,1,0.05,1.644853627,unknown,unknown,unknown,unknown,no_improvement,Per-suite binary success rate over 10 tasks x 50 official trials.
LIBERO,goal,DyQ-VLA: Temporal-Dynamic-Aware Quantization for Embodied Vision-Language-Action Models,leaderboards/stat_significance_sam_export_20260522T233929/sam_libero_official_prev_sota.csv,178,libero_goal,libero_goal_prev_sota,78.5,79.2,-0.7,percent,396,392.5,396,392,0,0.5,python_round_nearest_even_matches_significance_cutoffs,-4,10,50,1,0.05,1.644853627,3,23,0.6,4.6,no_improvement,Per-suite binary success rate over 10 tasks x 50 official trials.
LIBERO,goal,DySL-VLA: Efficient Vision-Language-Action Model Inference via Dynamic-Static Layer-Skipping for Robot Manipulation,leaderboards/stat_significance_sam_export_20260522T233929/sam_libero_official_prev_sota.csv,179,libero_goal,libero_goal_prev_sota,97,97.9,-0.9,percent,489.5,485,490,485,-0.5,0,python_round_nearest_even_matches_significance_cutoffs,-5,10,50,1,0.05,1.644853627,3,7,0.6,1.4,no_improvement,Per-suite binary success rate over 10 tasks x 50 official trials.
LIBERO,goal,Efficient Long-Horizon Vision-Language-Action Models via Static-Dynamic Disentanglement,leaderboards/stat_significance_sam_export_20260522T233929/sam_libero_official_prev_sota.csv,180,libero_goal,libero_goal_prev_sota,96.2,96.2,0,percent,481,481,481,481,5.684341886e-14,5.684341886e-14,python_round_nearest_even_matches_significance_cutoffs,0,10,50,1,0.05,1.644853627,3,9,0.6,1.8,no_improvement,Per-suite binary success rate over 10 tasks x 50 official trials.
LIBERO,goal,Fast-dVLA: Accelerating Discrete Diffusion VLA to Real-Time Performance,leaderboards/stat_significance_sam_export_20260522T233929/sam_libero_official_prev_sota.csv,182,libero_goal,libero_goal_prev_sota,97.6,98,-0.4,percent,490,488,490,488,0,0,python_round_nearest_even_matches_significance_cutoffs,-2,10,50,1,0.05,1.644853627,3,7,0.6,1.4,no_improvement,Per-suite binary success rate over 10 tasks x 50 official trials.
LIBERO,goal,Fast-WAM: Do World Action Models Need Test-time Future Imagination?,leaderboards/stat_significance_sam_export_20260522T233929/sam_libero_official_prev_sota.csv,184,libero_goal,libero_goal_prev_sota,97,98,-1,percent,490,485,490,485,0,0,python_round_nearest_even_matches_significance_cutoffs,-5,10,50,1,0.05,1.644853627,3,7,0.6,1.4,no_improvement,Per-suite binary success rate over 10 tasks x 50 official trials.
LIBERO,goal,FASTER: Rethinking Real-Time Flow VLAs,leaderboards/stat_significance_sam_export_20260522T233929/sam_libero_official_prev_sota.csv,185,libero_goal,libero_goal_prev_sota,97.6,98,-0.4,percent,490,488,490,488,0,0,python_round_nearest_even_matches_significance_cutoffs,-2,10,50,1,0.05,1.644853627,3,7,0.6,1.4,no_improvement,Per-suite binary success rate over 10 tasks x 50 official trials.
LIBERO,goal,From Noise to Intent: Anchoring Generative VLA Policies with Residual Bridges,leaderboards/stat_significance_sam_export_20260522T233929/sam_libero_official_prev_sota.csv,187,libero_goal,libero_goal_prev_sota,97.4,97.9,-0.5,percent,489.5,487,490,487,-0.5,5.684341886e-14,python_round_nearest_even_matches_significance_cutoffs,-3,10,50,1,0.05,1.644853627,3,7,0.6,1.4,no_improvement,Per-suite binary success rate over 10 tasks x 50 official trials.
LIBERO,goal,From Pixels to Tokens: A Systematic Study of Latent Action Supervision for Vision-Language-Action Models,leaderboards/stat_significance_sam_export_20260522T233929/sam_libero_official_prev_sota.csv,188,libero_goal,libero_goal_prev_sota,95.8,97.9,-2.1,percent,489.5,479,490,479,-0.5,0,python_round_nearest_even_matches_significance_cutoffs,-11,10,50,1,0.05,1.644853627,3,7,0.6,1.4,no_improvement,Per-suite binary success rate over 10 tasks x 50 official trials.
LIBERO,goal,Generative Control as Optimization: Time Unconditional Flow Matching for Adaptive and Robust Robotic Control,leaderboards/stat_significance_sam_export_20260522T233929/sam_libero_official_prev_sota.csv,189,libero_goal,libero_goal_prev_sota,96.4,98,-1.6,percent,490,482,490,482,0,5.684341886e-14,python_round_nearest_even_matches_significance_cutoffs,-8,10,50,1,0.05,1.644853627,3,7,0.6,1.4,no_improvement,Per-suite binary success rate over 10 tasks x 50 official trials.
LIBERO,goal,HoloBrain-0 Technical Report,leaderboards/stat_significance_sam_export_20260522T233929/sam_libero_official_prev_sota.csv,194,libero_goal,libero_goal_prev_sota,97.6,98,-0.4,percent,490,488,490,488,0,0,python_round_nearest_even_matches_significance_cutoffs,-2,10,50,1,0.05,1.644853627,3,7,0.6,1.4,no_improvement,Per-suite binary success rate over 10 tasks x 50 official trials.
LIBERO,goal,JEPA-VLA: Video Predictive Embedding is Needed for VLA Models,leaderboards/stat_significance_sam_export_20260522T233929/sam_libero_official_prev_sota.csv,196,libero_goal,libero_goal_prev_sota,95.6,96.2,-0.6,percent,481,478,481,478,5.684341886e-14,0,python_round_nearest_even_matches_significance_cutoffs,-3,10,50,1,0.05,1.644853627,3,9,0.6,1.8,no_improvement,Per-suite binary success rate over 10 tasks x 50 official trials.
LIBERO,goal,KERV: Kinematic-Rectified Speculative Decoding for Embodied VLA Models,leaderboards/stat_significance_sam_export_20260522T233929/sam_libero_official_prev_sota.csv,198,libero_goal,libero_goal_prev_sota,75.6,76.2,-0.6,percent,381,378,381,378,0,-5.684341886e-14,python_round_nearest_even_matches_significance_cutoffs,-3,10,50,1,0.05,1.644853627,3,25,0.6,5,no_improvement,Per-suite binary success rate over 10 tasks x 50 official trials.
LIBERO,goal,LaMP: Learning Vision-Language-Action Policies with 3D Scene Flow as Latent Motion Prior,leaderboards/stat_significance_sam_export_20260522T233929/sam_libero_official_prev_sota.csv,199,libero_goal,libero_goal_prev_sota,97.4,98,-0.6,percent,490,487,490,487,0,5.684341886e-14,python_round_nearest_even_matches_significance_cutoffs,-3,10,50,1,0.05,1.644853627,3,7,0.6,1.4,no_improvement,Per-suite binary success rate over 10 tasks x 50 official trials.
LIBERO,goal,LangGap: Diagnosing and Closing the Language Gap in Vision-Language-Action Models,leaderboards/stat_significance_sam_export_20260522T233929/sam_libero_official_prev_sota.csv,201,libero_goal,libero_goal_prev_sota,77,97,-20,percent,485,385,485,385,0,0,python_round_nearest_even_matches_significance_cutoffs,-100,10,50,1,0.05,1.644853627,3,8,0.6,1.6,no_improvement,Per-suite binary success rate over 10 tasks x 50 official trials.
LIBERO,goal,Language-Grounded Decoupled Action Representation for Robotic Manipulation,leaderboards/stat_significance_sam_export_20260522T233929/sam_libero_official_prev_sota.csv,202,libero_goal,libero_goal_prev_sota,93.6,94.2,-0.6,percent,471,468,471,468,5.684341886e-14,0,python_round_nearest_even_matches_significance_cutoffs,-3,10,50,1,0.05,1.644853627,3,12,0.6,2.4,no_improvement,Per-suite binary success rate over 10 tasks x 50 official trials.
LIBERO,goal,LAR-MoE: Latent-Aligned Routing for Mixture of Experts in Robotic Imitation Learning,leaderboards/stat_significance_sam_export_20260522T233929/sam_libero_official_prev_sota.csv,203,libero_goal,libero_goal_prev_sota,96,98,-2,percent,490,480,490,480,0,0,python_round_nearest_even_matches_significance_cutoffs,-10,10,50,1,0.05,1.644853627,3,7,0.6,1.4,no_improvement,Per-suite binary success rate over 10 tasks x 50 official trials.
LIBERO,goal,LIBERO-Para: A Diagnostic Benchmark and Metrics for Paraphrase Robustness in VLA Models,leaderboards/stat_significance_sam_export_20260522T233929/sam_libero_official_prev_sota.csv,208,libero_goal,libero_goal_prev_sota,98.8,98.8,0,percent,494,494,494,494,0,0,python_round_nearest_even_matches_significance_cutoffs,0,10,50,1,0.05,1.644853627,3,5,0.6,1,no_improvement,Per-suite binary success rate over 10 tasks x 50 official trials.
LIBERO,goal,Libra-VLA: Achieving Learning Equilibrium via Asynchronous Coarse-to-Fine Dual-System,leaderboards/stat_significance_sam_export_20260522T233929/sam_libero_official_prev_sota.csv,209,libero_goal,libero_goal_prev_sota,98,98,0,percent,490,490,490,490,0,0,python_round_nearest_even_matches_significance_cutoffs,0,10,50,1,0.05,1.644853627,3,7,0.6,1.4,no_improvement,Per-suite binary success rate over 10 tasks x 50 official trials.
LIBERO,goal,MMaDA-VLA: Large Diffusion Vision-Language-Action Model with Unified Multi-Modal Instruction and Generation,leaderboards/stat_significance_sam_export_20260522T233929/sam_libero_official_prev_sota.csv,212,libero_goal,libero_goal_prev_sota,98,98,0,percent,490,490,490,490,0,0,python_round_nearest_even_matches_significance_cutoffs,0,10,50,1,0.05,1.644853627,3,7,0.6,1.4,no_improvement,Per-suite binary success rate over 10 tasks x 50 official trials.
LIBERO,goal,MoIRA: Modular instruction routing architecture for multi-task robotics,leaderboards/stat_significance_sam_export_20260522T233929/sam_libero_official_prev_sota.csv,213,libero_goal,libero_goal_prev_sota,93,97,-4,percent,485,465,485,465,0,0,python_round_nearest_even_matches_significance_cutoffs,-20,10,50,1,0.05,1.644853627,3,8,0.6,1.6,no_improvement,Per-suite binary success rate over 10 tasks x 50 official trials.
LIBERO,goal,MVP-LAM: Learning Action-Centric Latent Action via Cross-Viewpoint Reconstruction,leaderboards/stat_significance_sam_export_20260522T233929/sam_libero_official_prev_sota.csv,214,libero_goal,libero_goal_prev_sota,94.8,95.8,-1,percent,479,474,479,474,0,0,python_round_nearest_even_matches_significance_cutoffs,-5,10,50,1,0.05,1.644853627,3,10,0.6,2,no_improvement,Per-suite binary success rate over 10 tasks x 50 official trials.
LIBERO,goal,OFlow: Injecting Object-Aware Temporal Flow Matching for Robust Robotic Manipulation,leaderboards/stat_significance_sam_export_20260522T233929/sam_libero_official_prev_sota.csv,218,libero_goal,libero_goal_prev_sota,95,95.8,-0.8,percent,479,475,479,475,0,0,python_round_nearest_even_matches_significance_cutoffs,-4,10,50,1,0.05,1.644853627,3,10,0.6,2,no_improvement,Per-suite binary success rate over 10 tasks x 50 official trials.
LIBERO,goal,OxyGen: Unified KV Cache Management for Vision-Language-Action Models under Multi-Task Parallelism,leaderboards/stat_significance_sam_export_20260522T233929/sam_libero_official_prev_sota.csv,220,libero_goal,libero_goal_prev_sota,97.4,98,-0.6,percent,490,487,490,487,0,5.684341886e-14,python_round_nearest_even_matches_significance_cutoffs,-3,10,50,1,0.05,1.644853627,3,7,0.6,1.4,no_improvement,Per-suite binary success rate over 10 tasks x 50 official trials.
LIBERO,goal,Phantom Menace: Exploring and Enhancing the Robustness of VLA Models Against Physical Sensor Attacks,leaderboards/stat_significance_sam_export_20260522T233929/sam_libero_official_prev_sota.csv,222,libero_goal,libero_goal_prev_sota,97.9,97.9,0,percent,489.5,489.5,490,490,-0.5,-0.5,python_round_nearest_even_matches_significance_cutoffs,0,10,50,1,0.05,1.644853627,3,7,0.6,1.4,no_improvement,Per-suite binary success rate over 10 tasks x 50 official trials.
LIBERO,goal,PokeVLA: Empowering Pocket-Sized Vision-Language-Action Model with Comprehensive World Knowledge Guidance,leaderboards/stat_significance_sam_export_20260522T233929/sam_libero_official_prev_sota.csv,223,libero_goal,libero_goal_prev_sota,98.4,98.8,-0.4,percent,494,492,494,492,0,5.684341886e-14,python_round_nearest_even_matches_significance_cutoffs,-2,10,50,1,0.05,1.644853627,3,5,0.6,1,no_improvement,Per-suite binary success rate over 10 tasks x 50 official trials.
LIBERO,goal,QVLA: Not All Channels Are Equal in Vision-Language-Action Model's Quantization,leaderboards/stat_significance_sam_export_20260522T233929/sam_libero_official_prev_sota.csv,228,libero_goal,libero_goal_prev_sota,96.4,97.9,-1.5,percent,489.5,482,490,482,-0.5,5.684341886e-14,python_round_nearest_even_matches_significance_cutoffs,-8,10,50,1,0.05,1.644853627,3,7,0.6,1.4,no_improvement,Per-suite binary success rate over 10 tasks x 50 official trials.
LIBERO,goal,RoboAlign: Learning Test-Time Reasoning for Language-Action Alignment in Vision-Language-Action Models,leaderboards/stat_significance_sam_export_20260522T233929/sam_libero_official_prev_sota.csv,237,libero_goal,libero_goal_prev_sota,87.2,87.6,-0.4,percent,438,436,438,436,-5.684341886e-14,0,python_round_nearest_even_matches_significance_cutoffs,-2,10,50,1,0.05,1.644853627,3,18,0.6,3.6,no_improvement,Per-suite binary success rate over 10 tasks x 50 official trials.
LIBERO,goal,Robotic Manipulation is Vision-to-Geometry Mapping ($f(v) \rightarrow G$): Vision-Geometry Backbones over Language and Video Models,leaderboards/stat_significance_sam_export_20260522T233929/sam_libero_official_prev_sota.csv,239,libero_goal,libero_goal_prev_sota,98.6,99,-0.4,percent,495,493,495,493,0,0,python_round_nearest_even_matches_significance_cutoffs,-2,10,50,1,0.05,1.644853627,3,5,0.6,1,no_improvement,Per-suite binary success rate over 10 tasks x 50 official trials.
LIBERO,goal,ROCKET: Residual-Oriented Multi-Layer Alignment for Spatially-Aware Vision-Language-Action Models,leaderboards/stat_significance_sam_export_20260522T233929/sam_libero_official_prev_sota.csv,240,libero_goal,libero_goal_prev_sota,98.8,98.8,0,percent,494,494,494,494,0,0,python_round_nearest_even_matches_significance_cutoffs,0,10,50,1,0.05,1.644853627,3,5,0.6,1,no_improvement,Per-suite binary success rate over 10 tasks x 50 official trials.
LIBERO,goal,Shallow-π: Knowledge Distillation for Flow-based VLAs,leaderboards/stat_significance_sam_export_20260522T233929/sam_libero_official_prev_sota.csv,245,libero_goal,libero_goal_prev_sota,97,98,-1,percent,490,485,490,485,0,0,python_round_nearest_even_matches_significance_cutoffs,-5,10,50,1,0.05,1.644853627,3,7,0.6,1.4,no_improvement,Per-suite binary success rate over 10 tasks x 50 official trials.
LIBERO,goal,Stable Language Guidance for Vision-Language-Action Models,leaderboards/stat_significance_sam_export_20260522T233929/sam_libero_official_prev_sota.csv,252,libero_goal,libero_goal_prev_sota,95.8,97.2,-1.4,percent,486,479,486,479,0,0,python_round_nearest_even_matches_significance_cutoffs,-7,10,50,1,0.05,1.644853627,3,8,0.6,1.6,no_improvement,Per-suite binary success rate over 10 tasks x 50 official trials.
LIBERO,goal,StarVLA: A Lego-like Codebase for Vision-Language-Action Model Developing,leaderboards/stat_significance_sam_export_20260522T233929/sam_libero_official_prev_sota.csv,253,libero_goal,libero_goal_prev_sota,96.2,97.9,-1.7,percent,489.5,481,490,481,-0.5,5.684341886e-14,python_round_nearest_even_matches_significance_cutoffs,-9,10,50,1,0.05,1.644853627,3,7,0.6,1.4,no_improvement,Per-suite binary success rate over 10 tasks x 50 official trials.
LIBERO,goal,StreamingVLA: Streaming Vision-Language-Action Model with Action Flow Matching and Adaptive Early Observation,leaderboards/stat_significance_sam_export_20260522T233929/sam_libero_official_prev_sota.csv,255,libero_goal,libero_goal_prev_sota,95.4,98,-2.6,percent,490,477,490,477,0,5.684341886e-14,python_round_nearest_even_matches_significance_cutoffs,-13,10,50,1,0.05,1.644853627,3,7,0.6,1.4,no_improvement,Per-suite binary success rate over 10 tasks x 50 official trials.
LIBERO,goal,Towards Long-Lived Robots: Continual Learning VLA Models via Reinforcement Fine-Tuning,leaderboards/stat_significance_sam_export_20260522T233929/sam_libero_official_prev_sota.csv,262,libero_goal,libero_goal_prev_sota,95.8,95.8,0,percent,479,479,479,479,0,0,python_round_nearest_even_matches_significance_cutoffs,0,10,50,1,0.05,1.644853627,3,10,0.6,2,no_improvement,Per-suite binary success rate over 10 tasks x 50 official trials.
LIBERO,goal,TTQ: Activation-Aware Test-Time Quantization to Accelerate LLM Inference On The Fly,leaderboards/stat_significance_sam_export_20260522T233929/sam_libero_official_prev_sota.csv,264,libero_goal,libero_goal_prev_sota,93.5,97,-3.5,percent,485,467.5,485,468,0,-0.5,python_round_nearest_even_matches_significance_cutoffs,-17,10,50,1,0.05,1.644853627,3,8,0.6,1.6,no_improvement,Per-suite binary success rate over 10 tasks x 50 official trials.
LIBERO,goal,Universal Pose Pretraining for Generalizable Vision-Language-Action Policies,leaderboards/stat_significance_sam_export_20260522T233929/sam_libero_official_prev_sota.csv,266,libero_goal,libero_goal_prev_sota,97.1,98,-0.9,percent,490,485.5,490,486,0,-0.5,python_round_nearest_even_matches_significance_cutoffs,-4,10,50,1,0.05,1.644853627,3,7,0.6,1.4,no_improvement,Per-suite binary success rate over 10 tasks x 50 official trials.
LIBERO,goal,Unmasking the Illusion of Embodied Reasoning in Vision-Language-Action Models,leaderboards/stat_significance_sam_export_20260522T233929/sam_libero_official_prev_sota.csv,267,libero_goal,libero_goal_prev_sota,98.2,99.4,-1.2,percent,497,491,497,491,5.684341886e-14,0,python_round_nearest_even_matches_significance_cutoffs,-6,10,50,1,0.05,1.644853627,3,3,0.6,0.6,no_improvement,Per-suite binary success rate over 10 tasks x 50 official trials.
LIBERO,goal,VISTA: Enhancing Visual Conditioning via Track-Following Preference Optimization in Vision-Language-Action Models,leaderboards/stat_significance_sam_export_20260522T233929/sam_libero_official_prev_sota.csv,268,libero_goal,libero_goal_prev_sota,84.2,84.6,-0.4,percent,423,421,423,421,0,5.684341886e-14,python_round_nearest_even_matches_significance_cutoffs,-2,10,50,1,0.05,1.644853627,3,20,0.6,4,no_improvement,Per-suite binary success rate over 10 tasks x 50 official trials.
LIBERO,goal,VLA-Adapter: An Effective Paradigm for Tiny-Scale Vision-Language-Action Model,leaderboards/stat_significance_sam_export_20260522T233929/sam_libero_official_prev_sota.csv,269,libero_goal,libero_goal_prev_sota,97.2,97.9,-0.7,percent,489.5,486,490,486,-0.5,0,python_round_nearest_even_matches_significance_cutoffs,-4,10,50,1,0.05,1.644853627,3,7,0.6,1.4,no_improvement,Per-suite binary success rate over 10 tasks x 50 official trials.
LIBERO,goal,VLA-JEPA: Enhancing Vision-Language-Action Model with Latent World Model,leaderboards/stat_significance_sam_export_20260522T233929/sam_libero_official_prev_sota.csv,275,libero_goal,libero_goal_prev_sota,97.2,98,-0.8,percent,490,486,490,486,0,0,python_round_nearest_even_matches_significance_cutoffs,-4,10,50,1,0.05,1.644853627,3,7,0.6,1.4,no_improvement,Per-suite binary success rate over 10 tasks x 50 official trials.
LIBERO,goal,VLA-Thinker: Boosting Vision-Language-Action Models through Thinking-with-Image Reasoning,leaderboards/stat_significance_sam_export_20260522T233929/sam_libero_official_prev_sota.csv,276,libero_goal,libero_goal_prev_sota,95.2,95.8,-0.6,percent,479,476,479,476,0,5.684341886e-14,python_round_nearest_even_matches_significance_cutoffs,-3,10,50,1,0.05,1.644853627,3,10,0.6,2,no_improvement,Per-suite binary success rate over 10 tasks x 50 official trials.
LIBERO,goal,When Vision Overrides Language: Evaluating and Mitigating Counterfactual Failures in VLAs,leaderboards/stat_significance_sam_export_20260522T233929/sam_libero_official_prev_sota.csv,278,libero_goal,libero_goal_prev_sota,98,98,0,percent,490,490,490,490,0,0,python_round_nearest_even_matches_significance_cutoffs,0,10,50,1,0.05,1.644853627,3,7,0.6,1.4,no_improvement,Per-suite binary success rate over 10 tasks x 50 official trials.
LIBERO,goal,World2Act: Latent Action Post-Training via Skill-Compositional World Models,leaderboards/stat_significance_sam_export_20260522T233929/sam_libero_official_prev_sota.csv,281,libero_goal,libero_goal_prev_sota,98.3,99.2,-0.9,percent,496,491.5,496,492,0,-0.5,python_round_nearest_even_matches_significance_cutoffs,-4,10,50,1,0.05,1.644853627,3,4,0.6,0.8,no_improvement,Per-suite binary success rate over 10 tasks x 50 official trials.
LIBERO,goal,Xiaomi-Robotics-0: An Open-Sourced Vision-Language-Action Model with Real-Time Execution,leaderboards/stat_significance_sam_export_20260522T233929/sam_libero_official_prev_sota.csv,283,libero_goal,libero_goal_prev_sota,98.8,99.2,-0.4,percent,496,494,496,494,0,0,python_round_nearest_even_matches_significance_cutoffs,-2,10,50,1,0.05,1.644853627,3,4,0.6,0.8,no_improvement,Per-suite binary success rate over 10 tasks x 50 official trials.
LIBERO,goal,OA-WAM: Object-Addressable World Action Model for Robust Robot Manipulation,leaderboards/stat_significance_sam_export_20260522T233929/sam_libero_official_prev_sota.csv,287,libero_goal,libero_goal_prev_sota,97.4,98,-0.6,percent,490,487,490,487,0,5.684341886e-14,python_round_nearest_even_matches_significance_cutoffs,-3,10,50,1,0.05,1.644853627,3,7,0.6,1.4,no_improvement,Per-suite binary success rate over 10 tasks x 50 official trials.
LIBERO,goal,PRTS: A Primitive Reasoning and Tasking System via Contrastive Representations,leaderboards/stat_significance_sam_export_20260522T233929/sam_libero_official_prev_sota.csv,288,libero_goal,libero_goal_prev_sota,98.4,99,-0.6,percent,495,492,495,492,0,5.684341886e-14,python_round_nearest_even_matches_significance_cutoffs,-3,10,50,1,0.05,1.644853627,3,5,0.6,1,no_improvement,Per-suite binary success rate over 10 tasks x 50 official trials.
LIBERO,goal,TAG: Target-Agnostic Guidance for Stable Object-Centric Inference in Vision-Language-Action Models,leaderboards/stat_significance_sam_export_20260522T233929/sam_libero_official_prev_sota.csv,289,libero_goal,libero_goal_prev_sota,97.4,97.5,-0.1,percent,487.5,487,488,487,-0.5,5.684341886e-14,python_round_nearest_even_matches_significance_cutoffs,-1,10,50,1,0.05,1.644853627,3,7,0.6,1.4,no_improvement,Per-suite binary success rate over 10 tasks x 50 official trials.
LIBERO,goal,VLANeXt: Recipes for Building Strong VLA Models,leaderboards/stat_significance_sam_export_20260522T233929/sam_libero_official_prev_sota.csv,292,libero_goal,libero_goal_prev_sota,96.6,97.9,-1.3,percent,489.5,483,490,483,-0.5,0,python_round_nearest_even_matches_significance_cutoffs,-7,10,50,1,0.05,1.644853627,3,7,0.6,1.4,no_improvement,Per-suite binary success rate over 10 tasks x 50 official trials.
LIBERO,goal,VAT: Vision Action Transformer by Unlocking Full Representation of ViT,leaderboards/stat_significance_sam_export_20260522T233929/sam_libero_official_prev_sota.csv,295,libero_goal,libero_goal_prev_sota,97.6,97.9,-0.3,percent,489.5,488,490,488,-0.5,0,python_round_nearest_even_matches_significance_cutoffs,-2,10,50,1,0.05,1.644853627,3,7,0.6,1.4,no_improvement,Per-suite binary success rate over 10 tasks x 50 official trials.
LIBERO,goal,BlockVLA: Accelerating Autoregressive VLA via Block Diffusion Finetuning,leaderboards/stat_significance_sam_export_20260522T233929/sam_libero_official_prev_sota.csv,303,libero_goal,libero_goal_prev_sota,93.2,94.2,-1,percent,471,466,471,466,5.684341886e-14,0,python_round_nearest_even_matches_significance_cutoffs,-5,10,50,1,0.05,1.644853627,3,12,0.6,2.4,no_improvement,Per-suite binary success rate over 10 tasks x 50 official trials.
LIBERO,goal,Realtime-VLA FLASH: Speculative Inference Framework for Diffusion-based VLAs,leaderboards/stat_significance_sam_export_20260522T233929/sam_libero_official_prev_sota.csv,305,libero_goal,libero_goal_prev_sota,94.4,95.8,-1.4,percent,479,472,479,472,0,5.684341886e-14,python_round_nearest_even_matches_significance_cutoffs,-7,10,50,1,0.05,1.644853627,3,10,0.6,2,no_improvement,Per-suite binary success rate over 10 tasks x 50 official trials.
LIBERO,goal,Premover: Fast Vision-Language-Action Control by Acting Before Instructions Are Complete,leaderboards/stat_significance_sam_export_20260522T233929/sam_libero_official_prev_sota.csv,311,libero_goal,libero_goal_prev_sota,93.7,94.9,-1.2,percent,474.5,468.5,475,468,-0.5,0.5,python_round_nearest_even_matches_significance_cutoffs,-7,10,50,1,0.05,1.644853627,3,11,0.6,2.2,no_improvement,Per-suite binary success rate over 10 tasks x 50 official trials.
LIBERO,goal,Dynamic Execution Commitment of Vision-Language-Action Models,leaderboards/stat_significance_sam_export_20260522T233929/sam_libero_official_prev_sota.csv,313,libero_goal,libero_goal_prev_sota,98,98.2,-0.2,percent,491,490,491,490,0,0,python_round_nearest_even_matches_significance_cutoffs,-1,10,50,1,0.05,1.644853627,3,6,0.6,1.2,no_improvement,Per-suite binary success rate over 10 tasks x 50 official trials.
LIBERO,goal,CapVector: Learning Transferable Capability Vectors in Parametric Space for Vision-Language-Action Models,leaderboards/stat_significance_sam_export_20260522T233929/sam_libero_official_prev_sota.csv,316,libero_goal,libero_goal_prev_sota,96.8,96.8,0,percent,484,484,484,484,0,0,python_round_nearest_even_matches_significance_cutoffs,0,10,50,1,0.05,1.644853627,3,9,0.6,1.8,no_improvement,Per-suite binary success rate over 10 tasks x 50 official trials.
LIBERO,long10,Quantization-Aware Imitation-Learning for Resource-Efficient Robotic Control,leaderboards/stat_significance_sam_export_20260522T233929/sam_libero_official_prev_sota.csv,14,libero_long10,libero_long10_prev_sota,50.4,50.8,-0.4,percent,254,252,254,252,0,0,python_round_nearest_even_matches_significance_cutoffs,-2,10,50,1,0.05,1.644853627,3,36,0.6,7.2,no_improvement,Per-suite binary success rate over 10 tasks x 50 official trials.
LIBERO,long10,Action-aware Dynamic Pruning for Efficient Vision-Language-Action Manipulation,leaderboards/stat_significance_sam_export_20260522T233929/sam_libero_official_prev_sota.csv,22,libero_long10,libero_long10_prev_sota,91.2,94.8,-3.6,percent,474,456,474,456,0,0,python_round_nearest_even_matches_significance_cutoffs,-18,10,50,1,0.05,1.644853627,3,11,0.6,2.2,no_improvement,Per-suite binary success rate over 10 tasks x 50 official trials.
LIBERO,long10,BadVLA: Towards Backdoor Attacks on Vision-Language-Action Models via Objective-Decoupled Optimization,leaderboards/stat_significance_sam_export_20260522T233929/sam_libero_official_prev_sota.csv,27,libero_long10,libero_long10_prev_sota,95,95,0,percent,475,475,475,475,0,0,python_round_nearest_even_matches_significance_cutoffs,0,10,50,1,0.05,1.644853627,3,11,0.6,2.2,no_improvement,Per-suite binary success rate over 10 tasks x 50 official trials.
LIBERO,long10,Beyond Human Demonstrations: Diffusion-Based Reinforcement Learning to Generate Data for VLA Training,leaderboards/stat_significance_sam_export_20260522T233929/sam_libero_official_prev_sota.csv,29,libero_long10,libero_long10_prev_sota,63,66,-3,percent,330,315,330,315,0,0,python_round_nearest_even_matches_significance_cutoffs,-15,10,50,1,0.05,1.644853627,3,30,0.6,6,no_improvement,Per-suite binary success rate over 10 tasks x 50 official trials.
LIBERO,long10,BitVLA: 1-bit Vision-Language-Action Models for Robotics Manipulation,leaderboards/stat_significance_sam_export_20260522T233929/sam_libero_official_prev_sota.csv,30,libero_long10,libero_long10_prev_sota,92.8,94.5,-1.7,percent,472.5,464,472,464,0.5,-5.684341886e-14,python_round_nearest_even_matches_significance_cutoffs,-8,10,50,1,0.05,1.644853627,3,12,0.6,2.4,no_improvement,Per-suite binary success rate over 10 tasks x 50 official trials.
LIBERO,long10,CLIP-RT: Learning Language-Conditioned Robotic Policies from Natural Language Supervision,leaderboards/stat_significance_sam_export_20260522T233929/sam_libero_official_prev_sota.csv,32,libero_long10,libero_long10_prev_sota,83.8,90.7,-6.9,percent,453.5,419,454,419,-0.5,0,python_round_nearest_even_matches_significance_cutoffs,-35,10,50,1,0.05,1.644853627,3,15,0.6,3,no_improvement,Per-suite binary success rate over 10 tasks x 50 official trials.
LIBERO,long10,Conditioning Matters: Training Diffusion Policies is Faster Than You Think,leaderboards/stat_significance_sam_export_20260522T233929/sam_libero_official_prev_sota.csv,36,libero_long10,libero_long10_prev_sota,88.7,94.5,-5.8,percent,472.5,443.5,472,444,0.5,-0.5,python_round_nearest_even_matches_significance_cutoffs,-28,10,50,1,0.05,1.644853627,3,12,0.6,2.4,no_improvement,Per-suite binary success rate over 10 tasks x 50 official trials.
LIBERO,long10,CronusVLA: Towards Efficient and Robust Manipulation via Multi-Frame Vision-Language-Action Modeling,leaderboards/stat_significance_sam_export_20260522T233929/sam_libero_official_prev_sota.csv,39,libero_long10,libero_long10_prev_sota,94,94.5,-0.5,percent,472.5,470,472,470,0.5,0,python_round_nearest_even_matches_significance_cutoffs,-2,10,50,1,0.05,1.644853627,3,12,0.6,2.4,no_improvement,Per-suite binary success rate over 10 tasks x 50 official trials.
LIBERO,long10,D2E: Scaling Vision-Action Pretraining on Desktop Data for Transfer to Embodied AI,leaderboards/stat_significance_sam_export_20260522T233929/sam_libero_official_prev_sota.csv,41,libero_long10,libero_long10_prev_sota,93.6,94.5,-0.9,percent,472.5,468,472,468,0.5,0,python_round_nearest_even_matches_significance_cutoffs,-4,10,50,1,0.05,1.644853627,3,12,0.6,2.4,no_improvement,Per-suite binary success rate over 10 tasks x 50 official trials.
LIBERO,long10,DepthVLA: Enhancing Vision-Language-Action Models with Depth-Aware Spatial Reasoning,leaderboards/stat_significance_sam_export_20260522T233929/sam_libero_official_prev_sota.csv,45,libero_long10,libero_long10_prev_sota,89.2,89.5,-0.3,percent,447.5,446,448,446,-0.5,0,python_round_nearest_even_matches_significance_cutoffs,-2,10,50,1,0.05,1.644853627,3,16,0.6,3.2,no_improvement,Per-suite binary success rate over 10 tasks x 50 official trials.
LIBERO,long10,Discrete Diffusion VLA: Bringing Discrete Diffusion to Action Decoding in Vision-Language-Action Policies,leaderboards/stat_significance_sam_export_20260522T233929/sam_libero_official_prev_sota.csv,47,libero_long10,libero_long10_prev_sota,92,92,0,percent,460,460,460,460,0,0,python_round_nearest_even_matches_significance_cutoffs,0,10,50,1,0.05,1.644853627,3,14,0.6,2.8,no_improvement,Per-suite binary success rate over 10 tasks x 50 official trials.
LIBERO,long10,Don't Run with Scissors: Pruning Breaks VLA Models but They Can Be Recovered,leaderboards/stat_significance_sam_export_20260522T233929/sam_libero_official_prev_sota.csv,50,libero_long10,libero_long10_prev_sota,26.6,55.8,-29.2,percent,279,133,279,133,-5.684341886e-14,0,python_round_nearest_even_matches_significance_cutoffs,-146,10,50,1,0.05,1.644853627,3,34,0.6,6.8,no_improvement,Per-suite binary success rate over 10 tasks x 50 official trials.
LIBERO,long10,ExpReS-VLA: Specializing Vision-Language-Action Models Through Experience Replay and Retrieval,leaderboards/stat_significance_sam_export_20260522T233929/sam_libero_official_prev_sota.csv,59,libero_long10,libero_long10_prev_sota,72.3,95.6,-23.3,percent,478,361.5,478,362,0,-0.5,python_round_nearest_even_matches_significance_cutoffs,-116,10,50,1,0.05,1.644853627,3,10,0.6,2,no_improvement,Per-suite binary success rate over 10 tasks x 50 official trials.
LIBERO,long10,FreqPolicy: Efficient Flow-based Visuomotor Policy via Frequency Consistency,leaderboards/stat_significance_sam_export_20260522T233929/sam_libero_official_prev_sota.csv,66,libero_long10,libero_long10_prev_sota,87.6,90.6,-3,percent,453,438,453,438,-5.684341886e-14,-5.684341886e-14,python_round_nearest_even_matches_significance_cutoffs,-15,10,50,1,0.05,1.644853627,3,15,0.6,3,no_improvement,Per-suite binary success rate over 10 tasks x 50 official trials.
LIBERO,long10,From Grounding to Manipulation: Case Studies of Foundation Model Integration in Embodied Robotic Systems,leaderboards/stat_significance_sam_export_20260522T233929/sam_libero_official_prev_sota.csv,67,libero_long10,libero_long10_prev_sota,74.6,85.2,-10.6,percent,426,373,426,373,0,0,python_round_nearest_even_matches_significance_cutoffs,-53,10,50,1,0.05,1.644853627,3,19,0.6,3.8,no_improvement,Per-suite binary success rate over 10 tasks x 50 official trials.
LIBERO,long10,GeoAware-VLA: Implicit Geometry Aware Vision-Language-Action Model,leaderboards/stat_significance_sam_export_20260522T233929/sam_libero_official_prev_sota.csv,68,libero_long10,libero_long10_prev_sota,93,93,0,percent,465,465,465,465,0,0,python_round_nearest_even_matches_significance_cutoffs,0,10,50,1,0.05,1.644853627,3,13,0.6,2.6,no_improvement,Per-suite binary success rate over 10 tasks x 50 official trials.
LIBERO,long10,How Do VLAs Effectively Inherit from VLMs?,leaderboards/stat_significance_sam_export_20260522T233929/sam_libero_official_prev_sota.csv,74,libero_long10,libero_long10_prev_sota,83,85,-2,percent,425,415,425,415,0,0,python_round_nearest_even_matches_significance_cutoffs,-10,10,50,1,0.05,1.644853627,3,19,0.6,3.8,no_improvement,Per-suite binary success rate over 10 tasks x 50 official trials.
LIBERO,long10,"Knowledge Insulating Vision-Language-Action Models: Train Fast, Run Fast, Generalize Better",leaderboards/stat_significance_sam_export_20260522T233929/sam_libero_official_prev_sota.csv,81,libero_long10,libero_long10_prev_sota,85.8,94.5,-8.7,percent,472.5,429,472,429,0.5,0,python_round_nearest_even_matches_significance_cutoffs,-43,10,50,1,0.05,1.644853627,3,12,0.6,2.4,no_improvement,Per-suite binary success rate over 10 tasks x 50 official trials.
LIBERO,long10,MergeVLA: Cross-Skill Model Merging Toward a Generalist Vision-Language-Action Agent,leaderboards/stat_significance_sam_export_20260522T233929/sam_libero_official_prev_sota.csv,94,libero_long10,libero_long10_prev_sota,79.4,96.4,-17,percent,482,397,482,397,5.684341886e-14,0,python_round_nearest_even_matches_significance_cutoffs,-85,10,50,1,0.05,1.644853627,3,9,0.6,1.8,no_improvement,Per-suite binary success rate over 10 tasks x 50 official trials.
LIBERO,long10,MetaVLA: Unified Meta Co-training For Efficient Embodied Adaption,leaderboards/stat_significance_sam_export_20260522T233929/sam_libero_official_prev_sota.csv,95,libero_long10,libero_long10_prev_sota,59.8,92.4,-32.6,percent,462,299,462,299,0,0,python_round_nearest_even_matches_significance_cutoffs,-163,10,50,1,0.05,1.644853627,3,14,0.6,2.8,no_improvement,Per-suite binary success rate over 10 tasks x 50 official trials.
LIBERO,long10,Multimodal Reinforcement Learning with Adaptive Verifier for AI Agents,leaderboards/stat_significance_sam_export_20260522T233929/sam_libero_official_prev_sota.csv,97,libero_long10,libero_long10_prev_sota,63.8,67.8,-4,percent,339,319,339,319,-5.684341886e-14,0,python_round_nearest_even_matches_significance_cutoffs,-20,10,50,1,0.05,1.644853627,3,29,0.6,5.8,no_improvement,Per-suite binary success rate over 10 tasks x 50 official trials.
LIBERO,long10,Resolving State Ambiguity in Robot Manipulation via Adaptive Working Memory Recoding,leaderboards/stat_significance_sam_export_20260522T233929/sam_libero_official_prev_sota.csv,103,libero_long10,libero_long10_prev_sota,84.7,85.2,-0.5,percent,426,423.5,426,424,0,-0.5,python_round_nearest_even_matches_significance_cutoffs,-2,10,50,1,0.05,1.644853627,3,19,0.6,3.8,no_improvement,Per-suite binary success rate over 10 tasks x 50 official trials.
LIBERO,long10,Rethinking Latent Redundancy in Behavior Cloning: An Information Bottleneck Approach for Robot Manipulation,leaderboards/stat_significance_sam_export_20260522T233929/sam_libero_official_prev_sota.csv,104,libero_long10,libero_long10_prev_sota,8.67,15.83,-7.16,percent,79.15,43.35,79,43,0.15,0.35,python_round_nearest_even_matches_significance_cutoffs,-36,10,50,1,0.05,1.644853627,3,23,0.6,4.6,no_improvement,Per-suite binary success rate over 10 tasks x 50 official trials.
LIBERO,long10,RetoVLA: Reusing Register Tokens for Spatial Reasoning in Vision-Language-Action Models,leaderboards/stat_significance_sam_export_20260522T233929/sam_libero_official_prev_sota.csv,105,libero_long10,libero_long10_prev_sota,50.4,50.4,0,percent,252,252,252,252,0,0,python_round_nearest_even_matches_significance_cutoffs,0,10,50,1,0.05,1.644853627,3,36,0.6,7.2,no_improvement,Per-suite binary success rate over 10 tasks x 50 official trials.
LIBERO,long10,RoboNeuron: A Middle-Layer Infrastructure for Agent-Driven Orchestration in Embodied AI,leaderboards/stat_significance_sam_export_20260522T233929/sam_libero_official_prev_sota.csv,107,libero_long10,libero_long10_prev_sota,94.4,95.8,-1.4,percent,479,472,479,472,0,5.684341886e-14,python_round_nearest_even_matches_significance_cutoffs,-7,10,50,1,0.05,1.644853627,3,10,0.6,2,no_improvement,Per-suite binary success rate over 10 tasks x 50 official trials.
LIBERO,long10,RynnVLA-002: A Unified Vision-Language-Action and World Model,leaderboards/stat_significance_sam_export_20260522T233929/sam_libero_official_prev_sota.csv,109,libero_long10,libero_long10_prev_sota,94.4,94.5,-0.1,percent,472.5,472,472,472,0.5,5.684341886e-14,python_round_nearest_even_matches_significance_cutoffs,0,10,50,1,0.05,1.644853627,3,12,0.6,2.4,no_improvement,Per-suite binary success rate over 10 tasks x 50 official trials.
LIBERO,long10,Saliency-Aware Quantized Imitation Learning for Efficient Robotic Control,leaderboards/stat_significance_sam_export_20260522T233929/sam_libero_official_prev_sota.csv,110,libero_long10,libero_long10_prev_sota,49.2,50.7,-1.5,percent,253.5,246,254,246,-0.5,2.842170943e-14,python_round_nearest_even_matches_significance_cutoffs,-8,10,50,1,0.05,1.644853627,3,36,0.6,7.2,no_improvement,Per-suite binary success rate over 10 tasks x 50 official trials.
LIBERO,long10,SmolVLA: A Vision-Language-Action Model for Affordable and Efficient Robotics,leaderboards/stat_significance_sam_export_20260522T233929/sam_libero_official_prev_sota.csv,114,libero_long10,libero_long10_prev_sota,71,73,-2,percent,365,355,365,355,0,0,python_round_nearest_even_matches_significance_cutoffs,-10,10,50,1,0.05,1.644853627,3,26,0.6,5.2,no_improvement,Per-suite binary success rate over 10 tasks x 50 official trials.
LIBERO,long10,Spatial-Aware VLA Pretraining through Visual-Physical Alignment from Human Videos,leaderboards/stat_significance_sam_export_20260522T233929/sam_libero_official_prev_sota.csv,115,libero_long10,libero_long10_prev_sota,85.6,85.6,0,percent,428,428,428,428,0,0,python_round_nearest_even_matches_significance_cutoffs,0,10,50,1,0.05,1.644853627,3,19,0.6,3.8,no_improvement,Per-suite binary success rate over 10 tasks x 50 official trials.
LIBERO,long10,Spatial Forcing: Implicit Spatial Representation Alignment for Vision-language-action Model,leaderboards/stat_significance_sam_export_20260522T233929/sam_libero_official_prev_sota.csv,116,libero_long10,libero_long10_prev_sota,96,96.6,-0.6,percent,483,480,483,480,0,0,python_round_nearest_even_matches_significance_cutoffs,-3,10,50,1,0.05,1.644853627,3,9,0.6,1.8,no_improvement,Per-suite binary success rate over 10 tasks x 50 official trials.
LIBERO,long10,SpecPrune-VLA: Accelerating Vision-Language-Action Models via Action-Aware Self-Speculative Pruning,leaderboards/stat_significance_sam_export_20260522T233929/sam_libero_official_prev_sota.csv,119,libero_long10,libero_long10_prev_sota,93.4,94.5,-1.1,percent,472.5,467,472,467,0.5,0,python_round_nearest_even_matches_significance_cutoffs,-5,10,50,1,0.05,1.644853627,3,12,0.6,2.4,no_improvement,Per-suite binary success rate over 10 tasks x 50 official trials.
LIBERO,long10,"Think Twice, Act Once: Token-Aware Compression and Action Reuse for Efficient Inference in Vision-Language-Action Models",leaderboards/stat_significance_sam_export_20260522T233929/sam_libero_official_prev_sota.csv,124,libero_long10,libero_long10_prev_sota,46.8,51.4,-4.6,percent,257,234,257,234,0,0,python_round_nearest_even_matches_significance_cutoffs,-23,10,50,1,0.05,1.644853627,3,36,0.6,7.2,no_improvement,Per-suite binary success rate over 10 tasks x 50 official trials.
LIBERO,long10,Token Expand-Merge: Training-Free Token Compression for Vision-Language-Action Models,leaderboards/stat_significance_sam_export_20260522T233929/sam_libero_official_prev_sota.csv,125,libero_long10,libero_long10_prev_sota,93.8,94.5,-0.7,percent,472.5,469,472,469,0.5,0,python_round_nearest_even_matches_significance_cutoffs,-3,10,50,1,0.05,1.644853627,3,12,0.6,2.4,no_improvement,Per-suite binary success rate over 10 tasks x 50 official trials.
LIBERO,long10,ViPRA: Video Prediction for Robot Actions,leaderboards/stat_significance_sam_export_20260522T233929/sam_libero_official_prev_sota.csv,131,libero_long10,libero_long10_prev_sota,79,92,-13,percent,460,395,460,395,0,0,python_round_nearest_even_matches_significance_cutoffs,-65,10,50,1,0.05,1.644853627,3,14,0.6,2.8,no_improvement,Per-suite binary success rate over 10 tasks x 50 official trials.
LIBERO,long10,VLA-0: Building State-of-the-Art VLAs with Zero Modification,leaderboards/stat_significance_sam_export_20260522T233929/sam_libero_official_prev_sota.csv,133,libero_long10,libero_long10_prev_sota,87.6,94.5,-6.9,percent,472.5,438,472,438,0.5,-5.684341886e-14,python_round_nearest_even_matches_significance_cutoffs,-34,10,50,1,0.05,1.644853627,3,12,0.6,2.4,no_improvement,Per-suite binary success rate over 10 tasks x 50 official trials.
LIBERO,long10,VLA-RL: Towards Masterful and General Robotic Manipulation with Scalable Reinforcement Learning,leaderboards/stat_significance_sam_export_20260522T233929/sam_libero_official_prev_sota.csv,137,libero_long10,libero_long10_prev_sota,59.8,60.2,-0.4,percent,301,299,301,299,0,0,python_round_nearest_even_matches_significance_cutoffs,-2,10,50,1,0.05,1.644853627,3,32,0.6,6.4,no_improvement,Per-suite binary success rate over 10 tasks x 50 official trials.
LIBERO,long10,WorldVLA: Towards Autoregressive Action World Model,leaderboards/stat_significance_sam_export_20260522T233929/sam_libero_official_prev_sota.csv,141,libero_long10,libero_long10_prev_sota,60,94,-34,percent,470,300,470,300,0,0,python_round_nearest_even_matches_significance_cutoffs,-170,10,50,1,0.05,1.644853627,3,12,0.6,2.4,no_improvement,Per-suite binary success rate over 10 tasks x 50 official trials.
LIBERO,long10,"A1: A Fully Transparent Open-Source, Adaptive and Efficient Truncated Vision-Language-Action Model",leaderboards/stat_significance_sam_export_20260522T233929/sam_libero_official_prev_sota.csv,144,libero_long10,libero_long10_prev_sota,91.4,94.5,-3.1,percent,472.5,457,472,457,0.5,0,python_round_nearest_even_matches_significance_cutoffs,-15,10,50,1,0.05,1.644853627,3,12,0.6,2.4,no_improvement,Per-suite binary success rate over 10 tasks x 50 official trials.
LIBERO,long10,Adaptive Action Chunking at Inference-time for Vision-Language-Action Models,leaderboards/stat_significance_sam_export_20260522T233929/sam_libero_official_prev_sota.csv,150,libero_long10,libero_long10_prev_sota,92.8,93.4,-0.6,percent,467,464,467,464,0,-5.684341886e-14,python_round_nearest_even_matches_significance_cutoffs,-3,10,50,1,0.05,1.644853627,3,13,0.6,2.6,no_improvement,Per-suite binary success rate over 10 tasks x 50 official trials.
LIBERO,long10,CF-VLA: Efficient Coarse-to-Fine Action Generation for Vision-Language-Action Policies,leaderboards/stat_significance_sam_export_20260522T233929/sam_libero_official_prev_sota.csv,161,libero_long10,libero_long10_prev_sota,92,97.6,-5.6,percent,488,460,488,460,0,0,python_round_nearest_even_matches_significance_cutoffs,-28,10,50,1,0.05,1.644853627,3,7,0.6,1.4,no_improvement,Per-suite binary success rate over 10 tasks x 50 official trials.
LIBERO,long10,DepthCache: Depth-Guided Training-Free Visual Token Merging for Vision-Language-Action Model Inference,leaderboards/stat_significance_sam_export_20260522T233929/sam_libero_official_prev_sota.csv,173,libero_long10,libero_long10_prev_sota,96.1,96.5,-0.4,percent,482.5,480.5,482,480,0.5,0.5,python_round_nearest_even_matches_significance_cutoffs,-2,10,50,1,0.05,1.644853627,3,9,0.6,1.8,no_improvement,Per-suite binary success rate over 10 tasks x 50 official trials.
LIBERO,long10,Device-Conditioned Neural Architecture Search for Efficient Robotic Manipulation,leaderboards/stat_significance_sam_export_20260522T233929/sam_libero_official_prev_sota.csv,174,libero_long10,libero_long10_prev_sota,93.9,94.5,-0.6,percent,472.5,469.5,472,470,0.5,-0.5,python_round_nearest_even_matches_significance_cutoffs,-2,10,50,1,0.05,1.644853627,3,12,0.6,2.4,no_improvement,Per-suite binary success rate over 10 tasks x 50 official trials.
LIBERO,long10,DyQ-VLA: Temporal-Dynamic-Aware Quantization for Embodied Vision-Language-Action Models,leaderboards/stat_significance_sam_export_20260522T233929/sam_libero_official_prev_sota.csv,178,libero_long10,libero_long10_prev_sota,53.4,53.7,-0.3,percent,268.5,267,268,267,0.5,0,python_round_nearest_even_matches_significance_cutoffs,-1,10,50,1,0.05,1.644853627,3,35,0.6,7,no_improvement,Per-suite binary success rate over 10 tasks x 50 official trials.
LIBERO,long10,DySL-VLA: Efficient Vision-Language-Action Model Inference via Dynamic-Static Layer-Skipping for Robot Manipulation,leaderboards/stat_significance_sam_export_20260522T233929/sam_libero_official_prev_sota.csv,179,libero_long10,libero_long10_prev_sota,92.6,94.5,-1.9,percent,472.5,463,472,463,0.5,-5.684341886e-14,python_round_nearest_even_matches_significance_cutoffs,-9,10,50,1,0.05,1.644853627,3,12,0.6,2.4,no_improvement,Per-suite binary success rate over 10 tasks x 50 official trials.
LIBERO,long10,EmbodiedMidtrain: Bridging the Gap between Vision-Language Models and Vision-Language-Action Models via Mid-training,leaderboards/stat_significance_sam_export_20260522T233929/sam_libero_official_prev_sota.csv,181,libero_long10,libero_long10_prev_sota,54.2,55.8,-1.6,percent,279,271,279,271,-5.684341886e-14,0,python_round_nearest_even_matches_significance_cutoffs,-8,10,50,1,0.05,1.644853627,3,34,0.6,6.8,no_improvement,Per-suite binary success rate over 10 tasks x 50 official trials.
LIBERO,long10,Fast-WAM: Do World Action Models Need Test-time Future Imagination?,leaderboards/stat_significance_sam_export_20260522T233929/sam_libero_official_prev_sota.csv,184,libero_long10,libero_long10_prev_sota,95.2,98.5,-3.3,percent,492.5,476,492,476,0.5,5.684341886e-14,python_round_nearest_even_matches_significance_cutoffs,-16,10,50,1,0.05,1.644853627,3,6,0.6,1.2,no_improvement,Per-suite binary success rate over 10 tasks x 50 official trials.
LIBERO,long10,FASTER: Rethinking Real-Time Flow VLAs,leaderboards/stat_significance_sam_export_20260522T233929/sam_libero_official_prev_sota.csv,185,libero_long10,libero_long10_prev_sota,92,96.8,-4.8,percent,484,460,484,460,0,0,python_round_nearest_even_matches_significance_cutoffs,-24,10,50,1,0.05,1.644853627,3,9,0.6,1.8,no_improvement,Per-suite binary success rate over 10 tasks x 50 official trials.
LIBERO,long10,FlowHijack: A Dynamics-Aware Backdoor Attack on Flow-Matching Vision-Language-Action Models,leaderboards/stat_significance_sam_export_20260522T233929/sam_libero_official_prev_sota.csv,186,libero_long10,libero_long10_prev_sota,82.8,85.2,-2.4,percent,426,414,426,414,0,0,python_round_nearest_even_matches_significance_cutoffs,-12,10,50,1,0.05,1.644853627,3,19,0.6,3.8,no_improvement,Per-suite binary success rate over 10 tasks x 50 official trials.
LIBERO,long10,From Noise to Intent: Anchoring Generative VLA Policies with Residual Bridges,leaderboards/stat_significance_sam_export_20260522T233929/sam_libero_official_prev_sota.csv,187,libero_long10,libero_long10_prev_sota,92.4,95,-2.6,percent,475,462,475,462,0,0,python_round_nearest_even_matches_significance_cutoffs,-13,10,50,1,0.05,1.644853627,3,11,0.6,2.2,no_improvement,Per-suite binary success rate over 10 tasks x 50 official trials.
LIBERO,long10,Generative Control as Optimization: Time Unconditional Flow Matching for Adaptive and Robust Robotic Control,leaderboards/stat_significance_sam_export_20260522T233929/sam_libero_official_prev_sota.csv,189,libero_long10,libero_long10_prev_sota,92.4,92.4,0,percent,462,462,462,462,0,0,python_round_nearest_even_matches_significance_cutoffs,0,10,50,1,0.05,1.644853627,3,14,0.6,2.8,no_improvement,Per-suite binary success rate over 10 tasks x 50 official trials.
LIBERO,long10,HoloBrain-0 Technical Report,leaderboards/stat_significance_sam_export_20260522T233929/sam_libero_official_prev_sota.csv,194,libero_long10,libero_long10_prev_sota,95.2,97.6,-2.4,percent,488,476,488,476,0,5.684341886e-14,python_round_nearest_even_matches_significance_cutoffs,-12,10,50,1,0.05,1.644853627,3,7,0.6,1.4,no_improvement,Per-suite binary success rate over 10 tasks x 50 official trials.
LIBERO,long10,Improving Robustness of Vision-Language-Action Models by Restoring Corrupted Visual Inputs,leaderboards/stat_significance_sam_export_20260522T233929/sam_libero_official_prev_sota.csv,195,libero_long10,libero_long10_prev_sota,89,90,-1,percent,450,445,450,445,0,0,python_round_nearest_even_matches_significance_cutoffs,-5,10,50,1,0.05,1.644853627,3,16,0.6,3.2,no_improvement,Per-suite binary success rate over 10 tasks x 50 official trials.
LIBERO,long10,KERV: Kinematic-Rectified Speculative Decoding for Embodied VLA Models,leaderboards/stat_significance_sam_export_20260522T233929/sam_libero_official_prev_sota.csv,198,libero_long10,libero_long10_prev_sota,48.8,50.2,-1.4,percent,251,244,251,244,0,0,python_round_nearest_even_matches_significance_cutoffs,-7,10,50,1,0.05,1.644853627,3,36,0.6,7.2,no_improvement,Per-suite binary success rate over 10 tasks x 50 official trials.
LIBERO,long10,LangGap: Diagnosing and Closing the Language Gap in Vision-Language-Action Models,leaderboards/stat_significance_sam_export_20260522T233929/sam_libero_official_prev_sota.csv,201,libero_long10,libero_long10_prev_sota,70,81,-11,percent,405,350,405,350,0,0,python_round_nearest_even_matches_significance_cutoffs,-55,10,50,1,0.05,1.644853627,3,22,0.6,4.4,no_improvement,Per-suite binary success rate over 10 tasks x 50 official trials.
LIBERO,long10,LAR-MoE: Latent-Aligned Routing for Mixture of Experts in Robotic Imitation Learning,leaderboards/stat_significance_sam_export_20260522T233929/sam_libero_official_prev_sota.csv,203,libero_long10,libero_long10_prev_sota,88,92,-4,percent,460,440,460,440,0,0,python_round_nearest_even_matches_significance_cutoffs,-20,10,50,1,0.05,1.644853627,3,14,0.6,2.8,no_improvement,Per-suite binary success rate over 10 tasks x 50 official trials.
LIBERO,long10,Latent Bridge: Feature Delta Prediction for Efficient Dual-System Vision-Language-Action Model Inference,leaderboards/stat_significance_sam_export_20260522T233929/sam_libero_official_prev_sota.csv,204,libero_long10,libero_long10_prev_sota,93.67,93.83,-0.16,percent,469.15,468.35,469,468,0.15,0.35,python_round_nearest_even_matches_significance_cutoffs,-1,10,50,1,0.05,1.644853627,3,12,0.6,2.4,no_improvement,Per-suite binary success rate over 10 tasks x 50 official trials.
LIBERO,long10,Libra-VLA: Achieving Learning Equilibrium via Asynchronous Coarse-to-Fine Dual-System,leaderboards/stat_significance_sam_export_20260522T233929/sam_libero_official_prev_sota.csv,209,libero_long10,libero_long10_prev_sota,92.8,94.4,-1.6,percent,472,464,472,464,5.684341886e-14,-5.684341886e-14,python_round_nearest_even_matches_significance_cutoffs,-8,10,50,1,0.05,1.644853627,3,12,0.6,2.4,no_improvement,Per-suite binary success rate over 10 tasks x 50 official trials.
LIBERO,long10,Phantom Menace: Exploring and Enhancing the Robustness of VLA Models Against Physical Sensor Attacks,leaderboards/stat_significance_sam_export_20260522T233929/sam_libero_official_prev_sota.csv,222,libero_long10,libero_long10_prev_sota,94.5,94.5,0,percent,472.5,472.5,472,472,0.5,0.5,python_round_nearest_even_matches_significance_cutoffs,0,10,50,1,0.05,1.644853627,3,12,0.6,2.4,no_improvement,Per-suite binary success rate over 10 tasks x 50 official trials.
LIBERO,long10,PokeVLA: Empowering Pocket-Sized Vision-Language-Action Model with Comprehensive World Knowledge Guidance,leaderboards/stat_significance_sam_export_20260522T233929/sam_libero_official_prev_sota.csv,223,libero_long10,libero_long10_prev_sota,95.2,96.4,-1.2,percent,482,476,482,476,5.684341886e-14,5.684341886e-14,python_round_nearest_even_matches_significance_cutoffs,-6,10,50,1,0.05,1.644853627,3,9,0.6,1.8,no_improvement,Per-suite binary success rate over 10 tasks x 50 official trials.
LIBERO,long10,Privileged Foresight Distillation: Zero-Cost Future Correction for World Action Models,leaderboards/stat_significance_sam_export_20260522T233929/sam_libero_official_prev_sota.csv,225,libero_long10,libero_long10_prev_sota,95.4,98.5,-3.1,percent,492.5,477,492,477,0.5,5.684341886e-14,python_round_nearest_even_matches_significance_cutoffs,-15,10,50,1,0.05,1.644853627,3,6,0.6,1.2,no_improvement,Per-suite binary success rate over 10 tasks x 50 official trials.
LIBERO,long10,ProgressVLA: Progress-Guided Diffusion Policy for Vision-Language Robotic Manipulation,leaderboards/stat_significance_sam_export_20260522T233929/sam_libero_official_prev_sota.csv,226,libero_long10,libero_long10_prev_sota,66.2,78.6,-12.4,percent,393,331,393,331,-5.684341886e-14,0,python_round_nearest_even_matches_significance_cutoffs,-62,10,50,1,0.05,1.644853627,3,23,0.6,4.6,no_improvement,Per-suite binary success rate over 10 tasks x 50 official trials.
LIBERO,long10,QVLA: Not All Channels Are Equal in Vision-Language-Action Model's Quantization,leaderboards/stat_significance_sam_export_20260522T233929/sam_libero_official_prev_sota.csv,228,libero_long10,libero_long10_prev_sota,93.8,94.5,-0.7,percent,472.5,469,472,469,0.5,0,python_round_nearest_even_matches_significance_cutoffs,-3,10,50,1,0.05,1.644853627,3,12,0.6,2.4,no_improvement,Per-suite binary success rate over 10 tasks x 50 official trials.
LIBERO,long10,RoboAlign: Learning Test-Time Reasoning for Language-Action Alignment in Vision-Language-Action Models,leaderboards/stat_significance_sam_export_20260522T233929/sam_libero_official_prev_sota.csv,237,libero_long10,libero_long10_prev_sota,70,70.9,-0.9,percent,354.5,350,355,350,-0.5,0,python_round_nearest_even_matches_significance_cutoffs,-5,10,50,1,0.05,1.644853627,3,27,0.6,5.4,no_improvement,Per-suite binary success rate over 10 tasks x 50 official trials.
LIBERO,long10,Robotic Manipulation is Vision-to-Geometry Mapping ($f(v) \rightarrow G$): Vision-Geometry Backbones over Language and Video Models,leaderboards/stat_significance_sam_export_20260522T233929/sam_libero_official_prev_sota.csv,239,libero_long10,libero_long10_prev_sota,95,97.6,-2.6,percent,488,475,488,475,0,0,python_round_nearest_even_matches_significance_cutoffs,-13,10,50,1,0.05,1.644853627,3,7,0.6,1.4,no_improvement,Per-suite binary success rate over 10 tasks x 50 official trials.
LIBERO,long10,Shallow-π: Knowledge Distillation for Flow-based VLAs,leaderboards/stat_significance_sam_export_20260522T233929/sam_libero_official_prev_sota.csv,245,libero_long10,libero_long10_prev_sota,93,95,-2,percent,475,465,475,465,0,0,python_round_nearest_even_matches_significance_cutoffs,-10,10,50,1,0.05,1.644853627,3,11,0.6,2.2,no_improvement,Per-suite binary success rate over 10 tasks x 50 official trials.
LIBERO,long10,SimVLA: A Simple VLA Baseline for Robotic Manipulation,leaderboards/stat_significance_sam_export_20260522T233929/sam_libero_official_prev_sota.csv,247,libero_long10,libero_long10_prev_sota,96.4,97.6,-1.2,percent,488,482,488,482,0,5.684341886e-14,python_round_nearest_even_matches_significance_cutoffs,-6,10,50,1,0.05,1.644853627,3,7,0.6,1.4,no_improvement,Per-suite binary success rate over 10 tasks x 50 official trials.
LIBERO,long10,SnapFlow: One-Step Action Generation for Flow-Matching VLAs via Progressive Self-Distillation,leaderboards/stat_significance_sam_export_20260522T233929/sam_libero_official_prev_sota.csv,249,libero_long10,libero_long10_prev_sota,97,97,0,percent,485,485,485,485,0,0,python_round_nearest_even_matches_significance_cutoffs,0,10,50,1,0.05,1.644853627,3,8,0.6,1.6,no_improvement,Per-suite binary success rate over 10 tasks x 50 official trials.
LIBERO,long10,StarVLA: A Lego-like Codebase for Vision-Language-Action Model Developing,leaderboards/stat_significance_sam_export_20260522T233929/sam_libero_official_prev_sota.csv,253,libero_long10,libero_long10_prev_sota,93.8,94.5,-0.7,percent,472.5,469,472,469,0.5,0,python_round_nearest_even_matches_significance_cutoffs,-3,10,50,1,0.05,1.644853627,3,12,0.6,2.4,no_improvement,Per-suite binary success rate over 10 tasks x 50 official trials.
LIBERO,long10,StarVLA-$α$: Reducing Complexity in Vision-Language-Action Systems,leaderboards/stat_significance_sam_export_20260522T233929/sam_libero_official_prev_sota.csv,254,libero_long10,libero_long10_prev_sota,94.1,94.5,-0.4,percent,472.5,470.5,472,470,0.5,0.5,python_round_nearest_even_matches_significance_cutoffs,-2,10,50,1,0.05,1.644853627,3,12,0.6,2.4,no_improvement,Per-suite binary success rate over 10 tasks x 50 official trials.
LIBERO,long10,StreamingVLA: Streaming Vision-Language-Action Model with Action Flow Matching and Adaptive Early Observation,leaderboards/stat_significance_sam_export_20260522T233929/sam_libero_official_prev_sota.csv,255,libero_long10,libero_long10_prev_sota,91,94.6,-3.6,percent,473,455,473,455,0,0,python_round_nearest_even_matches_significance_cutoffs,-18,10,50,1,0.05,1.644853627,3,11,0.6,2.2,no_improvement,Per-suite binary success rate over 10 tasks x 50 official trials.
LIBERO,long10,Towards Long-Lived Robots: Continual Learning VLA Models via Reinforcement Fine-Tuning,leaderboards/stat_significance_sam_export_20260522T233929/sam_libero_official_prev_sota.csv,262,libero_long10,libero_long10_prev_sota,89,91.1,-2.1,percent,455.5,445,455,445,0.5,0,python_round_nearest_even_matches_significance_cutoffs,-10,10,50,1,0.05,1.644853627,3,15,0.6,3,no_improvement,Per-suite binary success rate over 10 tasks x 50 official trials.
LIBERO,long10,TTQ: Activation-Aware Test-Time Quantization to Accelerate LLM Inference On The Fly,leaderboards/stat_significance_sam_export_20260522T233929/sam_libero_official_prev_sota.csv,264,libero_long10,libero_long10_prev_sota,87.5,96.5,-9,percent,482.5,437.5,482,438,0.5,-0.5,python_round_nearest_even_matches_significance_cutoffs,-44,10,50,1,0.05,1.644853627,3,9,0.6,1.8,no_improvement,Per-suite binary success rate over 10 tasks x 50 official trials.
LIBERO,long10,Universal Pose Pretraining for Generalizable Vision-Language-Action Policies,leaderboards/stat_significance_sam_export_20260522T233929/sam_libero_official_prev_sota.csv,266,libero_long10,libero_long10_prev_sota,92.4,92.4,0,percent,462,462,462,462,0,0,python_round_nearest_even_matches_significance_cutoffs,0,10,50,1,0.05,1.644853627,3,14,0.6,2.8,no_improvement,Per-suite binary success rate over 10 tasks x 50 official trials.
LIBERO,long10,Unmasking the Illusion of Embodied Reasoning in Vision-Language-Action Models,leaderboards/stat_significance_sam_export_20260522T233929/sam_libero_official_prev_sota.csv,267,libero_long10,libero_long10_prev_sota,96.4,97.4,-1,percent,487,482,487,482,5.684341886e-14,5.684341886e-14,python_round_nearest_even_matches_significance_cutoffs,-5,10,50,1,0.05,1.644853627,3,8,0.6,1.6,no_improvement,Per-suite binary success rate over 10 tasks x 50 official trials.
LIBERO,long10,VLA-GSE: Boosting Parameter-Efficient Fine-Tuning in VLA with Generalized and Specialized Experts,leaderboards/stat_significance_sam_export_20260522T233929/sam_libero_official_prev_sota.csv,272,libero_long10,libero_long10_prev_sota,96.8,97.6,-0.8,percent,488,484,488,484,0,0,python_round_nearest_even_matches_significance_cutoffs,-4,10,50,1,0.05,1.644853627,3,7,0.6,1.4,no_improvement,Per-suite binary success rate over 10 tasks x 50 official trials.
LIBERO,long10,VLA-InfoEntropy: A Training-Free Vision-Attention Information Entropy Approach for Vision-Language-Action Models Inference Acceleration and Success,leaderboards/stat_significance_sam_export_20260522T233929/sam_libero_official_prev_sota.csv,274,libero_long10,libero_long10_prev_sota,52.2,55,-2.8,percent,275,261,275,261,0,0,python_round_nearest_even_matches_significance_cutoffs,-14,10,50,1,0.05,1.644853627,3,34,0.6,6.8,no_improvement,Per-suite binary success rate over 10 tasks x 50 official trials.
LIBERO,long10,When Vision Overrides Language: Evaluating and Mitigating Counterfactual Failures in VLAs,leaderboards/stat_significance_sam_export_20260522T233929/sam_libero_official_prev_sota.csv,278,libero_long10,libero_long10_prev_sota,92.4,94.5,-2.1,percent,472.5,462,472,462,0.5,0,python_round_nearest_even_matches_significance_cutoffs,-10,10,50,1,0.05,1.644853627,3,12,0.6,2.4,no_improvement,Per-suite binary success rate over 10 tasks x 50 official trials.
LIBERO,long10,World-Value-Action Model: Implicit Planning for Vision-Language-Action Systems,leaderboards/stat_significance_sam_export_20260522T233929/sam_libero_official_prev_sota.csv,280,libero_long10,libero_long10_prev_sota,94.4,95,-0.6,percent,475,472,475,472,0,5.684341886e-14,python_round_nearest_even_matches_significance_cutoffs,-3,10,50,1,0.05,1.644853627,3,11,0.6,2.2,no_improvement,Per-suite binary success rate over 10 tasks x 50 official trials.
LIBERO,long10,OA-WAM: Object-Addressable World Action Model for Robust Robot Manipulation,leaderboards/stat_significance_sam_export_20260522T233929/sam_libero_official_prev_sota.csv,287,libero_long10,libero_long10_prev_sota,95.9,96.8,-0.9,percent,484,479.5,484,480,0,-0.5,python_round_nearest_even_matches_significance_cutoffs,-4,10,50,1,0.05,1.644853627,3,9,0.6,1.8,no_improvement,Per-suite binary success rate over 10 tasks x 50 official trials.
LIBERO,long10,PRTS: A Primitive Reasoning and Tasking System via Contrastive Representations,leaderboards/stat_significance_sam_export_20260522T233929/sam_libero_official_prev_sota.csv,288,libero_long10,libero_long10_prev_sota,96.6,97.6,-1,percent,488,483,488,483,0,0,python_round_nearest_even_matches_significance_cutoffs,-5,10,50,1,0.05,1.644853627,3,7,0.6,1.4,no_improvement,Per-suite binary success rate over 10 tasks x 50 official trials.
LIBERO,long10,VLANeXt: Recipes for Building Strong VLA Models,leaderboards/stat_significance_sam_export_20260522T233929/sam_libero_official_prev_sota.csv,292,libero_long10,libero_long10_prev_sota,94.6,94.9,-0.3,percent,474.5,473,475,473,-0.5,0,python_round_nearest_even_matches_significance_cutoffs,-2,10,50,1,0.05,1.644853627,3,11,0.6,2.2,no_improvement,Per-suite binary success rate over 10 tasks x 50 official trials.
LIBERO,long10,FrameSkip: Learning from Fewer but More Informative Frames in VLA Training,leaderboards/stat_significance_sam_export_20260522T233929/sam_libero_official_prev_sota.csv,304,libero_long10,libero_long10_prev_sota,93.8,94.4,-0.6,percent,472,469,472,469,5.684341886e-14,0,python_round_nearest_even_matches_significance_cutoffs,-3,10,50,1,0.05,1.644853627,3,12,0.6,2.4,no_improvement,Per-suite binary success rate over 10 tasks x 50 official trials.
LIBERO,long10,Realtime-VLA FLASH: Speculative Inference Framework for Diffusion-based VLAs,leaderboards/stat_significance_sam_export_20260522T233929/sam_libero_official_prev_sota.csv,305,libero_long10,libero_long10_prev_sota,84.6,86.6,-2,percent,433,423,433,423,0,0,python_round_nearest_even_matches_significance_cutoffs,-10,10,50,1,0.05,1.644853627,3,18,0.6,3.6,no_improvement,Per-suite binary success rate over 10 tasks x 50 official trials.
LIBERO,long10,"Guide, Think, Act: Interactive Embodied Reasoning in Vision-Language-Action Models",leaderboards/stat_significance_sam_export_20260522T233929/sam_libero_official_prev_sota.csv,306,libero_long10,libero_long10_prev_sota,97.6,97.6,0,percent,488,488,488,488,0,0,python_round_nearest_even_matches_significance_cutoffs,0,10,50,1,0.05,1.644853627,3,7,0.6,1.4,no_improvement,Per-suite binary success rate over 10 tasks x 50 official trials.
LIBERO,long10,Learning Action Manifold with Multi-view Latent Priors for Robotic Manipulation,leaderboards/stat_significance_sam_export_20260522T233929/sam_libero_official_prev_sota.csv,309,libero_long10,libero_long10_prev_sota,96.6,97.6,-1,percent,488,483,488,483,0,0,python_round_nearest_even_matches_significance_cutoffs,-5,10,50,1,0.05,1.644853627,3,7,0.6,1.4,no_improvement,Per-suite binary success rate over 10 tasks x 50 official trials.
LIBERO,long10,ALAM: Algebraically Consistent Latent Action Model for Vision-Language-Action Models,leaderboards/stat_significance_sam_export_20260522T233929/sam_libero_official_prev_sota.csv,314,libero_long10,libero_long10_prev_sota,94.4,96,-1.6,percent,480,472,480,472,0,5.684341886e-14,python_round_nearest_even_matches_significance_cutoffs,-8,10,50,1,0.05,1.644853627,3,10,0.6,2,no_improvement,Per-suite binary success rate over 10 tasks x 50 official trials.
LIBERO,long10,LoopVLA: Learning Sufficiency in Recurrent Refinement for Vision-Language-Action Models,leaderboards/stat_significance_sam_export_20260522T233929/sam_libero_official_prev_sota.csv,317,libero_long10,libero_long10_prev_sota,91,91.3,-0.3,percent,456.5,455,456,455,0.5,0,python_round_nearest_even_matches_significance_cutoffs,-1,10,50,1,0.05,1.644853627,3,15,0.6,3,no_improvement,Per-suite binary success rate over 10 tasks x 50 official trials.
CALVIN,abc_d_atc,Any3D-VLA: Enhancing VLA Robustness via Diverse Point Clouds,leaderboards/stat_significance_sam_export_20260522T233929/sam_calvin_abc_d_official_prev_sota.csv,5,calvin_abc_d_atc,calvin_abc_d_prev_sota_atc,2.68,3.22,-0.54,raw_atc,3220,2680,3220,2680,0,0,python_round_nearest_even_matches_significance_cutoffs,-540,1,1000,5,0.05,1.644853627,3,213,0.003,0.213,no_improvement,Aggregate ABC-D average-tasks-completed score over 1000 sequences; each sequence contributes 0..5.
CALVIN,abc_d_atc,Being-H0.7: A Latent World-Action Model from Egocentric Videos,leaderboards/stat_significance_sam_export_20260522T233929/sam_calvin_abc_d_official_prev_sota.csv,8,calvin_abc_d_atc,calvin_abc_d_prev_sota_atc,4.48,4.48,0,raw_atc,4480,4480,4480,4480,0,0,python_round_nearest_even_matches_significance_cutoffs,0,1,1000,5,0.05,1.644853627,3,112,0.003,0.112,no_improvement,Aggregate ABC-D average-tasks-completed score over 1000 sequences; each sequence contributes 0..5.
CALVIN,abc_d_atc,Device-Conditioned Neural Architecture Search for Efficient Robotic Manipulation,leaderboards/stat_significance_sam_export_20260522T233929/sam_calvin_abc_d_official_prev_sota.csv,10,calvin_abc_d_atc,calvin_abc_d_prev_sota_atc,3.67,3.72,-0.05,raw_atc,3720,3670,3720,3670,0,0,python_round_nearest_even_matches_significance_cutoffs,-50,1,1000,5,0.05,1.644853627,3,180,0.003,0.18,no_improvement,Aggregate ABC-D average-tasks-completed score over 1000 sequences; each sequence contributes 0..5.
CALVIN,abc_d_atc,DySL-VLA: Efficient Vision-Language-Action Model Inference via Dynamic-Static Layer-Skipping for Robot Manipulation,leaderboards/stat_significance_sam_export_20260522T233929/sam_calvin_abc_d_official_prev_sota.csv,12,calvin_abc_d_atc,calvin_abc_d_prev_sota_atc,2.83,2.85,-0.02,raw_atc,2850,2830,2850,2830,0,0,python_round_nearest_even_matches_significance_cutoffs,-20,1,1000,5,0.05,1.644853627,3,235,0.003,0.235,no_improvement,Aggregate ABC-D average-tasks-completed score over 1000 sequences; each sequence contributes 0..5.
CALVIN,abc_d_atc,EmbodiedMidtrain: Bridging the Gap between Vision-Language Models and Vision-Language-Action Models via Mid-training,leaderboards/stat_significance_sam_export_20260522T233929/sam_calvin_abc_d_official_prev_sota.csv,13,calvin_abc_d_atc,calvin_abc_d_prev_sota_atc,3.714,4.142,-0.428,raw_atc,4142,3714,4142,3714,0,0,python_round_nearest_even_matches_significance_cutoffs,-428,1,1000,5,0.05,1.644853627,3,146,0.003,0.146,no_improvement,Aggregate ABC-D average-tasks-completed score over 1000 sequences; each sequence contributes 0..5.
CALVIN,abc_d_atc,FASTER: Rethinking Real-Time Flow VLAs,leaderboards/stat_significance_sam_export_20260522T233929/sam_calvin_abc_d_official_prev_sota.csv,14,calvin_abc_d_atc,calvin_abc_d_prev_sota_atc,4.292,4.313,-0.021,raw_atc,4313,4292,4313,4292,0,0,python_round_nearest_even_matches_significance_cutoffs,-21,1,1000,5,0.05,1.644853627,3,130,0.003,0.13,no_improvement,Aggregate ABC-D average-tasks-completed score over 1000 sequences; each sequence contributes 0..5.
CALVIN,abc_d_atc,From Video to Control: A Survey of Learning Manipulation Interfaces from Temporal Visual Data,leaderboards/stat_significance_sam_export_20260522T233929/sam_calvin_abc_d_official_prev_sota.csv,15,calvin_abc_d_atc,calvin_abc_d_prev_sota_atc,4.33,4.33,0,raw_atc,4330,4330,4330,4330,0,0,python_round_nearest_even_matches_significance_cutoffs,0,1,1000,5,0.05,1.644853627,3,128,0.003,0.128,no_improvement,Aggregate ABC-D average-tasks-completed score over 1000 sequences; each sequence contributes 0..5.
CALVIN,abc_d_atc,"OmniStream: Mastering Perception, Reconstruction and Action in Continuous Streams",leaderboards/stat_significance_sam_export_20260522T233929/sam_calvin_abc_d_official_prev_sota.csv,25,calvin_abc_d_atc,calvin_abc_d_prev_sota_atc,3.885,4.057,-0.172,raw_atc,4057,3885,4057,3885,4.547473509e-13,0,python_round_nearest_even_matches_significance_cutoffs,-172,1,1000,5,0.05,1.644853627,3,153,0.003,0.153,no_improvement,Aggregate ABC-D average-tasks-completed score over 1000 sequences; each sequence contributes 0..5.
CALVIN,abc_d_atc,ProgressVLA: Progress-Guided Diffusion Policy for Vision-Language Robotic Manipulation,leaderboards/stat_significance_sam_export_20260522T233929/sam_calvin_abc_d_official_prev_sota.csv,26,calvin_abc_d_atc,calvin_abc_d_prev_sota_atc,3.73,4.04,-0.31,raw_atc,4040,3730,4040,3730,0,0,python_round_nearest_even_matches_significance_cutoffs,-310,1,1000,5,0.05,1.644853627,3,155,0.003,0.155,no_improvement,Aggregate ABC-D average-tasks-completed score over 1000 sequences; each sequence contributes 0..5.
CALVIN,abc_d_atc,Unmasking the Illusion of Embodied Reasoning in Vision-Language-Action Models,leaderboards/stat_significance_sam_export_20260522T233929/sam_calvin_abc_d_official_prev_sota.csv,35,calvin_abc_d_atc,calvin_abc_d_prev_sota_atc,4.086,4.244,-0.158,raw_atc,4244,4086,4244,4086,0,4.547473509e-13,python_round_nearest_even_matches_significance_cutoffs,-158,1,1000,5,0.05,1.644853627,3,137,0.003,0.137,no_improvement,Aggregate ABC-D average-tasks-completed score over 1000 sequences; each sequence contributes 0..5.
CALVIN,abc_d_atc,vla-eval: A Unified Evaluation Harness for Vision-Language-Action Models,leaderboards/stat_significance_sam_export_20260522T233929/sam_calvin_abc_d_official_prev_sota.csv,38,calvin_abc_d_atc,calvin_abc_d_prev_sota_atc,4.3,4.43,-0.13,raw_atc,4430,4300,4430,4300,0,0,python_round_nearest_even_matches_significance_cutoffs,-130,1,1000,5,0.05,1.644853627,3,118,0.003,0.118,no_improvement,Aggregate ABC-D average-tasks-completed score over 1000 sequences; each sequence contributes 0..5.
CALVIN,abc_d_atc,World Model for Robot Learning: A Comprehensive Survey,leaderboards/stat_significance_sam_export_20260522T233929/sam_calvin_abc_d_official_prev_sota.csv,41,calvin_abc_d_atc,calvin_abc_d_prev_sota_atc,4.44,4.44,0,raw_atc,4440,4440,4440,4440,0,0,python_round_nearest_even_matches_significance_cutoffs,0,1,1000,5,0.05,1.644853627,3,117,0.003,0.117,no_improvement,Aggregate ABC-D average-tasks-completed score over 1000 sequences; each sequence contributes 0..5.
CALVIN,abc_d_atc,CEED-VLA: Consistency Vision-Language-Action Model with Early-Exit Decoding,leaderboards/stat_significance_sam_export_20260522T233929/sam_calvin_abc_d_official_prev_sota.csv,49,calvin_abc_d_atc,calvin_abc_d_prev_sota_atc,3.67,3.7,-0.03,raw_atc,3700,3670,3700,3670,0,0,python_round_nearest_even_matches_significance_cutoffs,-30,1,1000,5,0.05,1.644853627,3,181,0.003,0.181,no_improvement,Aggregate ABC-D average-tasks-completed score over 1000 sequences; each sequence contributes 0..5.
CALVIN,abc_d_atc,Dita: Scaling Diffusion Transformer for Generalist Vision-Language-Action Policy,leaderboards/stat_significance_sam_export_20260522T233929/sam_calvin_abc_d_official_prev_sota.csv,54,calvin_abc_d_atc,calvin_abc_d_prev_sota_atc,3.61,4.04,-0.43,raw_atc,4040,3610,4040,3610,0,0,python_round_nearest_even_matches_significance_cutoffs,-430,1,1000,5,0.05,1.644853627,3,155,0.003,0.155,no_improvement,Aggregate ABC-D average-tasks-completed score over 1000 sequences; each sequence contributes 0..5.
CALVIN,abc_d_atc,EnerVerse: Envisioning Embodied Future Space for Robotics Manipulation,leaderboards/stat_significance_sam_export_20260522T233929/sam_calvin_abc_d_official_prev_sota.csv,57,calvin_abc_d_atc,calvin_abc_d_prev_sota_atc,3,3.27,-0.27,raw_atc,3270,3000,3270,3000,0,0,python_round_nearest_even_matches_significance_cutoffs,-270,1,1000,5,0.05,1.644853627,3,210,0.003,0.21,no_improvement,Aggregate ABC-D average-tasks-completed score over 1000 sequences; each sequence contributes 0..5.
CALVIN,abc_d_atc,FT-NCFM: An Influence-Aware Data Distillation Framework for Efficient VLA Models,leaderboards/stat_significance_sam_export_20260522T233929/sam_calvin_abc_d_official_prev_sota.csv,60,calvin_abc_d_atc,calvin_abc_d_prev_sota_atc,3.47,3.65,-0.18,raw_atc,3650,3470,3650,3470,0,0,python_round_nearest_even_matches_significance_cutoffs,-180,1,1000,5,0.05,1.644853627,3,185,0.003,0.185,no_improvement,Aggregate ABC-D average-tasks-completed score over 1000 sequences; each sequence contributes 0..5.
CALVIN,abc_d_atc,Pixel Motion as Universal Representation for Robot Control,leaderboards/stat_significance_sam_export_20260522T233929/sam_calvin_abc_d_official_prev_sota.csv,68,calvin_abc_d_atc,calvin_abc_d_prev_sota_atc,3.81,4.44,-0.63,raw_atc,4440,3810,4440,3810,0,0,python_round_nearest_even_matches_significance_cutoffs,-630,1,1000,5,0.05,1.644853627,3,117,0.003,0.117,no_improvement,Aggregate ABC-D average-tasks-completed score over 1000 sequences; each sequence contributes 0..5.
CALVIN,abc_d_atc,Pixel Motion Diffusion is What We Need for Robot Control,leaderboards/stat_significance_sam_export_20260522T233929/sam_calvin_abc_d_official_prev_sota.csv,69,calvin_abc_d_atc,calvin_abc_d_prev_sota_atc,4.1,4.44,-0.34,raw_atc,4440,4100,4440,4100,0,0,python_round_nearest_even_matches_significance_cutoffs,-340,1,1000,5,0.05,1.644853627,3,117,0.003,0.117,no_improvement,Aggregate ABC-D average-tasks-completed score over 1000 sequences; each sequence contributes 0..5.
CALVIN,abc_d_atc,PointMapPolicy: Structured Point Cloud Processing for Multi-Modal Imitation Learning,leaderboards/stat_significance_sam_export_20260522T233929/sam_calvin_abc_d_official_prev_sota.csv,70,calvin_abc_d_atc,calvin_abc_d_prev_sota_atc,4.01,4.28,-0.27,raw_atc,4280,4010,4280,4010,0,0,python_round_nearest_even_matches_significance_cutoffs,-270,1,1000,5,0.05,1.644853627,3,133,0.003,0.133,no_improvement,Aggregate ABC-D average-tasks-completed score over 1000 sequences; each sequence contributes 0..5.
CALVIN,abc_d_atc,VITA-VLA: Efficiently Teaching Vision-Language Models to Act via Action Expert Distillation,leaderboards/stat_significance_sam_export_20260522T233929/sam_calvin_abc_d_official_prev_sota.csv,84,calvin_abc_d_atc,calvin_abc_d_prev_sota_atc,3.18,3.76,-0.58,raw_atc,3760,3180,3760,3180,0,0,python_round_nearest_even_matches_significance_cutoffs,-580,1,1000,5,0.05,1.644853627,3,177,0.003,0.177,no_improvement,Aggregate ABC-D average-tasks-completed score over 1000 sequences; each sequence contributes 0..5.
CALVIN,abc_d_atc,VLAS: Vision-Language-Action Model With Speech Instructions For Customized Robot Manipulation,leaderboards/stat_significance_sam_export_20260522T233929/sam_calvin_abc_d_official_prev_sota.csv,86,calvin_abc_d_atc,calvin_abc_d_prev_sota_atc,2.4,2.48,-0.08,raw_atc,2480,2400,2480,2400,0,0,python_round_nearest_even_matches_significance_cutoffs,-80,1,1000,5,0.05,1.644853627,3,255,0.003,0.255,no_improvement,Aggregate ABC-D average-tasks-completed score over 1000 sequences; each sequence contributes 0..5.
CALVIN,abc_d_atc,X-VLA: Soft-Prompted Transformer as Scalable Cross-Embodiment Vision-Language-Action Model,leaderboards/stat_significance_sam_export_20260522T233929/sam_calvin_abc_d_official_prev_sota.csv,87,calvin_abc_d_atc,calvin_abc_d_prev_sota_atc,4.43,4.53,-0.1,raw_atc,4530,4430,4530,4430,0,0,python_round_nearest_even_matches_significance_cutoffs,-100,1,1000,5,0.05,1.644853627,3,107,0.003,0.107,no_improvement,Aggregate ABC-D average-tasks-completed score over 1000 sequences; each sequence contributes 0..5.
CALVIN,abc_d_atc,DeeR-VLA: Dynamic Inference of Multimodal Large Language Models for Efficient Robot Execution,leaderboards/stat_significance_sam_export_20260522T233929/sam_calvin_abc_d_official_prev_sota.csv,91,calvin_abc_d_atc,calvin_abc_d_prev_sota_atc,2.9,3.06,-0.16,raw_atc,3060,2900,3060,2900,0,0,python_round_nearest_even_matches_significance_cutoffs,-160,1,1000,5,0.05,1.644853627,3,223,0.003,0.223,no_improvement,Aggregate ABC-D average-tasks-completed score over 1000 sequences; each sequence contributes 0..5.
CALVIN,abc_d_atc,Language-Conditioned Imitation Learning with Base Skill Priors under Unstructured Data,leaderboards/stat_significance_sam_export_20260522T233929/sam_calvin_abc_d_official_prev_sota.csv,103,calvin_abc_d_atc,calvin_abc_d_prev_sota_atc,1.71,3.27,-1.56,raw_atc,3270,1710,3270,1710,0,0,python_round_nearest_even_matches_significance_cutoffs,-1560,1,1000,5,0.05,1.644853627,3,210,0.003,0.21,no_improvement,Aggregate ABC-D average-tasks-completed score over 1000 sequences; each sequence contributes 0..5.
SimplerEnv,widowx_bridge,ActionCodec: What Makes for Good Action Tokenizers,leaderboards/stat_significance_sam_export_20260522T233929/sam_simplerenv_widowx_bridge_official_prev_sota.csv,4,simplerenv_widowx_bridge_success_rate,simplerenv_widowx_bridge_prev_sota_success_rate,65.2,67.9,-2.7,percent,65.184,62.592,65,63,0.184,-0.408,python_round_nearest_even_matches_significance_cutoffs,-2,1,96,1,0.05,1.644853627,3,12,3.125,12.5,no_improvement,Protocol-level binary success rate over 4 tasks x 24 trials; per-task scores are not used in this public aggregate audit.
SimplerEnv,widowx_bridge,AnchorVLA4D: an Anchor-Based Spatial-Temporal Vision-Language-Action Model for Robotic Manipulation,leaderboards/stat_significance_sam_export_20260522T233929/sam_simplerenv_widowx_bridge_official_prev_sota.csv,5,simplerenv_widowx_bridge_success_rate,simplerenv_widowx_bridge_prev_sota_success_rate,64.6,71.9,-7.3,percent,69.024,62.016,69,62,0.024,0.016,python_round_nearest_even_matches_significance_cutoffs,-7,1,96,1,0.05,1.644853627,3,11,3.125,11.45833333,no_improvement,Protocol-level binary success rate over 4 tasks x 24 trials; per-task scores are not used in this public aggregate audit.
SimplerEnv,widowx_bridge,EmbodiedMidtrain: Bridging the Gap between Vision-Language Models and Vision-Language-Action Models via Mid-training,leaderboards/stat_significance_sam_export_20260522T233929/sam_simplerenv_widowx_bridge_official_prev_sota.csv,13,simplerenv_widowx_bridge_success_rate,simplerenv_widowx_bridge_prev_sota_success_rate,56.3,60.4,-4.1,percent,57.984,54.048,58,54,-0.016,0.048,python_round_nearest_even_matches_significance_cutoffs,-4,1,96,1,0.05,1.644853627,3,13,3.125,13.54166667,no_improvement,Protocol-level binary success rate over 4 tasks x 24 trials; per-task scores are not used in this public aggregate audit.
SimplerEnv,widowx_bridge,From Noise to Intent: Anchoring Generative VLA Policies with Residual Bridges,leaderboards/stat_significance_sam_export_20260522T233929/sam_simplerenv_widowx_bridge_official_prev_sota.csv,16,simplerenv_widowx_bridge_success_rate,simplerenv_widowx_bridge_prev_sota_success_rate,57.9,71.7,-13.8,percent,68.832,55.584,69,56,-0.168,-0.416,python_round_nearest_even_matches_significance_cutoffs,-13,1,96,1,0.05,1.644853627,3,11,3.125,11.45833333,no_improvement,Protocol-level binary success rate over 4 tasks x 24 trials; per-task scores are not used in this public aggregate audit.
SimplerEnv,widowx_bridge,"OmniStream: Mastering Perception, Reconstruction and Action in Continuous Streams",leaderboards/stat_significance_sam_export_20260522T233929/sam_simplerenv_widowx_bridge_official_prev_sota.csv,23,simplerenv_widowx_bridge_success_rate,simplerenv_widowx_bridge_prev_sota_success_rate,45.8,60.4,-14.6,percent,57.984,43.968,58,44,-0.016,-0.032,python_round_nearest_even_matches_significance_cutoffs,-14,1,96,1,0.05,1.644853627,3,13,3.125,13.54166667,no_improvement,Protocol-level binary success rate over 4 tasks x 24 trials; per-task scores are not used in this public aggregate audit.
SimplerEnv,widowx_bridge,SimVLA: A Simple VLA Baseline for Robotic Manipulation,leaderboards/stat_significance_sam_export_20260522T233929/sam_simplerenv_widowx_bridge_official_prev_sota.csv,28,simplerenv_widowx_bridge_success_rate,simplerenv_widowx_bridge_prev_sota_success_rate,95.8,95.8,0,percent,91.968,91.968,92,92,-0.032,-0.032,python_round_nearest_even_matches_significance_cutoffs,0,1,96,1,0.05,1.644853627,3,4,3.125,4.166666667,no_improvement,Protocol-level binary success rate over 4 tasks x 24 trials; per-task scores are not used in this public aggregate audit.
SimplerEnv,widowx_bridge,VLA-JEPA: Enhancing Vision-Language-Action Model with Latent World Model,leaderboards/stat_significance_sam_export_20260522T233929/sam_simplerenv_widowx_bridge_official_prev_sota.csv,34,simplerenv_widowx_bridge_success_rate,simplerenv_widowx_bridge_prev_sota_success_rate,57.3,57.3,0,percent,55.008,55.008,55,55,0.008,0.008,python_round_nearest_even_matches_significance_cutoffs,0,1,96,1,0.05,1.644853627,3,14,3.125,14.58333333,no_improvement,Protocol-level binary success rate over 4 tasks x 24 trials; per-task scores are not used in this public aggregate audit.
SimplerEnv,widowx_bridge,VLM4VLA: Revisiting Vision-Language-Models in Vision-Language-Action Models,leaderboards/stat_significance_sam_export_20260522T233929/sam_simplerenv_widowx_bridge_official_prev_sota.csv,35,simplerenv_widowx_bridge_success_rate,simplerenv_widowx_bridge_prev_sota_success_rate,60.4,60.4,0,percent,57.984,57.984,58,58,-0.016,-0.016,python_round_nearest_even_matches_significance_cutoffs,0,1,96,1,0.05,1.644853627,3,13,3.125,13.54166667,no_improvement,Protocol-level binary success rate over 4 tasks x 24 trials; per-task scores are not used in this public aggregate audit.
SimplerEnv,widowx_bridge,CronusVLA: Towards Efficient and Robust Manipulation via Multi-Frame Vision-Language-Action Modeling,leaderboards/stat_significance_sam_export_20260522T233929/sam_simplerenv_widowx_bridge_official_prev_sota.csv,44,simplerenv_widowx_bridge_success_rate,simplerenv_widowx_bridge_prev_sota_success_rate,60.4,61.9,-1.5,percent,59.424,57.984,59,58,0.424,-0.016,python_round_nearest_even_matches_significance_cutoffs,-1,1,96,1,0.05,1.644853627,3,13,3.125,13.54166667,no_improvement,Protocol-level binary success rate over 4 tasks x 24 trials; per-task scores are not used in this public aggregate audit.
SimplerEnv,widowx_bridge,From Seeing to Doing: Bridging Reasoning and Decision for Robotic Manipulation,leaderboards/stat_significance_sam_export_20260522T233929/sam_simplerenv_widowx_bridge_official_prev_sota.csv,58,simplerenv_widowx_bridge_success_rate,simplerenv_widowx_bridge_prev_sota_success_rate,40.6,48.3,-7.7,percent,46.368,38.976,46,39,0.368,-0.024,python_round_nearest_even_matches_significance_cutoffs,-7,1,96,1,0.05,1.644853627,3,16,3.125,16.66666667,no_improvement,Protocol-level binary success rate over 4 tasks x 24 trials; per-task scores are not used in this public aggregate audit.
SimplerEnv,widowx_bridge,MAPS: Preserving Vision-Language Representations via Module-Wise Proximity Scheduling for Better Vision-Language-Action Generalization,leaderboards/stat_significance_sam_export_20260522T233929/sam_simplerenv_widowx_bridge_official_prev_sota.csv,72,simplerenv_widowx_bridge_success_rate,simplerenv_widowx_bridge_prev_sota_success_rate,42.5,69.2,-26.7,percent,66.432,40.8,66,41,0.432,-0.2,python_round_nearest_even_matches_significance_cutoffs,-25,1,96,1,0.05,1.644853627,3,12,3.125,12.5,no_improvement,Protocol-level binary success rate over 4 tasks x 24 trials; per-task scores are not used in this public aggregate audit.
SimplerEnv,widowx_bridge,PhysBrain: Human Egocentric Data as a Bridge from Vision Language Models to Physical Intelligence,leaderboards/stat_significance_sam_export_20260522T233929/sam_simplerenv_widowx_bridge_official_prev_sota.csv,77,simplerenv_widowx_bridge_success_rate,simplerenv_widowx_bridge_prev_sota_success_rate,67.4,67.6,-0.2,percent,64.896,64.704,65,65,-0.104,-0.296,python_round_nearest_even_matches_significance_cutoffs,0,1,96,1,0.05,1.644853627,3,12,3.125,12.5,no_improvement,Protocol-level binary success rate over 4 tasks x 24 trials; per-task scores are not used in this public aggregate audit.
SimplerEnv,widowx_bridge,PixelVLA: Advancing Pixel-level Understanding in Vision-Language-Action Model,leaderboards/stat_significance_sam_export_20260522T233929/sam_simplerenv_widowx_bridge_official_prev_sota.csv,79,simplerenv_widowx_bridge_success_rate,simplerenv_widowx_bridge_prev_sota_success_rate,33.8,34.4,-0.6,percent,33.024,32.448,33,32,0.024,0.448,python_round_nearest_even_matches_significance_cutoffs,-1,1,96,1,0.05,1.644853627,3,15,3.125,15.625,no_improvement,Protocol-level binary success rate over 4 tasks x 24 trials; per-task scores are not used in this public aggregate audit.
SimplerEnv,widowx_bridge,VideoVLA: Video Generators Can Be Generalizable Robot Manipulators,leaderboards/stat_significance_sam_export_20260522T233929/sam_simplerenv_widowx_bridge_official_prev_sota.csv,98,simplerenv_widowx_bridge_success_rate,simplerenv_widowx_bridge_prev_sota_success_rate,53.1,53.1,0,percent,50.976,50.976,51,51,-0.024,-0.024,python_round_nearest_even_matches_significance_cutoffs,0,1,96,1,0.05,1.644853627,3,15,3.125,15.625,no_improvement,Protocol-level binary success rate over 4 tasks x 24 trials; per-task scores are not used in this public aggregate audit.
SimplerEnv,widowx_bridge,Scaling Robot Policy Learning via Zero-Shot Labeling with Foundation Models,leaderboards/stat_significance_sam_export_20260522T233929/sam_simplerenv_widowx_bridge_official_prev_sota.csv,108,simplerenv_widowx_bridge_success_rate,simplerenv_widowx_bridge_prev_sota_success_rate,2.8,4.2,-1.4,percent,4.032,2.688,4,3,0.032,-0.312,python_round_nearest_even_matches_significance_cutoffs,-1,1,96,1,0.05,1.644853627,3,7,3.125,7.291666667,no_improvement,Protocol-level binary success rate over 4 tasks x 24 trials; per-task scores are not used in this public aggregate audit.
SimplerEnv,widowx_bridge,DA-PTQ: Drift-Aware Post-Training Quantization for Efficient Vision-Language-Action Models,leaderboards/stat_significance_sam_export_20260522T233929/sam_simplerenv_widowx_bridge_official_prev_sota.csv,119,simplerenv_widowx_bridge_success_rate,simplerenv_widowx_bridge_prev_sota_success_rate,48.9,51.3,-2.4,percent,49.248,46.944,49,47,0.248,-0.056,python_round_nearest_even_matches_significance_cutoffs,-2,1,96,1,0.05,1.644853627,3,15,3.125,15.625,no_improvement,Protocol-level binary success rate over 4 tasks x 24 trials; per-task scores are not used in this public aggregate audit.
SimplerEnv,widowx_bridge,RoboInter: A Holistic Intermediate Representation Suite Towards Robotic Manipulation,leaderboards/stat_significance_sam_export_20260522T233929/sam_simplerenv_widowx_bridge_official_prev_sota.csv,123,simplerenv_widowx_bridge_success_rate,simplerenv_widowx_bridge_prev_sota_success_rate,50,55.2,-5.2,percent,52.992,48,53,48,-0.008,0,python_round_nearest_even_matches_significance_cutoffs,-5,1,96,1,0.05,1.644853627,3,14,3.125,14.58333333,no_improvement,Protocol-level binary success rate over 4 tasks x 24 trials; per-task scores are not used in this public aggregate audit.
RoboCasa,rss24,Being-H0.7: A Latent World-Action Model from Egocentric Videos,leaderboards/stat_significance_sam_export_20260522T233929/sam_robocasa_rss24_official_prev_sota.csv,5,robocasa_rss24_success_rate,robocasa_rss24_prev_sota_success_rate,62.1,67.1,-5,percent,805.2,745.2,805,745,0.2,0.2,python_round_nearest_even_matches_significance_cutoffs,-60,1,1200,1,0.05,1.644853627,3,45,0.25,3.75,no_improvement,Protocol-level binary success rate over 24 tasks x 50 trials; per-task scores are not used in this public aggregate audit.
RoboCasa,rss24,Latent Bridge: Feature Delta Prediction for Efficient Dual-System Vision-Language-Action Model Inference,leaderboards/stat_significance_sam_export_20260522T233929/sam_robocasa_rss24_official_prev_sota.csv,9,robocasa_rss24_success_rate,robocasa_rss24_prev_sota_success_rate,63.16,66.22,-3.06,percent,794.64,757.92,795,758,-0.36,-0.08,python_round_nearest_even_matches_significance_cutoffs,-37,1,1200,1,0.05,1.644853627,3,46,0.25,3.833333333,no_improvement,Protocol-level binary success rate over 24 tasks x 50 trials; per-task scores are not used in this public aggregate audit.
RoboCasa,rss24,Pri4R: Learning World Dynamics for Vision-Language-Action Models with Privileged 4D Representation,leaderboards/stat_significance_sam_export_20260522T233929/sam_robocasa_rss24_official_prev_sota.csv,11,robocasa_rss24_success_rate,robocasa_rss24_prev_sota_success_rate,46.3,52.9,-6.6,percent,634.8,555.6,635,556,-0.2,-0.4,python_round_nearest_even_matches_significance_cutoffs,-79,1,1200,1,0.05,1.644853627,3,54,0.25,4.5,no_improvement,Protocol-level binary success rate over 24 tasks x 50 trials; per-task scores are not used in this public aggregate audit.
RoboCasa,rss24,AnchorDream: Repurposing Video Diffusion for Embodiment-Aware Robot Data Synthesis,leaderboards/stat_significance_sam_export_20260522T233929/sam_robocasa_rss24_official_prev_sota.csv,17,robocasa_rss24_success_rate,robocasa_rss24_prev_sota_success_rate,30.7,33.3,-2.6,percent,399.6,368.4,400,368,-0.4,0.4,python_round_nearest_even_matches_significance_cutoffs,-32,1,1200,1,0.05,1.644853627,3,48,0.25,4,no_improvement,Protocol-level binary success rate over 24 tasks x 50 trials; per-task scores are not used in this public aggregate audit.
RoboTwin2,hard_randomized,Being-H0.7: A Latent World-Action Model from Egocentric Videos,leaderboards/stat_significance_sam_export_20260522T233929/sam_robotwin2_randomized_augmented_official_prev_sota.csv,5,robotwin2_hard_randomized_success_rate,robotwin2_hard_randomized_50clean_500rand_prev_sota_success_rate,89.6,91.8,-2.2,percent,4590,4480,4590,4480,0,-9.094947018e-13,python_round_nearest_even_matches_significance_cutoffs,-110,1,5000,1,0.05,1.644853627,3,46,0.06,0.92,no_improvement,Protocol-level binary success rate over 50 tasks x 100 trials; per-task scores are not used in this public aggregate audit.
RoboTwin2,hard_randomized,GigaWorld-Policy: An Efficient Action-Centered World--Action Model,leaderboards/stat_significance_sam_export_20260522T233929/sam_robotwin2_randomized_augmented_official_prev_sota.csv,9,robotwin2_hard_randomized_success_rate,robotwin2_hard_randomized_50clean_500rand_prev_sota_success_rate,85,87,-2,percent,4350,4250,4350,4250,0,0,python_round_nearest_even_matches_significance_cutoffs,-100,1,5000,1,0.05,1.644853627,3,58,0.06,1.16,no_improvement,Protocol-level binary success rate over 50 tasks x 100 trials; per-task scores are not used in this public aggregate audit.
