benchmark,track,paper_name,source_csv,source_line,current_column,previous_sota_column,current_score,previous_sota_score,reported_delta,score_unit,previous_sota_scaled_count,current_scaled_count,previous_sota_count,current_count,previous_sota_rounding_residual,current_rounding_residual,count_rounding_method,count_delta,T,S,R,alpha,z_critical,necessary_count_delta,sufficient_count_delta,necessary_score_delta,sufficient_score_delta,category,notes
LIBERO,spatial,Multimodal Diffusion Transformer: Learning Versatile Behavior from Multimodal Goals,leaderboards/stat_significance_sam_export_20260522T233929/sam_libero_official_prev_sota.csv,11,libero_spatial,libero_spatial_prev_sota,78.5,71.8,6.7,percent,359,392.5,359,392,0,0.5,python_round_nearest_even_matches_significance_cutoffs,33,10,50,1,0.05,1.644853627,3,27,0.6,5.4,provably_significant,Per-suite binary success rate over 10 tasks x 50 official trials.
LIBERO,spatial,OpenVLA: An Open-Source Vision-Language-Action Model,leaderboards/stat_significance_sam_export_20260522T233929/sam_libero_official_prev_sota.csv,12,libero_spatial,libero_spatial_prev_sota,84.7,78.9,5.8,percent,394.5,423.5,394,424,0.5,-0.5,python_round_nearest_even_matches_significance_cutoffs,30,10,50,1,0.05,1.644853627,3,23,0.6,4.6,provably_significant,Per-suite binary success rate over 10 tasks x 50 official trials.
LIBERO,spatial,Robo-MUTUAL: Robotic Multimodal Task Specification via Unimodal Learning,leaderboards/stat_significance_sam_export_20260522T233929/sam_libero_official_prev_sota.csv,16,libero_spatial,libero_spatial_prev_sota,72,44.1,27.9,percent,220.5,360,220,360,0.5,0,python_round_nearest_even_matches_significance_cutoffs,140,10,50,1,0.05,1.644853627,3,37,0.6,7.4,provably_significant,Per-suite binary success rate over 10 tasks x 50 official trials.
LIBERO,spatial,Task-agnostic Lifelong Robot Learning with Retrieval-based Weighted Local Adaptation,leaderboards/stat_significance_sam_export_20260522T233929/sam_libero_official_prev_sota.csv,17,libero_spatial,libero_spatial_prev_sota,39.83,15.67,24.16,percent,78.35,199.15,78,199,0.35,0.15,python_round_nearest_even_matches_significance_cutoffs,121,10,50,1,0.05,1.644853627,3,23,0.6,4.6,provably_significant,Per-suite binary success rate over 10 tasks x 50 official trials.
LIBERO,spatial,3D Dynamics-Aware Manipulation: Endowing Manipulation Policies with 3D Foresight,leaderboards/stat_significance_sam_export_20260522T233929/sam_libero_official_prev_sota.csv,19,libero_spatial,libero_spatial_prev_sota,96.4,94,2.4,percent,470,482,470,482,0,5.684341886e-14,python_round_nearest_even_matches_significance_cutoffs,12,10,50,1,0.05,1.644853627,3,12,0.6,2.4,provably_significant,Per-suite binary success rate over 10 tasks x 50 official trials.
LIBERO,spatial,Cross-Platform Scaling of Vision-Language-Action Models from Edge to Cloud GPUs,leaderboards/stat_significance_sam_export_20260522T233929/sam_libero_official_prev_sota.csv,40,libero_spatial,libero_spatial_prev_sota,98,96.2,1.8,percent,481,490,481,490,5.684341886e-14,0,python_round_nearest_even_matches_significance_cutoffs,9,10,50,1,0.05,1.644853627,3,9,0.6,1.8,provably_significant,Per-suite binary success rate over 10 tasks x 50 official trials.
LIBERO,spatial,Dita: Scaling Diffusion Transformer for Generalist Vision-Language-Action Policy,leaderboards/stat_significance_sam_export_20260522T233929/sam_libero_official_prev_sota.csv,49,libero_spatial,libero_spatial_prev_sota,97.4,84.9,12.5,percent,424.5,487,425,487,-0.5,5.684341886e-14,python_round_nearest_even_matches_significance_cutoffs,62,10,50,1,0.05,1.644853627,3,19,0.6,3.8,provably_significant,Per-suite binary success rate over 10 tasks x 50 official trials.
LIBERO,spatial,EnerVerse: Envisioning Embodied Future Space for Robotics Manipulation,leaderboards/stat_significance_sam_export_20260522T233929/sam_libero_official_prev_sota.csv,56,libero_spatial,libero_spatial_prev_sota,91.2,84.7,6.5,percent,423.5,456,424,456,-0.5,0,python_round_nearest_even_matches_significance_cutoffs,32,10,50,1,0.05,1.644853627,3,20,0.6,4,provably_significant,Per-suite binary success rate over 10 tasks x 50 official trials.
LIBERO,spatial,HyperVLA: Efficient Inference in Vision-Language-Action Models via Hypernetworks,leaderboards/stat_significance_sam_export_20260522T233929/sam_libero_official_prev_sota.csv,76,libero_spatial,libero_spatial_prev_sota,95,85,10,percent,425,475,425,475,0,0,python_round_nearest_even_matches_significance_cutoffs,50,10,50,1,0.05,1.644853627,3,19,0.6,3.8,provably_significant,Per-suite binary success rate over 10 tasks x 50 official trials.
LIBERO,spatial,LoLA: Long Horizon Latent Action Learning for General Robot Manipulation,leaderboards/stat_significance_sam_export_20260522T233929/sam_libero_official_prev_sota.csv,88,libero_spatial,libero_spatial_prev_sota,99.6,91.4,8.2,percent,457,498,457,498,0,0,python_round_nearest_even_matches_significance_cutoffs,41,10,50,1,0.05,1.644853627,3,15,0.6,3,provably_significant,Per-suite binary success rate over 10 tasks x 50 official trials.
LIBERO,spatial,MAP-VLA: Memory-Augmented Prompting for Vision-Language-Action Model in Robotic Manipulation,leaderboards/stat_significance_sam_export_20260522T233929/sam_libero_official_prev_sota.csv,90,libero_spatial,libero_spatial_prev_sota,96.3,93.5,2.8,percent,467.5,481.5,468,482,-0.5,-0.5,python_round_nearest_even_matches_significance_cutoffs,14,10,50,1,0.05,1.644853627,3,12,0.6,2.4,provably_significant,Per-suite binary success rate over 10 tasks x 50 official trials.
LIBERO,spatial,MAPS: Preserving Vision-Language Representations via Module-Wise Proximity Scheduling for Better Vision-Language-Action Generalization,leaderboards/stat_significance_sam_export_20260522T233929/sam_libero_official_prev_sota.csv,91,libero_spatial,libero_spatial_prev_sota,6,3,3,percent,15,30,15,30,0,0,python_round_nearest_even_matches_significance_cutoffs,15,10,50,1,0.05,1.644853627,3,11,0.6,2.2,provably_significant,Per-suite binary success rate over 10 tasks x 50 official trials.
LIBERO,spatial,NORA: A Small Open-Sourced Generalist Vision Language Action Model for Embodied Tasks,leaderboards/stat_significance_sam_export_20260522T233929/sam_libero_official_prev_sota.csv,98,libero_spatial,libero_spatial_prev_sota,92.2,88.2,4,percent,441,461,441,461,0,0,python_round_nearest_even_matches_significance_cutoffs,20,10,50,1,0.05,1.644853627,3,17,0.6,3.4,provably_significant,Per-suite binary success rate over 10 tasks x 50 official trials.
LIBERO,spatial,RLinf-VLA: A Unified and Efficient Framework for Reinforcement Learning of Vision-Language-Action Models,leaderboards/stat_significance_sam_export_20260522T233929/sam_libero_official_prev_sota.csv,106,libero_spatial,libero_spatial_prev_sota,98.93,51.61,47.32,percent,258.05,494.65,258,495,0.05,-0.35,python_round_nearest_even_matches_significance_cutoffs,237,10,50,1,0.05,1.644853627,3,36,0.6,7.2,provably_significant,Per-suite binary success rate over 10 tasks x 50 official trials.
LIBERO,spatial,RynnVLA-002: A Unified Vision-Language-Action and World Model,leaderboards/stat_significance_sam_export_20260522T233929/sam_libero_official_prev_sota.csv,109,libero_spatial,libero_spatial_prev_sota,99,97.6,1.4,percent,488,495,488,495,0,0,python_round_nearest_even_matches_significance_cutoffs,7,10,50,1,0.05,1.644853627,3,7,0.6,1.4,provably_significant,Per-suite binary success rate over 10 tasks x 50 official trials.
LIBERO,spatial,Self-Improving Vision-Language-Action Models with Data Generation via Residual RL,leaderboards/stat_significance_sam_export_20260522T233929/sam_libero_official_prev_sota.csv,111,libero_spatial,libero_spatial_prev_sota,99.5,95.2,4.3,percent,476,497.5,476,498,5.684341886e-14,-0.5,python_round_nearest_even_matches_significance_cutoffs,22,10,50,1,0.05,1.644853627,3,11,0.6,2.2,provably_significant,Per-suite binary success rate over 10 tasks x 50 official trials.
LIBERO,spatial,SimpleVLA-RL: Scaling VLA Training via Reinforcement Learning,leaderboards/stat_significance_sam_export_20260522T233929/sam_libero_official_prev_sota.csv,113,libero_spatial,libero_spatial_prev_sota,99.4,96.8,2.6,percent,484,497,484,497,0,5.684341886e-14,python_round_nearest_even_matches_significance_cutoffs,13,10,50,1,0.05,1.644853627,3,9,0.6,1.8,provably_significant,Per-suite binary success rate over 10 tasks x 50 official trials.
LIBERO,spatial,STAR: Learning Diverse Robot Skill Abstractions through Rotation-Augmented Vector Quantization,leaderboards/stat_significance_sam_export_20260522T233929/sam_libero_official_prev_sota.csv,120,libero_spatial,libero_spatial_prev_sota,95.5,88.7,6.8,percent,443.5,477.5,444,478,-0.5,-0.5,python_round_nearest_even_matches_significance_cutoffs,34,10,50,1,0.05,1.644853627,3,17,0.6,3.4,provably_significant,Per-suite binary success rate over 10 tasks x 50 official trials.
LIBERO,spatial,UniVLA: Learning to Act Anywhere with Task-centric Latent Actions,leaderboards/stat_significance_sam_export_20260522T233929/sam_libero_official_prev_sota.csv,129,libero_spatial,libero_spatial_prev_sota,96.5,84.7,11.8,percent,423.5,482.5,424,482,-0.5,0.5,python_round_nearest_even_matches_significance_cutoffs,58,10,50,1,0.05,1.644853627,3,20,0.6,4,provably_significant,Per-suite binary success rate over 10 tasks x 50 official trials.
LIBERO,spatial,VLA-RFT: Vision-Language-Action Reinforcement Fine-tuning with Verified Rewards in World Simulators,leaderboards/stat_significance_sam_export_20260522T233929/sam_libero_official_prev_sota.csv,136,libero_spatial,libero_spatial_prev_sota,94.4,91.2,3.2,percent,456,472,456,472,0,5.684341886e-14,python_round_nearest_even_matches_significance_cutoffs,16,10,50,1,0.05,1.644853627,3,15,0.6,3,provably_significant,Per-suite binary success rate over 10 tasks x 50 official trials.
LIBERO,spatial,"Act, Think or Abstain: Complexity-Aware Adaptive Inference for Vision-Language-Action Models",leaderboards/stat_significance_sam_export_20260522T233929/sam_libero_official_prev_sota.csv,147,libero_spatial,libero_spatial_prev_sota,80,73.33,6.67,percent,366.65,400,367,400,-0.35,0,python_round_nearest_even_matches_significance_cutoffs,33,10,50,1,0.05,1.644853627,3,26,0.6,5.2,provably_significant,Per-suite binary success rate over 10 tasks x 50 official trials.
LIBERO,spatial,CLAP: Contrastive Latent Action Pretraining for Learning Vision-Language-Action Models from Human Videos,leaderboards/stat_significance_sam_export_20260522T233929/sam_libero_official_prev_sota.csv,165,libero_spatial,libero_spatial_prev_sota,97,93,4,percent,465,485,465,485,0,0,python_round_nearest_even_matches_significance_cutoffs,20,10,50,1,0.05,1.644853627,3,13,0.6,2.6,provably_significant,Per-suite binary success rate over 10 tasks x 50 official trials.
LIBERO,spatial,CycleVLA: Proactive Self-Correcting Vision-Language-Action Models via Subtask Backtracking and Minimum Bayes Risk Decoding,leaderboards/stat_significance_sam_export_20260522T233929/sam_libero_official_prev_sota.csv,172,libero_spatial,libero_spatial_prev_sota,97.6,94.4,3.2,percent,472,488,472,488,5.684341886e-14,0,python_round_nearest_even_matches_significance_cutoffs,16,10,50,1,0.05,1.644853627,3,12,0.6,2.4,provably_significant,Per-suite binary success rate over 10 tasks x 50 official trials.
LIBERO,spatial,Fast-ThinkAct: Efficient Vision-Language-Action Reasoning via Verbalizable Latent Planning,leaderboards/stat_significance_sam_export_20260522T233929/sam_libero_official_prev_sota.csv,183,libero_spatial,libero_spatial_prev_sota,92,88.3,3.7,percent,441.5,460,442,460,-0.5,0,python_round_nearest_even_matches_significance_cutoffs,18,10,50,1,0.05,1.644853627,3,17,0.6,3.4,provably_significant,Per-suite binary success rate over 10 tasks x 50 official trials.
LIBERO,spatial,Learning Diffusion Policy from Primitive Skills for Robot Manipulation,leaderboards/stat_significance_sam_export_20260522T233929/sam_libero_official_prev_sota.csv,205,libero_spatial,libero_spatial_prev_sota,98.3,95.2,3.1,percent,476,491.5,476,492,5.684341886e-14,-0.5,python_round_nearest_even_matches_significance_cutoffs,16,10,50,1,0.05,1.644853627,3,11,0.6,2.2,provably_significant,Per-suite binary success rate over 10 tasks x 50 official trials.
LIBERO,spatial,$M^2$-VLA: Boosting Vision-Language Models for Generalizable Manipulation via Layer Mixture and Meta-Skills,leaderboards/stat_significance_sam_export_20260522T233929/sam_libero_official_prev_sota.csv,210,libero_spatial,libero_spatial_prev_sota,97.8,94.4,3.4,percent,472,489,472,489,5.684341886e-14,0,python_round_nearest_even_matches_significance_cutoffs,17,10,50,1,0.05,1.644853627,3,12,0.6,2.4,provably_significant,Per-suite binary success rate over 10 tasks x 50 official trials.
LIBERO,spatial,MoIRA: Modular instruction routing architecture for multi-task robotics,leaderboards/stat_significance_sam_export_20260522T233929/sam_libero_official_prev_sota.csv,213,libero_spatial,libero_spatial_prev_sota,94,90,4,percent,450,470,450,470,0,0,python_round_nearest_even_matches_significance_cutoffs,20,10,50,1,0.05,1.644853627,3,16,0.6,3.2,provably_significant,Per-suite binary success rate over 10 tasks x 50 official trials.
LIBERO,spatial,PALM: Progress-Aware Policy Learning via Affordance Reasoning for Long-Horizon Robotic Manipulation,leaderboards/stat_significance_sam_export_20260522T233929/sam_libero_official_prev_sota.csv,221,libero_spatial,libero_spatial_prev_sota,95.2,88.2,7,percent,441,476,441,476,0,5.684341886e-14,python_round_nearest_even_matches_significance_cutoffs,35,10,50,1,0.05,1.644853627,3,17,0.6,3.4,provably_significant,Per-suite binary success rate over 10 tasks x 50 official trials.
LIBERO,spatial,RoboAlign: Learning Test-Time Reasoning for Language-Action Alignment in Vision-Language-Action Models,leaderboards/stat_significance_sam_export_20260522T233929/sam_libero_official_prev_sota.csv,237,libero_spatial,libero_spatial_prev_sota,93.8,88.3,5.5,percent,441.5,469,442,469,-0.5,0,python_round_nearest_even_matches_significance_cutoffs,27,10,50,1,0.05,1.644853627,3,17,0.6,3.4,provably_significant,Per-suite binary success rate over 10 tasks x 50 official trials.
LIBERO,spatial,SaiVLA-0: Cerebrum--Pons--Cerebellum Tripartite Architecture for Compute-Aware Vision-Language-Action,leaderboards/stat_significance_sam_export_20260522T233929/sam_libero_official_prev_sota.csv,241,libero_spatial,libero_spatial_prev_sota,99.8,98.8,1,percent,494,499,494,499,0,0,python_round_nearest_even_matches_significance_cutoffs,5,10,50,1,0.05,1.644853627,3,5,0.6,1,provably_significant,Per-suite binary success rate over 10 tasks x 50 official trials.
LIBERO,spatial,"Say, Dream, and Act: Learning Video World Models for Instruction-Driven Robot Manipulation",leaderboards/stat_significance_sam_export_20260522T233929/sam_libero_official_prev_sota.csv,242,libero_spatial,libero_spatial_prev_sota,99.4,97.6,1.8,percent,488,497,488,497,0,5.684341886e-14,python_round_nearest_even_matches_significance_cutoffs,9,10,50,1,0.05,1.644853627,3,7,0.6,1.4,provably_significant,Per-suite binary success rate over 10 tasks x 50 official trials.
LIBERO,spatial,Stable Language Guidance for Vision-Language-Action Models,leaderboards/stat_significance_sam_export_20260522T233929/sam_libero_official_prev_sota.csv,252,libero_spatial,libero_spatial_prev_sota,98.6,96.8,1.8,percent,484,493,484,493,0,0,python_round_nearest_even_matches_significance_cutoffs,9,10,50,1,0.05,1.644853627,3,9,0.6,1.8,provably_significant,Per-suite binary success rate over 10 tasks x 50 official trials.
LIBERO,spatial,Test-Time Perturbation Learning with Delayed Feedback for Vision-Language-Action Models,leaderboards/stat_significance_sam_export_20260522T233929/sam_libero_official_prev_sota.csv,259,libero_spatial,libero_spatial_prev_sota,90,85,5,percent,425,450,425,450,0,0,python_round_nearest_even_matches_significance_cutoffs,25,10,50,1,0.05,1.644853627,3,19,0.6,3.8,provably_significant,Per-suite binary success rate over 10 tasks x 50 official trials.
LIBERO,spatial,VLA-Thinker: Boosting Vision-Language-Action Models through Thinking-with-Image Reasoning,leaderboards/stat_significance_sam_export_20260522T233929/sam_libero_official_prev_sota.csv,276,libero_spatial,libero_spatial_prev_sota,98.7,96.8,1.9,percent,484,493.5,484,494,0,-0.5,python_round_nearest_even_matches_significance_cutoffs,10,10,50,1,0.05,1.644853627,3,9,0.6,1.8,provably_significant,Per-suite binary success rate over 10 tasks x 50 official trials.
LIBERO,spatial,VolumeDP: Modeling Volumetric Representation for Manipulation Policy Learning,leaderboards/stat_significance_sam_export_20260522T233929/sam_libero_official_prev_sota.csv,277,libero_spatial,libero_spatial_prev_sota,90.7,81.1,9.6,percent,405.5,453.5,406,454,-0.5,-0.5,python_round_nearest_even_matches_significance_cutoffs,48,10,50,1,0.05,1.644853627,3,22,0.6,4.4,provably_significant,Per-suite binary success rate over 10 tasks x 50 official trials.
LIBERO,spatial,WoVR: World Models as Reliable Simulators for Post-Training VLA Policies with RL,leaderboards/stat_significance_sam_export_20260522T233929/sam_libero_official_prev_sota.csv,282,libero_spatial,libero_spatial_prev_sota,81.5,67.8,13.7,percent,339,407.5,339,408,-5.684341886e-14,-0.5,python_round_nearest_even_matches_significance_cutoffs,69,10,50,1,0.05,1.644853627,3,29,0.6,5.8,provably_significant,Per-suite binary success rate over 10 tasks x 50 official trials.
LIBERO,spatial,You've Got a Golden Ticket: Improving Generative Robot Policies With A Single Noise Vector,leaderboards/stat_significance_sam_export_20260522T233929/sam_libero_official_prev_sota.csv,284,libero_spatial,libero_spatial_prev_sota,93.4,80.4,13,percent,402,467,402,467,0,0,python_round_nearest_even_matches_significance_cutoffs,65,10,50,1,0.05,1.644853627,3,22,0.6,4.4,provably_significant,Per-suite binary success rate over 10 tasks x 50 official trials.
LIBERO,spatial,VLANeXt: Recipes for Building Strong VLA Models,leaderboards/stat_significance_sam_export_20260522T233929/sam_libero_official_prev_sota.csv,292,libero_spatial,libero_spatial_prev_sota,99,97.6,1.4,percent,488,495,488,495,0,0,python_round_nearest_even_matches_significance_cutoffs,7,10,50,1,0.05,1.644853627,3,7,0.6,1.4,provably_significant,Per-suite binary success rate over 10 tasks x 50 official trials.
LIBERO,spatial,Expertise Need Not Monopolize: Action-Specialized Mixture of Experts for Vision-Language-Action Learning,leaderboards/stat_significance_sam_export_20260522T233929/sam_libero_official_prev_sota.csv,299,libero_spatial,libero_spatial_prev_sota,99.6,96.4,3.2,percent,482,498,482,498,5.684341886e-14,0,python_round_nearest_even_matches_significance_cutoffs,16,10,50,1,0.05,1.644853627,3,9,0.6,1.8,provably_significant,Per-suite binary success rate over 10 tasks x 50 official trials.
LIBERO,spatial,VGGT-$\Omega$,leaderboards/stat_significance_sam_export_20260522T233929/sam_libero_official_prev_sota.csv,301,libero_spatial,libero_spatial_prev_sota,99.3,97.6,1.7,percent,488,496.5,488,496,0,0.5,python_round_nearest_even_matches_significance_cutoffs,8,10,50,1,0.05,1.644853627,3,7,0.6,1.4,provably_significant,Per-suite binary success rate over 10 tasks x 50 official trials.
LIBERO,spatial,From Imagined Futures to Executable Actions: Mixture of Latent Actions for Robot Manipulation,leaderboards/stat_significance_sam_export_20260522T233929/sam_libero_official_prev_sota.csv,312,libero_spatial,libero_spatial_prev_sota,93,88.2,4.8,percent,441,465,441,465,0,0,python_round_nearest_even_matches_significance_cutoffs,24,10,50,1,0.05,1.644853627,3,17,0.6,3.4,provably_significant,Per-suite binary success rate over 10 tasks x 50 official trials.
LIBERO,spatial,Failing Forward: Adaptive Failure-Informed Learning for Vision-Language-Action Models,leaderboards/stat_significance_sam_export_20260522T233929/sam_libero_official_prev_sota.csv,321,libero_spatial,libero_spatial_prev_sota,99.8,98.8,1,percent,494,499,494,499,0,0,python_round_nearest_even_matches_significance_cutoffs,5,10,50,1,0.05,1.644853627,3,5,0.6,1,provably_significant,Per-suite binary success rate over 10 tasks x 50 official trials.
LIBERO,object,Diffusion Transformer Policy,leaderboards/stat_significance_sam_export_20260522T233929/sam_libero_official_prev_sota.csv,6,libero_object,libero_object_prev_sota,96.3,92.5,3.8,percent,462.5,481.5,462,482,0.5,-0.5,python_round_nearest_even_matches_significance_cutoffs,20,10,50,1,0.05,1.644853627,3,14,0.6,2.8,provably_significant,Per-suite binary success rate over 10 tasks x 50 official trials.
LIBERO,object,GRAPE: Generalizing Robot Policy via Preference Alignment,leaderboards/stat_significance_sam_export_20260522T233929/sam_libero_official_prev_sota.csv,9,libero_object,libero_object_prev_sota,92.1,88.6,3.5,percent,443,460.5,443,460,-5.684341886e-14,0.5,python_round_nearest_even_matches_significance_cutoffs,17,10,50,1,0.05,1.644853627,3,17,0.6,3.4,provably_significant,Per-suite binary success rate over 10 tasks x 50 official trials.
LIBERO,object,Multimodal Diffusion Transformer: Learning Versatile Behavior from Multimodal Goals,leaderboards/stat_significance_sam_export_20260522T233929/sam_libero_official_prev_sota.csv,11,libero_object,libero_object_prev_sota,87.5,72,15.5,percent,360,437.5,360,438,0,-0.5,python_round_nearest_even_matches_significance_cutoffs,78,10,50,1,0.05,1.644853627,3,27,0.6,5.4,provably_significant,Per-suite binary success rate over 10 tasks x 50 official trials.
LIBERO,object,Robo-MUTUAL: Robotic Multimodal Task Specification via Unimodal Learning,leaderboards/stat_significance_sam_export_20260522T233929/sam_libero_official_prev_sota.csv,16,libero_object,libero_object_prev_sota,93.9,63.9,30,percent,319.5,469.5,320,470,-0.5,-0.5,python_round_nearest_even_matches_significance_cutoffs,150,10,50,1,0.05,1.644853627,3,31,0.6,6.2,provably_significant,Per-suite binary success rate over 10 tasks x 50 official trials.
LIBERO,object,3D Dynamics-Aware Manipulation: Endowing Manipulation Policies with 3D Foresight,leaderboards/stat_significance_sam_export_20260522T233929/sam_libero_official_prev_sota.csv,19,libero_object,libero_object_prev_sota,98,94.8,3.2,percent,474,490,474,490,0,0,python_round_nearest_even_matches_significance_cutoffs,16,10,50,1,0.05,1.644853627,3,11,0.6,2.2,provably_significant,Per-suite binary success rate over 10 tasks x 50 official trials.
LIBERO,object,4D-VLA: Spatiotemporal Vision-Language-Action Pretraining with Cross-Scene Calibration,leaderboards/stat_significance_sam_export_20260522T233929/sam_libero_official_prev_sota.csv,20,libero_object,libero_object_prev_sota,95.2,92.5,2.7,percent,462.5,476,462,476,0.5,5.684341886e-14,python_round_nearest_even_matches_significance_cutoffs,14,10,50,1,0.05,1.644853627,3,14,0.6,2.8,provably_significant,Per-suite binary success rate over 10 tasks x 50 official trials.
LIBERO,object,Beyond Human Demonstrations: Diffusion-Based Reinforcement Learning to Generate Data for VLA Training,leaderboards/stat_significance_sam_export_20260522T233929/sam_libero_official_prev_sota.csv,29,libero_object,libero_object_prev_sota,99,92,7,percent,460,495,460,495,0,0,python_round_nearest_even_matches_significance_cutoffs,35,10,50,1,0.05,1.644853627,3,14,0.6,2.8,provably_significant,Per-suite binary success rate over 10 tasks x 50 official trials.
LIBERO,object,CronusVLA: Towards Efficient and Robust Manipulation via Multi-Frame Vision-Language-Action Modeling,leaderboards/stat_significance_sam_export_20260522T233929/sam_libero_official_prev_sota.csv,39,libero_object,libero_object_prev_sota,99.6,98.4,1.2,percent,492,498,492,498,5.684341886e-14,0,python_round_nearest_even_matches_significance_cutoffs,6,10,50,1,0.05,1.644853627,3,6,0.6,1.2,provably_significant,Per-suite binary success rate over 10 tasks x 50 official trials.
LIBERO,object,Cross-Platform Scaling of Vision-Language-Action Models from Edge to Cloud GPUs,leaderboards/stat_significance_sam_export_20260522T233929/sam_libero_official_prev_sota.csv,40,libero_object,libero_object_prev_sota,99.5,98.3,1.2,percent,491.5,497.5,492,498,-0.5,-0.5,python_round_nearest_even_matches_significance_cutoffs,6,10,50,1,0.05,1.644853627,3,6,0.6,1.2,provably_significant,Per-suite binary success rate over 10 tasks x 50 official trials.
LIBERO,object,Decoupled Action Expert: Confining Task Knowledge to the Conditioning Pathway,leaderboards/stat_significance_sam_export_20260522T233929/sam_libero_official_prev_sota.csv,42,libero_object,libero_object_prev_sota,98.6,93.1,5.5,percent,465.5,493,465,493,0.5,0,python_round_nearest_even_matches_significance_cutoffs,28,10,50,1,0.05,1.644853627,3,13,0.6,2.6,provably_significant,Per-suite binary success rate over 10 tasks x 50 official trials.
LIBERO,object,EnerVerse: Envisioning Embodied Future Space for Robotics Manipulation,leaderboards/stat_significance_sam_export_20260522T233929/sam_libero_official_prev_sota.csv,56,libero_object,libero_object_prev_sota,97.7,92.5,5.2,percent,462.5,488.5,462,488,0.5,0.5,python_round_nearest_even_matches_significance_cutoffs,26,10,50,1,0.05,1.644853627,3,14,0.6,2.8,provably_significant,Per-suite binary success rate over 10 tasks x 50 official trials.
LIBERO,object,HyperVLA: Efficient Inference in Vision-Language-Action Models via Hypernetworks,leaderboards/stat_significance_sam_export_20260522T233929/sam_libero_official_prev_sota.csv,76,libero_object,libero_object_prev_sota,94,88,6,percent,440,470,440,470,0,0,python_round_nearest_even_matches_significance_cutoffs,30,10,50,1,0.05,1.644853627,3,17,0.6,3.4,provably_significant,Per-suite binary success rate over 10 tasks x 50 official trials.
LIBERO,object,LoLA: Long Horizon Latent Action Learning for General Robot Manipulation,leaderboards/stat_significance_sam_export_20260522T233929/sam_libero_official_prev_sota.csv,88,libero_object,libero_object_prev_sota,99.6,97.8,1.8,percent,489,498,489,498,0,0,python_round_nearest_even_matches_significance_cutoffs,9,10,50,1,0.05,1.644853627,3,7,0.6,1.4,provably_significant,Per-suite binary success rate over 10 tasks x 50 official trials.
LIBERO,object,MAPS: Preserving Vision-Language Representations via Module-Wise Proximity Scheduling for Better Vision-Language-Action Generalization,leaderboards/stat_significance_sam_export_20260522T233929/sam_libero_official_prev_sota.csv,91,libero_object,libero_object_prev_sota,14,9,5,percent,45,70,45,70,0,0,python_round_nearest_even_matches_significance_cutoffs,25,10,50,1,0.05,1.644853627,3,18,0.6,3.6,provably_significant,Per-suite binary success rate over 10 tasks x 50 official trials.
LIBERO,object,Multimodal Reinforcement Learning with Adaptive Verifier for AI Agents,leaderboards/stat_significance_sam_export_20260522T233929/sam_libero_official_prev_sota.csv,97,libero_object,libero_object_prev_sota,93.2,89.2,4,percent,446,466,446,466,0,0,python_round_nearest_even_matches_significance_cutoffs,20,10,50,1,0.05,1.644853627,3,16,0.6,3.2,provably_significant,Per-suite binary success rate over 10 tasks x 50 official trials.
LIBERO,object,NORA: A Small Open-Sourced Generalist Vision Language Action Model for Embodied Tasks,leaderboards/stat_significance_sam_export_20260522T233929/sam_libero_official_prev_sota.csv,98,libero_object,libero_object_prev_sota,95.4,89.9,5.5,percent,449.5,477,450,477,-0.5,5.684341886e-14,python_round_nearest_even_matches_significance_cutoffs,27,10,50,1,0.05,1.644853627,3,16,0.6,3.2,provably_significant,Per-suite binary success rate over 10 tasks x 50 official trials.
LIBERO,object,Rethinking Latent Redundancy in Behavior Cloning: An Information Bottleneck Approach for Robot Manipulation,leaderboards/stat_significance_sam_export_20260522T233929/sam_libero_official_prev_sota.csv,104,libero_object,libero_object_prev_sota,52,43,9,percent,215,260,215,260,0,0,python_round_nearest_even_matches_significance_cutoffs,45,10,50,1,0.05,1.644853627,3,36,0.6,7.2,provably_significant,Per-suite binary success rate over 10 tasks x 50 official trials.
LIBERO,object,RLinf-VLA: A Unified and Efficient Framework for Reinforcement Learning of Vision-Language-Action Models,leaderboards/stat_significance_sam_export_20260522T233929/sam_libero_official_prev_sota.csv,106,libero_object,libero_object_prev_sota,99.67,50.2,49.47,percent,251,498.35,251,498,0,0.35,python_round_nearest_even_matches_significance_cutoffs,247,10,50,1,0.05,1.644853627,3,36,0.6,7.2,provably_significant,Per-suite binary success rate over 10 tasks x 50 official trials.
LIBERO,object,RynnVLA-002: A Unified Vision-Language-Action and World Model,leaderboards/stat_significance_sam_export_20260522T233929/sam_libero_official_prev_sota.csv,109,libero_object,libero_object_prev_sota,99.8,98.4,1.4,percent,492,499,492,499,5.684341886e-14,0,python_round_nearest_even_matches_significance_cutoffs,7,10,50,1,0.05,1.644853627,3,6,0.6,1.2,provably_significant,Per-suite binary success rate over 10 tasks x 50 official trials.
LIBERO,object,SmolVLA: A Vision-Language-Action Model for Affordable and Efficient Robotics,leaderboards/stat_significance_sam_export_20260522T233929/sam_libero_official_prev_sota.csv,114,libero_object,libero_object_prev_sota,96,92.5,3.5,percent,462.5,480,462,480,0.5,0,python_round_nearest_even_matches_significance_cutoffs,18,10,50,1,0.05,1.644853627,3,14,0.6,2.8,provably_significant,Per-suite binary success rate over 10 tasks x 50 official trials.
LIBERO,object,STAR: Learning Diverse Robot Skill Abstractions through Rotation-Augmented Vector Quantization,leaderboards/stat_significance_sam_export_20260522T233929/sam_libero_official_prev_sota.csv,120,libero_object,libero_object_prev_sota,98.3,90.3,8,percent,451.5,491.5,452,492,-0.5,-0.5,python_round_nearest_even_matches_significance_cutoffs,40,10,50,1,0.05,1.644853627,3,15,0.6,3,provably_significant,Per-suite binary success rate over 10 tasks x 50 official trials.
LIBERO,object,Unified Vision-Language-Action Model,leaderboards/stat_significance_sam_export_20260522T233929/sam_libero_official_prev_sota.csv,128,libero_object,libero_object_prev_sota,98.8,96.8,2,percent,484,494,484,494,0,0,python_round_nearest_even_matches_significance_cutoffs,10,10,50,1,0.05,1.644853627,3,9,0.6,1.8,provably_significant,Per-suite binary success rate over 10 tasks x 50 official trials.
LIBERO,object,UniVLA: Learning to Act Anywhere with Task-centric Latent Actions,leaderboards/stat_significance_sam_export_20260522T233929/sam_libero_official_prev_sota.csv,129,libero_object,libero_object_prev_sota,96.8,92.5,4.3,percent,462.5,484,462,484,0.5,0,python_round_nearest_even_matches_significance_cutoffs,22,10,50,1,0.05,1.644853627,3,14,0.6,2.8,provably_significant,Per-suite binary success rate over 10 tasks x 50 official trials.
LIBERO,object,Verifier-free Test-Time Sampling for Vision Language Action Models,leaderboards/stat_significance_sam_export_20260522T233929/sam_libero_official_prev_sota.csv,130,libero_object,libero_object_prev_sota,98,95.4,2.6,percent,477,490,477,490,5.684341886e-14,0,python_round_nearest_even_matches_significance_cutoffs,13,10,50,1,0.05,1.644853627,3,10,0.6,2,provably_significant,Per-suite binary success rate over 10 tasks x 50 official trials.
LIBERO,object,VITA-VLA: Efficiently Teaching Vision-Language Models to Act via Action Expert Distillation,leaderboards/stat_significance_sam_export_20260522T233929/sam_libero_official_prev_sota.csv,132,libero_object,libero_object_prev_sota,99.8,96.8,3,percent,484,499,484,499,0,0,python_round_nearest_even_matches_significance_cutoffs,15,10,50,1,0.05,1.644853627,3,9,0.6,1.8,provably_significant,Per-suite binary success rate over 10 tasks x 50 official trials.
LIBERO,object,"A1: A Fully Transparent Open-Source, Adaptive and Efficient Truncated Vision-Language-Action Model",leaderboards/stat_significance_sam_export_20260522T233929/sam_libero_official_prev_sota.csv,144,libero_object,libero_object_prev_sota,99.8,98.8,1,percent,494,499,494,499,0,0,python_round_nearest_even_matches_significance_cutoffs,5,10,50,1,0.05,1.644853627,3,5,0.6,1,provably_significant,Per-suite binary success rate over 10 tasks x 50 official trials.
LIBERO,object,ActionCodec: What Makes for Good Action Tokenizers,leaderboards/stat_significance_sam_export_20260522T233929/sam_libero_official_prev_sota.csv,149,libero_object,libero_object_prev_sota,99.8,97.8,2,percent,489,499,489,499,0,0,python_round_nearest_even_matches_significance_cutoffs,10,10,50,1,0.05,1.644853627,3,7,0.6,1.4,provably_significant,Per-suite binary success rate over 10 tasks x 50 official trials.
LIBERO,object,ConsisVLA-4D: Advancing Spatiotemporal Consistency in Efficient 3D-Perception and 4D-Reasoning for Robotic Manipulation,leaderboards/stat_significance_sam_export_20260522T233929/sam_libero_official_prev_sota.csv,167,libero_object,libero_object_prev_sota,99.8,98.8,1,percent,494,499,494,499,0,0,python_round_nearest_even_matches_significance_cutoffs,5,10,50,1,0.05,1.644853627,3,5,0.6,1,provably_significant,Per-suite binary success rate over 10 tasks x 50 official trials.
LIBERO,object,Cosmos Policy: Fine-Tuning Video Models for Visuomotor Control and Planning,leaderboards/stat_significance_sam_export_20260522T233929/sam_libero_official_prev_sota.csv,170,libero_object,libero_object_prev_sota,100,98.8,1.2,percent,494,500,494,500,0,0,python_round_nearest_even_matches_significance_cutoffs,6,10,50,1,0.05,1.644853627,3,5,0.6,1,provably_significant,Per-suite binary success rate over 10 tasks x 50 official trials.
LIBERO,object,DFM-VLA: Iterative Action Refinement for Robot Manipulation via Discrete Flow Matching,leaderboards/stat_significance_sam_export_20260522T233929/sam_libero_official_prev_sota.csv,175,libero_object,libero_object_prev_sota,98.8,96.8,2,percent,484,494,484,494,0,0,python_round_nearest_even_matches_significance_cutoffs,10,10,50,1,0.05,1.644853627,3,9,0.6,1.8,provably_significant,Per-suite binary success rate over 10 tasks x 50 official trials.
LIBERO,object,HeiSD: Hybrid Speculative Decoding for Embodied Vision-Language-Action Models with Kinematic Awareness,leaderboards/stat_significance_sam_export_20260522T233929/sam_libero_official_prev_sota.csv,192,libero_object,libero_object_prev_sota,71,62.4,8.6,percent,312,355,312,355,0,0,python_round_nearest_even_matches_significance_cutoffs,43,10,50,1,0.05,1.644853627,3,31,0.6,6.2,provably_significant,Per-suite binary success rate over 10 tasks x 50 official trials.
LIBERO,object,LaMP: Learning Vision-Language-Action Policies with 3D Scene Flow as Latent Motion Prior,leaderboards/stat_significance_sam_export_20260522T233929/sam_libero_official_prev_sota.csv,199,libero_object,libero_object_prev_sota,99.8,98.8,1,percent,494,499,494,499,0,0,python_round_nearest_even_matches_significance_cutoffs,5,10,50,1,0.05,1.644853627,3,5,0.6,1,provably_significant,Per-suite binary success rate over 10 tasks x 50 official trials.
LIBERO,object,Learning Diffusion Policy from Primitive Skills for Robot Manipulation,leaderboards/stat_significance_sam_export_20260522T233929/sam_libero_official_prev_sota.csv,205,libero_object,libero_object_prev_sota,99.8,95.4,4.4,percent,477,499,477,499,5.684341886e-14,0,python_round_nearest_even_matches_significance_cutoffs,22,10,50,1,0.05,1.644853627,3,10,0.6,2,provably_significant,Per-suite binary success rate over 10 tasks x 50 official trials.
LIBERO,object,Learning Physics from Pretrained Video Models: A Multimodal Continuous and Sequential World Interaction Models for Robotic Manipulation,leaderboards/stat_significance_sam_export_20260522T233929/sam_libero_official_prev_sota.csv,206,libero_object,libero_object_prev_sota,99.6,97,2.6,percent,485,498,485,498,0,0,python_round_nearest_even_matches_significance_cutoffs,13,10,50,1,0.05,1.644853627,3,8,0.6,1.6,provably_significant,Per-suite binary success rate over 10 tasks x 50 official trials.
LIBERO,object,$M^2$-VLA: Boosting Vision-Language Models for Generalizable Manipulation via Layer Mixture and Meta-Skills,leaderboards/stat_significance_sam_export_20260522T233929/sam_libero_official_prev_sota.csv,210,libero_object,libero_object_prev_sota,99,95.4,3.6,percent,477,495,477,495,5.684341886e-14,0,python_round_nearest_even_matches_significance_cutoffs,18,10,50,1,0.05,1.644853627,3,10,0.6,2,provably_significant,Per-suite binary success rate over 10 tasks x 50 official trials.
LIBERO,object,Mask World Model: Predicting What Matters for Robust Robot Policy Learning,leaderboards/stat_significance_sam_export_20260522T233929/sam_libero_official_prev_sota.csv,211,libero_object,libero_object_prev_sota,100,99.2,0.8,percent,496,500,496,500,0,0,python_round_nearest_even_matches_significance_cutoffs,4,10,50,1,0.05,1.644853627,3,4,0.6,0.8,provably_significant,Per-suite binary success rate over 10 tasks x 50 official trials.
LIBERO,object,Neural Implicit Action Fields: From Discrete Waypoints to Continuous Functions for Vision-Language-Action Models,leaderboards/stat_significance_sam_export_20260522T233929/sam_libero_official_prev_sota.csv,215,libero_object,libero_object_prev_sota,100,98.8,1.2,percent,494,500,494,500,0,0,python_round_nearest_even_matches_significance_cutoffs,6,10,50,1,0.05,1.644853627,3,5,0.6,1,provably_significant,Per-suite binary success rate over 10 tasks x 50 official trials.
LIBERO,object,PALM: Progress-Aware Policy Learning via Affordance Reasoning for Long-Horizon Robotic Manipulation,leaderboards/stat_significance_sam_export_20260522T233929/sam_libero_official_prev_sota.csv,221,libero_object,libero_object_prev_sota,96.7,93.1,3.6,percent,465.5,483.5,465,484,0.5,-0.5,python_round_nearest_even_matches_significance_cutoffs,19,10,50,1,0.05,1.644853627,3,13,0.6,2.6,provably_significant,Per-suite binary success rate over 10 tasks x 50 official trials.
LIBERO,object,Recurrent-Depth VLA: Implicit Test-Time Compute Scaling of Vision-Language-Action Models via Latent Iterative Reasoning,leaderboards/stat_significance_sam_export_20260522T233929/sam_libero_official_prev_sota.csv,229,libero_object,libero_object_prev_sota,99,97.2,1.8,percent,486,495,486,495,0,0,python_round_nearest_even_matches_significance_cutoffs,9,10,50,1,0.05,1.644853627,3,8,0.6,1.6,provably_significant,Per-suite binary success rate over 10 tasks x 50 official trials.
LIBERO,object,Reshaping Action Error Distributions for Reliable Vision-Language-Action Models,leaderboards/stat_significance_sam_export_20260522T233929/sam_libero_official_prev_sota.csv,231,libero_object,libero_object_prev_sota,100,99.2,0.8,percent,496,500,496,500,0,0,python_round_nearest_even_matches_significance_cutoffs,4,10,50,1,0.05,1.644853627,3,4,0.6,0.8,provably_significant,Per-suite binary success rate over 10 tasks x 50 official trials.
LIBERO,object,Restoring Linguistic Grounding in VLA Models via Train-Free Attention Recalibration,leaderboards/stat_significance_sam_export_20260522T233929/sam_libero_official_prev_sota.csv,232,libero_object,libero_object_prev_sota,99.8,98.8,1,percent,494,499,494,499,0,0,python_round_nearest_even_matches_significance_cutoffs,5,10,50,1,0.05,1.644853627,3,5,0.6,1,provably_significant,Per-suite binary success rate over 10 tasks x 50 official trials.
LIBERO,object,RoboAlign: Learning Test-Time Reasoning for Language-Action Alignment in Vision-Language-Action Models,leaderboards/stat_significance_sam_export_20260522T233929/sam_libero_official_prev_sota.csv,237,libero_object,libero_object_prev_sota,96,91.6,4.4,percent,458,480,458,480,-5.684341886e-14,0,python_round_nearest_even_matches_significance_cutoffs,22,10,50,1,0.05,1.644853627,3,14,0.6,2.8,provably_significant,Per-suite binary success rate over 10 tasks x 50 official trials.
LIBERO,object,SaiVLA-0: Cerebrum--Pons--Cerebellum Tripartite Architecture for Compute-Aware Vision-Language-Action,leaderboards/stat_significance_sam_export_20260522T233929/sam_libero_official_prev_sota.csv,241,libero_object,libero_object_prev_sota,100,98.8,1.2,percent,494,500,494,500,0,0,python_round_nearest_even_matches_significance_cutoffs,6,10,50,1,0.05,1.644853627,3,5,0.6,1,provably_significant,Per-suite binary success rate over 10 tasks x 50 official trials.
LIBERO,object,StarVLA-$α$: Reducing Complexity in Vision-Language-Action Systems,leaderboards/stat_significance_sam_export_20260522T233929/sam_libero_official_prev_sota.csv,254,libero_object,libero_object_prev_sota,99.8,98.8,1,percent,494,499,494,499,0,0,python_round_nearest_even_matches_significance_cutoffs,5,10,50,1,0.05,1.644853627,3,5,0.6,1,provably_significant,Per-suite binary success rate over 10 tasks x 50 official trials.
LIBERO,object,Towards Practical World Model-based Reinforcement Learning for Vision-Language-Action Models,leaderboards/stat_significance_sam_export_20260522T233929/sam_libero_official_prev_sota.csv,263,libero_object,libero_object_prev_sota,96.6,92.4,4.2,percent,462,483,462,483,0,0,python_round_nearest_even_matches_significance_cutoffs,21,10,50,1,0.05,1.644853627,3,14,0.6,2.8,provably_significant,Per-suite binary success rate over 10 tasks x 50 official trials.
LIBERO,object,VLA-IAP: Training-Free Visual Token Pruning via Interaction Alignment for Vision-Language-Action Models,leaderboards/stat_significance_sam_export_20260522T233929/sam_libero_official_prev_sota.csv,273,libero_object,libero_object_prev_sota,99.6,98.4,1.2,percent,492,498,492,498,5.684341886e-14,0,python_round_nearest_even_matches_significance_cutoffs,6,10,50,1,0.05,1.644853627,3,6,0.6,1.2,provably_significant,Per-suite binary success rate over 10 tasks x 50 official trials.
LIBERO,object,VolumeDP: Modeling Volumetric Representation for Manipulation Policy Learning,leaderboards/stat_significance_sam_export_20260522T233929/sam_libero_official_prev_sota.csv,277,libero_object,libero_object_prev_sota,95.9,92.5,3.4,percent,462.5,479.5,462,480,0.5,-0.5,python_round_nearest_even_matches_significance_cutoffs,18,10,50,1,0.05,1.644853627,3,14,0.6,2.8,provably_significant,Per-suite binary success rate over 10 tasks x 50 official trials.
LIBERO,object,World-Value-Action Model: Implicit Planning for Vision-Language-Action Systems,leaderboards/stat_significance_sam_export_20260522T233929/sam_libero_official_prev_sota.csv,280,libero_object,libero_object_prev_sota,100,99.2,0.8,percent,496,500,496,500,0,0,python_round_nearest_even_matches_significance_cutoffs,4,10,50,1,0.05,1.644853627,3,4,0.6,0.8,provably_significant,Per-suite binary success rate over 10 tasks x 50 official trials.
LIBERO,object,WoVR: World Models as Reliable Simulators for Post-Training VLA Policies with RL,leaderboards/stat_significance_sam_export_20260522T233929/sam_libero_official_prev_sota.csv,282,libero_object,libero_object_prev_sota,82,48,34,percent,240,410,240,410,0,0,python_round_nearest_even_matches_significance_cutoffs,170,10,50,1,0.05,1.644853627,3,37,0.6,7.4,provably_significant,Per-suite binary success rate over 10 tasks x 50 official trials.
LIBERO,object,You've Got a Golden Ticket: Improving Generative Robot Policies With A Single Noise Vector,leaderboards/stat_significance_sam_export_20260522T233929/sam_libero_official_prev_sota.csv,284,libero_object,libero_object_prev_sota,100,92,8,percent,460,500,460,500,0,0,python_round_nearest_even_matches_significance_cutoffs,40,10,50,1,0.05,1.644853627,3,14,0.6,2.8,provably_significant,Per-suite binary success rate over 10 tasks x 50 official trials.
LIBERO,object,Global Prior Meets Local Consistency: Dual-Memory Augmented Vision-Language-Action Model for Efficient Robotic Manipulation,leaderboards/stat_significance_sam_export_20260522T233929/sam_libero_official_prev_sota.csv,291,libero_object,libero_object_prev_sota,99.8,98.8,1,percent,494,499,494,499,0,0,python_round_nearest_even_matches_significance_cutoffs,5,10,50,1,0.05,1.644853627,3,5,0.6,1,provably_significant,Per-suite binary success rate over 10 tasks x 50 official trials.
LIBERO,object,HBVLA: Pushing 1-Bit Post-Training Quantization for Vision-Language-Action Models,leaderboards/stat_significance_sam_export_20260522T233929/sam_libero_official_prev_sota.csv,293,libero_object,libero_object_prev_sota,97.8,76,21.8,percent,380,489,380,489,0,0,python_round_nearest_even_matches_significance_cutoffs,109,10,50,1,0.05,1.644853627,3,25,0.6,5,provably_significant,Per-suite binary success rate over 10 tasks x 50 official trials.
LIBERO,object,IVRA: Improving Visual-Token Relations for Robot Action Policy with Training-Free Hint-Based Guidance,leaderboards/stat_significance_sam_export_20260522T233929/sam_libero_official_prev_sota.csv,294,libero_object,libero_object_prev_sota,99.9,99.3,0.6,percent,496.5,499.5,496,500,0.5,-0.5,python_round_nearest_even_matches_significance_cutoffs,4,10,50,1,0.05,1.644853627,3,4,0.6,0.8,provably_significant,Per-suite binary success rate over 10 tasks x 50 official trials.
LIBERO,object,3D CAVLA: Leveraging Depth and 3D Context to Generalize Vision Language Action Models for Unseen Tasks,leaderboards/stat_significance_sam_export_20260522T233929/sam_libero_official_prev_sota.csv,300,libero_object,libero_object_prev_sota,99.8,98.8,1,percent,494,499,494,499,0,0,python_round_nearest_even_matches_significance_cutoffs,5,10,50,1,0.05,1.644853627,3,5,0.6,1,provably_significant,Per-suite binary success rate over 10 tasks x 50 official trials.
LIBERO,object,Premover: Fast Vision-Language-Action Control by Acting Before Instructions Are Complete,leaderboards/stat_significance_sam_export_20260522T233929/sam_libero_official_prev_sota.csv,311,libero_object,libero_object_prev_sota,99.1,97.4,1.7,percent,487,495.5,487,496,5.684341886e-14,-0.5,python_round_nearest_even_matches_significance_cutoffs,9,10,50,1,0.05,1.644853627,3,8,0.6,1.6,provably_significant,Per-suite binary success rate over 10 tasks x 50 official trials.
LIBERO,object,From Imagined Futures to Executable Actions: Mixture of Latent Actions for Robot Manipulation,leaderboards/stat_significance_sam_export_20260522T233929/sam_libero_official_prev_sota.csv,312,libero_object,libero_object_prev_sota,99.5,95,4.5,percent,475,497.5,475,498,0,-0.5,python_round_nearest_even_matches_significance_cutoffs,23,10,50,1,0.05,1.644853627,3,11,0.6,2.2,provably_significant,Per-suite binary success rate over 10 tasks x 50 official trials.
LIBERO,object,PriorVLA: Prior-Preserving Adaptation for Vision-Language-Action Models,leaderboards/stat_significance_sam_export_20260522T233929/sam_libero_official_prev_sota.csv,315,libero_object,libero_object_prev_sota,99.8,98.8,1,percent,494,499,494,499,0,0,python_round_nearest_even_matches_significance_cutoffs,5,10,50,1,0.05,1.644853627,3,5,0.6,1,provably_significant,Per-suite binary success rate over 10 tasks x 50 official trials.
LIBERO,object,LoopVLA: Learning Sufficiency in Recurrent Refinement for Vision-Language-Action Models,leaderboards/stat_significance_sam_export_20260522T233929/sam_libero_official_prev_sota.csv,317,libero_object,libero_object_prev_sota,100,98.8,1.2,percent,494,500,494,500,0,0,python_round_nearest_even_matches_significance_cutoffs,6,10,50,1,0.05,1.644853627,3,5,0.6,1,provably_significant,Per-suite binary success rate over 10 tasks x 50 official trials.
LIBERO,object,Failing Forward: Adaptive Failure-Informed Learning for Vision-Language-Action Models,leaderboards/stat_significance_sam_export_20260522T233929/sam_libero_official_prev_sota.csv,321,libero_object,libero_object_prev_sota,99.7,98.2,1.5,percent,491,498.5,491,498,0,0.5,python_round_nearest_even_matches_significance_cutoffs,7,10,50,1,0.05,1.644853627,3,6,0.6,1.2,provably_significant,Per-suite binary success rate over 10 tasks x 50 official trials.
LIBERO,goal,A Probabilistic Model for Skill Acquisition with Switching Latent Feedback Controllers,leaderboards/stat_significance_sam_export_20260522T233929/sam_libero_official_prev_sota.csv,3,libero_goal,libero_goal_prev_sota,83,69,14,percent,345,415,345,415,0,0,python_round_nearest_even_matches_significance_cutoffs,70,10,50,1,0.05,1.644853627,3,28,0.6,5.6,provably_significant,Per-suite binary success rate over 10 tasks x 50 official trials.
LIBERO,goal,Robo-MUTUAL: Robotic Multimodal Task Specification via Unimodal Learning,leaderboards/stat_significance_sam_export_20260522T233929/sam_libero_official_prev_sota.csv,16,libero_goal,libero_goal_prev_sota,62.9,5,57.9,percent,25,314.5,25,314,0,0.5,python_round_nearest_even_matches_significance_cutoffs,289,10,50,1,0.05,1.644853627,3,14,0.6,2.8,provably_significant,Per-suite binary success rate over 10 tasks x 50 official trials.
LIBERO,goal,Task-agnostic Lifelong Robot Learning with Retrieval-based Weighted Local Adaptation,leaderboards/stat_significance_sam_export_20260522T233929/sam_libero_official_prev_sota.csv,17,libero_goal,libero_goal_prev_sota,62.33,52.33,10,percent,261.65,311.65,262,312,-0.35,-0.35,python_round_nearest_even_matches_significance_cutoffs,50,10,50,1,0.05,1.644853627,3,35,0.6,7,provably_significant,Per-suite binary success rate over 10 tasks x 50 official trials.
LIBERO,goal,3D Dynamics-Aware Manipulation: Endowing Manipulation Policies with 3D Foresight,leaderboards/stat_significance_sam_export_20260522T233929/sam_libero_official_prev_sota.csv,19,libero_goal,libero_goal_prev_sota,94.8,91.6,3.2,percent,458,474,458,474,-5.684341886e-14,0,python_round_nearest_even_matches_significance_cutoffs,16,10,50,1,0.05,1.644853627,3,14,0.6,2.8,provably_significant,Per-suite binary success rate over 10 tasks x 50 official trials.
LIBERO,goal,4D-VLA: Spatiotemporal Vision-Language-Action Pretraining with Cross-Scene Calibration,leaderboards/stat_significance_sam_export_20260522T233929/sam_libero_official_prev_sota.csv,20,libero_goal,libero_goal_prev_sota,90.9,84.6,6.3,percent,423,454.5,423,454,0,0.5,python_round_nearest_even_matches_significance_cutoffs,31,10,50,1,0.05,1.644853627,3,20,0.6,4,provably_significant,Per-suite binary success rate over 10 tasks x 50 official trials.
LIBERO,goal,Dita: Scaling Diffusion Transformer for Generalist Vision-Language-Action Policy,leaderboards/stat_significance_sam_export_20260522T233929/sam_libero_official_prev_sota.csv,49,libero_goal,libero_goal_prev_sota,93.2,84.6,8.6,percent,423,466,423,466,0,0,python_round_nearest_even_matches_significance_cutoffs,43,10,50,1,0.05,1.644853627,3,20,0.6,4,provably_significant,Per-suite binary success rate over 10 tasks x 50 official trials.
LIBERO,goal,Fine-Tuning Vision-Language-Action Models: Optimizing Speed and Success,leaderboards/stat_significance_sam_export_20260522T233929/sam_libero_official_prev_sota.csv,63,libero_goal,libero_goal_prev_sota,97.9,95.8,2.1,percent,479,489.5,479,490,0,-0.5,python_round_nearest_even_matches_significance_cutoffs,11,10,50,1,0.05,1.644853627,3,10,0.6,2,provably_significant,Per-suite binary success rate over 10 tasks x 50 official trials.
LIBERO,goal,Hybrid Training for Vision-Language-Action Models,leaderboards/stat_significance_sam_export_20260522T233929/sam_libero_official_prev_sota.csv,75,libero_goal,libero_goal_prev_sota,96.2,91.4,4.8,percent,457,481,457,481,0,5.684341886e-14,python_round_nearest_even_matches_significance_cutoffs,24,10,50,1,0.05,1.644853627,3,15,0.6,3,provably_significant,Per-suite binary success rate over 10 tasks x 50 official trials.
LIBERO,goal,HyperVLA: Efficient Inference in Vision-Language-Action Models via Hypernetworks,leaderboards/stat_significance_sam_export_20260522T233929/sam_libero_official_prev_sota.csv,76,libero_goal,libero_goal_prev_sota,92,85,7,percent,425,460,425,460,0,0,python_round_nearest_even_matches_significance_cutoffs,35,10,50,1,0.05,1.644853627,3,19,0.6,3.8,provably_significant,Per-suite binary success rate over 10 tasks x 50 official trials.
LIBERO,goal,LoLA: Long Horizon Latent Action Learning for General Robot Manipulation,leaderboards/stat_significance_sam_export_20260522T233929/sam_libero_official_prev_sota.csv,88,libero_goal,libero_goal_prev_sota,97.2,94,3.2,percent,470,486,470,486,0,0,python_round_nearest_even_matches_significance_cutoffs,16,10,50,1,0.05,1.644853627,3,12,0.6,2.4,provably_significant,Per-suite binary success rate over 10 tasks x 50 official trials.
LIBERO,goal,MAP-VLA: Memory-Augmented Prompting for Vision-Language-Action Model in Robotic Manipulation,leaderboards/stat_significance_sam_export_20260522T233929/sam_libero_official_prev_sota.csv,90,libero_goal,libero_goal_prev_sota,95.4,91.5,3.9,percent,457.5,477,458,477,-0.5,5.684341886e-14,python_round_nearest_even_matches_significance_cutoffs,19,10,50,1,0.05,1.644853627,3,14,0.6,2.8,provably_significant,Per-suite binary success rate over 10 tasks x 50 official trials.
LIBERO,goal,NORA: A Small Open-Sourced Generalist Vision Language Action Model for Embodied Tasks,leaderboards/stat_significance_sam_export_20260522T233929/sam_libero_official_prev_sota.csv,98,libero_goal,libero_goal_prev_sota,89.4,79.2,10.2,percent,396,447,396,447,0,0,python_round_nearest_even_matches_significance_cutoffs,51,10,50,1,0.05,1.644853627,3,23,0.6,4.6,provably_significant,Per-suite binary success rate over 10 tasks x 50 official trials.
LIBERO,goal,Rethinking Latent Redundancy in Behavior Cloning: An Information Bottleneck Approach for Robot Manipulation,leaderboards/stat_significance_sam_export_20260522T233929/sam_libero_official_prev_sota.csv,104,libero_goal,libero_goal_prev_sota,83.83,76.17,7.66,percent,380.85,419.15,381,419,-0.15,0.15,python_round_nearest_even_matches_significance_cutoffs,38,10,50,1,0.05,1.644853627,3,25,0.6,5,provably_significant,Per-suite binary success rate over 10 tasks x 50 official trials.
LIBERO,goal,RLinf-VLA: A Unified and Efficient Framework for Reinforcement Learning of Vision-Language-Action Models,leaderboards/stat_significance_sam_export_20260522T233929/sam_libero_official_prev_sota.csv,106,libero_goal,libero_goal_prev_sota,98.32,49.4,48.92,percent,247,491.6,247,492,0,-0.4,python_round_nearest_even_matches_significance_cutoffs,245,10,50,1,0.05,1.644853627,3,36,0.6,7.2,provably_significant,Per-suite binary success rate over 10 tasks x 50 official trials.
LIBERO,goal,Self-Improving Vision-Language-Action Models with Data Generation via Residual RL,leaderboards/stat_significance_sam_export_20260522T233929/sam_libero_official_prev_sota.csv,111,libero_goal,libero_goal_prev_sota,98.9,87.4,11.5,percent,437,494.5,437,495,5.684341886e-14,-0.5,python_round_nearest_even_matches_significance_cutoffs,58,10,50,1,0.05,1.644853627,3,18,0.6,3.6,provably_significant,Per-suite binary success rate over 10 tasks x 50 official trials.
LIBERO,goal,SimpleVLA-RL: Scaling VLA Training via Reinforcement Learning,leaderboards/stat_significance_sam_export_20260522T233929/sam_libero_official_prev_sota.csv,113,libero_goal,libero_goal_prev_sota,99.2,95.8,3.4,percent,479,496,479,496,0,0,python_round_nearest_even_matches_significance_cutoffs,17,10,50,1,0.05,1.644853627,3,10,0.6,2,provably_significant,Per-suite binary success rate over 10 tasks x 50 official trials.
LIBERO,goal,STAR: Learning Diverse Robot Skill Abstractions through Rotation-Augmented Vector Quantization,leaderboards/stat_significance_sam_export_20260522T233929/sam_libero_official_prev_sota.csv,120,libero_goal,libero_goal_prev_sota,95,84.6,10.4,percent,423,475,423,475,0,0,python_round_nearest_even_matches_significance_cutoffs,52,10,50,1,0.05,1.644853627,3,20,0.6,4,provably_significant,Per-suite binary success rate over 10 tasks x 50 official trials.
LIBERO,goal,"The Better You Learn, The Smarter You Prune: Towards Efficient Vision-language-action Models via Differentiable Token Pruning",leaderboards/stat_significance_sam_export_20260522T233929/sam_libero_official_prev_sota.csv,123,libero_goal,libero_goal_prev_sota,98.2,95.8,2.4,percent,479,491,479,491,0,0,python_round_nearest_even_matches_significance_cutoffs,12,10,50,1,0.05,1.644853627,3,10,0.6,2,provably_significant,Per-suite binary success rate over 10 tasks x 50 official trials.
LIBERO,goal,Unified Vision-Language-Action Model,leaderboards/stat_significance_sam_export_20260522T233929/sam_libero_official_prev_sota.csv,128,libero_goal,libero_goal_prev_sota,93.6,88.6,5,percent,443,468,443,468,-5.684341886e-14,0,python_round_nearest_even_matches_significance_cutoffs,25,10,50,1,0.05,1.644853627,3,17,0.6,3.4,provably_significant,Per-suite binary success rate over 10 tasks x 50 official trials.
LIBERO,goal,UniVLA: Learning to Act Anywhere with Task-centric Latent Actions,leaderboards/stat_significance_sam_export_20260522T233929/sam_libero_official_prev_sota.csv,129,libero_goal,libero_goal_prev_sota,95.6,84.6,11,percent,423,478,423,478,0,0,python_round_nearest_even_matches_significance_cutoffs,55,10,50,1,0.05,1.644853627,3,20,0.6,4,provably_significant,Per-suite binary success rate over 10 tasks x 50 official trials.
LIBERO,goal,VITA-VLA: Efficiently Teaching Vision-Language Models to Act via Action Expert Distillation,leaderboards/stat_significance_sam_export_20260522T233929/sam_libero_official_prev_sota.csv,132,libero_goal,libero_goal_prev_sota,97.9,88.6,9.3,percent,443,489.5,443,490,-5.684341886e-14,-0.5,python_round_nearest_even_matches_significance_cutoffs,47,10,50,1,0.05,1.644853627,3,17,0.6,3.4,provably_significant,Per-suite binary success rate over 10 tasks x 50 official trials.
LIBERO,goal,ACoT-VLA: Action Chain-of-Thought for Vision-Language-Action Models,leaderboards/stat_significance_sam_export_20260522T233929/sam_libero_official_prev_sota.csv,146,libero_goal,libero_goal_prev_sota,99.4,98,1.4,percent,490,497,490,497,0,5.684341886e-14,python_round_nearest_even_matches_significance_cutoffs,7,10,50,1,0.05,1.644853627,3,7,0.6,1.4,provably_significant,Per-suite binary success rate over 10 tasks x 50 official trials.
LIBERO,goal,DFM-VLA: Iterative Action Refinement for Robot Manipulation via Discrete Flow Matching,leaderboards/stat_significance_sam_export_20260522T233929/sam_libero_official_prev_sota.csv,175,libero_goal,libero_goal_prev_sota,94.4,91.6,2.8,percent,458,472,458,472,-5.684341886e-14,5.684341886e-14,python_round_nearest_even_matches_significance_cutoffs,14,10,50,1,0.05,1.644853627,3,14,0.6,2.8,provably_significant,Per-suite binary success rate over 10 tasks x 50 official trials.
LIBERO,goal,FlowHijack: A Dynamics-Aware Backdoor Attack on Flow-Matching Vision-Language-Action Models,leaderboards/stat_significance_sam_export_20260522T233929/sam_libero_official_prev_sota.csv,186,libero_goal,libero_goal_prev_sota,97.8,95.8,2,percent,479,489,479,489,0,0,python_round_nearest_even_matches_significance_cutoffs,10,10,50,1,0.05,1.644853627,3,10,0.6,2,provably_significant,Per-suite binary success rate over 10 tasks x 50 official trials.
LIBERO,goal,LangForce: Bayesian Decomposition of Vision Language Action Models via Latent Action Queries,leaderboards/stat_significance_sam_export_20260522T233929/sam_libero_official_prev_sota.csv,200,libero_goal,libero_goal_prev_sota,99.4,98,1.4,percent,490,497,490,497,0,5.684341886e-14,python_round_nearest_even_matches_significance_cutoffs,7,10,50,1,0.05,1.644853627,3,7,0.6,1.4,provably_significant,Per-suite binary success rate over 10 tasks x 50 official trials.
LIBERO,goal,Learning Diffusion Policy from Primitive Skills for Robot Manipulation,leaderboards/stat_significance_sam_export_20260522T233929/sam_libero_official_prev_sota.csv,205,libero_goal,libero_goal_prev_sota,95.6,91.9,3.7,percent,459.5,478,460,478,-0.5,0,python_round_nearest_even_matches_significance_cutoffs,18,10,50,1,0.05,1.644853627,3,14,0.6,2.8,provably_significant,Per-suite binary success rate over 10 tasks x 50 official trials.
LIBERO,goal,Learning Physics from Pretrained Video Models: A Multimodal Continuous and Sequential World Interaction Models for Robotic Manipulation,leaderboards/stat_significance_sam_export_20260522T233929/sam_libero_official_prev_sota.csv,206,libero_goal,libero_goal_prev_sota,93.8,89,4.8,percent,445,469,445,469,0,0,python_round_nearest_even_matches_significance_cutoffs,24,10,50,1,0.05,1.644853627,3,17,0.6,3.4,provably_significant,Per-suite binary success rate over 10 tasks x 50 official trials.
LIBERO,goal,$M^2$-VLA: Boosting Vision-Language Models for Generalizable Manipulation via Layer Mixture and Meta-Skills,leaderboards/stat_significance_sam_export_20260522T233929/sam_libero_official_prev_sota.csv,210,libero_goal,libero_goal_prev_sota,97.2,91.6,5.6,percent,458,486,458,486,-5.684341886e-14,0,python_round_nearest_even_matches_significance_cutoffs,28,10,50,1,0.05,1.644853627,3,14,0.6,2.8,provably_significant,Per-suite binary success rate over 10 tasks x 50 official trials.
LIBERO,goal,Mask World Model: Predicting What Matters for Robust Robot Policy Learning,leaderboards/stat_significance_sam_export_20260522T233929/sam_libero_official_prev_sota.csv,211,libero_goal,libero_goal_prev_sota,98.2,95.8,2.4,percent,479,491,479,491,0,0,python_round_nearest_even_matches_significance_cutoffs,12,10,50,1,0.05,1.644853627,3,10,0.6,2,provably_significant,Per-suite binary success rate over 10 tasks x 50 official trials.
LIBERO,goal,Neural Implicit Action Fields: From Discrete Waypoints to Continuous Functions for Vision-Language-Action Models,leaderboards/stat_significance_sam_export_20260522T233929/sam_libero_official_prev_sota.csv,215,libero_goal,libero_goal_prev_sota,98,95.8,2.2,percent,479,490,479,490,0,0,python_round_nearest_even_matches_significance_cutoffs,11,10,50,1,0.05,1.644853627,3,10,0.6,2,provably_significant,Per-suite binary success rate over 10 tasks x 50 official trials.
LIBERO,goal,PALM: Progress-Aware Policy Learning via Affordance Reasoning for Long-Horizon Robotic Manipulation,leaderboards/stat_significance_sam_export_20260522T233929/sam_libero_official_prev_sota.csv,221,libero_goal,libero_goal_prev_sota,94.3,87.6,6.7,percent,438,471.5,438,472,-5.684341886e-14,-0.5,python_round_nearest_even_matches_significance_cutoffs,34,10,50,1,0.05,1.644853627,3,18,0.6,3.6,provably_significant,Per-suite binary success rate over 10 tasks x 50 official trials.
LIBERO,goal,Recurrent-Depth VLA: Implicit Test-Time Compute Scaling of Vision-Language-Action Models via Latent Iterative Reasoning,leaderboards/stat_significance_sam_export_20260522T233929/sam_libero_official_prev_sota.csv,229,libero_goal,libero_goal_prev_sota,96,91,5,percent,455,480,455,480,0,0,python_round_nearest_even_matches_significance_cutoffs,25,10,50,1,0.05,1.644853627,3,15,0.6,3,provably_significant,Per-suite binary success rate over 10 tasks x 50 official trials.
LIBERO,goal,Reshaping Action Error Distributions for Reliable Vision-Language-Action Models,leaderboards/stat_significance_sam_export_20260522T233929/sam_libero_official_prev_sota.csv,231,libero_goal,libero_goal_prev_sota,98.2,96.4,1.8,percent,482,491,482,491,5.684341886e-14,0,python_round_nearest_even_matches_significance_cutoffs,9,10,50,1,0.05,1.644853627,3,9,0.6,1.8,provably_significant,Per-suite binary success rate over 10 tasks x 50 official trials.
LIBERO,goal,Rethinking Progression of Memory State in Robotic Manipulation: An Object-Centric Perspective,leaderboards/stat_significance_sam_export_20260522T233929/sam_libero_official_prev_sota.csv,233,libero_goal,libero_goal_prev_sota,83,75.5,7.5,percent,377.5,415,378,415,-0.5,0,python_round_nearest_even_matches_significance_cutoffs,37,10,50,1,0.05,1.644853627,3,25,0.6,5,provably_significant,Per-suite binary success rate over 10 tasks x 50 official trials.
LIBERO,goal,"See, Plan, Rewind: Progress-Aware Vision-Language-Action Models for Robust Robotic Manipulation",leaderboards/stat_significance_sam_export_20260522T233929/sam_libero_official_prev_sota.csv,243,libero_goal,libero_goal_prev_sota,93.2,88.6,4.6,percent,443,466,443,466,-5.684341886e-14,0,python_round_nearest_even_matches_significance_cutoffs,23,10,50,1,0.05,1.644853627,3,17,0.6,3.4,provably_significant,Per-suite binary success rate over 10 tasks x 50 official trials.
LIBERO,goal,SnapFlow: One-Step Action Generation for Flow-Matching VLAs via Progressive Self-Distillation,leaderboards/stat_significance_sam_export_20260522T233929/sam_libero_official_prev_sota.csv,249,libero_goal,libero_goal_prev_sota,99,97.6,1.4,percent,488,495,488,495,0,0,python_round_nearest_even_matches_significance_cutoffs,7,10,50,1,0.05,1.644853627,3,7,0.6,1.4,provably_significant,Per-suite binary success rate over 10 tasks x 50 official trials.
LIBERO,goal,VolumeDP: Modeling Volumetric Representation for Manipulation Policy Learning,leaderboards/stat_significance_sam_export_20260522T233929/sam_libero_official_prev_sota.csv,277,libero_goal,libero_goal_prev_sota,89.9,76.2,13.7,percent,381,449.5,381,450,0,-0.5,python_round_nearest_even_matches_significance_cutoffs,69,10,50,1,0.05,1.644853627,3,25,0.6,5,provably_significant,Per-suite binary success rate over 10 tasks x 50 official trials.
LIBERO,goal,WoVR: World Models as Reliable Simulators for Post-Training VLA Policies with RL,leaderboards/stat_significance_sam_export_20260522T233929/sam_libero_official_prev_sota.csv,282,libero_goal,libero_goal_prev_sota,77.5,54.6,22.9,percent,273,387.5,273,388,0,-0.5,python_round_nearest_even_matches_significance_cutoffs,115,10,50,1,0.05,1.644853627,3,34,0.6,6.8,provably_significant,Per-suite binary success rate over 10 tasks x 50 official trials.
LIBERO,goal,You've Got a Golden Ticket: Improving Generative Robot Policies With A Single Noise Vector,leaderboards/stat_significance_sam_export_20260522T233929/sam_libero_official_prev_sota.csv,284,libero_goal,libero_goal_prev_sota,94.4,81.6,12.8,percent,408,472,408,472,0,5.684341886e-14,python_round_nearest_even_matches_significance_cutoffs,64,10,50,1,0.05,1.644853627,3,22,0.6,4.4,provably_significant,Per-suite binary success rate over 10 tasks x 50 official trials.
LIBERO,goal,From Imagined Futures to Executable Actions: Mixture of Latent Actions for Robot Manipulation,leaderboards/stat_significance_sam_export_20260522T233929/sam_libero_official_prev_sota.csv,312,libero_goal,libero_goal_prev_sota,99.5,92,7.5,percent,460,497.5,460,498,0,-0.5,python_round_nearest_even_matches_significance_cutoffs,38,10,50,1,0.05,1.644853627,3,14,0.6,2.8,provably_significant,Per-suite binary success rate over 10 tasks x 50 official trials.
LIBERO,goal,PriorVLA: Prior-Preserving Adaptation for Vision-Language-Action Models,leaderboards/stat_significance_sam_export_20260522T233929/sam_libero_official_prev_sota.csv,315,libero_goal,libero_goal_prev_sota,99.4,98,1.4,percent,490,497,490,497,0,5.684341886e-14,python_round_nearest_even_matches_significance_cutoffs,7,10,50,1,0.05,1.644853627,3,7,0.6,1.4,provably_significant,Per-suite binary success rate over 10 tasks x 50 official trials.
LIBERO,goal,ECHO: Continuous Hierarchical Memory for Vision-Language-Action Models,leaderboards/stat_significance_sam_export_20260522T233929/sam_libero_official_prev_sota.csv,318,libero_goal,libero_goal_prev_sota,98.6,96.4,2.2,percent,482,493,482,493,5.684341886e-14,0,python_round_nearest_even_matches_significance_cutoffs,11,10,50,1,0.05,1.644853627,3,9,0.6,1.8,provably_significant,Per-suite binary success rate over 10 tasks x 50 official trials.
LIBERO,goal,ForgeVLA: Federated Vision-Language-Action Learning without Language Annotations,leaderboards/stat_significance_sam_export_20260522T233929/sam_libero_official_prev_sota.csv,320,libero_goal,libero_goal_prev_sota,55.2,28.8,26.4,percent,144,276,144,276,2.842170943e-14,0,python_round_nearest_even_matches_significance_cutoffs,132,10,50,1,0.05,1.644853627,3,30,0.6,6,provably_significant,Per-suite binary success rate over 10 tasks x 50 official trials.
LIBERO,long10,TAIL: Task-specific Adapters for Imitation Learning with Large Pretrained Models,leaderboards/stat_significance_sam_export_20260522T233929/sam_libero_official_prev_sota.csv,2,libero_long10,libero_long10_prev_sota,70,48,22,percent,240,350,240,350,0,0,python_round_nearest_even_matches_significance_cutoffs,110,10,50,1,0.05,1.644853627,3,37,0.6,7.4,provably_significant,Per-suite binary success rate over 10 tasks x 50 official trials.
LIBERO,long10,BAKU: An Efficient Transformer for Multi-Task Policy Learning,leaderboards/stat_significance_sam_export_20260522T233929/sam_libero_official_prev_sota.csv,4,libero_long10,libero_long10_prev_sota,86,68,18,percent,340,430,340,430,0,0,python_round_nearest_even_matches_significance_cutoffs,90,10,50,1,0.05,1.644853627,3,29,0.6,5.8,provably_significant,Per-suite binary success rate over 10 tasks x 50 official trials.
LIBERO,long10,Depth Helps: Improving Pre-trained RGB-based Policy with Depth Information Injection,leaderboards/stat_significance_sam_export_20260522T233929/sam_libero_official_prev_sota.csv,5,libero_long10,libero_long10_prev_sota,36.4,28,8.4,percent,140,182,140,182,0,0,python_round_nearest_even_matches_significance_cutoffs,42,10,50,1,0.05,1.644853627,3,30,0.6,6,provably_significant,Per-suite binary success rate over 10 tasks x 50 official trials.
LIBERO,long10,Diffusion Transformer Policy,leaderboards/stat_significance_sam_export_20260522T233929/sam_libero_official_prev_sota.csv,6,libero_long10,libero_long10_prev_sota,63.8,53.7,10.1,percent,268.5,319,268,319,0.5,0,python_round_nearest_even_matches_significance_cutoffs,51,10,50,1,0.05,1.644853627,3,35,0.6,7,provably_significant,Per-suite binary success rate over 10 tasks x 50 official trials.
LIBERO,long10,Efficient Diffusion Transformer Policies with Mixture of Expert Denoisers for Multitask Learning,leaderboards/stat_significance_sam_export_20260522T233929/sam_libero_official_prev_sota.csv,7,libero_long10,libero_long10_prev_sota,92,73,19,percent,365,460,365,460,0,0,python_round_nearest_even_matches_significance_cutoffs,95,10,50,1,0.05,1.644853627,3,26,0.6,5.2,provably_significant,Per-suite binary success rate over 10 tasks x 50 official trials.
LIBERO,long10,Multimodal Diffusion Transformer: Learning Versatile Behavior from Multimodal Goals,leaderboards/stat_significance_sam_export_20260522T233929/sam_libero_official_prev_sota.csv,11,libero_long10,libero_long10_prev_sota,64.8,47.3,17.5,percent,236.5,324,236,324,0.5,0,python_round_nearest_even_matches_significance_cutoffs,88,10,50,1,0.05,1.644853627,3,37,0.6,7.4,provably_significant,Per-suite binary success rate over 10 tasks x 50 official trials.
LIBERO,long10,Predictive Inverse Dynamics Models are Scalable Learners for Robotic Manipulation,leaderboards/stat_significance_sam_export_20260522T233929/sam_libero_official_prev_sota.csv,13,libero_long10,libero_long10_prev_sota,87.7,77.3,10.4,percent,386.5,438.5,386,438,0.5,0.5,python_round_nearest_even_matches_significance_cutoffs,52,10,50,1,0.05,1.644853627,3,24,0.6,4.8,provably_significant,Per-suite binary success rate over 10 tasks x 50 official trials.
LIBERO,long10,QueST: Self-Supervised Skill Abstractions for Learning Continuous Control,leaderboards/stat_significance_sam_export_20260522T233929/sam_libero_official_prev_sota.csv,15,libero_long10,libero_long10_prev_sota,68.8,59.3,9.5,percent,296.5,344,296,344,0.5,0,python_round_nearest_even_matches_significance_cutoffs,48,10,50,1,0.05,1.644853627,3,33,0.6,6.6,provably_significant,Per-suite binary success rate over 10 tasks x 50 official trials.
LIBERO,long10,TraceVLA: Visual Trace Prompting Enhances Spatial-Temporal Awareness for Generalist Robotic Policies,leaderboards/stat_significance_sam_export_20260522T233929/sam_libero_official_prev_sota.csv,18,libero_long10,libero_long10_prev_sota,54.1,45.7,8.4,percent,228.5,270.5,228,270,0.5,0.5,python_round_nearest_even_matches_significance_cutoffs,42,10,50,1,0.05,1.644853627,3,37,0.6,7.4,provably_significant,Per-suite binary success rate over 10 tasks x 50 official trials.
LIBERO,long10,3D Dynamics-Aware Manipulation: Endowing Manipulation Policies with 3D Foresight,leaderboards/stat_significance_sam_export_20260522T233929/sam_libero_official_prev_sota.csv,19,libero_long10,libero_long10_prev_sota,92,86.4,5.6,percent,432,460,432,460,5.684341886e-14,0,python_round_nearest_even_matches_significance_cutoffs,28,10,50,1,0.05,1.644853627,3,18,0.6,3.6,provably_significant,Per-suite binary success rate over 10 tasks x 50 official trials.
LIBERO,long10,4D-VLA: Spatiotemporal Vision-Language-Action Pretraining with Cross-Scene Calibration,leaderboards/stat_significance_sam_export_20260522T233929/sam_libero_official_prev_sota.csv,20,libero_long10,libero_long10_prev_sota,79.1,55.5,23.6,percent,277.5,395.5,278,395,-0.5,0.5,python_round_nearest_even_matches_significance_cutoffs,117,10,50,1,0.05,1.644853627,3,34,0.6,6.8,provably_significant,Per-suite binary success rate over 10 tasks x 50 official trials.
LIBERO,long10,ActionSink: Toward Precise Robot Manipulation with Dynamic Integration of Action Flow,leaderboards/stat_significance_sam_export_20260522T233929/sam_libero_official_prev_sota.csv,23,libero_long10,libero_long10_prev_sota,47,39.33,7.67,percent,196.65,235,197,235,-0.35,0,python_round_nearest_even_matches_significance_cutoffs,38,10,50,1,0.05,1.644853627,3,35,0.6,7,provably_significant,Per-suite binary success rate over 10 tasks x 50 official trials.
LIBERO,long10,Atomic Action Slicing: Planner-Aligned Options for Generalist VLA Agents,leaderboards/stat_significance_sam_export_20260522T233929/sam_libero_official_prev_sota.csv,25,libero_long10,libero_long10_prev_sota,88.8,83.8,5,percent,419,444,419,444,0,0,python_round_nearest_even_matches_significance_cutoffs,25,10,50,1,0.05,1.644853627,3,20,0.6,4,provably_significant,Per-suite binary success rate over 10 tasks x 50 official trials.
LIBERO,long10,CoT-VLA: Visual Chain-of-Thought Reasoning for Vision-Language-Action Models,leaderboards/stat_significance_sam_export_20260522T233929/sam_libero_official_prev_sota.csv,38,libero_long10,libero_long10_prev_sota,69,53.7,15.3,percent,268.5,345,268,345,0.5,0,python_round_nearest_even_matches_significance_cutoffs,77,10,50,1,0.05,1.644853627,3,35,0.6,7,provably_significant,Per-suite binary success rate over 10 tasks x 50 official trials.
LIBERO,long10,Cross-Platform Scaling of Vision-Language-Action Models from Edge to Cloud GPUs,leaderboards/stat_significance_sam_export_20260522T233929/sam_libero_official_prev_sota.csv,40,libero_long10,libero_long10_prev_sota,94,90.7,3.3,percent,453.5,470,454,470,-0.5,0,python_round_nearest_even_matches_significance_cutoffs,16,10,50,1,0.05,1.644853627,3,15,0.6,3,provably_significant,Per-suite binary success rate over 10 tasks x 50 official trials.
LIBERO,long10,Decoupled Action Expert: Confining Task Knowledge to the Conditioning Pathway,leaderboards/stat_significance_sam_export_20260522T233929/sam_libero_official_prev_sota.csv,42,libero_long10,libero_long10_prev_sota,68.9,56.2,12.7,percent,281,344.5,281,344,0,0.5,python_round_nearest_even_matches_significance_cutoffs,63,10,50,1,0.05,1.644853627,3,34,0.6,6.8,provably_significant,Per-suite binary success rate over 10 tasks x 50 official trials.
LIBERO,long10,DeepThinkVLA: Enhancing Reasoning Capability of Vision-Language-Action Models,leaderboards/stat_significance_sam_export_20260522T233929/sam_libero_official_prev_sota.csv,43,libero_long10,libero_long10_prev_sota,96.2,92,4.2,percent,460,481,460,481,0,5.684341886e-14,python_round_nearest_even_matches_significance_cutoffs,21,10,50,1,0.05,1.644853627,3,14,0.6,2.8,provably_significant,Per-suite binary success rate over 10 tasks x 50 official trials.
LIBERO,long10,Dita: Scaling Diffusion Transformer for Generalist Vision-Language-Action Policy,leaderboards/stat_significance_sam_export_20260522T233929/sam_libero_official_prev_sota.csv,49,libero_long10,libero_long10_prev_sota,83.6,53.7,29.9,percent,268.5,418,268,418,0.5,0,python_round_nearest_even_matches_significance_cutoffs,150,10,50,1,0.05,1.644853627,3,35,0.6,7,provably_significant,Per-suite binary success rate over 10 tasks x 50 official trials.
LIBERO,long10,"End-to-end Listen, Look, Speak and Act",leaderboards/stat_significance_sam_export_20260522T233929/sam_libero_official_prev_sota.csv,55,libero_long10,libero_long10_prev_sota,84.4,69,15.4,percent,345,422,345,422,0,5.684341886e-14,python_round_nearest_even_matches_significance_cutoffs,77,10,50,1,0.05,1.644853627,3,28,0.6,5.6,provably_significant,Per-suite binary success rate over 10 tasks x 50 official trials.
LIBERO,long10,Fast ECoT: Efficient Embodied Chain-of-Thought via Thoughts Reuse,leaderboards/stat_significance_sam_export_20260522T233929/sam_libero_official_prev_sota.csv,60,libero_long10,libero_long10_prev_sota,69,57,12,percent,285,345,285,345,0,0,python_round_nearest_even_matches_significance_cutoffs,60,10,50,1,0.05,1.644853627,3,34,0.6,6.8,provably_significant,Per-suite binary success rate over 10 tasks x 50 official trials.
LIBERO,long10,Fine-Tuning Vision-Language-Action Models: Optimizing Speed and Success,leaderboards/stat_significance_sam_export_20260522T233929/sam_libero_official_prev_sota.csv,63,libero_long10,libero_long10_prev_sota,94.5,87.7,6.8,percent,438.5,472.5,438,472,0.5,0.5,python_round_nearest_even_matches_significance_cutoffs,34,10,50,1,0.05,1.644853627,3,18,0.6,3.6,provably_significant,Per-suite binary success rate over 10 tasks x 50 official trials.
LIBERO,long10,Hybrid Training for Vision-Language-Action Models,leaderboards/stat_significance_sam_export_20260522T233929/sam_libero_official_prev_sota.csv,75,libero_long10,libero_long10_prev_sota,89.4,84.8,4.6,percent,424,447,424,447,0,0,python_round_nearest_even_matches_significance_cutoffs,23,10,50,1,0.05,1.644853627,3,20,0.6,4,provably_significant,Per-suite binary success rate over 10 tasks x 50 official trials.
LIBERO,long10,HyperVLA: Efficient Inference in Vision-Language-Action Models via Hypernetworks,leaderboards/stat_significance_sam_export_20260522T233929/sam_libero_official_prev_sota.csv,76,libero_long10,libero_long10_prev_sota,74,54,20,percent,270,370,270,370,0,0,python_round_nearest_even_matches_significance_cutoffs,100,10,50,1,0.05,1.644853627,3,35,0.6,7,provably_significant,Per-suite binary success rate over 10 tasks x 50 official trials.
LIBERO,long10,IDAGC: Adaptive Generalized Human-Robot Collaboration via Human Intent Estimation and Multimodal Policy Learning,leaderboards/stat_significance_sam_export_20260522T233929/sam_libero_official_prev_sota.csv,77,libero_long10,libero_long10_prev_sota,91,85,6,percent,425,455,425,455,0,0,python_round_nearest_even_matches_significance_cutoffs,30,10,50,1,0.05,1.644853627,3,19,0.6,3.8,provably_significant,Per-suite binary success rate over 10 tasks x 50 official trials.
LIBERO,long10,LaDi-WM: A Latent Diffusion-based World Model for Predictive Manipulation,leaderboards/stat_significance_sam_export_20260522T233929/sam_libero_official_prev_sota.csv,82,libero_long10,libero_long10_prev_sota,68.7,53.6,15.1,percent,268,343.5,268,344,0,-0.5,python_round_nearest_even_matches_significance_cutoffs,76,10,50,1,0.05,1.644853627,3,35,0.6,7,provably_significant,Per-suite binary success rate over 10 tasks x 50 official trials.
LIBERO,long10,MAP-VLA: Memory-Augmented Prompting for Vision-Language-Action Model in Robotic Manipulation,leaderboards/stat_significance_sam_export_20260522T233929/sam_libero_official_prev_sota.csv,90,libero_long10,libero_long10_prev_sota,83.4,76.4,7,percent,382,417,382,417,0,5.684341886e-14,python_round_nearest_even_matches_significance_cutoffs,35,10,50,1,0.05,1.644853627,3,25,0.6,5,provably_significant,Per-suite binary success rate over 10 tasks x 50 official trials.
LIBERO,long10,Masked Generative Policy for Robotic Control,leaderboards/stat_significance_sam_export_20260522T233929/sam_libero_official_prev_sota.csv,92,libero_long10,libero_long10_prev_sota,82,68,14,percent,340,410,340,410,0,0,python_round_nearest_even_matches_significance_cutoffs,70,10,50,1,0.05,1.644853627,3,29,0.6,5.8,provably_significant,Per-suite binary success rate over 10 tasks x 50 official trials.
LIBERO,long10,MemoryVLA: Perceptual-Cognitive Memory in Vision-Language-Action Models for Robotic Manipulation,leaderboards/stat_significance_sam_export_20260522T233929/sam_libero_official_prev_sota.csv,93,libero_long10,libero_long10_prev_sota,93.4,88.8,4.6,percent,444,467,444,467,0,0,python_round_nearest_even_matches_significance_cutoffs,23,10,50,1,0.05,1.644853627,3,17,0.6,3.4,provably_significant,Per-suite binary success rate over 10 tasks x 50 official trials.
LIBERO,long10,NORA: A Small Open-Sourced Generalist Vision Language Action Model for Embodied Tasks,leaderboards/stat_significance_sam_export_20260522T233929/sam_libero_official_prev_sota.csv,98,libero_long10,libero_long10_prev_sota,74.6,55.5,19.1,percent,277.5,373,278,373,-0.5,0,python_round_nearest_even_matches_significance_cutoffs,95,10,50,1,0.05,1.644853627,3,34,0.6,6.8,provably_significant,Per-suite binary success rate over 10 tasks x 50 official trials.
LIBERO,long10,PixelVLA: Advancing Pixel-level Understanding in Vision-Language-Action Model,leaderboards/stat_significance_sam_export_20260522T233929/sam_libero_official_prev_sota.csv,99,libero_long10,libero_long10_prev_sota,82.6,69,13.6,percent,345,413,345,413,0,0,python_round_nearest_even_matches_significance_cutoffs,68,10,50,1,0.05,1.644853627,3,28,0.6,5.6,provably_significant,Per-suite binary success rate over 10 tasks x 50 official trials.
LIBERO,long10,RESample: A Robust Data Augmentation Framework via Exploratory Sampling for Robotic Manipulation,leaderboards/stat_significance_sam_export_20260522T233929/sam_libero_official_prev_sota.csv,102,libero_long10,libero_long10_prev_sota,87.4,79.8,7.6,percent,399,437,399,437,-5.684341886e-14,5.684341886e-14,python_round_nearest_even_matches_significance_cutoffs,38,10,50,1,0.05,1.644853627,3,23,0.6,4.6,provably_significant,Per-suite binary success rate over 10 tasks x 50 official trials.
LIBERO,long10,RLinf-VLA: A Unified and Efficient Framework for Reinforcement Learning of Vision-Language-Action Models,leaderboards/stat_significance_sam_export_20260522T233929/sam_libero_official_prev_sota.csv,106,libero_long10,libero_long10_prev_sota,93.55,11.9,81.65,percent,59.5,467.75,60,468,-0.5,-0.25,python_round_nearest_even_matches_significance_cutoffs,408,10,50,1,0.05,1.644853627,3,20,0.6,4,provably_significant,Per-suite binary success rate over 10 tasks x 50 official trials.
LIBERO,long10,Robotic VLA Benefits from Joint Learning with Motion Image Diffusion,leaderboards/stat_significance_sam_export_20260522T233929/sam_libero_official_prev_sota.csv,108,libero_long10,libero_long10_prev_sota,96.2,92.4,3.8,percent,462,481,462,481,0,5.684341886e-14,python_round_nearest_even_matches_significance_cutoffs,19,10,50,1,0.05,1.644853627,3,14,0.6,2.8,provably_significant,Per-suite binary success rate over 10 tasks x 50 official trials.
LIBERO,long10,SimpleVLA-RL: Scaling VLA Training via Reinforcement Learning,leaderboards/stat_significance_sam_export_20260522T233929/sam_libero_official_prev_sota.csv,113,libero_long10,libero_long10_prev_sota,98.5,92,6.5,percent,460,492.5,460,492,0,0.5,python_round_nearest_even_matches_significance_cutoffs,32,10,50,1,0.05,1.644853627,3,14,0.6,2.8,provably_significant,Per-suite binary success rate over 10 tasks x 50 official trials.
LIBERO,long10,STAR: Learning Diverse Robot Skill Abstractions through Rotation-Augmented Vector Quantization,leaderboards/stat_significance_sam_export_20260522T233929/sam_libero_official_prev_sota.csv,120,libero_long10,libero_long10_prev_sota,88.5,69.1,19.4,percent,345.5,442.5,346,442,-0.5,0.5,python_round_nearest_even_matches_significance_cutoffs,96,10,50,1,0.05,1.644853627,3,28,0.6,5.6,provably_significant,Per-suite binary success rate over 10 tasks x 50 official trials.
LIBERO,long10,Unified Video Action Model,leaderboards/stat_significance_sam_export_20260522T233929/sam_libero_official_prev_sota.csv,127,libero_long10,libero_long10_prev_sota,90,85,5,percent,425,450,425,450,0,0,python_round_nearest_even_matches_significance_cutoffs,25,10,50,1,0.05,1.644853627,3,19,0.6,3.8,provably_significant,Per-suite binary success rate over 10 tasks x 50 official trials.
LIBERO,long10,Unified Vision-Language-Action Model,leaderboards/stat_significance_sam_export_20260522T233929/sam_libero_official_prev_sota.csv,128,libero_long10,libero_long10_prev_sota,94,69,25,percent,345,470,345,470,0,0,python_round_nearest_even_matches_significance_cutoffs,125,10,50,1,0.05,1.644853627,3,28,0.6,5.6,provably_significant,Per-suite binary success rate over 10 tasks x 50 official trials.
LIBERO,long10,UniVLA: Learning to Act Anywhere with Task-centric Latent Actions,leaderboards/stat_significance_sam_export_20260522T233929/sam_libero_official_prev_sota.csv,129,libero_long10,libero_long10_prev_sota,92,78.6,13.4,percent,393,460,393,460,-5.684341886e-14,0,python_round_nearest_even_matches_significance_cutoffs,67,10,50,1,0.05,1.644853627,3,23,0.6,4.6,provably_significant,Per-suite binary success rate over 10 tasks x 50 official trials.
LIBERO,long10,VITA-VLA: Efficiently Teaching Vision-Language Models to Act via Action Expert Distillation,leaderboards/stat_significance_sam_export_20260522T233929/sam_libero_official_prev_sota.csv,132,libero_long10,libero_long10_prev_sota,93.5,69,24.5,percent,345,467.5,345,468,0,-0.5,python_round_nearest_even_matches_significance_cutoffs,123,10,50,1,0.05,1.644853627,3,28,0.6,5.6,provably_significant,Per-suite binary success rate over 10 tasks x 50 official trials.
LIBERO,long10,VQ-VLA: Improving Vision-Language-Action Models via Scaling Vector-Quantized Action Tokenizers,leaderboards/stat_significance_sam_export_20260522T233929/sam_libero_official_prev_sota.csv,139,libero_long10,libero_long10_prev_sota,60,51,9,percent,255,300,255,300,0,0,python_round_nearest_even_matches_significance_cutoffs,45,10,50,1,0.05,1.644853627,3,36,0.6,7.2,provably_significant,Per-suite binary success rate over 10 tasks x 50 official trials.
LIBERO,long10,X-VLA: Soft-Prompted Transformer as Scalable Cross-Embodiment Vision-Language-Action Model,leaderboards/stat_significance_sam_export_20260522T233929/sam_libero_official_prev_sota.csv,142,libero_long10,libero_long10_prev_sota,97.6,94.5,3.1,percent,472.5,488,472,488,0.5,0,python_round_nearest_even_matches_significance_cutoffs,16,10,50,1,0.05,1.644853627,3,12,0.6,2.4,provably_significant,Per-suite binary success rate over 10 tasks x 50 official trials.
LIBERO,long10,Action Draft and Verify: A Self-Verifying Framework for Vision-Language-Action Model,leaderboards/stat_significance_sam_export_20260522T233929/sam_libero_official_prev_sota.csv,148,libero_long10,libero_long10_prev_sota,97.6,93,4.6,percent,465,488,465,488,0,0,python_round_nearest_even_matches_significance_cutoffs,23,10,50,1,0.05,1.644853627,3,13,0.6,2.6,provably_significant,Per-suite binary success rate over 10 tasks x 50 official trials.
LIBERO,long10,ActionCodec: What Makes for Good Action Tokenizers,leaderboards/stat_significance_sam_export_20260522T233929/sam_libero_official_prev_sota.csv,149,libero_long10,libero_long10_prev_sota,94.8,87.6,7.2,percent,438,474,438,474,-5.684341886e-14,0,python_round_nearest_even_matches_significance_cutoffs,36,10,50,1,0.05,1.644853627,3,18,0.6,3.6,provably_significant,Per-suite binary success rate over 10 tasks x 50 official trials.
LIBERO,long10,AtomicVLA: Unlocking the Potential of Atomic Skill Learning in Robots,leaderboards/stat_significance_sam_export_20260522T233929/sam_libero_official_prev_sota.csv,155,libero_long10,libero_long10_prev_sota,96.2,92.4,3.8,percent,462,481,462,481,0,5.684341886e-14,python_round_nearest_even_matches_significance_cutoffs,19,10,50,1,0.05,1.644853627,3,14,0.6,2.8,provably_significant,Per-suite binary success rate over 10 tasks x 50 official trials.
LIBERO,long10,AtomVLA: Scalable Post-Training for Robotic Manipulation via Predictive Latent World Models,leaderboards/stat_significance_sam_export_20260522T233929/sam_libero_official_prev_sota.csv,156,libero_long10,libero_long10_prev_sota,94.4,89.6,4.8,percent,448,472,448,472,-5.684341886e-14,5.684341886e-14,python_round_nearest_even_matches_significance_cutoffs,24,10,50,1,0.05,1.644853627,3,16,0.6,3.2,provably_significant,Per-suite binary success rate over 10 tasks x 50 official trials.
LIBERO,long10,CLAP: Contrastive Latent Action Pretraining for Learning Vision-Language-Action Models from Human Videos,leaderboards/stat_significance_sam_export_20260522T233929/sam_libero_official_prev_sota.csv,165,libero_long10,libero_long10_prev_sota,82,77,5,percent,385,410,385,410,0,0,python_round_nearest_even_matches_significance_cutoffs,25,10,50,1,0.05,1.644853627,3,24,0.6,4.8,provably_significant,Per-suite binary success rate over 10 tasks x 50 official trials.
LIBERO,long10,Cosmos Policy: Fine-Tuning Video Models for Visuomotor Control and Planning,leaderboards/stat_significance_sam_export_20260522T233929/sam_libero_official_prev_sota.csv,170,libero_long10,libero_long10_prev_sota,97.6,95.4,2.2,percent,477,488,477,488,5.684341886e-14,0,python_round_nearest_even_matches_significance_cutoffs,11,10,50,1,0.05,1.644853627,3,10,0.6,2,provably_significant,Per-suite binary success rate over 10 tasks x 50 official trials.
LIBERO,long10,CycleVLA: Proactive Self-Correcting Vision-Language-Action Models via Subtask Backtracking and Minimum Bayes Risk Decoding,leaderboards/stat_significance_sam_export_20260522T233929/sam_libero_official_prev_sota.csv,172,libero_long10,libero_long10_prev_sota,93.6,90.6,3,percent,453,468,453,468,-5.684341886e-14,0,python_round_nearest_even_matches_significance_cutoffs,15,10,50,1,0.05,1.644853627,3,15,0.6,3,provably_significant,Per-suite binary success rate over 10 tasks x 50 official trials.
LIBERO,long10,DiT4DiT: Jointly Modeling Video Dynamics and Actions for Generalizable Robot Control,leaderboards/stat_significance_sam_export_20260522T233929/sam_libero_official_prev_sota.csv,176,libero_long10,libero_long10_prev_sota,97.6,95.4,2.2,percent,477,488,477,488,5.684341886e-14,0,python_round_nearest_even_matches_significance_cutoffs,11,10,50,1,0.05,1.644853627,3,10,0.6,2,provably_significant,Per-suite binary success rate over 10 tasks x 50 official trials.
LIBERO,long10,Hierarchical Latent Action Model,leaderboards/stat_significance_sam_export_20260522T233929/sam_libero_official_prev_sota.csv,193,libero_long10,libero_long10_prev_sota,94,91,3,percent,455,470,455,470,0,0,python_round_nearest_even_matches_significance_cutoffs,15,10,50,1,0.05,1.644853627,3,15,0.6,3,provably_significant,Per-suite binary success rate over 10 tasks x 50 official trials.
LIBERO,long10,JEPA-VLA: Video Predictive Embedding is Needed for VLA Models,leaderboards/stat_significance_sam_export_20260522T233929/sam_libero_official_prev_sota.csv,196,libero_long10,libero_long10_prev_sota,94.8,90.7,4.1,percent,453.5,474,454,474,-0.5,0,python_round_nearest_even_matches_significance_cutoffs,20,10,50,1,0.05,1.644853627,3,15,0.6,3,provably_significant,Per-suite binary success rate over 10 tasks x 50 official trials.
LIBERO,long10,LaMP: Learning Vision-Language-Action Policies with 3D Scene Flow as Latent Motion Prior,leaderboards/stat_significance_sam_export_20260522T233929/sam_libero_official_prev_sota.csv,199,libero_long10,libero_long10_prev_sota,96.7,94.5,2.2,percent,472.5,483.5,472,484,0.5,-0.5,python_round_nearest_even_matches_significance_cutoffs,12,10,50,1,0.05,1.644853627,3,12,0.6,2.4,provably_significant,Per-suite binary success rate over 10 tasks x 50 official trials.
LIBERO,long10,Learning Diffusion Policy from Primitive Skills for Robot Manipulation,leaderboards/stat_significance_sam_export_20260522T233929/sam_libero_official_prev_sota.csv,205,libero_long10,libero_long10_prev_sota,93.8,87.5,6.3,percent,437.5,469,438,469,-0.5,0,python_round_nearest_even_matches_significance_cutoffs,31,10,50,1,0.05,1.644853627,3,18,0.6,3.6,provably_significant,Per-suite binary success rate over 10 tasks x 50 official trials.
LIBERO,long10,$M^2$-VLA: Boosting Vision-Language Models for Generalizable Manipulation via Layer Mixture and Meta-Skills,leaderboards/stat_significance_sam_export_20260522T233929/sam_libero_official_prev_sota.csv,210,libero_long10,libero_long10_prev_sota,87,82,5,percent,410,435,410,435,0,0,python_round_nearest_even_matches_significance_cutoffs,25,10,50,1,0.05,1.644853627,3,21,0.6,4.2,provably_significant,Per-suite binary success rate over 10 tasks x 50 official trials.
LIBERO,long10,MVP-LAM: Learning Action-Centric Latent Action via Cross-Viewpoint Reconstruction,leaderboards/stat_significance_sam_export_20260522T233929/sam_libero_official_prev_sota.csv,214,libero_long10,libero_long10_prev_sota,90.8,85.2,5.6,percent,426,454,426,454,0,-5.684341886e-14,python_round_nearest_even_matches_significance_cutoffs,28,10,50,1,0.05,1.644853627,3,19,0.6,3.8,provably_significant,Per-suite binary success rate over 10 tasks x 50 official trials.
LIBERO,long10,OAT: Ordered Action Tokenization,leaderboards/stat_significance_sam_export_20260522T233929/sam_libero_official_prev_sota.csv,217,libero_long10,libero_long10_prev_sota,56.3,48.2,8.1,percent,241,281.5,241,282,2.842170943e-14,-0.5,python_round_nearest_even_matches_significance_cutoffs,41,10,50,1,0.05,1.644853627,3,37,0.6,7.4,provably_significant,Per-suite binary success rate over 10 tasks x 50 official trials.
LIBERO,long10,PALM: Progress-Aware Policy Learning via Affordance Reasoning for Long-Horizon Robotic Manipulation,leaderboards/stat_significance_sam_export_20260522T233929/sam_libero_official_prev_sota.csv,221,libero_long10,libero_long10_prev_sota,91.8,69,22.8,percent,345,459,345,459,0,-5.684341886e-14,python_round_nearest_even_matches_significance_cutoffs,114,10,50,1,0.05,1.644853627,3,28,0.6,5.6,provably_significant,Per-suite binary success rate over 10 tasks x 50 official trials.
LIBERO,long10,Pri4R: Learning World Dynamics for Vision-Language-Action Models with Privileged 4D Representation,leaderboards/stat_significance_sam_export_20260522T233929/sam_libero_official_prev_sota.csv,224,libero_long10,libero_long10_prev_sota,95.3,90.5,4.8,percent,452.5,476.5,452,476,0.5,0.5,python_round_nearest_even_matches_significance_cutoffs,24,10,50,1,0.05,1.644853627,3,15,0.6,3,provably_significant,Per-suite binary success rate over 10 tasks x 50 official trials.
LIBERO,long10,QuantVLA: Scale-Calibrated Post-Training Quantization for Vision-Language-Action Models,leaderboards/stat_significance_sam_export_20260522T233929/sam_libero_official_prev_sota.csv,227,libero_long10,libero_long10_prev_sota,96,93.5,2.5,percent,467.5,480,468,480,-0.5,0,python_round_nearest_even_matches_significance_cutoffs,12,10,50,1,0.05,1.644853627,3,12,0.6,2.4,provably_significant,Per-suite binary success rate over 10 tasks x 50 official trials.
LIBERO,long10,Recurrent-Depth VLA: Implicit Test-Time Compute Scaling of Vision-Language-Action Models via Latent Iterative Reasoning,leaderboards/stat_significance_sam_export_20260522T233929/sam_libero_official_prev_sota.csv,229,libero_long10,libero_long10_prev_sota,84.8,79.4,5.4,percent,397,424,397,424,0,0,python_round_nearest_even_matches_significance_cutoffs,27,10,50,1,0.05,1.644853627,3,23,0.6,4.6,provably_significant,Per-suite binary success rate over 10 tasks x 50 official trials.
LIBERO,long10,Reshaping Action Error Distributions for Reliable Vision-Language-Action Models,leaderboards/stat_significance_sam_export_20260522T233929/sam_libero_official_prev_sota.csv,231,libero_long10,libero_long10_prev_sota,95.6,92.8,2.8,percent,464,478,464,478,-5.684341886e-14,0,python_round_nearest_even_matches_significance_cutoffs,14,10,50,1,0.05,1.644853627,3,13,0.6,2.6,provably_significant,Per-suite binary success rate over 10 tasks x 50 official trials.
LIBERO,long10,"Rethinking Visual-Language-Action Model Scaling: Alignment, Mixture, and Regularization",leaderboards/stat_significance_sam_export_20260522T233929/sam_libero_official_prev_sota.csv,234,libero_long10,libero_long10_prev_sota,98.2,92.4,5.8,percent,462,491,462,491,0,0,python_round_nearest_even_matches_significance_cutoffs,29,10,50,1,0.05,1.644853627,3,14,0.6,2.8,provably_significant,Per-suite binary success rate over 10 tasks x 50 official trials.
LIBERO,long10,SaiVLA-0: Cerebrum--Pons--Cerebellum Tripartite Architecture for Compute-Aware Vision-Language-Action,leaderboards/stat_significance_sam_export_20260522T233929/sam_libero_official_prev_sota.csv,241,libero_long10,libero_long10_prev_sota,97.8,94.5,3.3,percent,472.5,489,472,489,0.5,0,python_round_nearest_even_matches_significance_cutoffs,17,10,50,1,0.05,1.644853627,3,12,0.6,2.4,provably_significant,Per-suite binary success rate over 10 tasks x 50 official trials.
LIBERO,long10,"See, Plan, Rewind: Progress-Aware Vision-Language-Action Models for Robust Robotic Manipulation",leaderboards/stat_significance_sam_export_20260522T233929/sam_libero_official_prev_sota.csv,243,libero_long10,libero_long10_prev_sota,85.4,77.2,8.2,percent,386,427,386,427,0,5.684341886e-14,python_round_nearest_even_matches_significance_cutoffs,41,10,50,1,0.05,1.644853627,3,24,0.6,4.8,provably_significant,Per-suite binary success rate over 10 tasks x 50 official trials.
LIBERO,long10,Stable Language Guidance for Vision-Language-Action Models,leaderboards/stat_significance_sam_export_20260522T233929/sam_libero_official_prev_sota.csv,252,libero_long10,libero_long10_prev_sota,92.8,89.6,3.2,percent,448,464,448,464,-5.684341886e-14,-5.684341886e-14,python_round_nearest_even_matches_significance_cutoffs,16,10,50,1,0.05,1.644853627,3,16,0.6,3.2,provably_significant,Per-suite binary success rate over 10 tasks x 50 official trials.
LIBERO,long10,Thinking in Text and Images: Interleaved Vision--Language Reasoning Traces for Long-Horizon Robot Manipulation,leaderboards/stat_significance_sam_export_20260522T233929/sam_libero_official_prev_sota.csv,261,libero_long10,libero_long10_prev_sota,92.4,87.6,4.8,percent,438,462,438,462,-5.684341886e-14,0,python_round_nearest_even_matches_significance_cutoffs,24,10,50,1,0.05,1.644853627,3,18,0.6,3.6,provably_significant,Per-suite binary success rate over 10 tasks x 50 official trials.
LIBERO,long10,VLA-ATTC: Adaptive Test-Time Compute for VLA Models with Relative Action Critic Model,leaderboards/stat_significance_sam_export_20260522T233929/sam_libero_official_prev_sota.csv,270,libero_long10,libero_long10_prev_sota,94,90.6,3.4,percent,453,470,453,470,-5.684341886e-14,0,python_round_nearest_even_matches_significance_cutoffs,17,10,50,1,0.05,1.644853627,3,15,0.6,3,provably_significant,Per-suite binary success rate over 10 tasks x 50 official trials.
LIBERO,long10,VLA-Thinker: Boosting Vision-Language-Action Models through Thinking-with-Image Reasoning,leaderboards/stat_significance_sam_export_20260522T233929/sam_libero_official_prev_sota.csv,276,libero_long10,libero_long10_prev_sota,96.9,94,2.9,percent,470,484.5,470,485,0,-0.5,python_round_nearest_even_matches_significance_cutoffs,15,10,50,1,0.05,1.644853627,3,12,0.6,2.4,provably_significant,Per-suite binary success rate over 10 tasks x 50 official trials.
LIBERO,long10,VolumeDP: Modeling Volumetric Representation for Manipulation Policy Learning,leaderboards/stat_significance_sam_export_20260522T233929/sam_libero_official_prev_sota.csv,277,libero_long10,libero_long10_prev_sota,78.7,57.6,21.1,percent,288,393.5,288,394,5.684341886e-14,-0.5,python_round_nearest_even_matches_significance_cutoffs,106,10,50,1,0.05,1.644853627,3,33,0.6,6.6,provably_significant,Per-suite binary success rate over 10 tasks x 50 official trials.
LIBERO,long10,WoVR: World Models as Reliable Simulators for Post-Training VLA Policies with RL,leaderboards/stat_significance_sam_export_20260522T233929/sam_libero_official_prev_sota.csv,282,libero_long10,libero_long10_prev_sota,35.8,14.5,21.3,percent,72.5,179,72,179,0.5,0,python_round_nearest_even_matches_significance_cutoffs,107,10,50,1,0.05,1.644853627,3,22,0.6,4.4,provably_significant,Per-suite binary success rate over 10 tasks x 50 official trials.
LIBERO,long10,Xiaomi-Robotics-0: An Open-Sourced Vision-Language-Action Model with Real-Time Execution,leaderboards/stat_significance_sam_export_20260522T233929/sam_libero_official_prev_sota.csv,283,libero_long10,libero_long10_prev_sota,97.2,94.9,2.3,percent,474.5,486,475,486,-0.5,0,python_round_nearest_even_matches_significance_cutoffs,11,10,50,1,0.05,1.644853627,3,11,0.6,2.2,provably_significant,Per-suite binary success rate over 10 tasks x 50 official trials.
LIBERO,long10,One Token Per Frame: Reconsidering Visual Bandwidth in World Models for VLA Policy,leaderboards/stat_significance_sam_export_20260522T233929/sam_libero_official_prev_sota.csv,285,libero_long10,libero_long10_prev_sota,95.6,92.4,3.2,percent,462,478,462,478,0,0,python_round_nearest_even_matches_significance_cutoffs,16,10,50,1,0.05,1.644853627,3,14,0.6,2.8,provably_significant,Per-suite binary success rate over 10 tasks x 50 official trials.
LIBERO,long10,TAG: Target-Agnostic Guidance for Stable Object-Centric Inference in Vision-Language-Action Models,leaderboards/stat_significance_sam_export_20260522T233929/sam_libero_official_prev_sota.csv,289,libero_long10,libero_long10_prev_sota,97,94.4,2.6,percent,472,485,472,485,5.684341886e-14,0,python_round_nearest_even_matches_significance_cutoffs,13,10,50,1,0.05,1.644853627,3,12,0.6,2.4,provably_significant,Per-suite binary success rate over 10 tasks x 50 official trials.
LIBERO,long10,HBVLA: Pushing 1-Bit Post-Training Quantization for Vision-Language-Action Models,leaderboards/stat_significance_sam_export_20260522T233929/sam_libero_official_prev_sota.csv,293,libero_long10,libero_long10_prev_sota,82.7,62,20.7,percent,310,413.5,310,414,0,-0.5,python_round_nearest_even_matches_significance_cutoffs,104,10,50,1,0.05,1.644853627,3,31,0.6,6.2,provably_significant,Per-suite binary success rate over 10 tasks x 50 official trials.
LIBERO,long10,VAT: Vision Action Transformer by Unlocking Full Representation of ViT,leaderboards/stat_significance_sam_export_20260522T233929/sam_libero_official_prev_sota.csv,295,libero_long10,libero_long10_prev_sota,96.8,94.5,2.3,percent,472.5,484,472,484,0.5,0,python_round_nearest_even_matches_significance_cutoffs,12,10,50,1,0.05,1.644853627,3,12,0.6,2.4,provably_significant,Per-suite binary success rate over 10 tasks x 50 official trials.
LIBERO,long10,Expertise Need Not Monopolize: Action-Specialized Mixture of Experts for Vision-Language-Action Learning,leaderboards/stat_significance_sam_export_20260522T233929/sam_libero_official_prev_sota.csv,299,libero_long10,libero_long10_prev_sota,92,85.2,6.8,percent,426,460,426,460,0,0,python_round_nearest_even_matches_significance_cutoffs,34,10,50,1,0.05,1.644853627,3,19,0.6,3.8,provably_significant,Per-suite binary success rate over 10 tasks x 50 official trials.
LIBERO,long10,VGGT-$\Omega$,leaderboards/stat_significance_sam_export_20260522T233929/sam_libero_official_prev_sota.csv,301,libero_long10,libero_long10_prev_sota,96.7,94.5,2.2,percent,472.5,483.5,472,484,0.5,-0.5,python_round_nearest_even_matches_significance_cutoffs,12,10,50,1,0.05,1.644853627,3,12,0.6,2.4,provably_significant,Per-suite binary success rate over 10 tasks x 50 official trials.
LIBERO,long10,IntentVLA: Short-Horizon Intent Modeling for Aliased Robot Manipulation,leaderboards/stat_significance_sam_export_20260522T233929/sam_libero_official_prev_sota.csv,302,libero_long10,libero_long10_prev_sota,97.4,95.4,2,percent,477,487,477,487,5.684341886e-14,5.684341886e-14,python_round_nearest_even_matches_significance_cutoffs,10,10,50,1,0.05,1.644853627,3,10,0.6,2,provably_significant,Per-suite binary success rate over 10 tasks x 50 official trials.
LIBERO,long10,BlockVLA: Accelerating Autoregressive VLA via Block Diffusion Finetuning,leaderboards/stat_significance_sam_export_20260522T233929/sam_libero_official_prev_sota.csv,303,libero_long10,libero_long10_prev_sota,85.2,53.7,31.5,percent,268.5,426,268,426,0.5,0,python_round_nearest_even_matches_significance_cutoffs,158,10,50,1,0.05,1.644853627,3,35,0.6,7,provably_significant,Per-suite binary success rate over 10 tasks x 50 official trials.
LIBERO,long10,From Imagined Futures to Executable Actions: Mixture of Latent Actions for Robot Manipulation,leaderboards/stat_significance_sam_export_20260522T233929/sam_libero_official_prev_sota.csv,312,libero_long10,libero_long10_prev_sota,96,91.5,4.5,percent,457.5,480,458,480,-0.5,0,python_round_nearest_even_matches_significance_cutoffs,22,10,50,1,0.05,1.644853627,3,14,0.6,2.8,provably_significant,Per-suite binary success rate over 10 tasks x 50 official trials.
LIBERO,long10,PriorVLA: Prior-Preserving Adaptation for Vision-Language-Action Models,leaderboards/stat_significance_sam_export_20260522T233929/sam_libero_official_prev_sota.csv,315,libero_long10,libero_long10_prev_sota,97.6,94.5,3.1,percent,472.5,488,472,488,0.5,0,python_round_nearest_even_matches_significance_cutoffs,16,10,50,1,0.05,1.644853627,3,12,0.6,2.4,provably_significant,Per-suite binary success rate over 10 tasks x 50 official trials.
LIBERO,long10,ForgeVLA: Federated Vision-Language-Action Learning without Language Annotations,leaderboards/stat_significance_sam_export_20260522T233929/sam_libero_official_prev_sota.csv,320,libero_long10,libero_long10_prev_sota,63.6,52.8,10.8,percent,264,318,264,318,0,0,python_round_nearest_even_matches_significance_cutoffs,54,10,50,1,0.05,1.644853627,3,35,0.6,7,provably_significant,Per-suite binary success rate over 10 tasks x 50 official trials.
LIBERO,long10,Failing Forward: Adaptive Failure-Informed Learning for Vision-Language-Action Models,leaderboards/stat_significance_sam_export_20260522T233929/sam_libero_official_prev_sota.csv,321,libero_long10,libero_long10_prev_sota,95.8,92.4,3.4,percent,462,479,462,479,0,0,python_round_nearest_even_matches_significance_cutoffs,17,10,50,1,0.05,1.644853627,3,14,0.6,2.8,provably_significant,Per-suite binary success rate over 10 tasks x 50 official trials.
CALVIN,abc_d_atc,Disentangled Robot Learning via Separate Forward and Inverse Dynamics Pretraining,leaderboards/stat_significance_sam_export_20260522T233929/sam_calvin_abc_d_official_prev_sota.csv,11,calvin_abc_d_atc,calvin_abc_d_prev_sota_atc,4.51,4.33,0.18,raw_atc,4330,4510,4330,4510,0,0,python_round_nearest_even_matches_significance_cutoffs,180,1,1000,5,0.05,1.644853627,3,128,0.003,0.128,provably_significant,Aggregate ABC-D average-tasks-completed score over 1000 sequences; each sequence contributes 0..5.
CALVIN,abc_d_atc,Global Prior Meets Local Consistency: Dual-Memory Augmented Vision-Language-Action Model for Efficient Robotic Manipulation,leaderboards/stat_significance_sam_export_20260522T233929/sam_calvin_abc_d_official_prev_sota.csv,17,calvin_abc_d_atc,calvin_abc_d_prev_sota_atc,4.45,4.29,0.16,raw_atc,4290,4450,4290,4450,0,0,python_round_nearest_even_matches_significance_cutoffs,160,1,1000,5,0.05,1.644853627,3,132,0.003,0.132,provably_significant,Aggregate ABC-D average-tasks-completed score over 1000 sequences; each sequence contributes 0..5.
CALVIN,abc_d_atc,Learning Diffusion Policy from Primitive Skills for Robot Manipulation,leaderboards/stat_significance_sam_export_20260522T233929/sam_calvin_abc_d_official_prev_sota.csv,20,calvin_abc_d_atc,calvin_abc_d_prev_sota_atc,4.49,3.92,0.57,raw_atc,3920,4490,3920,4490,0,0,python_round_nearest_even_matches_significance_cutoffs,570,1,1000,5,0.05,1.644853627,3,165,0.003,0.165,provably_significant,Aggregate ABC-D average-tasks-completed score over 1000 sequences; each sequence contributes 0..5.
CALVIN,abc_d_atc,MMaDA-VLA: Large Diffusion Vision-Language-Action Model with Unified Multi-Modal Instruction and Generation,leaderboards/stat_significance_sam_export_20260522T233929/sam_calvin_abc_d_official_prev_sota.csv,21,calvin_abc_d_atc,calvin_abc_d_prev_sota_atc,4.78,4.44,0.34,raw_atc,4440,4780,4440,4780,0,0,python_round_nearest_even_matches_significance_cutoffs,340,1,1000,5,0.05,1.644853627,3,117,0.003,0.117,provably_significant,Aggregate ABC-D average-tasks-completed score over 1000 sequences; each sequence contributes 0..5.
CALVIN,abc_d_atc,MultihopSpatial: Multi-hop Compositional Spatial Reasoning Benchmark for Vision-Language Model,leaderboards/stat_significance_sam_export_20260522T233929/sam_calvin_abc_d_official_prev_sota.csv,22,calvin_abc_d_atc,calvin_abc_d_prev_sota_atc,3.98,3.75,0.23,raw_atc,3750,3980,3750,3980,0,0,python_round_nearest_even_matches_significance_cutoffs,230,1,1000,5,0.05,1.644853627,3,178,0.003,0.178,provably_significant,Aggregate ABC-D average-tasks-completed score over 1000 sequences; each sequence contributes 0..5.
CALVIN,abc_d_atc,NS-VLA: Towards Neuro-Symbolic Vision-Language-Action Models,leaderboards/stat_significance_sam_export_20260522T233929/sam_calvin_abc_d_official_prev_sota.csv,24,calvin_abc_d_atc,calvin_abc_d_prev_sota_atc,4.72,4.5,0.22,raw_atc,4500,4720,4500,4720,0,0,python_round_nearest_even_matches_significance_cutoffs,220,1,1000,5,0.05,1.644853627,3,110,0.003,0.11,provably_significant,Aggregate ABC-D average-tasks-completed score over 1000 sequences; each sequence contributes 0..5.
CALVIN,abc_d_atc,Rethinking the Practicality of Vision-language-action Model: A Comprehensive Benchmark and An Improved Baseline,leaderboards/stat_significance_sam_export_20260522T233929/sam_calvin_abc_d_official_prev_sota.csv,28,calvin_abc_d_atc,calvin_abc_d_prev_sota_atc,3.68,3.42,0.26,raw_atc,3420,3680,3420,3680,0,0,python_round_nearest_even_matches_significance_cutoffs,260,1,1000,5,0.05,1.644853627,3,200,0.003,0.2,provably_significant,Aggregate ABC-D average-tasks-completed score over 1000 sequences; each sequence contributes 0..5.
CALVIN,abc_d_atc,VAMPO: Policy Optimization for Improving Visual Dynamics in Video Action Models,leaderboards/stat_significance_sam_export_20260522T233929/sam_calvin_abc_d_official_prev_sota.csv,36,calvin_abc_d_atc,calvin_abc_d_prev_sota_atc,4.56,4.37,0.19,raw_atc,4370,4560,4370,4560,0,0,python_round_nearest_even_matches_significance_cutoffs,190,1,1000,5,0.05,1.644853627,3,124,0.003,0.124,provably_significant,Aggregate ABC-D average-tasks-completed score over 1000 sequences; each sequence contributes 0..5.
CALVIN,abc_d_atc,VLM4VLA: Revisiting Vision-Language-Models in Vision-Language-Action Models,leaderboards/stat_significance_sam_export_20260522T233929/sam_calvin_abc_d_official_prev_sota.csv,40,calvin_abc_d_atc,calvin_abc_d_prev_sota_atc,4.142,3.509,0.633,raw_atc,3509,4142,3509,4142,0,0,python_round_nearest_even_matches_significance_cutoffs,633,1,1000,5,0.05,1.644853627,3,194,0.003,0.194,provably_significant,Aggregate ABC-D average-tasks-completed score over 1000 sequences; each sequence contributes 0..5.
CALVIN,abc_d_atc,Xiaomi-Robotics-0: An Open-Sourced Vision-Language-Action Model with Real-Time Execution,leaderboards/stat_significance_sam_export_20260522T233929/sam_calvin_abc_d_official_prev_sota.csv,42,calvin_abc_d_atc,calvin_abc_d_prev_sota_atc,4.75,4.53,0.22,raw_atc,4530,4750,4530,4750,0,0,python_round_nearest_even_matches_significance_cutoffs,220,1,1000,5,0.05,1.644853627,3,107,0.003,0.107,provably_significant,Aggregate ABC-D average-tasks-completed score over 1000 sequences; each sequence contributes 0..5.
CALVIN,abc_d_atc,ADPro: a Test-time Adaptive Diffusion Policy via Manifold-constrained Denoising and Task-aware Initialization for Robotic Manipulation,leaderboards/stat_significance_sam_export_20260522T233929/sam_calvin_abc_d_official_prev_sota.csv,44,calvin_abc_d_atc,calvin_abc_d_prev_sota_atc,3.64,3.35,0.29,raw_atc,3350,3640,3350,3640,0,0,python_round_nearest_even_matches_significance_cutoffs,290,1,1000,5,0.05,1.644853627,3,205,0.003,0.205,provably_significant,Aggregate ABC-D average-tasks-completed score over 1000 sequences; each sequence contributes 0..5.
CALVIN,abc_d_atc,AR-VRM: Imitating Human Motions for Visual Robot Manipulation with Analogical Reasoning,leaderboards/stat_significance_sam_export_20260522T233929/sam_calvin_abc_d_official_prev_sota.csv,45,calvin_abc_d_atc,calvin_abc_d_prev_sota_atc,3.29,3.06,0.23,raw_atc,3060,3290,3060,3290,0,0,python_round_nearest_even_matches_significance_cutoffs,230,1,1000,5,0.05,1.644853627,3,223,0.003,0.223,provably_significant,Aggregate ABC-D average-tasks-completed score over 1000 sequences; each sequence contributes 0..5.
CALVIN,abc_d_atc,Autoregressive Flow Matching for Motion Prediction,leaderboards/stat_significance_sam_export_20260522T233929/sam_calvin_abc_d_official_prev_sota.csv,46,calvin_abc_d_atc,calvin_abc_d_prev_sota_atc,3.74,3.31,0.43,raw_atc,3310,3740,3310,3740,0,0,python_round_nearest_even_matches_significance_cutoffs,430,1,1000,5,0.05,1.644853627,3,207,0.003,0.207,provably_significant,Aggregate ABC-D average-tasks-completed score over 1000 sequences; each sequence contributes 0..5.
CALVIN,abc_d_atc,AVA-VLA: Improving Vision-Language-Action models with Active Visual Attention,leaderboards/stat_significance_sam_export_20260522T233929/sam_calvin_abc_d_official_prev_sota.csv,47,calvin_abc_d_atc,calvin_abc_d_prev_sota_atc,4.65,4.53,0.12,raw_atc,4530,4650,4530,4650,0,0,python_round_nearest_even_matches_significance_cutoffs,120,1,1000,5,0.05,1.644853627,3,107,0.003,0.107,provably_significant,Aggregate ABC-D average-tasks-completed score over 1000 sequences; each sequence contributes 0..5.
CALVIN,abc_d_atc,CoMo: Learning Continuous Latent Motion from Internet Videos for Scalable Robot Learning,leaderboards/stat_significance_sam_export_20260522T233929/sam_calvin_abc_d_official_prev_sota.csv,50,calvin_abc_d_atc,calvin_abc_d_prev_sota_atc,3.247,2.255,0.992,raw_atc,2255,3247,2255,3247,0,0,python_round_nearest_even_matches_significance_cutoffs,992,1,1000,5,0.05,1.644853627,3,254,0.003,0.254,provably_significant,Aggregate ABC-D average-tasks-completed score over 1000 sequences; each sequence contributes 0..5.
CALVIN,abc_d_atc,Dexbotic: Open-Source Vision-Language-Action Toolbox,leaderboards/stat_significance_sam_export_20260522T233929/sam_calvin_abc_d_official_prev_sota.csv,51,calvin_abc_d_atc,calvin_abc_d_prev_sota_atc,4.063,3.47,0.593,raw_atc,3470,4063,3470,4063,0,-4.547473509e-13,python_round_nearest_even_matches_significance_cutoffs,593,1,1000,5,0.05,1.644853627,3,197,0.003,0.197,provably_significant,Aggregate ABC-D average-tasks-completed score over 1000 sequences; each sequence contributes 0..5.
CALVIN,abc_d_atc,DISCO: Language-Guided Manipulation With Diffusion Policies and Constrained Inpainting,leaderboards/stat_significance_sam_export_20260522T233929/sam_calvin_abc_d_official_prev_sota.csv,53,calvin_abc_d_atc,calvin_abc_d_prev_sota_atc,3.57,3.27,0.3,raw_atc,3270,3570,3270,3570,0,0,python_round_nearest_even_matches_significance_cutoffs,300,1,1000,5,0.05,1.644853627,3,210,0.003,0.21,provably_significant,Aggregate ABC-D average-tasks-completed score over 1000 sequences; each sequence contributes 0..5.
CALVIN,abc_d_atc,DreamVLA: A Vision-Language-Action Model Dreamed with Comprehensive World Knowledge,leaderboards/stat_significance_sam_export_20260522T233929/sam_calvin_abc_d_official_prev_sota.csv,55,calvin_abc_d_atc,calvin_abc_d_prev_sota_atc,4.44,4.29,0.15,raw_atc,4290,4440,4290,4440,0,0,python_round_nearest_even_matches_significance_cutoffs,150,1,1000,5,0.05,1.644853627,3,132,0.003,0.132,provably_significant,Aggregate ABC-D average-tasks-completed score over 1000 sequences; each sequence contributes 0..5.
CALVIN,abc_d_atc,EL3DD: Extended Latent 3D Diffusion for Language Conditioned Multitask Manipulation,leaderboards/stat_significance_sam_export_20260522T233929/sam_calvin_abc_d_official_prev_sota.csv,56,calvin_abc_d_atc,calvin_abc_d_prev_sota_atc,4.09,3.34,0.75,raw_atc,3340,4090,3340,4090,0,0,python_round_nearest_even_matches_significance_cutoffs,750,1,1000,5,0.05,1.644853627,3,206,0.003,0.206,provably_significant,Aggregate ABC-D average-tasks-completed score over 1000 sequences; each sequence contributes 0..5.
CALVIN,abc_d_atc,FLOWER: Democratizing Generalist Robot Policies with Efficient Vision-Language-Action Flow Policies,leaderboards/stat_significance_sam_export_20260522T233929/sam_calvin_abc_d_official_prev_sota.csv,58,calvin_abc_d_atc,calvin_abc_d_prev_sota_atc,4.53,4.29,0.24,raw_atc,4290,4530,4290,4530,0,0,python_round_nearest_even_matches_significance_cutoffs,240,1,1000,5,0.05,1.644853627,3,132,0.003,0.132,provably_significant,Aggregate ABC-D average-tasks-completed score over 1000 sequences; each sequence contributes 0..5.
CALVIN,abc_d_atc,GR-MG: Leveraging Partially-Annotated Data via Multi-Modal Goal-Conditioned Policy,leaderboards/stat_significance_sam_export_20260522T233929/sam_calvin_abc_d_official_prev_sota.csv,63,calvin_abc_d_atc,calvin_abc_d_prev_sota_atc,4.04,3.35,0.69,raw_atc,3350,4040,3350,4040,0,0,python_round_nearest_even_matches_significance_cutoffs,690,1,1000,5,0.05,1.644853627,3,205,0.003,0.205,provably_significant,Aggregate ABC-D average-tasks-completed score over 1000 sequences; each sequence contributes 0..5.
CALVIN,abc_d_atc,LLaDA-VLA: Vision Language Diffusion Action Models,leaderboards/stat_significance_sam_export_20260522T233929/sam_calvin_abc_d_official_prev_sota.csv,65,calvin_abc_d_atc,calvin_abc_d_prev_sota_atc,4.01,3.27,0.74,raw_atc,3270,4010,3270,4010,0,0,python_round_nearest_even_matches_significance_cutoffs,740,1,1000,5,0.05,1.644853627,3,210,0.003,0.21,provably_significant,Aggregate ABC-D average-tasks-completed score over 1000 sequences; each sequence contributes 0..5.
CALVIN,abc_d_atc,MoWM: Mixture-of-World-Models for Embodied Planning via Latent-to-Pixel Feature Modulation,leaderboards/stat_significance_sam_export_20260522T233929/sam_calvin_abc_d_official_prev_sota.csv,66,calvin_abc_d_atc,calvin_abc_d_prev_sota_atc,4.1,3.92,0.18,raw_atc,3920,4100,3920,4100,0,0,python_round_nearest_even_matches_significance_cutoffs,180,1,1000,5,0.05,1.644853627,3,165,0.003,0.165,provably_significant,Aggregate ABC-D average-tasks-completed score over 1000 sequences; each sequence contributes 0..5.
CALVIN,abc_d_atc,$\pi_\texttt{RL}$: Online RL Fine-tuning for Flow-based Vision-Language-Action Models,leaderboards/stat_significance_sam_export_20260522T233929/sam_calvin_abc_d_official_prev_sota.csv,67,calvin_abc_d_atc,calvin_abc_d_prev_sota_atc,4.717,3.838,0.879,raw_atc,3838,4717,3838,4717,0,0,python_round_nearest_even_matches_significance_cutoffs,879,1,1000,5,0.05,1.644853627,3,171,0.003,0.171,provably_significant,Aggregate ABC-D average-tasks-completed score over 1000 sequences; each sequence contributes 0..5.
CALVIN,abc_d_atc,RoboBERT: An End-to-end Multimodal Robotic Manipulation Model,leaderboards/stat_significance_sam_export_20260522T233929/sam_calvin_abc_d_official_prev_sota.csv,72,calvin_abc_d_atc,calvin_abc_d_prev_sota_atc,3.79,3.39,0.4,raw_atc,3390,3790,3390,3790,0,0,python_round_nearest_even_matches_significance_cutoffs,400,1,1000,5,0.05,1.644853627,3,202,0.003,0.202,provably_significant,Aggregate ABC-D average-tasks-completed score over 1000 sequences; each sequence contributes 0..5.
CALVIN,abc_d_atc,RoboFlamingo-Plus: Fusion of Depth and RGB Perception with Vision-Language Models for Enhanced Robotic Manipulation,leaderboards/stat_significance_sam_export_20260522T233929/sam_calvin_abc_d_official_prev_sota.csv,73,calvin_abc_d_atc,calvin_abc_d_prev_sota_atc,3,2.062,0.938,raw_atc,2062,3000,2062,3000,0,0,python_round_nearest_even_matches_significance_cutoffs,938,1,1000,5,0.05,1.644853627,3,243,0.003,0.243,provably_significant,Aggregate ABC-D average-tasks-completed score over 1000 sequences; each sequence contributes 0..5.
CALVIN,abc_d_atc,Unifying Perception and Action: A Hybrid-Modality Pipeline with Implicit Visual Chain-of-Thought for Robotic Action Generation,leaderboards/stat_significance_sam_export_20260522T233929/sam_calvin_abc_d_official_prev_sota.csv,79,calvin_abc_d_atc,calvin_abc_d_prev_sota_atc,4.73,4.51,0.22,raw_atc,4510,4730,4510,4730,0,0,python_round_nearest_even_matches_significance_cutoffs,220,1,1000,5,0.05,1.644853627,3,109,0.003,0.109,provably_significant,Aggregate ABC-D average-tasks-completed score over 1000 sequences; each sequence contributes 0..5.
CALVIN,abc_d_atc,Unveiling the Potential of Vision-Language-Action Models with Open-Ended Multimodal Instructions,leaderboards/stat_significance_sam_export_20260522T233929/sam_calvin_abc_d_official_prev_sota.csv,81,calvin_abc_d_atc,calvin_abc_d_prev_sota_atc,2.99,2.7,0.29,raw_atc,2700,2990,2700,2990,0,0,python_round_nearest_even_matches_significance_cutoffs,290,1,1000,5,0.05,1.644853627,3,243,0.003,0.243,provably_significant,Aggregate ABC-D average-tasks-completed score over 1000 sequences; each sequence contributes 0..5.
CALVIN,abc_d_atc,UP-VLA: A Unified Understanding and Prediction Model for Embodied Agent,leaderboards/stat_significance_sam_export_20260522T233929/sam_calvin_abc_d_official_prev_sota.csv,82,calvin_abc_d_atc,calvin_abc_d_prev_sota_atc,4.08,3.35,0.73,raw_atc,3350,4080,3350,4080,0,0,python_round_nearest_even_matches_significance_cutoffs,730,1,1000,5,0.05,1.644853627,3,205,0.003,0.205,provably_significant,Aggregate ABC-D average-tasks-completed score over 1000 sequences; each sequence contributes 0..5.
CALVIN,abc_d_atc,ViSA-Flow: Accelerating Robot Skill Learning via Large-Scale Video Semantic Action Flow,leaderboards/stat_significance_sam_export_20260522T233929/sam_calvin_abc_d_official_prev_sota.csv,83,calvin_abc_d_atc,calvin_abc_d_prev_sota_atc,2.96,2.69,0.27,raw_atc,2690,2960,2690,2960,0,0,python_round_nearest_even_matches_significance_cutoffs,270,1,1000,5,0.05,1.644853627,3,244,0.003,0.244,provably_significant,Aggregate ABC-D average-tasks-completed score over 1000 sequences; each sequence contributes 0..5.
CALVIN,abc_d_atc,3D Diffuser Actor: Policy Diffusion with 3D Scene Representations,leaderboards/stat_significance_sam_export_20260522T233929/sam_calvin_abc_d_official_prev_sota.csv,88,calvin_abc_d_atc,calvin_abc_d_prev_sota_atc,3.35,3.06,0.29,raw_atc,3060,3350,3060,3350,0,0,python_round_nearest_even_matches_significance_cutoffs,290,1,1000,5,0.05,1.644853627,3,223,0.003,0.223,provably_significant,Aggregate ABC-D average-tasks-completed score over 1000 sequences; each sequence contributes 0..5.
CALVIN,abc_d_atc,Astra: Efficient Transformer Architecture and Contrastive Dynamics Learning for Embodied Instruction Following,leaderboards/stat_significance_sam_export_20260522T233929/sam_calvin_abc_d_official_prev_sota.csv,89,calvin_abc_d_atc,calvin_abc_d_prev_sota_atc,3.29,3.06,0.23,raw_atc,3060,3290,3060,3290,0,0,python_round_nearest_even_matches_significance_cutoffs,230,1,1000,5,0.05,1.644853627,3,223,0.003,0.223,provably_significant,Aggregate ABC-D average-tasks-completed score over 1000 sequences; each sequence contributes 0..5.
CALVIN,abc_d_atc,Closed-Loop Visuomotor Control with Generative Expectation for Robotic Manipulation,leaderboards/stat_significance_sam_export_20260522T233929/sam_calvin_abc_d_official_prev_sota.csv,90,calvin_abc_d_atc,calvin_abc_d_prev_sota_atc,3.53,3.27,0.26,raw_atc,3270,3530,3270,3530,0,0,python_round_nearest_even_matches_significance_cutoffs,260,1,1000,5,0.05,1.644853627,3,210,0.003,0.21,provably_significant,Aggregate ABC-D average-tasks-completed score over 1000 sequences; each sequence contributes 0..5.
CALVIN,abc_d_atc,Diffusion Transformer Policy,leaderboards/stat_significance_sam_export_20260522T233929/sam_calvin_abc_d_official_prev_sota.csv,92,calvin_abc_d_atc,calvin_abc_d_prev_sota_atc,3.61,3.27,0.34,raw_atc,3270,3610,3270,3610,0,0,python_round_nearest_even_matches_significance_cutoffs,340,1,1000,5,0.05,1.644853627,3,210,0.003,0.21,provably_significant,Aggregate ABC-D average-tasks-completed score over 1000 sequences; each sequence contributes 0..5.
CALVIN,abc_d_atc,Efficient Diffusion Transformer Policies with Mixture of Expert Denoisers for Multitask Learning,leaderboards/stat_significance_sam_export_20260522T233929/sam_calvin_abc_d_official_prev_sota.csv,93,calvin_abc_d_atc,calvin_abc_d_prev_sota_atc,4.01,3.06,0.95,raw_atc,3060,4010,3060,4010,0,0,python_round_nearest_even_matches_significance_cutoffs,950,1,1000,5,0.05,1.644853627,3,223,0.003,0.223,provably_significant,Aggregate ABC-D average-tasks-completed score over 1000 sequences; each sequence contributes 0..5.
CALVIN,abc_d_atc,From LLMs to Actions: Latent Codes as Bridges in Hierarchical Robot Control,leaderboards/stat_significance_sam_export_20260522T233929/sam_calvin_abc_d_official_prev_sota.csv,94,calvin_abc_d_atc,calvin_abc_d_prev_sota_atc,1.78,1.42,0.36,raw_atc,1420,1780,1420,1780,0,0,python_round_nearest_even_matches_significance_cutoffs,360,1,1000,5,0.05,1.644853627,3,203,0.003,0.203,provably_significant,Aggregate ABC-D average-tasks-completed score over 1000 sequences; each sequence contributes 0..5.
CALVIN,abc_d_atc,GHIL-Glue: Hierarchical Control with Filtered Subgoal Images,leaderboards/stat_significance_sam_export_20260522T233929/sam_calvin_abc_d_official_prev_sota.csv,95,calvin_abc_d_atc,calvin_abc_d_prev_sota_atc,3.69,2.94,0.75,raw_atc,2940,3690,2940,3690,0,0,python_round_nearest_even_matches_significance_cutoffs,750,1,1000,5,0.05,1.644853627,3,230,0.003,0.23,provably_significant,Aggregate ABC-D average-tasks-completed score over 1000 sequences; each sequence contributes 0..5.
CALVIN,abc_d_atc,Predictive Inverse Dynamics Models are Scalable Learners for Robotic Manipulation,leaderboards/stat_significance_sam_export_20260522T233929/sam_calvin_abc_d_official_prev_sota.csv,97,calvin_abc_d_atc,calvin_abc_d_prev_sota_atc,4.28,3.53,0.75,raw_atc,3530,4280,3530,4280,0,0,python_round_nearest_even_matches_significance_cutoffs,750,1,1000,5,0.05,1.644853627,3,193,0.003,0.193,provably_significant,Aggregate ABC-D average-tasks-completed score over 1000 sequences; each sequence contributes 0..5.
CALVIN,abc_d_atc,RoboUniView: Visual-Language Model with Unified View Representation for Robotic Manipulation,leaderboards/stat_significance_sam_export_20260522T233929/sam_calvin_abc_d_official_prev_sota.csv,98,calvin_abc_d_atc,calvin_abc_d_prev_sota_atc,3.647,3.27,0.377,raw_atc,3270,3647,3270,3647,0,0,python_round_nearest_even_matches_significance_cutoffs,377,1,1000,5,0.05,1.644853627,3,210,0.003,0.21,provably_significant,Aggregate ABC-D average-tasks-completed score over 1000 sequences; each sequence contributes 0..5.
CALVIN,abc_d_atc,"Towards Synergistic, Generalized, and Efficient Dual-System for Robotic Manipulation",leaderboards/stat_significance_sam_export_20260522T233929/sam_calvin_abc_d_official_prev_sota.csv,99,calvin_abc_d_atc,calvin_abc_d_prev_sota_atc,3.66,3.27,0.39,raw_atc,3270,3660,3270,3660,0,0,python_round_nearest_even_matches_significance_cutoffs,390,1,1000,5,0.05,1.644853627,3,210,0.003,0.21,provably_significant,Aggregate ABC-D average-tasks-completed score over 1000 sequences; each sequence contributes 0..5.
CALVIN,abc_d_atc,Video Prediction Policy: A Generalist Robot Policy with Predictive Visual Representations,leaderboards/stat_significance_sam_export_20260522T233929/sam_calvin_abc_d_official_prev_sota.csv,100,calvin_abc_d_atc,calvin_abc_d_prev_sota_atc,4.33,3.65,0.68,raw_atc,3650,4330,3650,4330,0,0,python_round_nearest_even_matches_significance_cutoffs,680,1,1000,5,0.05,1.644853627,3,185,0.003,0.185,provably_significant,Aggregate ABC-D average-tasks-completed score over 1000 sequences; each sequence contributes 0..5.
CALVIN,abc_d_atc,What Matters in Building Vision-Language-Action Models for Generalist Robots,leaderboards/stat_significance_sam_export_20260522T233929/sam_calvin_abc_d_official_prev_sota.csv,102,calvin_abc_d_atc,calvin_abc_d_prev_sota_atc,4.25,3.06,1.19,raw_atc,3060,4250,3060,4250,0,0,python_round_nearest_even_matches_significance_cutoffs,1190,1,1000,5,0.05,1.644853627,3,223,0.003,0.223,provably_significant,Aggregate ABC-D average-tasks-completed score over 1000 sequences; each sequence contributes 0..5.
CALVIN,abc_d_atc,Policy Adaptation from Foundation Model Feedback,leaderboards/stat_significance_sam_export_20260522T233929/sam_calvin_abc_d_official_prev_sota.csv,104,calvin_abc_d_atc,calvin_abc_d_prev_sota_atc,1.73,1.48,0.25,raw_atc,1480,1730,1480,1730,0,0,python_round_nearest_even_matches_significance_cutoffs,250,1,1000,5,0.05,1.644853627,3,207,0.003,0.207,provably_significant,Aggregate ABC-D average-tasks-completed score over 1000 sequences; each sequence contributes 0..5.
CALVIN,abc_d_atc,Unleashing Large-Scale Video Generative Pre-training for Visual Robot Manipulation,leaderboards/stat_significance_sam_export_20260522T233929/sam_calvin_abc_d_official_prev_sota.csv,105,calvin_abc_d_atc,calvin_abc_d_prev_sota_atc,3.06,0.93,2.13,raw_atc,930,3060,930,3060,0,0,python_round_nearest_even_matches_significance_cutoffs,2130,1,1000,5,0.05,1.644853627,3,166,0.003,0.166,provably_significant,Aggregate ABC-D average-tasks-completed score over 1000 sequences; each sequence contributes 0..5.
CALVIN,abc_d_atc,Vision-Language Foundation Models as Effective Robot Imitators,leaderboards/stat_significance_sam_export_20260522T233929/sam_calvin_abc_d_official_prev_sota.csv,106,calvin_abc_d_atc,calvin_abc_d_prev_sota_atc,2.48,0.9,1.58,raw_atc,900,2480,900,2480,0,0,python_round_nearest_even_matches_significance_cutoffs,1580,1,1000,5,0.05,1.644853627,3,163,0.003,0.163,provably_significant,Aggregate ABC-D average-tasks-completed score over 1000 sequences; each sequence contributes 0..5.
CALVIN,abc_d_atc,Zero-Shot Robotic Manipulation with Pretrained Image-Editing Diffusion Models,leaderboards/stat_significance_sam_export_20260522T233929/sam_calvin_abc_d_official_prev_sota.csv,107,calvin_abc_d_atc,calvin_abc_d_prev_sota_atc,2.69,1.48,1.21,raw_atc,1480,2690,1480,2690,0,0,python_round_nearest_even_matches_significance_cutoffs,1210,1,1000,5,0.05,1.644853627,3,207,0.003,0.207,provably_significant,Aggregate ABC-D average-tasks-completed score over 1000 sequences; each sequence contributes 0..5.
CALVIN,abc_d_atc,What Matters in Language Conditioned Robotic Imitation Learning Over Unstructured Data,leaderboards/stat_significance_sam_export_20260522T233929/sam_calvin_abc_d_official_prev_sota.csv,108,calvin_abc_d_atc,calvin_abc_d_prev_sota_atc,0.67,0.31,0.36,raw_atc,310,670,310,670,0,0,python_round_nearest_even_matches_significance_cutoffs,360,1,1000,5,0.05,1.644853627,3,99,0.003,0.099,provably_significant,Aggregate ABC-D average-tasks-completed score over 1000 sequences; each sequence contributes 0..5.
SimplerEnv,widowx_bridge,Learning Human-Intention Priors from Large-Scale Human Demonstrations for Robotic Manipulation,leaderboards/stat_significance_sam_export_20260522T233929/sam_simplerenv_widowx_bridge_official_prev_sota.csv,21,simplerenv_widowx_bridge_success_rate,simplerenv_widowx_bridge_prev_sota_success_rate,66.1,43.8,22.3,percent,42.048,63.456,42,63,0.048,0.456,python_round_nearest_even_matches_significance_cutoffs,21,1,96,1,0.05,1.644853627,3,16,3.125,16.66666667,provably_significant,Protocol-level binary success rate over 4 tasks x 24 trials; per-task scores are not used in this public aggregate audit.
SimplerEnv,widowx_bridge,RoboStream: Weaving Spatio-Temporal Reasoning with Memory in Vision-Language Models for Robotics,leaderboards/stat_significance_sam_export_20260522T233929/sam_simplerenv_widowx_bridge_official_prev_sota.csv,25,simplerenv_widowx_bridge_success_rate,simplerenv_widowx_bridge_prev_sota_success_rate,74.8,58.3,16.5,percent,55.968,71.808,56,72,-0.032,-0.192,python_round_nearest_even_matches_significance_cutoffs,16,1,96,1,0.05,1.644853627,3,14,3.125,14.58333333,provably_significant,Protocol-level binary success rate over 4 tasks x 24 trials; per-task scores are not used in this public aggregate audit.
SimplerEnv,widowx_bridge,Thinking in Text and Images: Interleaved Vision--Language Reasoning Traces for Long-Horizon Robot Manipulation,leaderboards/stat_significance_sam_export_20260522T233929/sam_simplerenv_widowx_bridge_official_prev_sota.csv,31,simplerenv_widowx_bridge_success_rate,simplerenv_widowx_bridge_prev_sota_success_rate,59.4,42.7,16.7,percent,40.992,57.024,41,57,-0.008,0.024,python_round_nearest_even_matches_significance_cutoffs,16,1,96,1,0.05,1.644853627,3,16,3.125,16.66666667,provably_significant,Protocol-level binary success rate over 4 tasks x 24 trials; per-task scores are not used in this public aggregate audit.
SimplerEnv,widowx_bridge,Anyprefer: An Agentic Framework for Preference Data Synthesis,leaderboards/stat_significance_sam_export_20260522T233929/sam_simplerenv_widowx_bridge_official_prev_sota.csv,39,simplerenv_widowx_bridge_success_rate,simplerenv_widowx_bridge_prev_sota_success_rate,43.5,28.5,15,percent,27.36,41.76,27,42,0.36,-0.24,python_round_nearest_even_matches_significance_cutoffs,15,1,96,1,0.05,1.644853627,3,14,3.125,14.58333333,provably_significant,Protocol-level binary success rate over 4 tasks x 24 trials; per-task scores are not used in this public aggregate audit.
SimplerEnv,widowx_bridge,DepthVLA: Enhancing Vision-Language-Action Models with Depth-Aware Spatial Reasoning,leaderboards/stat_significance_sam_export_20260522T233929/sam_simplerenv_widowx_bridge_official_prev_sota.csv,45,simplerenv_widowx_bridge_success_rate,simplerenv_widowx_bridge_prev_sota_success_rate,74.8,58.8,16,percent,56.448,71.808,56,72,0.448,-0.192,python_round_nearest_even_matches_significance_cutoffs,16,1,96,1,0.05,1.644853627,3,14,3.125,14.58333333,provably_significant,Protocol-level binary success rate over 4 tasks x 24 trials; per-task scores are not used in this public aggregate audit.
SimplerEnv,widowx_bridge,Dexbotic: Open-Source Vision-Language-Action Toolbox,leaderboards/stat_significance_sam_export_20260522T233929/sam_simplerenv_widowx_bridge_official_prev_sota.csv,47,simplerenv_widowx_bridge_success_rate,simplerenv_widowx_bridge_prev_sota_success_rate,84.4,71.9,12.5,percent,69.024,81.024,69,81,0.024,0.024,python_round_nearest_even_matches_significance_cutoffs,12,1,96,1,0.05,1.644853627,3,11,3.125,11.45833333,provably_significant,Protocol-level binary success rate over 4 tasks x 24 trials; per-task scores are not used in this public aggregate audit.
SimplerEnv,widowx_bridge,Executable Analytic Concepts as the Missing Link Between VLM Insight and Precise Manipulation,leaderboards/stat_significance_sam_export_20260522T233929/sam_simplerenv_widowx_bridge_official_prev_sota.csv,53,simplerenv_widowx_bridge_success_rate,simplerenv_widowx_bridge_prev_sota_success_rate,86.1,58.3,27.8,percent,55.968,82.656,56,83,-0.032,-0.344,python_round_nearest_even_matches_significance_cutoffs,27,1,96,1,0.05,1.644853627,3,14,3.125,14.58333333,provably_significant,Protocol-level binary success rate over 4 tasks x 24 trials; per-task scores are not used in this public aggregate audit.
SimplerEnv,widowx_bridge,F1: A Vision-Language-Action Model Bridging Understanding and Generation to Actions,leaderboards/stat_significance_sam_export_20260522T233929/sam_simplerenv_widowx_bridge_official_prev_sota.csv,54,simplerenv_widowx_bridge_success_rate,simplerenv_widowx_bridge_prev_sota_success_rate,59.4,42.7,16.7,percent,40.992,57.024,41,57,-0.008,0.024,python_round_nearest_even_matches_significance_cutoffs,16,1,96,1,0.05,1.644853627,3,16,3.125,16.66666667,provably_significant,Protocol-level binary success rate over 4 tasks x 24 trials; per-task scores are not used in this public aggregate audit.
SimplerEnv,widowx_bridge,FASTer: Toward Efficient Autoregressive Vision Language Action Modeling via Neural Action Tokenization,leaderboards/stat_significance_sam_export_20260522T233929/sam_simplerenv_widowx_bridge_official_prev_sota.csv,55,simplerenv_widowx_bridge_success_rate,simplerenv_widowx_bridge_prev_sota_success_rate,87.9,76.5,11.4,percent,73.44,84.384,73,84,0.44,0.384,python_round_nearest_even_matches_significance_cutoffs,11,1,96,1,0.05,1.644853627,3,10,3.125,10.41666667,provably_significant,Protocol-level binary success rate over 4 tasks x 24 trials; per-task scores are not used in this public aggregate audit.
SimplerEnv,widowx_bridge,FLOWER: Democratizing Generalist Robot Policies with Efficient Vision-Language-Action Flow Policies,leaderboards/stat_significance_sam_export_20260522T233929/sam_simplerenv_widowx_bridge_official_prev_sota.csv,56,simplerenv_widowx_bridge_success_rate,simplerenv_widowx_bridge_prev_sota_success_rate,45,30,15,percent,28.8,43.2,29,43,-0.2,0.2,python_round_nearest_even_matches_significance_cutoffs,14,1,96,1,0.05,1.644853627,3,14,3.125,14.58333333,provably_significant,Protocol-level binary success rate over 4 tasks x 24 trials; per-task scores are not used in this public aggregate audit.
SimplerEnv,widowx_bridge,How Do VLAs Effectively Inherit from VLMs?,leaderboards/stat_significance_sam_export_20260522T233929/sam_simplerenv_widowx_bridge_official_prev_sota.csv,63,simplerenv_widowx_bridge_success_rate,simplerenv_widowx_bridge_prev_sota_success_rate,49,27,22,percent,25.92,47.04,26,47,-0.08,0.04,python_round_nearest_even_matches_significance_cutoffs,21,1,96,1,0.05,1.644853627,3,14,3.125,14.58333333,provably_significant,Protocol-level binary success rate over 4 tasks x 24 trials; per-task scores are not used in this public aggregate audit.
SimplerEnv,widowx_bridge,Hume: Introducing System-2 Thinking in Visual-Language-Action Model,leaderboards/stat_significance_sam_export_20260522T233929/sam_simplerenv_widowx_bridge_official_prev_sota.csv,64,simplerenv_widowx_bridge_success_rate,simplerenv_widowx_bridge_prev_sota_success_rate,72.6,48.3,24.3,percent,46.368,69.696,46,70,0.368,-0.304,python_round_nearest_even_matches_significance_cutoffs,24,1,96,1,0.05,1.644853627,3,16,3.125,16.66666667,provably_significant,Protocol-level binary success rate over 4 tasks x 24 trials; per-task scores are not used in this public aggregate audit.
SimplerEnv,widowx_bridge,LatBot: Distilling Universal Latent Actions for Vision-Language-Action Models,leaderboards/stat_significance_sam_export_20260522T233929/sam_simplerenv_widowx_bridge_official_prev_sota.csv,67,simplerenv_widowx_bridge_success_rate,simplerenv_widowx_bridge_prev_sota_success_rate,87.5,71.9,15.6,percent,69.024,84,69,84,0.024,0,python_round_nearest_even_matches_significance_cutoffs,15,1,96,1,0.05,1.644853627,3,11,3.125,11.45833333,provably_significant,Protocol-level binary success rate over 4 tasks x 24 trials; per-task scores are not used in this public aggregate audit.
SimplerEnv,widowx_bridge,LoLA: Long Horizon Latent Action Learning for General Robot Manipulation,leaderboards/stat_significance_sam_export_20260522T233929/sam_simplerenv_widowx_bridge_official_prev_sota.csv,69,simplerenv_widowx_bridge_success_rate,simplerenv_widowx_bridge_prev_sota_success_rate,71.9,51.3,20.6,percent,49.248,69.024,49,69,0.248,0.024,python_round_nearest_even_matches_significance_cutoffs,20,1,96,1,0.05,1.644853627,3,15,3.125,15.625,provably_significant,Protocol-level binary success rate over 4 tasks x 24 trials; per-task scores are not used in this public aggregate audit.
SimplerEnv,widowx_bridge,Magma: A Foundation Model for Multimodal AI Agents,leaderboards/stat_significance_sam_export_20260522T233929/sam_simplerenv_widowx_bridge_official_prev_sota.csv,70,simplerenv_widowx_bridge_success_rate,simplerenv_widowx_bridge_prev_sota_success_rate,35.4,15.9,19.5,percent,15.264,33.984,15,34,0.264,-0.016,python_round_nearest_even_matches_significance_cutoffs,19,1,96,1,0.05,1.644853627,3,11,3.125,11.45833333,provably_significant,Protocol-level binary success rate over 4 tasks x 24 trials; per-task scores are not used in this public aggregate audit.
SimplerEnv,widowx_bridge,ManiAgent: An Agentic Framework for General Robotic Manipulation,leaderboards/stat_significance_sam_export_20260522T233929/sam_simplerenv_widowx_bridge_official_prev_sota.csv,71,simplerenv_widowx_bridge_success_rate,simplerenv_widowx_bridge_prev_sota_success_rate,86.8,55.7,31.1,percent,53.472,83.328,53,83,0.472,0.328,python_round_nearest_even_matches_significance_cutoffs,30,1,96,1,0.05,1.644853627,3,14,3.125,14.58333333,provably_significant,Protocol-level binary success rate over 4 tasks x 24 trials; per-task scores are not used in this public aggregate audit.
SimplerEnv,widowx_bridge,$\pi_\texttt{RL}$: Online RL Fine-tuning for Flow-based Vision-Language-Action Models,leaderboards/stat_significance_sam_export_20260522T233929/sam_simplerenv_widowx_bridge_official_prev_sota.csv,78,simplerenv_widowx_bridge_success_rate,simplerenv_widowx_bridge_prev_sota_success_rate,86.7,67.2,19.5,percent,64.512,83.232,65,83,-0.488,0.232,python_round_nearest_even_matches_significance_cutoffs,18,1,96,1,0.05,1.644853627,3,12,3.125,12.5,provably_significant,Protocol-level binary success rate over 4 tasks x 24 trials; per-task scores are not used in this public aggregate audit.
SimplerEnv,widowx_bridge,SITCOM: Scaling Inference-Time COMpute for VLAs,leaderboards/stat_significance_sam_export_20260522T233929/sam_simplerenv_widowx_bridge_official_prev_sota.csv,84,simplerenv_widowx_bridge_success_rate,simplerenv_widowx_bridge_prev_sota_success_rate,72,48,24,percent,46.08,69.12,46,69,0.08,0.12,python_round_nearest_even_matches_significance_cutoffs,23,1,96,1,0.05,1.644853627,3,16,3.125,16.66666667,provably_significant,Protocol-level binary success rate over 4 tasks x 24 trials; per-task scores are not used in this public aggregate audit.
SimplerEnv,widowx_bridge,STARE-VLA: Progressive Stage-Aware Reinforcement for Fine-Tuning Vision-Language-Action Models,leaderboards/stat_significance_sam_export_20260522T233929/sam_simplerenv_widowx_bridge_official_prev_sota.csv,90,simplerenv_widowx_bridge_success_rate,simplerenv_widowx_bridge_prev_sota_success_rate,98,92.5,5.5,percent,88.8,94.08,89,94,-0.2,0.08,python_round_nearest_even_matches_significance_cutoffs,5,1,96,1,0.05,1.644853627,3,5,3.125,5.208333333,provably_significant,Protocol-level binary success rate over 4 tasks x 24 trials; per-task scores are not used in this public aggregate audit.
SimplerEnv,widowx_bridge,Unified Vision-Language-Action Model,leaderboards/stat_significance_sam_export_20260522T233929/sam_simplerenv_widowx_bridge_official_prev_sota.csv,94,simplerenv_widowx_bridge_success_rate,simplerenv_widowx_bridge_prev_sota_success_rate,69.8,42.7,27.1,percent,40.992,67.008,41,67,-0.008,0.008,python_round_nearest_even_matches_significance_cutoffs,26,1,96,1,0.05,1.644853627,3,16,3.125,16.66666667,provably_significant,Protocol-level binary success rate over 4 tasks x 24 trials; per-task scores are not used in this public aggregate audit.
SimplerEnv,widowx_bridge,UniVLA: Learning to Act Anywhere with Task-centric Latent Actions,leaderboards/stat_significance_sam_export_20260522T233929/sam_simplerenv_widowx_bridge_official_prev_sota.csv,96,simplerenv_widowx_bridge_success_rate,simplerenv_widowx_bridge_prev_sota_success_rate,47.9,31.3,16.6,percent,30.048,45.984,30,46,0.048,-0.016,python_round_nearest_even_matches_significance_cutoffs,16,1,96,1,0.05,1.644853627,3,15,3.125,15.625,provably_significant,Protocol-level binary success rate over 4 tasks x 24 trials; per-task scores are not used in this public aggregate audit.
SimplerEnv,widowx_bridge,ViPRA: Video Prediction for Robot Actions,leaderboards/stat_significance_sam_export_20260522T233929/sam_simplerenv_widowx_bridge_official_prev_sota.csv,100,simplerenv_widowx_bridge_success_rate,simplerenv_widowx_bridge_prev_sota_success_rate,62.5,42.7,19.8,percent,40.992,60,41,60,-0.008,0,python_round_nearest_even_matches_significance_cutoffs,19,1,96,1,0.05,1.644853627,3,16,3.125,16.66666667,provably_significant,Protocol-level binary success rate over 4 tasks x 24 trials; per-task scores are not used in this public aggregate audit.
SimplerEnv,widowx_bridge,X-VLA: Soft-Prompted Transformer as Scalable Cross-Embodiment Vision-Language-Action Model,leaderboards/stat_significance_sam_export_20260522T233929/sam_simplerenv_widowx_bridge_official_prev_sota.csv,104,simplerenv_widowx_bridge_success_rate,simplerenv_widowx_bridge_prev_sota_success_rate,95.8,71.9,23.9,percent,69.024,91.968,69,92,0.024,-0.032,python_round_nearest_even_matches_significance_cutoffs,23,1,96,1,0.05,1.644853627,3,11,3.125,11.45833333,provably_significant,Protocol-level binary success rate over 4 tasks x 24 trials; per-task scores are not used in this public aggregate audit.
SimplerEnv,widowx_bridge,CogACT: A Foundational Vision-Language-Action Model for Synergizing Cognition and Action in Robotic Manipulation,leaderboards/stat_significance_sam_export_20260522T233929/sam_simplerenv_widowx_bridge_official_prev_sota.csv,105,simplerenv_widowx_bridge_success_rate,simplerenv_widowx_bridge_prev_sota_success_rate,51.3,26.7,24.6,percent,25.632,49.248,26,49,-0.368,0.248,python_round_nearest_even_matches_significance_cutoffs,23,1,96,1,0.05,1.644853627,3,14,3.125,14.58333333,provably_significant,Protocol-level binary success rate over 4 tasks x 24 trials; per-task scores are not used in this public aggregate audit.
SimplerEnv,widowx_bridge,What matters in building vision–language–action models for generalist robots,leaderboards/stat_significance_sam_export_20260522T233929/sam_simplerenv_widowx_bridge_official_prev_sota.csv,109,simplerenv_widowx_bridge_success_rate,simplerenv_widowx_bridge_prev_sota_success_rate,50,29.5,20.5,percent,28.32,48,28,48,0.32,0,python_round_nearest_even_matches_significance_cutoffs,20,1,96,1,0.05,1.644853627,3,14,3.125,14.58333333,provably_significant,Protocol-level binary success rate over 4 tasks x 24 trials; per-task scores are not used in this public aggregate audit.
SimplerEnv,widowx_bridge,PRTS: A Primitive Reasoning and Tasking System via Contrastive Representations,leaderboards/stat_significance_sam_export_20260522T233929/sam_simplerenv_widowx_bridge_official_prev_sota.csv,112,simplerenv_widowx_bridge_success_rate,simplerenv_widowx_bridge_prev_sota_success_rate,77.1,61.9,15.2,percent,59.424,74.016,59,74,0.424,0.016,python_round_nearest_even_matches_significance_cutoffs,15,1,96,1,0.05,1.644853627,3,13,3.125,13.54166667,provably_significant,Protocol-level binary success rate over 4 tasks x 24 trials; per-task scores are not used in this public aggregate audit.
SimplerEnv,widowx_bridge,Split Decisions: VLM-Guided Action Sampling for Efficient RL Exploration,leaderboards/stat_significance_sam_export_20260522T233929/sam_simplerenv_widowx_bridge_official_prev_sota.csv,121,simplerenv_widowx_bridge_success_rate,simplerenv_widowx_bridge_prev_sota_success_rate,55,27.5,27.5,percent,26.4,52.8,26,53,0.4,-0.2,python_round_nearest_even_matches_significance_cutoffs,27,1,96,1,0.05,1.644853627,3,14,3.125,14.58333333,provably_significant,Protocol-level binary success rate over 4 tasks x 24 trials; per-task scores are not used in this public aggregate audit.
RoboCasa,rss24,A Hierarchical Spatiotemporal Action Tokenizer for In-Context Imitation Learning in Robotics,leaderboards/stat_significance_sam_export_20260522T233929/sam_robocasa_rss24_official_prev_sota.csv,2,robocasa_rss24_success_rate,robocasa_rss24_prev_sota_success_rate,59,53,6,percent,636,708,636,708,0,0,python_round_nearest_even_matches_significance_cutoffs,72,1,1200,1,0.05,1.644853627,3,54,0.25,4.5,provably_significant,Protocol-level binary success rate over 24 tasks x 50 trials; per-task scores are not used in this public aggregate audit.
RoboCasa,rss24,Being-H0.5: Scaling Human-Centric Robot Learning for Cross-Embodiment Generalization,leaderboards/stat_significance_sam_export_20260522T233929/sam_robocasa_rss24_official_prev_sota.csv,4,robocasa_rss24_success_rate,robocasa_rss24_prev_sota_success_rate,53.9,42.4,11.5,percent,508.8,646.8,509,647,-0.2,-0.2,python_round_nearest_even_matches_significance_cutoffs,138,1,1200,1,0.05,1.644853627,3,54,0.25,4.5,provably_significant,Protocol-level binary success rate over 24 tasks x 50 trials; per-task scores are not used in this public aggregate audit.
RoboCasa,rss24,Learning 3D Representations for Spatial Intelligence from Unposed Multi-View Images,leaderboards/stat_significance_sam_export_20260522T233929/sam_robocasa_rss24_official_prev_sota.csv,10,robocasa_rss24_success_rate,robocasa_rss24_prev_sota_success_rate,45.5,39.3,6.2,percent,471.6,546,472,546,-0.4,0,python_round_nearest_even_matches_significance_cutoffs,74,1,1200,1,0.05,1.644853627,3,52,0.25,4.333333333,provably_significant,Protocol-level binary success rate over 24 tasks x 50 trials; per-task scores are not used in this public aggregate audit.
RoboCasa,rss24,"Rethinking Visual-Language-Action Model Scaling: Alignment, Mixture, and Regularization",leaderboards/stat_significance_sam_export_20260522T233929/sam_robocasa_rss24_official_prev_sota.csv,12,robocasa_rss24_success_rate,robocasa_rss24_prev_sota_success_rate,54.7,45.1,9.6,percent,541.2,656.4,541,656,0.2,0.4,python_round_nearest_even_matches_significance_cutoffs,115,1,1200,1,0.05,1.644853627,3,56,0.25,4.666666667,provably_significant,Protocol-level binary success rate over 24 tasks x 50 trials; per-task scores are not used in this public aggregate audit.
RoboCasa,rss24,Robot-DIFT: Distilling Diffusion Features for Geometrically Consistent Visuomotor Control,leaderboards/stat_significance_sam_export_20260522T233929/sam_robocasa_rss24_official_prev_sota.csv,13,robocasa_rss24_success_rate,robocasa_rss24_prev_sota_success_rate,49,38,11,percent,456,588,456,588,0,0,python_round_nearest_even_matches_significance_cutoffs,132,1,1200,1,0.05,1.644853627,3,52,0.25,4.333333333,provably_significant,Protocol-level binary success rate over 24 tasks x 50 trials; per-task scores are not used in this public aggregate audit.
RoboCasa,rss24,Unified 4D World Action Modeling from Video Priors with Asynchronous Denoising,leaderboards/stat_significance_sam_export_20260522T233929/sam_robocasa_rss24_official_prev_sota.csv,14,robocasa_rss24_success_rate,robocasa_rss24_prev_sota_success_rate,79.2,67.1,12.1,percent,805.2,950.4,805,950,0.2,0.4,python_round_nearest_even_matches_significance_cutoffs,145,1,1200,1,0.05,1.644853627,3,45,0.25,3.75,provably_significant,Protocol-level binary success rate over 24 tasks x 50 trials; per-task scores are not used in this public aggregate audit.
RoboCasa,rss24,DiG-Flow: Discrepancy-Guided Flow Matching for Robust VLA Models,leaderboards/stat_significance_sam_export_20260522T233929/sam_robocasa_rss24_official_prev_sota.csv,18,robocasa_rss24_success_rate,robocasa_rss24_prev_sota_success_rate,52.6,41.4,11.2,percent,496.8,631.2,497,631,-0.2,0.2,python_round_nearest_even_matches_significance_cutoffs,134,1,1200,1,0.05,1.644853627,3,54,0.25,4.5,provably_significant,Protocol-level binary success rate over 24 tasks x 50 trials; per-task scores are not used in this public aggregate audit.
RoboCasa,rss24,FLARE: Robot Learning with Implicit World Modeling,leaderboards/stat_significance_sam_export_20260522T233929/sam_robocasa_rss24_official_prev_sota.csv,19,robocasa_rss24_success_rate,robocasa_rss24_prev_sota_success_rate,70.1,60.8,9.3,percent,729.6,841.2,730,841,-0.4,0.2,python_round_nearest_even_matches_significance_cutoffs,111,1,1200,1,0.05,1.644853627,3,50,0.25,4.166666667,provably_significant,Protocol-level binary success rate over 24 tasks x 50 trials; per-task scores are not used in this public aggregate audit.
RoboCasa,rss24,GeoPredict: Leveraging Predictive Kinematics and 3D Gaussian Geometry for Precise VLA Manipulation,leaderboards/stat_significance_sam_export_20260522T233929/sam_robocasa_rss24_official_prev_sota.csv,20,robocasa_rss24_success_rate,robocasa_rss24_prev_sota_success_rate,52.4,42.3,10.1,percent,507.6,628.8,508,629,-0.4,-0.2,python_round_nearest_even_matches_significance_cutoffs,121,1,1200,1,0.05,1.644853627,3,54,0.25,4.5,provably_significant,Protocol-level binary success rate over 24 tasks x 50 trials; per-task scores are not used in this public aggregate audit.
RoboCasa,rss24,GR00T N1: An Open Foundation Model for Generalist Humanoid Robots,leaderboards/stat_significance_sam_export_20260522T233929/sam_robocasa_rss24_official_prev_sota.csv,21,robocasa_rss24_success_rate,robocasa_rss24_prev_sota_success_rate,49.6,43.2,6.4,percent,518.4,595.2,518,595,0.4,0.2,python_round_nearest_even_matches_significance_cutoffs,77,1,1200,1,0.05,1.644853627,3,55,0.25,4.583333333,provably_significant,Protocol-level binary success rate over 24 tasks x 50 trials; per-task scores are not used in this public aggregate audit.
RoboCasa,rss24,GWM: Towards Scalable Gaussian World Models for Robotic Manipulation,leaderboards/stat_significance_sam_export_20260522T233929/sam_robocasa_rss24_official_prev_sota.csv,23,robocasa_rss24_success_rate,robocasa_rss24_prev_sota_success_rate,39.25,28.75,10.5,percent,345,471,345,471,0,0,python_round_nearest_even_matches_significance_cutoffs,126,1,1200,1,0.05,1.644853627,3,45,0.25,3.75,provably_significant,Protocol-level binary success rate over 24 tasks x 50 trials; per-task scores are not used in this public aggregate audit.
RoboCasa,rss24,Towards Fusing Point Cloud and Visual Representations for Imitation Learning,leaderboards/stat_significance_sam_export_20260522T233929/sam_robocasa_rss24_official_prev_sota.csv,25,robocasa_rss24_success_rate,robocasa_rss24_prev_sota_success_rate,50.5,28.8,21.7,percent,345.6,606,346,606,-0.4,0,python_round_nearest_even_matches_significance_cutoffs,260,1,1200,1,0.05,1.644853627,3,45,0.25,3.75,provably_significant,Protocol-level binary success rate over 24 tasks x 50 trials; per-task scores are not used in this public aggregate audit.
RoboCasa,rss24,Video Generators are Robot Policies,leaderboards/stat_significance_sam_export_20260522T233929/sam_robocasa_rss24_official_prev_sota.csv,27,robocasa_rss24_success_rate,robocasa_rss24_prev_sota_success_rate,66,57,9,percent,684,792,684,792,-1.136868377e-13,0,python_round_nearest_even_matches_significance_cutoffs,108,1,1200,1,0.05,1.644853627,3,52,0.25,4.333333333,provably_significant,Protocol-level binary success rate over 24 tasks x 50 trials; per-task scores are not used in this public aggregate audit.
RoboCasa,rss24,A Dual Process VLA: Efficient Robotic Manipulation Leveraging VLM,leaderboards/stat_significance_sam_export_20260522T233929/sam_robocasa_rss24_official_prev_sota.csv,28,robocasa_rss24_success_rate,robocasa_rss24_prev_sota_success_rate,57.3,47.6,9.7,percent,571.2,687.6,571,688,0.2,-0.4,python_round_nearest_even_matches_significance_cutoffs,117,1,1200,1,0.05,1.644853627,3,57,0.25,4.75,provably_significant,Protocol-level binary success rate over 24 tasks x 50 trials; per-task scores are not used in this public aggregate audit.
RoboCasa,rss24,RoboTron-Mani: All-in-One Multimodal Large Model for Robotic Manipulation,leaderboards/stat_significance_sam_export_20260522T233929/sam_robocasa_rss24_official_prev_sota.csv,29,robocasa_rss24_success_rate,robocasa_rss24_prev_sota_success_rate,47.4,40.9,6.5,percent,490.8,568.8,491,569,-0.2,-0.2,python_round_nearest_even_matches_significance_cutoffs,78,1,1200,1,0.05,1.644853627,3,53,0.25,4.416666667,provably_significant,Protocol-level binary success rate over 24 tasks x 50 trials; per-task scores are not used in this public aggregate audit.
RoboCasa,rss24,RLDX-1 Technical Report,leaderboards/stat_significance_sam_export_20260522T233929/sam_robocasa_rss24_official_prev_sota.csv,30,robocasa_rss24_success_rate,robocasa_rss24_prev_sota_success_rate,70.6,66.2,4.4,percent,794.4,847.2,794,847,0.4,0.2,python_round_nearest_even_matches_significance_cutoffs,53,1,1200,1,0.05,1.644853627,3,46,0.25,3.833333333,provably_significant,Protocol-level binary success rate over 24 tasks x 50 trials; per-task scores are not used in this public aggregate audit.
RoboTwin2,hard_randomized,A Pragmatic VLA Foundation Model,leaderboards/stat_significance_sam_export_20260522T233929/sam_robotwin2_randomized_augmented_official_prev_sota.csv,2,robotwin2_hard_randomized_success_rate,robotwin2_hard_randomized_50clean_500rand_prev_sota_success_rate,86.68,76.76,9.92,percent,3838,4334,3838,4334,4.547473509e-13,0,python_round_nearest_even_matches_significance_cutoffs,496,1,5000,1,0.05,1.644853627,3,78,0.06,1.56,provably_significant,Protocol-level binary success rate over 50 tasks x 100 trials; per-task scores are not used in this public aggregate audit.
RoboTwin2,hard_randomized,ABot-M0: VLA Foundation Model for Robotic Manipulation with Action Manifold Learning,leaderboards/stat_significance_sam_export_20260522T233929/sam_robotwin2_randomized_augmented_official_prev_sota.csv,3,robotwin2_hard_randomized_success_rate,robotwin2_hard_randomized_50clean_500rand_prev_sota_success_rate,85.08,72.84,12.24,percent,3642,4254,3642,4254,4.547473509e-13,0,python_round_nearest_even_matches_significance_cutoffs,612,1,5000,1,0.05,1.644853627,3,85,0.06,1.7,provably_significant,Protocol-level binary success rate over 50 tasks x 100 trials; per-task scores are not used in this public aggregate audit.
RoboTwin2,hard_randomized,Causal World Modeling for Robot Control,leaderboards/stat_significance_sam_export_20260522T233929/sam_robotwin2_randomized_augmented_official_prev_sota.csv,6,robotwin2_hard_randomized_success_rate,robotwin2_hard_randomized_50clean_500rand_prev_sota_success_rate,91.55,87,4.55,percent,4350,4577.5,4350,4578,0,-0.5,python_round_nearest_even_matches_significance_cutoffs,228,1,5000,1,0.05,1.644853627,3,58,0.06,1.16,provably_significant,Protocol-level binary success rate over 50 tasks x 100 trials; per-task scores are not used in this public aggregate audit.
RoboTwin2,hard_randomized,DexWorldModel: Causal Latent World Modeling towards Automated Learning of Embodied Tasks,leaderboards/stat_significance_sam_export_20260522T233929/sam_robotwin2_randomized_augmented_official_prev_sota.csv,7,robotwin2_hard_randomized_success_rate,robotwin2_hard_randomized_50clean_500rand_prev_sota_success_rate,94,91.55,2.45,percent,4577.5,4700,4578,4700,-0.5,0,python_round_nearest_even_matches_significance_cutoffs,122,1,5000,1,0.05,1.644853627,3,47,0.06,0.94,provably_significant,Protocol-level binary success rate over 50 tasks x 100 trials; per-task scores are not used in this public aggregate audit.
RoboTwin2,hard_randomized,HoloBrain-0 Technical Report,leaderboards/stat_significance_sam_export_20260522T233929/sam_robotwin2_randomized_augmented_official_prev_sota.csv,10,robotwin2_hard_randomized_success_rate,robotwin2_hard_randomized_50clean_500rand_prev_sota_success_rate,92.3,87.02,5.28,percent,4351,4615,4351,4615,0,0,python_round_nearest_even_matches_significance_cutoffs,264,1,5000,1,0.05,1.644853627,3,58,0.06,1.16,provably_significant,Protocol-level binary success rate over 50 tasks x 100 trials; per-task scores are not used in this public aggregate audit.
RoboTwin2,hard_randomized,"InternVLA-A1: Unifying Understanding, Generation and Action for Robotic Manipulation",leaderboards/stat_significance_sam_export_20260522T233929/sam_robotwin2_randomized_augmented_official_prev_sota.csv,11,robotwin2_hard_randomized_success_rate,robotwin2_hard_randomized_50clean_500rand_prev_sota_success_rate,89.6,87,2.6,percent,4350,4480,4350,4480,0,-9.094947018e-13,python_round_nearest_even_matches_significance_cutoffs,130,1,5000,1,0.05,1.644853627,3,58,0.06,1.16,provably_significant,Protocol-level binary success rate over 50 tasks x 100 trials; per-task scores are not used in this public aggregate audit.
RoboTwin2,hard_randomized,JoyAI-RA 0.1: A Foundation Model for Robotic Autonomy,leaderboards/stat_significance_sam_export_20260522T233929/sam_robotwin2_randomized_augmented_official_prev_sota.csv,12,robotwin2_hard_randomized_success_rate,robotwin2_hard_randomized_50clean_500rand_prev_sota_success_rate,89.28,87.02,2.26,percent,4351,4464,4351,4464,0,0,python_round_nearest_even_matches_significance_cutoffs,113,1,5000,1,0.05,1.644853627,3,58,0.06,1.16,provably_significant,Protocol-level binary success rate over 50 tasks x 100 trials; per-task scores are not used in this public aggregate audit.
RoboTwin2,hard_randomized,MotuBrain: An Advanced World Action Model for Robot Control,leaderboards/stat_significance_sam_export_20260522T233929/sam_robotwin2_randomized_augmented_official_prev_sota.csv,13,robotwin2_hard_randomized_success_rate,robotwin2_hard_randomized_50clean_500rand_prev_sota_success_rate,96.1,91.8,4.3,percent,4590,4805,4590,4805,0,0,python_round_nearest_even_matches_significance_cutoffs,215,1,5000,1,0.05,1.644853627,3,46,0.06,0.92,provably_significant,Protocol-level binary success rate over 50 tasks x 100 trials; per-task scores are not used in this public aggregate audit.
RoboTwin2,hard_randomized,Motus: A Unified Latent Action World Model,leaderboards/stat_significance_sam_export_20260522T233929/sam_robotwin2_randomized_augmented_official_prev_sota.csv,14,robotwin2_hard_randomized_success_rate,robotwin2_hard_randomized_50clean_500rand_prev_sota_success_rate,87.02,72.84,14.18,percent,3642,4351,3642,4351,4.547473509e-13,0,python_round_nearest_even_matches_significance_cutoffs,709,1,5000,1,0.05,1.644853627,3,85,0.06,1.7,provably_significant,Protocol-level binary success rate over 50 tasks x 100 trials; per-task scores are not used in this public aggregate audit.
RoboTwin2,hard_randomized,STARRY: Spatial-Temporal Action-Centric World Modeling for Robotic Manipulation,leaderboards/stat_significance_sam_export_20260522T233929/sam_robotwin2_randomized_augmented_official_prev_sota.csv,16,robotwin2_hard_randomized_success_rate,robotwin2_hard_randomized_50clean_500rand_prev_sota_success_rate,93.3,91.55,1.75,percent,4577.5,4665,4578,4665,-0.5,0,python_round_nearest_even_matches_significance_cutoffs,87,1,5000,1,0.05,1.644853627,3,47,0.06,0.94,provably_significant,Protocol-level binary success rate over 50 tasks x 100 trials; per-task scores are not used in this public aggregate audit.
RoboTwin2,hard_randomized,StarVLA-$α$: Reducing Complexity in Vision-Language-Action Systems,leaderboards/stat_significance_sam_export_20260522T233929/sam_robotwin2_randomized_augmented_official_prev_sota.csv,17,robotwin2_hard_randomized_success_rate,robotwin2_hard_randomized_50clean_500rand_prev_sota_success_rate,88.3,76.8,11.5,percent,3840,4415,3840,4415,0,0,python_round_nearest_even_matches_significance_cutoffs,575,1,5000,1,0.05,1.644853627,3,78,0.06,1.56,provably_significant,Protocol-level binary success rate over 50 tasks x 100 trials; per-task scores are not used in this public aggregate audit.
RoboTwin2,hard_randomized,Unified 4D World Action Modeling from Video Priors with Asynchronous Denoising,leaderboards/stat_significance_sam_export_20260522T233929/sam_robotwin2_randomized_augmented_official_prev_sota.csv,18,robotwin2_hard_randomized_success_rate,robotwin2_hard_randomized_50clean_500rand_prev_sota_success_rate,90.7,87,3.7,percent,4350,4535,4350,4535,0,0,python_round_nearest_even_matches_significance_cutoffs,185,1,5000,1,0.05,1.644853627,3,58,0.06,1.16,provably_significant,Protocol-level binary success rate over 50 tasks x 100 trials; per-task scores are not used in this public aggregate audit.
RoboTwin2,hard_randomized,Universal Pose Pretraining for Generalizable Vision-Language-Action Policies,leaderboards/stat_significance_sam_export_20260522T233929/sam_robotwin2_randomized_augmented_official_prev_sota.csv,19,robotwin2_hard_randomized_success_rate,robotwin2_hard_randomized_50clean_500rand_prev_sota_success_rate,79.1,76.16,2.94,percent,3808,3955,3808,3955,-4.547473509e-13,-4.547473509e-13,python_round_nearest_even_matches_significance_cutoffs,147,1,5000,1,0.05,1.644853627,3,79,0.06,1.58,provably_significant,Protocol-level binary success rate over 50 tasks x 100 trials; per-task scores are not used in this public aggregate audit.
RoboTwin2,hard_randomized,When to Trust Imagination: Adaptive Action Execution for World Action Models,leaderboards/stat_significance_sam_export_20260522T233929/sam_robotwin2_randomized_augmented_official_prev_sota.csv,20,robotwin2_hard_randomized_success_rate,robotwin2_hard_randomized_50clean_500rand_prev_sota_success_rate,88.2,85.66,2.54,percent,4283,4410,4283,4410,0,0,python_round_nearest_even_matches_significance_cutoffs,127,1,5000,1,0.05,1.644853627,3,61,0.06,1.22,provably_significant,Protocol-level binary success rate over 50 tasks x 100 trials; per-task scores are not used in this public aggregate audit.
